### 2026-09-18T11:34:10Z
GPU: 0
    CLOCK:
        GFX_0:
            CLK: 132 MHz
            MIN_CLK: 500 MHz
            MAX_CLK: 2100 MHz
            CLK_LOCKED: DISABLED
            DEEP_SLEEP: ENABLED
        GFX_1:
            CLK: 132 MHz
            MIN_CLK: 500 MHz
            MAX_CLK: 2100 MHz
            CLK_LOCKED: DISABLED
            DEEP_SLEEP: ENABLED
        GFX_2:
            CLK: 131 MHz
            MIN_CLK: 500 MHz
            MAX_CLK: 2100 MHz
            CLK_LOCKED: DISABLED
            DEEP_SLEEP: ENABLED
        GFX_3:
            CLK: 132 MHz
            MIN_CLK: 500 MHz
            MAX_CLK: 2100 MHz
            CLK_LOCKED: DISABLED
            DEEP_SLEEP: ENABLED
        GFX_4:
            CLK: 132 MHz
            MIN_CLK: 500 MHz
            MAX_CLK: 2100 MHz
            CLK_LOCKED: DISABLED
            DEEP_SLEEP: ENABLED
        GFX_5:
            CLK: 132 MHz
            MIN_CLK: 500 MHz
            MAX_CLK: 2100 MHz
            CLK_LOCKED: DISABLED
            DEEP_SLEEP: ENABLED
        GFX_6:
            CLK: 131 MHz
            MIN_CLK: 500 MHz
            MAX_CLK: 2100 MHz
            CLK_LOCKED: DISABLED
            DEEP_SLEEP: ENABLED
        GFX_7:
            CLK: 132 MHz
            MIN_CLK: 500 MHz
            MAX_CLK: 2100 MHz
            CLK_LOCKED: DISABLED
            DEEP_SLEEP: ENABLED
        MEM_0:
            CLK: 900 MHz
            MIN_CLK: 900 MHz
            MAX_CLK: 1300 MHz
            DEEP_SLEEP: DISABLED
        VCLK_0:
            CLK: 29 MHz
            MIN_CLK: 914 MHz
            MAX_CLK: 1333 MHz
            DEEP_SLEEP: ENABLED
        VCLK_1:
            CLK: 29 MHz
            MIN_CLK: 914 MHz
            MAX_CLK: 1333 MHz
            DEEP_SLEEP: ENABLED
        VCLK_2:
            CLK: 29 MHz
            MIN_CLK: 914 MHz
            MAX_CLK: 1333 MHz
            DEEP_SLEEP: ENABLED
        VCLK_3:
            CLK: 29 MHz
            MIN_CLK: 914 MHz
            MAX_CLK: 1333 MHz
            DEEP_SLEEP: ENABLED
        DCLK_0:
            CLK: 22 MHz
            MIN_CLK: 711 MHz
            MAX_CLK: 1143 MHz
            DEEP_SLEEP: ENABLED
        DCLK_1:
            CLK: 22 MHz
            MIN_CLK: 711 MHz
            MAX_CLK: 1143 MHz
            DEEP_SLEEP: ENABLED
        DCLK_2:
            CLK: 22 MHz
            MIN_CLK: 711 MHz
            MAX_CLK: 1143 MHz
            DEEP_SLEEP: ENABLED
        DCLK_3:
            CLK: 22 MHz
            MIN_CLK: 711 MHz
            MAX_CLK: 1143 MHz
            DEEP_SLEEP: ENABLED
        FCLK_0:
            CLK: 1300 MHz
            MIN_CLK: 1300 MHz
            MAX_CLK: 1800 MHz
            DEEP_SLEEP: DISABLED
        SOCCLK_0:
            CLK: 30 MHz
            MIN_CLK: 889 MHz
            MAX_CLK: 1143 MHz
            DEEP_SLEEP: ENABLED

### 2026-09-18T11:34:11Z
GPU: 0
    CLOCK:
        GFX_0:
            CLK: 132 MHz
            MIN_CLK: 500 MHz
            MAX_CLK: 2100 MHz
            CLK_LOCKED: DISABLED
            DEEP_SLEEP: ENABLED
        GFX_1:
            CLK: 132 MHz
            MIN_CLK: 500 MHz
            MAX_CLK: 2100 MHz
            CLK_LOCKED: DISABLED
            DEEP_SLEEP: ENABLED
        GFX_2:
            CLK: 131 MHz
            MIN_CLK: 500 MHz
            MAX_CLK: 2100 MHz
            CLK_LOCKED: DISABLED
            DEEP_SLEEP: ENABLED
        GFX_3:
            CLK: 132 MHz
            MIN_CLK: 500 MHz
            MAX_CLK: 2100 MHz
            CLK_LOCKED: DISABLED
            DEEP_SLEEP: ENABLED
        GFX_4:
            CLK: 132 MHz
            MIN_CLK: 500 MHz
            MAX_CLK: 2100 MHz
            CLK_LOCKED: DISABLED
            DEEP_SLEEP: ENABLED
        GFX_5:
            CLK: 132 MHz
            MIN_CLK: 500 MHz
            MAX_CLK: 2100 MHz
            CLK_LOCKED: DISABLED
            DEEP_SLEEP: ENABLED
        GFX_6:
            CLK: 131 MHz
            MIN_CLK: 500 MHz
            MAX_CLK: 2100 MHz
            CLK_LOCKED: DISABLED
            DEEP_SLEEP: ENABLED
        GFX_7:
            CLK: 132 MHz
            MIN_CLK: 500 MHz
            MAX_CLK: 2100 MHz
            CLK_LOCKED: DISABLED
            DEEP_SLEEP: ENABLED
        MEM_0:
            CLK: 900 MHz
            MIN_CLK: 900 MHz
            MAX_CLK: 1300 MHz
            DEEP_SLEEP: DISABLED
        VCLK_0:
            CLK: 29 MHz
            MIN_CLK: 914 MHz
            MAX_CLK: 1333 MHz
            DEEP_SLEEP: ENABLED
        VCLK_1:
            CLK: 29 MHz
            MIN_CLK: 914 MHz
            MAX_CLK: 1333 MHz
            DEEP_SLEEP: ENABLED
        VCLK_2:
            CLK: 29 MHz
            MIN_CLK: 914 MHz
            MAX_CLK: 1333 MHz
            DEEP_SLEEP: ENABLED
        VCLK_3:
            CLK: 29 MHz
            MIN_CLK: 914 MHz
            MAX_CLK: 1333 MHz
            DEEP_SLEEP: ENABLED
        DCLK_0:
            CLK: 22 MHz
            MIN_CLK: 711 MHz
            MAX_CLK: 1143 MHz
            DEEP_SLEEP: ENABLED
        DCLK_1:
            CLK: 22 MHz
            MIN_CLK: 711 MHz
            MAX_CLK: 1143 MHz
            DEEP_SLEEP: ENABLED
        DCLK_2:
            CLK: 22 MHz
            MIN_CLK: 711 MHz
            MAX_CLK: 1143 MHz
            DEEP_SLEEP: ENABLED
        DCLK_3:
            CLK: 22 MHz
            MIN_CLK: 711 MHz
            MAX_CLK: 1143 MHz
            DEEP_SLEEP: ENABLED
        FCLK_0:
            CLK: 1300 MHz
            MIN_CLK: 1300 MHz
            MAX_CLK: 1800 MHz
            DEEP_SLEEP: DISABLED
        SOCCLK_0:
            CLK: 30 MHz
            MIN_CLK: 889 MHz
            MAX_CLK: 1143 MHz
            DEEP_SLEEP: ENABLED

### 2026-09-18T11:34:12Z
GPU: 0
    CLOCK:
        GFX_0:
            CLK: 2101 MHz
            MIN_CLK: 500 MHz
            MAX_CLK: 2100 MHz
            CLK_LOCKED: DISABLED
            DEEP_SLEEP: DISABLED
        GFX_1:
            CLK: 2110 MHz
            MIN_CLK: 500 MHz
            MAX_CLK: 2100 MHz
            CLK_LOCKED: DISABLED
            DEEP_SLEEP: DISABLED
        GFX_2:
            CLK: 2101 MHz
            MIN_CLK: 500 MHz
            MAX_CLK: 2100 MHz
            CLK_LOCKED: DISABLED
            DEEP_SLEEP: DISABLED
        GFX_3:
            CLK: 2106 MHz
            MIN_CLK: 500 MHz
            MAX_CLK: 2100 MHz
            CLK_LOCKED: DISABLED
            DEEP_SLEEP: DISABLED
        GFX_4:
            CLK: 2103 MHz
            MIN_CLK: 500 MHz
            MAX_CLK: 2100 MHz
            CLK_LOCKED: DISABLED
            DEEP_SLEEP: DISABLED
        GFX_5:
            CLK: 2108 MHz
            MIN_CLK: 500 MHz
            MAX_CLK: 2100 MHz
            CLK_LOCKED: DISABLED
            DEEP_SLEEP: DISABLED
        GFX_6:
            CLK: 2096 MHz
            MIN_CLK: 500 MHz
            MAX_CLK: 2100 MHz
            CLK_LOCKED: DISABLED
            DEEP_SLEEP: DISABLED
        GFX_7:
            CLK: 2106 MHz
            MIN_CLK: 500 MHz
            MAX_CLK: 2100 MHz
            CLK_LOCKED: DISABLED
            DEEP_SLEEP: DISABLED
        MEM_0:
            CLK: 1300 MHz
            MIN_CLK: 900 MHz
            MAX_CLK: 1300 MHz
            DEEP_SLEEP: DISABLED
        VCLK_0:
            CLK: 42 MHz
            MIN_CLK: 914 MHz
            MAX_CLK: 1333 MHz
            DEEP_SLEEP: ENABLED
        VCLK_1:
            CLK: 42 MHz
            MIN_CLK: 914 MHz
            MAX_CLK: 1333 MHz
            DEEP_SLEEP: ENABLED
        VCLK_2:
            CLK: 42 MHz
            MIN_CLK: 914 MHz
            MAX_CLK: 1333 MHz
            DEEP_SLEEP: ENABLED
        VCLK_3:
            CLK: 42 MHz
            MIN_CLK: 914 MHz
            MAX_CLK: 1333 MHz
            DEEP_SLEEP: ENABLED
        DCLK_0:
            CLK: 36 MHz
            MIN_CLK: 711 MHz
            MAX_CLK: 1143 MHz
            DEEP_SLEEP: ENABLED
        DCLK_1:
            CLK: 36 MHz
            MIN_CLK: 711 MHz
            MAX_CLK: 1143 MHz
            DEEP_SLEEP: ENABLED
        DCLK_2:
            CLK: 36 MHz
            MIN_CLK: 711 MHz
            MAX_CLK: 1143 MHz
            DEEP_SLEEP: ENABLED
        DCLK_3:
            CLK: 36 MHz
            MIN_CLK: 711 MHz
            MAX_CLK: 1143 MHz
            DEEP_SLEEP: ENABLED
        FCLK_0:
            CLK: 1800 MHz
            MIN_CLK: 1300 MHz
            MAX_CLK: 1800 MHz
            DEEP_SLEEP: DISABLED
        SOCCLK_0:
            CLK: 209 MHz
            MIN_CLK: 889 MHz
            MAX_CLK: 1143 MHz
            DEEP_SLEEP: ENABLED

### 2026-09-18T11:34:14Z
GPU: 0
    CLOCK:
        GFX_0:
            CLK: 2101 MHz
            MIN_CLK: 500 MHz
            MAX_CLK: 2100 MHz
            CLK_LOCKED: DISABLED
            DEEP_SLEEP: DISABLED
        GFX_1:
            CLK: 2110 MHz
            MIN_CLK: 500 MHz
            MAX_CLK: 2100 MHz
            CLK_LOCKED: DISABLED
            DEEP_SLEEP: DISABLED
        GFX_2:
            CLK: 2101 MHz
            MIN_CLK: 500 MHz
            MAX_CLK: 2100 MHz
            CLK_LOCKED: DISABLED
            DEEP_SLEEP: DISABLED
        GFX_3:
            CLK: 2107 MHz
            MIN_CLK: 500 MHz
            MAX_CLK: 2100 MHz
            CLK_LOCKED: DISABLED
            DEEP_SLEEP: DISABLED
        GFX_4:
            CLK: 2104 MHz
            MIN_CLK: 500 MHz
            MAX_CLK: 2100 MHz
            CLK_LOCKED: DISABLED
            DEEP_SLEEP: DISABLED
        GFX_5:
            CLK: 2109 MHz
            MIN_CLK: 500 MHz
            MAX_CLK: 2100 MHz
            CLK_LOCKED: DISABLED
            DEEP_SLEEP: DISABLED
        GFX_6:
            CLK: 2096 MHz
            MIN_CLK: 500 MHz
            MAX_CLK: 2100 MHz
            CLK_LOCKED: DISABLED
            DEEP_SLEEP: DISABLED
        GFX_7:
            CLK: 2107 MHz
            MIN_CLK: 500 MHz
            MAX_CLK: 2100 MHz
            CLK_LOCKED: DISABLED
            DEEP_SLEEP: DISABLED
        MEM_0:
            CLK: 1300 MHz
            MIN_CLK: 900 MHz
            MAX_CLK: 1300 MHz
            DEEP_SLEEP: DISABLED
        VCLK_0:
            CLK: 42 MHz
            MIN_CLK: 914 MHz
            MAX_CLK: 1333 MHz
            DEEP_SLEEP: ENABLED
        VCLK_1:
            CLK: 42 MHz
            MIN_CLK: 914 MHz
            MAX_CLK: 1333 MHz
            DEEP_SLEEP: ENABLED
        VCLK_2:
            CLK: 42 MHz
            MIN_CLK: 914 MHz
            MAX_CLK: 1333 MHz
            DEEP_SLEEP: ENABLED
        VCLK_3:
            CLK: 42 MHz
            MIN_CLK: 914 MHz
            MAX_CLK: 1333 MHz
            DEEP_SLEEP: ENABLED
        DCLK_0:
            CLK: 36 MHz
            MIN_CLK: 711 MHz
            MAX_CLK: 1143 MHz
            DEEP_SLEEP: ENABLED
        DCLK_1:
            CLK: 36 MHz
            MIN_CLK: 711 MHz
            MAX_CLK: 1143 MHz
            DEEP_SLEEP: ENABLED
        DCLK_2:
            CLK: 36 MHz
            MIN_CLK: 711 MHz
            MAX_CLK: 1143 MHz
            DEEP_SLEEP: ENABLED
        DCLK_3:
            CLK: 36 MHz
            MIN_CLK: 711 MHz
            MAX_CLK: 1143 MHz
            DEEP_SLEEP: ENABLED
        FCLK_0:
            CLK: 1800 MHz
            MIN_CLK: 1300 MHz
            MAX_CLK: 1800 MHz
            DEEP_SLEEP: DISABLED
        SOCCLK_0:
            CLK: 209 MHz
            MIN_CLK: 889 MHz
            MAX_CLK: 1143 MHz
            DEEP_SLEEP: ENABLED

### 2026-09-18T11:34:15Z
GPU: 0
    CLOCK:
        GFX_0:
            CLK: 2101 MHz
            MIN_CLK: 500 MHz
            MAX_CLK: 2100 MHz
            CLK_LOCKED: DISABLED
            DEEP_SLEEP: DISABLED
        GFX_1:
            CLK: 2110 MHz
            MIN_CLK: 500 MHz
            MAX_CLK: 2100 MHz
            CLK_LOCKED: DISABLED
            DEEP_SLEEP: DISABLED
        GFX_2:
            CLK: 2101 MHz
            MIN_CLK: 500 MHz
            MAX_CLK: 2100 MHz
            CLK_LOCKED: DISABLED
            DEEP_SLEEP: DISABLED
        GFX_3:
            CLK: 2108 MHz
            MIN_CLK: 500 MHz
            MAX_CLK: 2100 MHz
            CLK_LOCKED: DISABLED
            DEEP_SLEEP: DISABLED
        GFX_4:
            CLK: 2103 MHz
            MIN_CLK: 500 MHz
            MAX_CLK: 2100 MHz
            CLK_LOCKED: DISABLED
            DEEP_SLEEP: DISABLED
        GFX_5:
            CLK: 2108 MHz
            MIN_CLK: 500 MHz
            MAX_CLK: 2100 MHz
            CLK_LOCKED: DISABLED
            DEEP_SLEEP: DISABLED
        GFX_6:
            CLK: 2096 MHz
            MIN_CLK: 500 MHz
            MAX_CLK: 2100 MHz
            CLK_LOCKED: DISABLED
            DEEP_SLEEP: DISABLED
        GFX_7:
            CLK: 2107 MHz
            MIN_CLK: 500 MHz
            MAX_CLK: 2100 MHz
            CLK_LOCKED: DISABLED
            DEEP_SLEEP: DISABLED
        MEM_0:
            CLK: 1300 MHz
            MIN_CLK: 900 MHz
            MAX_CLK: 1300 MHz
            DEEP_SLEEP: DISABLED
        VCLK_0:
            CLK: 42 MHz
            MIN_CLK: 914 MHz
            MAX_CLK: 1333 MHz
            DEEP_SLEEP: ENABLED
        VCLK_1:
            CLK: 42 MHz
            MIN_CLK: 914 MHz
            MAX_CLK: 1333 MHz
            DEEP_SLEEP: ENABLED
        VCLK_2:
            CLK: 42 MHz
            MIN_CLK: 914 MHz
            MAX_CLK: 1333 MHz
            DEEP_SLEEP: ENABLED
        VCLK_3:
            CLK: 42 MHz
            MIN_CLK: 914 MHz
            MAX_CLK: 1333 MHz
            DEEP_SLEEP: ENABLED
        DCLK_0:
            CLK: 36 MHz
            MIN_CLK: 711 MHz
            MAX_CLK: 1143 MHz
            DEEP_SLEEP: ENABLED
        DCLK_1:
            CLK: 36 MHz
            MIN_CLK: 711 MHz
            MAX_CLK: 1143 MHz
            DEEP_SLEEP: ENABLED
        DCLK_2:
            CLK: 36 MHz
            MIN_CLK: 711 MHz
            MAX_CLK: 1143 MHz
            DEEP_SLEEP: ENABLED
        DCLK_3:
            CLK: 36 MHz
            MIN_CLK: 711 MHz
            MAX_CLK: 1143 MHz
            DEEP_SLEEP: ENABLED
        FCLK_0:
            CLK: 1800 MHz
            MIN_CLK: 1300 MHz
            MAX_CLK: 1800 MHz
            DEEP_SLEEP: DISABLED
        SOCCLK_0:
            CLK: 207 MHz
            MIN_CLK: 889 MHz
            MAX_CLK: 1143 MHz
            DEEP_SLEEP: ENABLED

### 2026-09-18T11:34:16Z
GPU: 0
    CLOCK:
        GFX_0:
            CLK: 2101 MHz
            MIN_CLK: 500 MHz
            MAX_CLK: 2100 MHz
            CLK_LOCKED: DISABLED
            DEEP_SLEEP: DISABLED
        GFX_1:
            CLK: 2110 MHz
            MIN_CLK: 500 MHz
            MAX_CLK: 2100 MHz
            CLK_LOCKED: DISABLED
            DEEP_SLEEP: DISABLED
        GFX_2:
            CLK: 2101 MHz
            MIN_CLK: 500 MHz
            MAX_CLK: 2100 MHz
            CLK_LOCKED: DISABLED
            DEEP_SLEEP: DISABLED
        GFX_3:
            CLK: 2108 MHz
            MIN_CLK: 500 MHz
            MAX_CLK: 2100 MHz
            CLK_LOCKED: DISABLED
            DEEP_SLEEP: DISABLED
        GFX_4:
            CLK: 2103 MHz
            MIN_CLK: 500 MHz
            MAX_CLK: 2100 MHz
            CLK_LOCKED: DISABLED
            DEEP_SLEEP: DISABLED
        GFX_5:
            CLK: 2108 MHz
            MIN_CLK: 500 MHz
            MAX_CLK: 2100 MHz
            CLK_LOCKED: DISABLED
            DEEP_SLEEP: DISABLED
        GFX_6:
            CLK: 2096 MHz
            MIN_CLK: 500 MHz
            MAX_CLK: 2100 MHz
            CLK_LOCKED: DISABLED
            DEEP_SLEEP: DISABLED
        GFX_7:
            CLK: 2106 MHz
            MIN_CLK: 500 MHz
            MAX_CLK: 2100 MHz
            CLK_LOCKED: DISABLED
            DEEP_SLEEP: DISABLED
        MEM_0:
            CLK: 1300 MHz
            MIN_CLK: 900 MHz
            MAX_CLK: 1300 MHz
            DEEP_SLEEP: DISABLED
        VCLK_0:
            CLK: 42 MHz
            MIN_CLK: 914 MHz
            MAX_CLK: 1333 MHz
            DEEP_SLEEP: ENABLED
        VCLK_1:
            CLK: 42 MHz
            MIN_CLK: 914 MHz
            MAX_CLK: 1333 MHz
            DEEP_SLEEP: ENABLED
        VCLK_2:
            CLK: 42 MHz
            MIN_CLK: 914 MHz
            MAX_CLK: 1333 MHz
            DEEP_SLEEP: ENABLED
        VCLK_3:
            CLK: 42 MHz
            MIN_CLK: 914 MHz
            MAX_CLK: 1333 MHz
            DEEP_SLEEP: ENABLED
        DCLK_0:
            CLK: 36 MHz
            MIN_CLK: 711 MHz
            MAX_CLK: 1143 MHz
            DEEP_SLEEP: ENABLED
        DCLK_1:
            CLK: 36 MHz
            MIN_CLK: 711 MHz
            MAX_CLK: 1143 MHz
            DEEP_SLEEP: ENABLED
        DCLK_2:
            CLK: 36 MHz
            MIN_CLK: 711 MHz
            MAX_CLK: 1143 MHz
            DEEP_SLEEP: ENABLED
        DCLK_3:
            CLK: 36 MHz
            MIN_CLK: 711 MHz
            MAX_CLK: 1143 MHz
            DEEP_SLEEP: ENABLED
        FCLK_0:
            CLK: 1800 MHz
            MIN_CLK: 1300 MHz
            MAX_CLK: 1800 MHz
            DEEP_SLEEP: DISABLED
        SOCCLK_0:
            CLK: 209 MHz
            MIN_CLK: 889 MHz
            MAX_CLK: 1143 MHz
            DEEP_SLEEP: ENABLED

### 2026-09-18T11:34:18Z
GPU: 0
    CLOCK:
        GFX_0:
            CLK: 2101 MHz
            MIN_CLK: 500 MHz
            MAX_CLK: 2100 MHz
            CLK_LOCKED: DISABLED
            DEEP_SLEEP: DISABLED
        GFX_1:
            CLK: 2110 MHz
            MIN_CLK: 500 MHz
            MAX_CLK: 2100 MHz
            CLK_LOCKED: DISABLED
            DEEP_SLEEP: DISABLED
        GFX_2:
            CLK: 2101 MHz
            MIN_CLK: 500 MHz
            MAX_CLK: 2100 MHz
            CLK_LOCKED: DISABLED
            DEEP_SLEEP: DISABLED
        GFX_3:
            CLK: 2107 MHz
            MIN_CLK: 500 MHz
            MAX_CLK: 2100 MHz
            CLK_LOCKED: DISABLED
            DEEP_SLEEP: DISABLED
        GFX_4:
            CLK: 2104 MHz
            MIN_CLK: 500 MHz
            MAX_CLK: 2100 MHz
            CLK_LOCKED: DISABLED
            DEEP_SLEEP: DISABLED
        GFX_5:
            CLK: 2109 MHz
            MIN_CLK: 500 MHz
            MAX_CLK: 2100 MHz
            CLK_LOCKED: DISABLED
            DEEP_SLEEP: DISABLED
        GFX_6:
            CLK: 2096 MHz
            MIN_CLK: 500 MHz
            MAX_CLK: 2100 MHz
            CLK_LOCKED: DISABLED
            DEEP_SLEEP: DISABLED
        GFX_7:
            CLK: 2106 MHz
            MIN_CLK: 500 MHz
            MAX_CLK: 2100 MHz
            CLK_LOCKED: DISABLED
            DEEP_SLEEP: DISABLED
        MEM_0:
            CLK: 917 MHz
            MIN_CLK: 900 MHz
            MAX_CLK: 1300 MHz
            DEEP_SLEEP: DISABLED
        VCLK_0:
            CLK: 29 MHz
            MIN_CLK: 914 MHz
            MAX_CLK: 1333 MHz
            DEEP_SLEEP: ENABLED
        VCLK_1:
            CLK: 29 MHz
            MIN_CLK: 914 MHz
            MAX_CLK: 1333 MHz
            DEEP_SLEEP: ENABLED
        VCLK_2:
            CLK: 29 MHz
            MIN_CLK: 914 MHz
            MAX_CLK: 1333 MHz
            DEEP_SLEEP: ENABLED
        VCLK_3:
            CLK: 29 MHz
            MIN_CLK: 914 MHz
            MAX_CLK: 1333 MHz
            DEEP_SLEEP: ENABLED
        DCLK_0:
            CLK: 23 MHz
            MIN_CLK: 711 MHz
            MAX_CLK: 1143 MHz
            DEEP_SLEEP: ENABLED
        DCLK_1:
            CLK: 23 MHz
            MIN_CLK: 711 MHz
            MAX_CLK: 1143 MHz
            DEEP_SLEEP: ENABLED
        DCLK_2:
            CLK: 23 MHz
            MIN_CLK: 711 MHz
            MAX_CLK: 1143 MHz
            DEEP_SLEEP: ENABLED
        DCLK_3:
            CLK: 23 MHz
            MIN_CLK: 711 MHz
            MAX_CLK: 1143 MHz
            DEEP_SLEEP: ENABLED
        FCLK_0:
            CLK: 1300 MHz
            MIN_CLK: 1300 MHz
            MAX_CLK: 1800 MHz
            DEEP_SLEEP: DISABLED
        SOCCLK_0:
            CLK: 41 MHz
            MIN_CLK: 889 MHz
            MAX_CLK: 1143 MHz
            DEEP_SLEEP: ENABLED

### 2026-09-18T11:34:19Z
GPU: 0
    CLOCK:
        GFX_0:
            CLK: 2101 MHz
            MIN_CLK: 500 MHz
            MAX_CLK: 2100 MHz
            CLK_LOCKED: DISABLED
            DEEP_SLEEP: DISABLED
        GFX_1:
            CLK: 2110 MHz
            MIN_CLK: 500 MHz
            MAX_CLK: 2100 MHz
            CLK_LOCKED: DISABLED
            DEEP_SLEEP: DISABLED
        GFX_2:
            CLK: 2101 MHz
            MIN_CLK: 500 MHz
            MAX_CLK: 2100 MHz
            CLK_LOCKED: DISABLED
            DEEP_SLEEP: DISABLED
        GFX_3:
            CLK: 2107 MHz
            MIN_CLK: 500 MHz
            MAX_CLK: 2100 MHz
            CLK_LOCKED: DISABLED
            DEEP_SLEEP: DISABLED
        GFX_4:
            CLK: 2104 MHz
            MIN_CLK: 500 MHz
            MAX_CLK: 2100 MHz
            CLK_LOCKED: DISABLED
            DEEP_SLEEP: DISABLED
        GFX_5:
            CLK: 2108 MHz
            MIN_CLK: 500 MHz
            MAX_CLK: 2100 MHz
            CLK_LOCKED: DISABLED
            DEEP_SLEEP: DISABLED
        GFX_6:
            CLK: 2096 MHz
            MIN_CLK: 500 MHz
            MAX_CLK: 2100 MHz
            CLK_LOCKED: DISABLED
            DEEP_SLEEP: DISABLED
        GFX_7:
            CLK: 2107 MHz
            MIN_CLK: 500 MHz
            MAX_CLK: 2100 MHz
            CLK_LOCKED: DISABLED
            DEEP_SLEEP: DISABLED
        MEM_0:
            CLK: 900 MHz
            MIN_CLK: 900 MHz
            MAX_CLK: 1300 MHz
            DEEP_SLEEP: DISABLED
        VCLK_0:
            CLK: 29 MHz
            MIN_CLK: 914 MHz
            MAX_CLK: 1333 MHz
            DEEP_SLEEP: ENABLED
        VCLK_1:
            CLK: 29 MHz
            MIN_CLK: 914 MHz
            MAX_CLK: 1333 MHz
            DEEP_SLEEP: ENABLED
        VCLK_2:
            CLK: 29 MHz
            MIN_CLK: 914 MHz
            MAX_CLK: 1333 MHz
            DEEP_SLEEP: ENABLED
        VCLK_3:
            CLK: 29 MHz
            MIN_CLK: 914 MHz
            MAX_CLK: 1333 MHz
            DEEP_SLEEP: ENABLED
        DCLK_0:
            CLK: 22 MHz
            MIN_CLK: 711 MHz
            MAX_CLK: 1143 MHz
            DEEP_SLEEP: ENABLED
        DCLK_1:
            CLK: 22 MHz
            MIN_CLK: 711 MHz
            MAX_CLK: 1143 MHz
            DEEP_SLEEP: ENABLED
        DCLK_2:
            CLK: 22 MHz
            MIN_CLK: 711 MHz
            MAX_CLK: 1143 MHz
            DEEP_SLEEP: ENABLED
        DCLK_3:
            CLK: 22 MHz
            MIN_CLK: 711 MHz
            MAX_CLK: 1143 MHz
            DEEP_SLEEP: ENABLED
        FCLK_0:
            CLK: 1300 MHz
            MIN_CLK: 1300 MHz
            MAX_CLK: 1800 MHz
            DEEP_SLEEP: DISABLED
        SOCCLK_0:
            CLK: 30 MHz
            MIN_CLK: 889 MHz
            MAX_CLK: 1143 MHz
            DEEP_SLEEP: ENABLED

### 2026-09-18T11:34:20Z
GPU: 0
    CLOCK:
        GFX_0:
            CLK: 2101 MHz
            MIN_CLK: 500 MHz
            MAX_CLK: 2100 MHz
            CLK_LOCKED: DISABLED
            DEEP_SLEEP: DISABLED
        GFX_1:
            CLK: 2110 MHz
            MIN_CLK: 500 MHz
            MAX_CLK: 2100 MHz
            CLK_LOCKED: DISABLED
            DEEP_SLEEP: DISABLED
        GFX_2:
            CLK: 2101 MHz
            MIN_CLK: 500 MHz
            MAX_CLK: 2100 MHz
            CLK_LOCKED: DISABLED
            DEEP_SLEEP: DISABLED
        GFX_3:
            CLK: 2107 MHz
            MIN_CLK: 500 MHz
            MAX_CLK: 2100 MHz
            CLK_LOCKED: DISABLED
            DEEP_SLEEP: DISABLED
        GFX_4:
            CLK: 2104 MHz
            MIN_CLK: 500 MHz
            MAX_CLK: 2100 MHz
            CLK_LOCKED: DISABLED
            DEEP_SLEEP: DISABLED
        GFX_5:
            CLK: 2109 MHz
            MIN_CLK: 500 MHz
            MAX_CLK: 2100 MHz
            CLK_LOCKED: DISABLED
            DEEP_SLEEP: DISABLED
        GFX_6:
            CLK: 2096 MHz
            MIN_CLK: 500 MHz
            MAX_CLK: 2100 MHz
            CLK_LOCKED: DISABLED
            DEEP_SLEEP: DISABLED
        GFX_7:
            CLK: 2107 MHz
            MIN_CLK: 500 MHz
            MAX_CLK: 2100 MHz
            CLK_LOCKED: DISABLED
            DEEP_SLEEP: DISABLED
        MEM_0:
            CLK: 900 MHz
            MIN_CLK: 900 MHz
            MAX_CLK: 1300 MHz
            DEEP_SLEEP: DISABLED
        VCLK_0:
            CLK: 29 MHz
            MIN_CLK: 914 MHz
            MAX_CLK: 1333 MHz
            DEEP_SLEEP: ENABLED
        VCLK_1:
            CLK: 29 MHz
            MIN_CLK: 914 MHz
            MAX_CLK: 1333 MHz
            DEEP_SLEEP: ENABLED
        VCLK_2:
            CLK: 29 MHz
            MIN_CLK: 914 MHz
            MAX_CLK: 1333 MHz
            DEEP_SLEEP: ENABLED
        VCLK_3:
            CLK: 29 MHz
            MIN_CLK: 914 MHz
            MAX_CLK: 1333 MHz
            DEEP_SLEEP: ENABLED
        DCLK_0:
            CLK: 22 MHz
            MIN_CLK: 711 MHz
            MAX_CLK: 1143 MHz
            DEEP_SLEEP: ENABLED
        DCLK_1:
            CLK: 22 MHz
            MIN_CLK: 711 MHz
            MAX_CLK: 1143 MHz
            DEEP_SLEEP: ENABLED
        DCLK_2:
            CLK: 22 MHz
            MIN_CLK: 711 MHz
            MAX_CLK: 1143 MHz
            DEEP_SLEEP: ENABLED
        DCLK_3:
            CLK: 22 MHz
            MIN_CLK: 711 MHz
            MAX_CLK: 1143 MHz
            DEEP_SLEEP: ENABLED
        FCLK_0:
            CLK: 1300 MHz
            MIN_CLK: 1300 MHz
            MAX_CLK: 1800 MHz
            DEEP_SLEEP: DISABLED
        SOCCLK_0:
            CLK: 30 MHz
            MIN_CLK: 889 MHz
            MAX_CLK: 1143 MHz
            DEEP_SLEEP: ENABLED

### 2026-09-18T11:34:21Z
GPU: 0
    CLOCK:
        GFX_0:
            CLK: 2100 MHz
            MIN_CLK: 500 MHz
            MAX_CLK: 2100 MHz
            CLK_LOCKED: DISABLED
            DEEP_SLEEP: DISABLED
        GFX_1:
            CLK: 2110 MHz
            MIN_CLK: 500 MHz
            MAX_CLK: 2100 MHz
            CLK_LOCKED: DISABLED
            DEEP_SLEEP: DISABLED
        GFX_2:
            CLK: 2101 MHz
            MIN_CLK: 500 MHz
            MAX_CLK: 2100 MHz
            CLK_LOCKED: DISABLED
            DEEP_SLEEP: DISABLED
        GFX_3:
            CLK: 2107 MHz
            MIN_CLK: 500 MHz
            MAX_CLK: 2100 MHz
            CLK_LOCKED: DISABLED
            DEEP_SLEEP: DISABLED
        GFX_4:
            CLK: 2104 MHz
            MIN_CLK: 500 MHz
            MAX_CLK: 2100 MHz
            CLK_LOCKED: DISABLED
            DEEP_SLEEP: DISABLED
        GFX_5:
            CLK: 2109 MHz
            MIN_CLK: 500 MHz
            MAX_CLK: 2100 MHz
            CLK_LOCKED: DISABLED
            DEEP_SLEEP: DISABLED
        GFX_6:
            CLK: 2095 MHz
            MIN_CLK: 500 MHz
            MAX_CLK: 2100 MHz
            CLK_LOCKED: DISABLED
            DEEP_SLEEP: DISABLED
        GFX_7:
            CLK: 2106 MHz
            MIN_CLK: 500 MHz
            MAX_CLK: 2100 MHz
            CLK_LOCKED: DISABLED
            DEEP_SLEEP: DISABLED
        MEM_0:
            CLK: 900 MHz
            MIN_CLK: 900 MHz
            MAX_CLK: 1300 MHz
            DEEP_SLEEP: DISABLED
        VCLK_0:
            CLK: 29 MHz
            MIN_CLK: 914 MHz
            MAX_CLK: 1333 MHz
            DEEP_SLEEP: ENABLED
        VCLK_1:
            CLK: 29 MHz
            MIN_CLK: 914 MHz
            MAX_CLK: 1333 MHz
            DEEP_SLEEP: ENABLED
        VCLK_2:
            CLK: 29 MHz
            MIN_CLK: 914 MHz
            MAX_CLK: 1333 MHz
            DEEP_SLEEP: ENABLED
        VCLK_3:
            CLK: 29 MHz
            MIN_CLK: 914 MHz
            MAX_CLK: 1333 MHz
            DEEP_SLEEP: ENABLED
        DCLK_0:
            CLK: 22 MHz
            MIN_CLK: 711 MHz
            MAX_CLK: 1143 MHz
            DEEP_SLEEP: ENABLED
        DCLK_1:
            CLK: 22 MHz
            MIN_CLK: 711 MHz
            MAX_CLK: 1143 MHz
            DEEP_SLEEP: ENABLED
        DCLK_2:
            CLK: 22 MHz
            MIN_CLK: 711 MHz
            MAX_CLK: 1143 MHz
            DEEP_SLEEP: ENABLED
        DCLK_3:
            CLK: 22 MHz
            MIN_CLK: 711 MHz
            MAX_CLK: 1143 MHz
            DEEP_SLEEP: ENABLED
        FCLK_0:
            CLK: 1300 MHz
            MIN_CLK: 1300 MHz
            MAX_CLK: 1800 MHz
            DEEP_SLEEP: DISABLED
        SOCCLK_0:
            CLK: 30 MHz
            MIN_CLK: 889 MHz
            MAX_CLK: 1143 MHz
            DEEP_SLEEP: ENABLED

### 2026-09-18T11:34:23Z
GPU: 0
    CLOCK:
        GFX_0:
            CLK: 2101 MHz
            MIN_CLK: 500 MHz
            MAX_CLK: 2100 MHz
            CLK_LOCKED: DISABLED
            DEEP_SLEEP: DISABLED
        GFX_1:
            CLK: 2110 MHz
            MIN_CLK: 500 MHz
            MAX_CLK: 2100 MHz
            CLK_LOCKED: DISABLED
            DEEP_SLEEP: DISABLED
        GFX_2:
            CLK: 2101 MHz
            MIN_CLK: 500 MHz
            MAX_CLK: 2100 MHz
            CLK_LOCKED: DISABLED
            DEEP_SLEEP: DISABLED
        GFX_3:
            CLK: 2107 MHz
            MIN_CLK: 500 MHz
            MAX_CLK: 2100 MHz
            CLK_LOCKED: DISABLED
            DEEP_SLEEP: DISABLED
        GFX_4:
            CLK: 2104 MHz
            MIN_CLK: 500 MHz
            MAX_CLK: 2100 MHz
            CLK_LOCKED: DISABLED
            DEEP_SLEEP: DISABLED
        GFX_5:
            CLK: 2108 MHz
            MIN_CLK: 500 MHz
            MAX_CLK: 2100 MHz
            CLK_LOCKED: DISABLED
            DEEP_SLEEP: DISABLED
        GFX_6:
            CLK: 2096 MHz
            MIN_CLK: 500 MHz
            MAX_CLK: 2100 MHz
            CLK_LOCKED: DISABLED
            DEEP_SLEEP: DISABLED
        GFX_7:
            CLK: 2106 MHz
            MIN_CLK: 500 MHz
            MAX_CLK: 2100 MHz
            CLK_LOCKED: DISABLED
            DEEP_SLEEP: DISABLED
        MEM_0:
            CLK: 900 MHz
            MIN_CLK: 900 MHz
            MAX_CLK: 1300 MHz
            DEEP_SLEEP: DISABLED
        VCLK_0:
            CLK: 29 MHz
            MIN_CLK: 914 MHz
            MAX_CLK: 1333 MHz
            DEEP_SLEEP: ENABLED
        VCLK_1:
            CLK: 29 MHz
            MIN_CLK: 914 MHz
            MAX_CLK: 1333 MHz
            DEEP_SLEEP: ENABLED
        VCLK_2:
            CLK: 29 MHz
            MIN_CLK: 914 MHz
            MAX_CLK: 1333 MHz
            DEEP_SLEEP: ENABLED
        VCLK_3:
            CLK: 29 MHz
            MIN_CLK: 914 MHz
            MAX_CLK: 1333 MHz
            DEEP_SLEEP: ENABLED
        DCLK_0:
            CLK: 22 MHz
            MIN_CLK: 711 MHz
            MAX_CLK: 1143 MHz
            DEEP_SLEEP: ENABLED
        DCLK_1:
            CLK: 22 MHz
            MIN_CLK: 711 MHz
            MAX_CLK: 1143 MHz
            DEEP_SLEEP: ENABLED
        DCLK_2:
            CLK: 22 MHz
            MIN_CLK: 711 MHz
            MAX_CLK: 1143 MHz
            DEEP_SLEEP: ENABLED
        DCLK_3:
            CLK: 22 MHz
            MIN_CLK: 711 MHz
            MAX_CLK: 1143 MHz
            DEEP_SLEEP: ENABLED
        FCLK_0:
            CLK: 1300 MHz
            MIN_CLK: 1300 MHz
            MAX_CLK: 1800 MHz
            DEEP_SLEEP: DISABLED
        SOCCLK_0:
            CLK: 30 MHz
            MIN_CLK: 889 MHz
            MAX_CLK: 1143 MHz
            DEEP_SLEEP: ENABLED

### 2026-09-18T11:34:24Z
GPU: 0
    CLOCK:
        GFX_0:
            CLK: 2100 MHz
            MIN_CLK: 500 MHz
            MAX_CLK: 2100 MHz
            CLK_LOCKED: DISABLED
            DEEP_SLEEP: DISABLED
        GFX_1:
            CLK: 2110 MHz
            MIN_CLK: 500 MHz
            MAX_CLK: 2100 MHz
            CLK_LOCKED: DISABLED
            DEEP_SLEEP: DISABLED
        GFX_2:
            CLK: 2101 MHz
            MIN_CLK: 500 MHz
            MAX_CLK: 2100 MHz
            CLK_LOCKED: DISABLED
            DEEP_SLEEP: DISABLED
        GFX_3:
            CLK: 2107 MHz
            MIN_CLK: 500 MHz
            MAX_CLK: 2100 MHz
            CLK_LOCKED: DISABLED
            DEEP_SLEEP: DISABLED
        GFX_4:
            CLK: 2104 MHz
            MIN_CLK: 500 MHz
            MAX_CLK: 2100 MHz
            CLK_LOCKED: DISABLED
            DEEP_SLEEP: DISABLED
        GFX_5:
            CLK: 2108 MHz
            MIN_CLK: 500 MHz
            MAX_CLK: 2100 MHz
            CLK_LOCKED: DISABLED
            DEEP_SLEEP: DISABLED
        GFX_6:
            CLK: 2096 MHz
            MIN_CLK: 500 MHz
            MAX_CLK: 2100 MHz
            CLK_LOCKED: DISABLED
            DEEP_SLEEP: DISABLED
        GFX_7:
            CLK: 2107 MHz
            MIN_CLK: 500 MHz
            MAX_CLK: 2100 MHz
            CLK_LOCKED: DISABLED
            DEEP_SLEEP: DISABLED
        MEM_0:
            CLK: 900 MHz
            MIN_CLK: 900 MHz
            MAX_CLK: 1300 MHz
            DEEP_SLEEP: DISABLED
        VCLK_0:
            CLK: 29 MHz
            MIN_CLK: 914 MHz
            MAX_CLK: 1333 MHz
            DEEP_SLEEP: ENABLED
        VCLK_1:
            CLK: 29 MHz
            MIN_CLK: 914 MHz
            MAX_CLK: 1333 MHz
            DEEP_SLEEP: ENABLED
        VCLK_2:
            CLK: 29 MHz
            MIN_CLK: 914 MHz
            MAX_CLK: 1333 MHz
            DEEP_SLEEP: ENABLED
        VCLK_3:
            CLK: 29 MHz
            MIN_CLK: 914 MHz
            MAX_CLK: 1333 MHz
            DEEP_SLEEP: ENABLED
        DCLK_0:
            CLK: 22 MHz
            MIN_CLK: 711 MHz
            MAX_CLK: 1143 MHz
            DEEP_SLEEP: ENABLED
        DCLK_1:
            CLK: 22 MHz
            MIN_CLK: 711 MHz
            MAX_CLK: 1143 MHz
            DEEP_SLEEP: ENABLED
        DCLK_2:
            CLK: 22 MHz
            MIN_CLK: 711 MHz
            MAX_CLK: 1143 MHz
            DEEP_SLEEP: ENABLED
        DCLK_3:
            CLK: 22 MHz
            MIN_CLK: 711 MHz
            MAX_CLK: 1143 MHz
            DEEP_SLEEP: ENABLED
        FCLK_0:
            CLK: 1300 MHz
            MIN_CLK: 1300 MHz
            MAX_CLK: 1800 MHz
            DEEP_SLEEP: DISABLED
        SOCCLK_0:
            CLK: 31 MHz
            MIN_CLK: 889 MHz
            MAX_CLK: 1143 MHz
            DEEP_SLEEP: ENABLED

### 2026-09-18T11:34:25Z
GPU: 0
    CLOCK:
        GFX_0:
            CLK: 2100 MHz
            MIN_CLK: 500 MHz
            MAX_CLK: 2100 MHz
            CLK_LOCKED: DISABLED
            DEEP_SLEEP: DISABLED
        GFX_1:
            CLK: 2109 MHz
            MIN_CLK: 500 MHz
            MAX_CLK: 2100 MHz
            CLK_LOCKED: DISABLED
            DEEP_SLEEP: DISABLED
        GFX_2:
            CLK: 2101 MHz
            MIN_CLK: 500 MHz
            MAX_CLK: 2100 MHz
            CLK_LOCKED: DISABLED
            DEEP_SLEEP: DISABLED
        GFX_3:
            CLK: 2107 MHz
            MIN_CLK: 500 MHz
            MAX_CLK: 2100 MHz
            CLK_LOCKED: DISABLED
            DEEP_SLEEP: DISABLED
        GFX_4:
            CLK: 2104 MHz
            MIN_CLK: 500 MHz
            MAX_CLK: 2100 MHz
            CLK_LOCKED: DISABLED
            DEEP_SLEEP: DISABLED
        GFX_5:
            CLK: 2108 MHz
            MIN_CLK: 500 MHz
            MAX_CLK: 2100 MHz
            CLK_LOCKED: DISABLED
            DEEP_SLEEP: DISABLED
        GFX_6:
            CLK: 2096 MHz
            MIN_CLK: 500 MHz
            MAX_CLK: 2100 MHz
            CLK_LOCKED: DISABLED
            DEEP_SLEEP: DISABLED
        GFX_7:
            CLK: 2106 MHz
            MIN_CLK: 500 MHz
            MAX_CLK: 2100 MHz
            CLK_LOCKED: DISABLED
            DEEP_SLEEP: DISABLED
        MEM_0:
            CLK: 900 MHz
            MIN_CLK: 900 MHz
            MAX_CLK: 1300 MHz
            DEEP_SLEEP: DISABLED
        VCLK_0:
            CLK: 29 MHz
            MIN_CLK: 914 MHz
            MAX_CLK: 1333 MHz
            DEEP_SLEEP: ENABLED
        VCLK_1:
            CLK: 29 MHz
            MIN_CLK: 914 MHz
            MAX_CLK: 1333 MHz
            DEEP_SLEEP: ENABLED
        VCLK_2:
            CLK: 29 MHz
            MIN_CLK: 914 MHz
            MAX_CLK: 1333 MHz
            DEEP_SLEEP: ENABLED
        VCLK_3:
            CLK: 29 MHz
            MIN_CLK: 914 MHz
            MAX_CLK: 1333 MHz
            DEEP_SLEEP: ENABLED
        DCLK_0:
            CLK: 22 MHz
            MIN_CLK: 711 MHz
            MAX_CLK: 1143 MHz
            DEEP_SLEEP: ENABLED
        DCLK_1:
            CLK: 22 MHz
            MIN_CLK: 711 MHz
            MAX_CLK: 1143 MHz
            DEEP_SLEEP: ENABLED
        DCLK_2:
            CLK: 22 MHz
            MIN_CLK: 711 MHz
            MAX_CLK: 1143 MHz
            DEEP_SLEEP: ENABLED
        DCLK_3:
            CLK: 22 MHz
            MIN_CLK: 711 MHz
            MAX_CLK: 1143 MHz
            DEEP_SLEEP: ENABLED
        FCLK_0:
            CLK: 1300 MHz
            MIN_CLK: 1300 MHz
            MAX_CLK: 1800 MHz
            DEEP_SLEEP: DISABLED
        SOCCLK_0:
            CLK: 30 MHz
            MIN_CLK: 889 MHz
            MAX_CLK: 1143 MHz
            DEEP_SLEEP: ENABLED

### 2026-09-18T11:34:26Z
GPU: 0
    CLOCK:
        GFX_0:
            CLK: 2101 MHz
            MIN_CLK: 500 MHz
            MAX_CLK: 2100 MHz
            CLK_LOCKED: DISABLED
            DEEP_SLEEP: DISABLED
        GFX_1:
            CLK: 2110 MHz
            MIN_CLK: 500 MHz
            MAX_CLK: 2100 MHz
            CLK_LOCKED: DISABLED
            DEEP_SLEEP: DISABLED
        GFX_2:
            CLK: 2101 MHz
            MIN_CLK: 500 MHz
            MAX_CLK: 2100 MHz
            CLK_LOCKED: DISABLED
            DEEP_SLEEP: DISABLED
        GFX_3:
            CLK: 2107 MHz
            MIN_CLK: 500 MHz
            MAX_CLK: 2100 MHz
            CLK_LOCKED: DISABLED
            DEEP_SLEEP: DISABLED
        GFX_4:
            CLK: 2103 MHz
            MIN_CLK: 500 MHz
            MAX_CLK: 2100 MHz
            CLK_LOCKED: DISABLED
            DEEP_SLEEP: DISABLED
        GFX_5:
            CLK: 2108 MHz
            MIN_CLK: 500 MHz
            MAX_CLK: 2100 MHz
            CLK_LOCKED: DISABLED
            DEEP_SLEEP: DISABLED
        GFX_6:
            CLK: 2096 MHz
            MIN_CLK: 500 MHz
            MAX_CLK: 2100 MHz
            CLK_LOCKED: DISABLED
            DEEP_SLEEP: DISABLED
        GFX_7:
            CLK: 2106 MHz
            MIN_CLK: 500 MHz
            MAX_CLK: 2100 MHz
            CLK_LOCKED: DISABLED
            DEEP_SLEEP: DISABLED
        MEM_0:
            CLK: 900 MHz
            MIN_CLK: 900 MHz
            MAX_CLK: 1300 MHz
            DEEP_SLEEP: DISABLED
        VCLK_0:
            CLK: 29 MHz
            MIN_CLK: 914 MHz
            MAX_CLK: 1333 MHz
            DEEP_SLEEP: ENABLED
        VCLK_1:
            CLK: 29 MHz
            MIN_CLK: 914 MHz
            MAX_CLK: 1333 MHz
            DEEP_SLEEP: ENABLED
        VCLK_2:
            CLK: 29 MHz
            MIN_CLK: 914 MHz
            MAX_CLK: 1333 MHz
            DEEP_SLEEP: ENABLED
        VCLK_3:
            CLK: 29 MHz
            MIN_CLK: 914 MHz
            MAX_CLK: 1333 MHz
            DEEP_SLEEP: ENABLED
        DCLK_0:
            CLK: 22 MHz
            MIN_CLK: 711 MHz
            MAX_CLK: 1143 MHz
            DEEP_SLEEP: ENABLED
        DCLK_1:
            CLK: 22 MHz
            MIN_CLK: 711 MHz
            MAX_CLK: 1143 MHz
            DEEP_SLEEP: ENABLED
        DCLK_2:
            CLK: 22 MHz
            MIN_CLK: 711 MHz
            MAX_CLK: 1143 MHz
            DEEP_SLEEP: ENABLED
        DCLK_3:
            CLK: 22 MHz
            MIN_CLK: 711 MHz
            MAX_CLK: 1143 MHz
            DEEP_SLEEP: ENABLED
        FCLK_0:
            CLK: 1300 MHz
            MIN_CLK: 1300 MHz
            MAX_CLK: 1800 MHz
            DEEP_SLEEP: DISABLED
        SOCCLK_0:
            CLK: 30 MHz
            MIN_CLK: 889 MHz
            MAX_CLK: 1143 MHz
            DEEP_SLEEP: ENABLED

### 2026-09-18T11:34:28Z
GPU: 0
    CLOCK:
        GFX_0:
            CLK: 2100 MHz
            MIN_CLK: 500 MHz
            MAX_CLK: 2100 MHz
            CLK_LOCKED: DISABLED
            DEEP_SLEEP: DISABLED
        GFX_1:
            CLK: 2110 MHz
            MIN_CLK: 500 MHz
            MAX_CLK: 2100 MHz
            CLK_LOCKED: DISABLED
            DEEP_SLEEP: DISABLED
        GFX_2:
            CLK: 2101 MHz
            MIN_CLK: 500 MHz
            MAX_CLK: 2100 MHz
            CLK_LOCKED: DISABLED
            DEEP_SLEEP: DISABLED
        GFX_3:
            CLK: 2108 MHz
            MIN_CLK: 500 MHz
            MAX_CLK: 2100 MHz
            CLK_LOCKED: DISABLED
            DEEP_SLEEP: DISABLED
        GFX_4:
            CLK: 2104 MHz
            MIN_CLK: 500 MHz
            MAX_CLK: 2100 MHz
            CLK_LOCKED: DISABLED
            DEEP_SLEEP: DISABLED
        GFX_5:
            CLK: 2109 MHz
            MIN_CLK: 500 MHz
            MAX_CLK: 2100 MHz
            CLK_LOCKED: DISABLED
            DEEP_SLEEP: DISABLED
        GFX_6:
            CLK: 2096 MHz
            MIN_CLK: 500 MHz
            MAX_CLK: 2100 MHz
            CLK_LOCKED: DISABLED
            DEEP_SLEEP: DISABLED
        GFX_7:
            CLK: 2106 MHz
            MIN_CLK: 500 MHz
            MAX_CLK: 2100 MHz
            CLK_LOCKED: DISABLED
            DEEP_SLEEP: DISABLED
        MEM_0:
            CLK: 900 MHz
            MIN_CLK: 900 MHz
            MAX_CLK: 1300 MHz
            DEEP_SLEEP: DISABLED
        VCLK_0:
            CLK: 29 MHz
            MIN_CLK: 914 MHz
            MAX_CLK: 1333 MHz
            DEEP_SLEEP: ENABLED
        VCLK_1:
            CLK: 29 MHz
            MIN_CLK: 914 MHz
            MAX_CLK: 1333 MHz
            DEEP_SLEEP: ENABLED
        VCLK_2:
            CLK: 29 MHz
            MIN_CLK: 914 MHz
            MAX_CLK: 1333 MHz
            DEEP_SLEEP: ENABLED
        VCLK_3:
            CLK: 29 MHz
            MIN_CLK: 914 MHz
            MAX_CLK: 1333 MHz
            DEEP_SLEEP: ENABLED
        DCLK_0:
            CLK: 22 MHz
            MIN_CLK: 711 MHz
            MAX_CLK: 1143 MHz
            DEEP_SLEEP: ENABLED
        DCLK_1:
            CLK: 22 MHz
            MIN_CLK: 711 MHz
            MAX_CLK: 1143 MHz
            DEEP_SLEEP: ENABLED
        DCLK_2:
            CLK: 22 MHz
            MIN_CLK: 711 MHz
            MAX_CLK: 1143 MHz
            DEEP_SLEEP: ENABLED
        DCLK_3:
            CLK: 22 MHz
            MIN_CLK: 711 MHz
            MAX_CLK: 1143 MHz
            DEEP_SLEEP: ENABLED
        FCLK_0:
            CLK: 1300 MHz
            MIN_CLK: 1300 MHz
            MAX_CLK: 1800 MHz
            DEEP_SLEEP: DISABLED
        SOCCLK_0:
            CLK: 30 MHz
            MIN_CLK: 889 MHz
            MAX_CLK: 1143 MHz
            DEEP_SLEEP: ENABLED

### 2026-09-18T11:34:29Z
GPU: 0
    CLOCK:
        GFX_0:
            CLK: 2100 MHz
            MIN_CLK: 500 MHz
            MAX_CLK: 2100 MHz
            CLK_LOCKED: DISABLED
            DEEP_SLEEP: DISABLED
        GFX_1:
            CLK: 2110 MHz
            MIN_CLK: 500 MHz
            MAX_CLK: 2100 MHz
            CLK_LOCKED: DISABLED
            DEEP_SLEEP: DISABLED
        GFX_2:
            CLK: 2101 MHz
            MIN_CLK: 500 MHz
            MAX_CLK: 2100 MHz
            CLK_LOCKED: DISABLED
            DEEP_SLEEP: DISABLED
        GFX_3:
            CLK: 2107 MHz
            MIN_CLK: 500 MHz
            MAX_CLK: 2100 MHz
            CLK_LOCKED: DISABLED
            DEEP_SLEEP: DISABLED
        GFX_4:
            CLK: 2104 MHz
            MIN_CLK: 500 MHz
            MAX_CLK: 2100 MHz
            CLK_LOCKED: DISABLED
            DEEP_SLEEP: DISABLED
        GFX_5:
            CLK: 2108 MHz
            MIN_CLK: 500 MHz
            MAX_CLK: 2100 MHz
            CLK_LOCKED: DISABLED
            DEEP_SLEEP: DISABLED
        GFX_6:
            CLK: 2096 MHz
            MIN_CLK: 500 MHz
            MAX_CLK: 2100 MHz
            CLK_LOCKED: DISABLED
            DEEP_SLEEP: DISABLED
        GFX_7:
            CLK: 2106 MHz
            MIN_CLK: 500 MHz
            MAX_CLK: 2100 MHz
            CLK_LOCKED: DISABLED
            DEEP_SLEEP: DISABLED
        MEM_0:
            CLK: 900 MHz
            MIN_CLK: 900 MHz
            MAX_CLK: 1300 MHz
            DEEP_SLEEP: DISABLED
        VCLK_0:
            CLK: 29 MHz
            MIN_CLK: 914 MHz
            MAX_CLK: 1333 MHz
            DEEP_SLEEP: ENABLED
        VCLK_1:
            CLK: 29 MHz
            MIN_CLK: 914 MHz
            MAX_CLK: 1333 MHz
            DEEP_SLEEP: ENABLED
        VCLK_2:
            CLK: 29 MHz
            MIN_CLK: 914 MHz
            MAX_CLK: 1333 MHz
            DEEP_SLEEP: ENABLED
        VCLK_3:
            CLK: 29 MHz
            MIN_CLK: 914 MHz
            MAX_CLK: 1333 MHz
            DEEP_SLEEP: ENABLED
        DCLK_0:
            CLK: 22 MHz
            MIN_CLK: 711 MHz
            MAX_CLK: 1143 MHz
            DEEP_SLEEP: ENABLED
        DCLK_1:
            CLK: 22 MHz
            MIN_CLK: 711 MHz
            MAX_CLK: 1143 MHz
            DEEP_SLEEP: ENABLED
        DCLK_2:
            CLK: 22 MHz
            MIN_CLK: 711 MHz
            MAX_CLK: 1143 MHz
            DEEP_SLEEP: ENABLED
        DCLK_3:
            CLK: 22 MHz
            MIN_CLK: 711 MHz
            MAX_CLK: 1143 MHz
            DEEP_SLEEP: ENABLED
        FCLK_0:
            CLK: 1300 MHz
            MIN_CLK: 1300 MHz
            MAX_CLK: 1800 MHz
            DEEP_SLEEP: DISABLED
        SOCCLK_0:
            CLK: 30 MHz
            MIN_CLK: 889 MHz
            MAX_CLK: 1143 MHz
            DEEP_SLEEP: ENABLED

### 2026-09-18T11:34:30Z
GPU: 0
    CLOCK:
        GFX_0:
            CLK: 2100 MHz
            MIN_CLK: 500 MHz
            MAX_CLK: 2100 MHz
            CLK_LOCKED: DISABLED
            DEEP_SLEEP: DISABLED
        GFX_1:
            CLK: 2110 MHz
            MIN_CLK: 500 MHz
            MAX_CLK: 2100 MHz
            CLK_LOCKED: DISABLED
            DEEP_SLEEP: DISABLED
        GFX_2:
            CLK: 2101 MHz
            MIN_CLK: 500 MHz
            MAX_CLK: 2100 MHz
            CLK_LOCKED: DISABLED
            DEEP_SLEEP: DISABLED
        GFX_3:
            CLK: 2107 MHz
            MIN_CLK: 500 MHz
            MAX_CLK: 2100 MHz
            CLK_LOCKED: DISABLED
            DEEP_SLEEP: DISABLED
        GFX_4:
            CLK: 2103 MHz
            MIN_CLK: 500 MHz
            MAX_CLK: 2100 MHz
            CLK_LOCKED: DISABLED
            DEEP_SLEEP: DISABLED
        GFX_5:
            CLK: 2109 MHz
            MIN_CLK: 500 MHz
            MAX_CLK: 2100 MHz
            CLK_LOCKED: DISABLED
            DEEP_SLEEP: DISABLED
        GFX_6:
            CLK: 2096 MHz
            MIN_CLK: 500 MHz
            MAX_CLK: 2100 MHz
            CLK_LOCKED: DISABLED
            DEEP_SLEEP: DISABLED
        GFX_7:
            CLK: 2106 MHz
            MIN_CLK: 500 MHz
            MAX_CLK: 2100 MHz
            CLK_LOCKED: DISABLED
            DEEP_SLEEP: DISABLED
        MEM_0:
            CLK: 900 MHz
            MIN_CLK: 900 MHz
            MAX_CLK: 1300 MHz
            DEEP_SLEEP: DISABLED
        VCLK_0:
            CLK: 29 MHz
            MIN_CLK: 914 MHz
            MAX_CLK: 1333 MHz
            DEEP_SLEEP: ENABLED
        VCLK_1:
            CLK: 29 MHz
            MIN_CLK: 914 MHz
            MAX_CLK: 1333 MHz
            DEEP_SLEEP: ENABLED
        VCLK_2:
            CLK: 29 MHz
            MIN_CLK: 914 MHz
            MAX_CLK: 1333 MHz
            DEEP_SLEEP: ENABLED
        VCLK_3:
            CLK: 29 MHz
            MIN_CLK: 914 MHz
            MAX_CLK: 1333 MHz
            DEEP_SLEEP: ENABLED
        DCLK_0:
            CLK: 22 MHz
            MIN_CLK: 711 MHz
            MAX_CLK: 1143 MHz
            DEEP_SLEEP: ENABLED
        DCLK_1:
            CLK: 22 MHz
            MIN_CLK: 711 MHz
            MAX_CLK: 1143 MHz
            DEEP_SLEEP: ENABLED
        DCLK_2:
            CLK: 22 MHz
            MIN_CLK: 711 MHz
            MAX_CLK: 1143 MHz
            DEEP_SLEEP: ENABLED
        DCLK_3:
            CLK: 22 MHz
            MIN_CLK: 711 MHz
            MAX_CLK: 1143 MHz
            DEEP_SLEEP: ENABLED
        FCLK_0:
            CLK: 1300 MHz
            MIN_CLK: 1300 MHz
            MAX_CLK: 1800 MHz
            DEEP_SLEEP: DISABLED
        SOCCLK_0:
            CLK: 30 MHz
            MIN_CLK: 889 MHz
            MAX_CLK: 1143 MHz
            DEEP_SLEEP: ENABLED

### 2026-09-18T11:34:32Z
GPU: 0
    CLOCK:
        GFX_0:
            CLK: 2100 MHz
            MIN_CLK: 500 MHz
            MAX_CLK: 2100 MHz
            CLK_LOCKED: DISABLED
            DEEP_SLEEP: DISABLED
        GFX_1:
            CLK: 2110 MHz
            MIN_CLK: 500 MHz
            MAX_CLK: 2100 MHz
            CLK_LOCKED: DISABLED
            DEEP_SLEEP: DISABLED
        GFX_2:
            CLK: 2101 MHz
            MIN_CLK: 500 MHz
            MAX_CLK: 2100 MHz
            CLK_LOCKED: DISABLED
            DEEP_SLEEP: DISABLED
        GFX_3:
            CLK: 2107 MHz
            MIN_CLK: 500 MHz
            MAX_CLK: 2100 MHz
            CLK_LOCKED: DISABLED
            DEEP_SLEEP: DISABLED
        GFX_4:
            CLK: 2104 MHz
            MIN_CLK: 500 MHz
            MAX_CLK: 2100 MHz
            CLK_LOCKED: DISABLED
            DEEP_SLEEP: DISABLED
        GFX_5:
            CLK: 2109 MHz
            MIN_CLK: 500 MHz
            MAX_CLK: 2100 MHz
            CLK_LOCKED: DISABLED
            DEEP_SLEEP: DISABLED
        GFX_6:
            CLK: 2096 MHz
            MIN_CLK: 500 MHz
            MAX_CLK: 2100 MHz
            CLK_LOCKED: DISABLED
            DEEP_SLEEP: DISABLED
        GFX_7:
            CLK: 2107 MHz
            MIN_CLK: 500 MHz
            MAX_CLK: 2100 MHz
            CLK_LOCKED: DISABLED
            DEEP_SLEEP: DISABLED
        MEM_0:
            CLK: 900 MHz
            MIN_CLK: 900 MHz
            MAX_CLK: 1300 MHz
            DEEP_SLEEP: DISABLED
        VCLK_0:
            CLK: 29 MHz
            MIN_CLK: 914 MHz
            MAX_CLK: 1333 MHz
            DEEP_SLEEP: ENABLED
        VCLK_1:
            CLK: 29 MHz
            MIN_CLK: 914 MHz
            MAX_CLK: 1333 MHz
            DEEP_SLEEP: ENABLED
        VCLK_2:
            CLK: 29 MHz
            MIN_CLK: 914 MHz
            MAX_CLK: 1333 MHz
            DEEP_SLEEP: ENABLED
        VCLK_3:
            CLK: 29 MHz
            MIN_CLK: 914 MHz
            MAX_CLK: 1333 MHz
            DEEP_SLEEP: ENABLED
        DCLK_0:
            CLK: 22 MHz
            MIN_CLK: 711 MHz
            MAX_CLK: 1143 MHz
            DEEP_SLEEP: ENABLED
        DCLK_1:
            CLK: 22 MHz
            MIN_CLK: 711 MHz
            MAX_CLK: 1143 MHz
            DEEP_SLEEP: ENABLED
        DCLK_2:
            CLK: 22 MHz
            MIN_CLK: 711 MHz
            MAX_CLK: 1143 MHz
            DEEP_SLEEP: ENABLED
        DCLK_3:
            CLK: 22 MHz
            MIN_CLK: 711 MHz
            MAX_CLK: 1143 MHz
            DEEP_SLEEP: ENABLED
        FCLK_0:
            CLK: 1300 MHz
            MIN_CLK: 1300 MHz
            MAX_CLK: 1800 MHz
            DEEP_SLEEP: DISABLED
        SOCCLK_0:
            CLK: 30 MHz
            MIN_CLK: 889 MHz
            MAX_CLK: 1143 MHz
            DEEP_SLEEP: ENABLED

### 2026-09-18T11:34:33Z
GPU: 0
    CLOCK:
        GFX_0:
            CLK: 2100 MHz
            MIN_CLK: 500 MHz
            MAX_CLK: 2100 MHz
            CLK_LOCKED: DISABLED
            DEEP_SLEEP: DISABLED
        GFX_1:
            CLK: 2110 MHz
            MIN_CLK: 500 MHz
            MAX_CLK: 2100 MHz
            CLK_LOCKED: DISABLED
            DEEP_SLEEP: DISABLED
        GFX_2:
            CLK: 2101 MHz
            MIN_CLK: 500 MHz
            MAX_CLK: 2100 MHz
            CLK_LOCKED: DISABLED
            DEEP_SLEEP: DISABLED
        GFX_3:
            CLK: 2107 MHz
            MIN_CLK: 500 MHz
            MAX_CLK: 2100 MHz
            CLK_LOCKED: DISABLED
            DEEP_SLEEP: DISABLED
        GFX_4:
            CLK: 2104 MHz
            MIN_CLK: 500 MHz
            MAX_CLK: 2100 MHz
            CLK_LOCKED: DISABLED
            DEEP_SLEEP: DISABLED
        GFX_5:
            CLK: 2109 MHz
            MIN_CLK: 500 MHz
            MAX_CLK: 2100 MHz
            CLK_LOCKED: DISABLED
            DEEP_SLEEP: DISABLED
        GFX_6:
            CLK: 2096 MHz
            MIN_CLK: 500 MHz
            MAX_CLK: 2100 MHz
            CLK_LOCKED: DISABLED
            DEEP_SLEEP: DISABLED
        GFX_7:
            CLK: 2107 MHz
            MIN_CLK: 500 MHz
            MAX_CLK: 2100 MHz
            CLK_LOCKED: DISABLED
            DEEP_SLEEP: DISABLED
        MEM_0:
            CLK: 900 MHz
            MIN_CLK: 900 MHz
            MAX_CLK: 1300 MHz
            DEEP_SLEEP: DISABLED
        VCLK_0:
            CLK: 29 MHz
            MIN_CLK: 914 MHz
            MAX_CLK: 1333 MHz
            DEEP_SLEEP: ENABLED
        VCLK_1:
            CLK: 29 MHz
            MIN_CLK: 914 MHz
            MAX_CLK: 1333 MHz
            DEEP_SLEEP: ENABLED
        VCLK_2:
            CLK: 29 MHz
            MIN_CLK: 914 MHz
            MAX_CLK: 1333 MHz
            DEEP_SLEEP: ENABLED
        VCLK_3:
            CLK: 29 MHz
            MIN_CLK: 914 MHz
            MAX_CLK: 1333 MHz
            DEEP_SLEEP: ENABLED
        DCLK_0:
            CLK: 22 MHz
            MIN_CLK: 711 MHz
            MAX_CLK: 1143 MHz
            DEEP_SLEEP: ENABLED
        DCLK_1:
            CLK: 22 MHz
            MIN_CLK: 711 MHz
            MAX_CLK: 1143 MHz
            DEEP_SLEEP: ENABLED
        DCLK_2:
            CLK: 22 MHz
            MIN_CLK: 711 MHz
            MAX_CLK: 1143 MHz
            DEEP_SLEEP: ENABLED
        DCLK_3:
            CLK: 22 MHz
            MIN_CLK: 711 MHz
            MAX_CLK: 1143 MHz
            DEEP_SLEEP: ENABLED
        FCLK_0:
            CLK: 1300 MHz
            MIN_CLK: 1300 MHz
            MAX_CLK: 1800 MHz
            DEEP_SLEEP: DISABLED
        SOCCLK_0:
            CLK: 30 MHz
            MIN_CLK: 889 MHz
            MAX_CLK: 1143 MHz
            DEEP_SLEEP: ENABLED

### 2026-09-18T11:34:34Z
GPU: 0
    CLOCK:
        GFX_0:
            CLK: 2101 MHz
            MIN_CLK: 500 MHz
            MAX_CLK: 2100 MHz
            CLK_LOCKED: DISABLED
            DEEP_SLEEP: DISABLED
        GFX_1:
            CLK: 2109 MHz
            MIN_CLK: 500 MHz
            MAX_CLK: 2100 MHz
            CLK_LOCKED: DISABLED
            DEEP_SLEEP: DISABLED
        GFX_2:
            CLK: 2101 MHz
            MIN_CLK: 500 MHz
            MAX_CLK: 2100 MHz
            CLK_LOCKED: DISABLED
            DEEP_SLEEP: DISABLED
        GFX_3:
            CLK: 2107 MHz
            MIN_CLK: 500 MHz
            MAX_CLK: 2100 MHz
            CLK_LOCKED: DISABLED
            DEEP_SLEEP: DISABLED
        GFX_4:
            CLK: 2104 MHz
            MIN_CLK: 500 MHz
            MAX_CLK: 2100 MHz
            CLK_LOCKED: DISABLED
            DEEP_SLEEP: DISABLED
        GFX_5:
            CLK: 2109 MHz
            MIN_CLK: 500 MHz
            MAX_CLK: 2100 MHz
            CLK_LOCKED: DISABLED
            DEEP_SLEEP: DISABLED
        GFX_6:
            CLK: 2096 MHz
            MIN_CLK: 500 MHz
            MAX_CLK: 2100 MHz
            CLK_LOCKED: DISABLED
            DEEP_SLEEP: DISABLED
        GFX_7:
            CLK: 2106 MHz
            MIN_CLK: 500 MHz
            MAX_CLK: 2100 MHz
            CLK_LOCKED: DISABLED
            DEEP_SLEEP: DISABLED
        MEM_0:
            CLK: 900 MHz
            MIN_CLK: 900 MHz
            MAX_CLK: 1300 MHz
            DEEP_SLEEP: DISABLED
        VCLK_0:
            CLK: 29 MHz
            MIN_CLK: 914 MHz
            MAX_CLK: 1333 MHz
            DEEP_SLEEP: ENABLED
        VCLK_1:
            CLK: 29 MHz
            MIN_CLK: 914 MHz
            MAX_CLK: 1333 MHz
            DEEP_SLEEP: ENABLED
        VCLK_2:
            CLK: 29 MHz
            MIN_CLK: 914 MHz
            MAX_CLK: 1333 MHz
            DEEP_SLEEP: ENABLED
        VCLK_3:
            CLK: 29 MHz
            MIN_CLK: 914 MHz
            MAX_CLK: 1333 MHz
            DEEP_SLEEP: ENABLED
        DCLK_0:
            CLK: 22 MHz
            MIN_CLK: 711 MHz
            MAX_CLK: 1143 MHz
            DEEP_SLEEP: ENABLED
        DCLK_1:
            CLK: 22 MHz
            MIN_CLK: 711 MHz
            MAX_CLK: 1143 MHz
            DEEP_SLEEP: ENABLED
        DCLK_2:
            CLK: 22 MHz
            MIN_CLK: 711 MHz
            MAX_CLK: 1143 MHz
            DEEP_SLEEP: ENABLED
        DCLK_3:
            CLK: 22 MHz
            MIN_CLK: 711 MHz
            MAX_CLK: 1143 MHz
            DEEP_SLEEP: ENABLED
        FCLK_0:
            CLK: 1300 MHz
            MIN_CLK: 1300 MHz
            MAX_CLK: 1800 MHz
            DEEP_SLEEP: DISABLED
        SOCCLK_0:
            CLK: 34 MHz
            MIN_CLK: 889 MHz
            MAX_CLK: 1143 MHz
            DEEP_SLEEP: ENABLED

### 2026-09-18T11:34:35Z
GPU: 0
    CLOCK:
        GFX_0:
            CLK: 2101 MHz
            MIN_CLK: 500 MHz
            MAX_CLK: 2100 MHz
            CLK_LOCKED: DISABLED
            DEEP_SLEEP: DISABLED
        GFX_1:
            CLK: 2109 MHz
            MIN_CLK: 500 MHz
            MAX_CLK: 2100 MHz
            CLK_LOCKED: DISABLED
            DEEP_SLEEP: DISABLED
        GFX_2:
            CLK: 2101 MHz
            MIN_CLK: 500 MHz
            MAX_CLK: 2100 MHz
            CLK_LOCKED: DISABLED
            DEEP_SLEEP: DISABLED
        GFX_3:
            CLK: 2107 MHz
            MIN_CLK: 500 MHz
            MAX_CLK: 2100 MHz
            CLK_LOCKED: DISABLED
            DEEP_SLEEP: DISABLED
        GFX_4:
            CLK: 2103 MHz
            MIN_CLK: 500 MHz
            MAX_CLK: 2100 MHz
            CLK_LOCKED: DISABLED
            DEEP_SLEEP: DISABLED
        GFX_5:
            CLK: 2109 MHz
            MIN_CLK: 500 MHz
            MAX_CLK: 2100 MHz
            CLK_LOCKED: DISABLED
            DEEP_SLEEP: DISABLED
        GFX_6:
            CLK: 2097 MHz
            MIN_CLK: 500 MHz
            MAX_CLK: 2100 MHz
            CLK_LOCKED: DISABLED
            DEEP_SLEEP: DISABLED
        GFX_7:
            CLK: 2106 MHz
            MIN_CLK: 500 MHz
            MAX_CLK: 2100 MHz
            CLK_LOCKED: DISABLED
            DEEP_SLEEP: DISABLED
        MEM_0:
            CLK: 900 MHz
            MIN_CLK: 900 MHz
            MAX_CLK: 1300 MHz
            DEEP_SLEEP: DISABLED
        VCLK_0:
            CLK: 29 MHz
            MIN_CLK: 914 MHz
            MAX_CLK: 1333 MHz
            DEEP_SLEEP: ENABLED
        VCLK_1:
            CLK: 29 MHz
            MIN_CLK: 914 MHz
            MAX_CLK: 1333 MHz
            DEEP_SLEEP: ENABLED
        VCLK_2:
            CLK: 29 MHz
            MIN_CLK: 914 MHz
            MAX_CLK: 1333 MHz
            DEEP_SLEEP: ENABLED
        VCLK_3:
            CLK: 29 MHz
            MIN_CLK: 914 MHz
            MAX_CLK: 1333 MHz
            DEEP_SLEEP: ENABLED
        DCLK_0:
            CLK: 22 MHz
            MIN_CLK: 711 MHz
            MAX_CLK: 1143 MHz
            DEEP_SLEEP: ENABLED
        DCLK_1:
            CLK: 22 MHz
            MIN_CLK: 711 MHz
            MAX_CLK: 1143 MHz
            DEEP_SLEEP: ENABLED
        DCLK_2:
            CLK: 22 MHz
            MIN_CLK: 711 MHz
            MAX_CLK: 1143 MHz
            DEEP_SLEEP: ENABLED
        DCLK_3:
            CLK: 22 MHz
            MIN_CLK: 711 MHz
            MAX_CLK: 1143 MHz
            DEEP_SLEEP: ENABLED
        FCLK_0:
            CLK: 1300 MHz
            MIN_CLK: 1300 MHz
            MAX_CLK: 1800 MHz
            DEEP_SLEEP: DISABLED
        SOCCLK_0:
            CLK: 30 MHz
            MIN_CLK: 889 MHz
            MAX_CLK: 1143 MHz
            DEEP_SLEEP: ENABLED

### 2026-09-18T11:34:37Z
GPU: 0
    CLOCK:
        GFX_0:
            CLK: 2101 MHz
            MIN_CLK: 500 MHz
            MAX_CLK: 2100 MHz
            CLK_LOCKED: DISABLED
            DEEP_SLEEP: DISABLED
        GFX_1:
            CLK: 2110 MHz
            MIN_CLK: 500 MHz
            MAX_CLK: 2100 MHz
            CLK_LOCKED: DISABLED
            DEEP_SLEEP: DISABLED
        GFX_2:
            CLK: 2101 MHz
            MIN_CLK: 500 MHz
            MAX_CLK: 2100 MHz
            CLK_LOCKED: DISABLED
            DEEP_SLEEP: DISABLED
        GFX_3:
            CLK: 2107 MHz
            MIN_CLK: 500 MHz
            MAX_CLK: 2100 MHz
            CLK_LOCKED: DISABLED
            DEEP_SLEEP: DISABLED
        GFX_4:
            CLK: 2103 MHz
            MIN_CLK: 500 MHz
            MAX_CLK: 2100 MHz
            CLK_LOCKED: DISABLED
            DEEP_SLEEP: DISABLED
        GFX_5:
            CLK: 2109 MHz
            MIN_CLK: 500 MHz
            MAX_CLK: 2100 MHz
            CLK_LOCKED: DISABLED
            DEEP_SLEEP: DISABLED
        GFX_6:
            CLK: 2096 MHz
            MIN_CLK: 500 MHz
            MAX_CLK: 2100 MHz
            CLK_LOCKED: DISABLED
            DEEP_SLEEP: DISABLED
        GFX_7:
            CLK: 2107 MHz
            MIN_CLK: 500 MHz
            MAX_CLK: 2100 MHz
            CLK_LOCKED: DISABLED
            DEEP_SLEEP: DISABLED
        MEM_0:
            CLK: 900 MHz
            MIN_CLK: 900 MHz
            MAX_CLK: 1300 MHz
            DEEP_SLEEP: DISABLED
        VCLK_0:
            CLK: 29 MHz
            MIN_CLK: 914 MHz
            MAX_CLK: 1333 MHz
            DEEP_SLEEP: ENABLED
        VCLK_1:
            CLK: 29 MHz
            MIN_CLK: 914 MHz
            MAX_CLK: 1333 MHz
            DEEP_SLEEP: ENABLED
        VCLK_2:
            CLK: 29 MHz
            MIN_CLK: 914 MHz
            MAX_CLK: 1333 MHz
            DEEP_SLEEP: ENABLED
        VCLK_3:
            CLK: 29 MHz
            MIN_CLK: 914 MHz
            MAX_CLK: 1333 MHz
            DEEP_SLEEP: ENABLED
        DCLK_0:
            CLK: 22 MHz
            MIN_CLK: 711 MHz
            MAX_CLK: 1143 MHz
            DEEP_SLEEP: ENABLED
        DCLK_1:
            CLK: 22 MHz
            MIN_CLK: 711 MHz
            MAX_CLK: 1143 MHz
            DEEP_SLEEP: ENABLED
        DCLK_2:
            CLK: 22 MHz
            MIN_CLK: 711 MHz
            MAX_CLK: 1143 MHz
            DEEP_SLEEP: ENABLED
        DCLK_3:
            CLK: 22 MHz
            MIN_CLK: 711 MHz
            MAX_CLK: 1143 MHz
            DEEP_SLEEP: ENABLED
        FCLK_0:
            CLK: 1300 MHz
            MIN_CLK: 1300 MHz
            MAX_CLK: 1800 MHz
            DEEP_SLEEP: DISABLED
        SOCCLK_0:
            CLK: 30 MHz
            MIN_CLK: 889 MHz
            MAX_CLK: 1143 MHz
            DEEP_SLEEP: ENABLED

### 2026-09-18T11:34:38Z
GPU: 0
    CLOCK:
        GFX_0:
            CLK: 2101 MHz
            MIN_CLK: 500 MHz
            MAX_CLK: 2100 MHz
            CLK_LOCKED: DISABLED
            DEEP_SLEEP: DISABLED
        GFX_1:
            CLK: 2110 MHz
            MIN_CLK: 500 MHz
            MAX_CLK: 2100 MHz
            CLK_LOCKED: DISABLED
            DEEP_SLEEP: DISABLED
        GFX_2:
            CLK: 2101 MHz
            MIN_CLK: 500 MHz
            MAX_CLK: 2100 MHz
            CLK_LOCKED: DISABLED
            DEEP_SLEEP: DISABLED
        GFX_3:
            CLK: 2107 MHz
            MIN_CLK: 500 MHz
            MAX_CLK: 2100 MHz
            CLK_LOCKED: DISABLED
            DEEP_SLEEP: DISABLED
        GFX_4:
            CLK: 2104 MHz
            MIN_CLK: 500 MHz
            MAX_CLK: 2100 MHz
            CLK_LOCKED: DISABLED
            DEEP_SLEEP: DISABLED
        GFX_5:
            CLK: 2109 MHz
            MIN_CLK: 500 MHz
            MAX_CLK: 2100 MHz
            CLK_LOCKED: DISABLED
            DEEP_SLEEP: DISABLED
        GFX_6:
            CLK: 2096 MHz
            MIN_CLK: 500 MHz
            MAX_CLK: 2100 MHz
            CLK_LOCKED: DISABLED
            DEEP_SLEEP: DISABLED
        GFX_7:
            CLK: 2106 MHz
            MIN_CLK: 500 MHz
            MAX_CLK: 2100 MHz
            CLK_LOCKED: DISABLED
            DEEP_SLEEP: DISABLED
        MEM_0:
            CLK: 900 MHz
            MIN_CLK: 900 MHz
            MAX_CLK: 1300 MHz
            DEEP_SLEEP: DISABLED
        VCLK_0:
            CLK: 29 MHz
            MIN_CLK: 914 MHz
            MAX_CLK: 1333 MHz
            DEEP_SLEEP: ENABLED
        VCLK_1:
            CLK: 29 MHz
            MIN_CLK: 914 MHz
            MAX_CLK: 1333 MHz
            DEEP_SLEEP: ENABLED
        VCLK_2:
            CLK: 29 MHz
            MIN_CLK: 914 MHz
            MAX_CLK: 1333 MHz
            DEEP_SLEEP: ENABLED
        VCLK_3:
            CLK: 29 MHz
            MIN_CLK: 914 MHz
            MAX_CLK: 1333 MHz
            DEEP_SLEEP: ENABLED
        DCLK_0:
            CLK: 22 MHz
            MIN_CLK: 711 MHz
            MAX_CLK: 1143 MHz
            DEEP_SLEEP: ENABLED
        DCLK_1:
            CLK: 22 MHz
            MIN_CLK: 711 MHz
            MAX_CLK: 1143 MHz
            DEEP_SLEEP: ENABLED
        DCLK_2:
            CLK: 22 MHz
            MIN_CLK: 711 MHz
            MAX_CLK: 1143 MHz
            DEEP_SLEEP: ENABLED
        DCLK_3:
            CLK: 22 MHz
            MIN_CLK: 711 MHz
            MAX_CLK: 1143 MHz
            DEEP_SLEEP: ENABLED
        FCLK_0:
            CLK: 1300 MHz
            MIN_CLK: 1300 MHz
            MAX_CLK: 1800 MHz
            DEEP_SLEEP: DISABLED
        SOCCLK_0:
            CLK: 30 MHz
            MIN_CLK: 889 MHz
            MAX_CLK: 1143 MHz
            DEEP_SLEEP: ENABLED

### 2026-09-18T11:34:39Z
GPU: 0
    CLOCK:
        GFX_0:
            CLK: 2100 MHz
            MIN_CLK: 500 MHz
            MAX_CLK: 2100 MHz
            CLK_LOCKED: DISABLED
            DEEP_SLEEP: DISABLED
        GFX_1:
            CLK: 2110 MHz
            MIN_CLK: 500 MHz
            MAX_CLK: 2100 MHz
            CLK_LOCKED: DISABLED
            DEEP_SLEEP: DISABLED
        GFX_2:
            CLK: 2101 MHz
            MIN_CLK: 500 MHz
            MAX_CLK: 2100 MHz
            CLK_LOCKED: DISABLED
            DEEP_SLEEP: DISABLED
        GFX_3:
            CLK: 2107 MHz
            MIN_CLK: 500 MHz
            MAX_CLK: 2100 MHz
            CLK_LOCKED: DISABLED
            DEEP_SLEEP: DISABLED
        GFX_4:
            CLK: 2104 MHz
            MIN_CLK: 500 MHz
            MAX_CLK: 2100 MHz
            CLK_LOCKED: DISABLED
            DEEP_SLEEP: DISABLED
        GFX_5:
            CLK: 2108 MHz
            MIN_CLK: 500 MHz
            MAX_CLK: 2100 MHz
            CLK_LOCKED: DISABLED
            DEEP_SLEEP: DISABLED
        GFX_6:
            CLK: 2096 MHz
            MIN_CLK: 500 MHz
            MAX_CLK: 2100 MHz
            CLK_LOCKED: DISABLED
            DEEP_SLEEP: DISABLED
        GFX_7:
            CLK: 2106 MHz
            MIN_CLK: 500 MHz
            MAX_CLK: 2100 MHz
            CLK_LOCKED: DISABLED
            DEEP_SLEEP: DISABLED
        MEM_0:
            CLK: 900 MHz
            MIN_CLK: 900 MHz
            MAX_CLK: 1300 MHz
            DEEP_SLEEP: DISABLED
        VCLK_0:
            CLK: 29 MHz
            MIN_CLK: 914 MHz
            MAX_CLK: 1333 MHz
            DEEP_SLEEP: ENABLED
        VCLK_1:
            CLK: 29 MHz
            MIN_CLK: 914 MHz
            MAX_CLK: 1333 MHz
            DEEP_SLEEP: ENABLED
        VCLK_2:
            CLK: 29 MHz
            MIN_CLK: 914 MHz
            MAX_CLK: 1333 MHz
            DEEP_SLEEP: ENABLED
        VCLK_3:
            CLK: 29 MHz
            MIN_CLK: 914 MHz
            MAX_CLK: 1333 MHz
            DEEP_SLEEP: ENABLED
        DCLK_0:
            CLK: 22 MHz
            MIN_CLK: 711 MHz
            MAX_CLK: 1143 MHz
            DEEP_SLEEP: ENABLED
        DCLK_1:
            CLK: 22 MHz
            MIN_CLK: 711 MHz
            MAX_CLK: 1143 MHz
            DEEP_SLEEP: ENABLED
        DCLK_2:
            CLK: 22 MHz
            MIN_CLK: 711 MHz
            MAX_CLK: 1143 MHz
            DEEP_SLEEP: ENABLED
        DCLK_3:
            CLK: 22 MHz
            MIN_CLK: 711 MHz
            MAX_CLK: 1143 MHz
            DEEP_SLEEP: ENABLED
        FCLK_0:
            CLK: 1300 MHz
            MIN_CLK: 1300 MHz
            MAX_CLK: 1800 MHz
            DEEP_SLEEP: DISABLED
        SOCCLK_0:
            CLK: 30 MHz
            MIN_CLK: 889 MHz
            MAX_CLK: 1143 MHz
            DEEP_SLEEP: ENABLED

### 2026-09-18T11:34:40Z
GPU: 0
    CLOCK:
        GFX_0:
            CLK: 2101 MHz
            MIN_CLK: 500 MHz
            MAX_CLK: 2100 MHz
            CLK_LOCKED: DISABLED
            DEEP_SLEEP: DISABLED
        GFX_1:
            CLK: 2110 MHz
            MIN_CLK: 500 MHz
            MAX_CLK: 2100 MHz
            CLK_LOCKED: DISABLED
            DEEP_SLEEP: DISABLED
        GFX_2:
            CLK: 2100 MHz
            MIN_CLK: 500 MHz
            MAX_CLK: 2100 MHz
            CLK_LOCKED: DISABLED
            DEEP_SLEEP: DISABLED
        GFX_3:
            CLK: 2107 MHz
            MIN_CLK: 500 MHz
            MAX_CLK: 2100 MHz
            CLK_LOCKED: DISABLED
            DEEP_SLEEP: DISABLED
        GFX_4:
            CLK: 2103 MHz
            MIN_CLK: 500 MHz
            MAX_CLK: 2100 MHz
            CLK_LOCKED: DISABLED
            DEEP_SLEEP: DISABLED
        GFX_5:
            CLK: 2108 MHz
            MIN_CLK: 500 MHz
            MAX_CLK: 2100 MHz
            CLK_LOCKED: DISABLED
            DEEP_SLEEP: DISABLED
        GFX_6:
            CLK: 2096 MHz
            MIN_CLK: 500 MHz
            MAX_CLK: 2100 MHz
            CLK_LOCKED: DISABLED
            DEEP_SLEEP: DISABLED
        GFX_7:
            CLK: 2106 MHz
            MIN_CLK: 500 MHz
            MAX_CLK: 2100 MHz
            CLK_LOCKED: DISABLED
            DEEP_SLEEP: DISABLED
        MEM_0:
            CLK: 900 MHz
            MIN_CLK: 900 MHz
            MAX_CLK: 1300 MHz
            DEEP_SLEEP: DISABLED
        VCLK_0:
            CLK: 29 MHz
            MIN_CLK: 914 MHz
            MAX_CLK: 1333 MHz
            DEEP_SLEEP: ENABLED
        VCLK_1:
            CLK: 29 MHz
            MIN_CLK: 914 MHz
            MAX_CLK: 1333 MHz
            DEEP_SLEEP: ENABLED
        VCLK_2:
            CLK: 29 MHz
            MIN_CLK: 914 MHz
            MAX_CLK: 1333 MHz
            DEEP_SLEEP: ENABLED
        VCLK_3:
            CLK: 29 MHz
            MIN_CLK: 914 MHz
            MAX_CLK: 1333 MHz
            DEEP_SLEEP: ENABLED
        DCLK_0:
            CLK: 22 MHz
            MIN_CLK: 711 MHz
            MAX_CLK: 1143 MHz
            DEEP_SLEEP: ENABLED
        DCLK_1:
            CLK: 22 MHz
            MIN_CLK: 711 MHz
            MAX_CLK: 1143 MHz
            DEEP_SLEEP: ENABLED
        DCLK_2:
            CLK: 22 MHz
            MIN_CLK: 711 MHz
            MAX_CLK: 1143 MHz
            DEEP_SLEEP: ENABLED
        DCLK_3:
            CLK: 22 MHz
            MIN_CLK: 711 MHz
            MAX_CLK: 1143 MHz
            DEEP_SLEEP: ENABLED
        FCLK_0:
            CLK: 1300 MHz
            MIN_CLK: 1300 MHz
            MAX_CLK: 1800 MHz
            DEEP_SLEEP: DISABLED
        SOCCLK_0:
            CLK: 31 MHz
            MIN_CLK: 889 MHz
            MAX_CLK: 1143 MHz
            DEEP_SLEEP: ENABLED

### 2026-09-18T11:34:42Z
GPU: 0
    CLOCK:
        GFX_0:
            CLK: 2101 MHz
            MIN_CLK: 500 MHz
            MAX_CLK: 2100 MHz
            CLK_LOCKED: DISABLED
            DEEP_SLEEP: DISABLED
        GFX_1:
            CLK: 2109 MHz
            MIN_CLK: 500 MHz
            MAX_CLK: 2100 MHz
            CLK_LOCKED: DISABLED
            DEEP_SLEEP: DISABLED
        GFX_2:
            CLK: 2101 MHz
            MIN_CLK: 500 MHz
            MAX_CLK: 2100 MHz
            CLK_LOCKED: DISABLED
            DEEP_SLEEP: DISABLED
        GFX_3:
            CLK: 2107 MHz
            MIN_CLK: 500 MHz
            MAX_CLK: 2100 MHz
            CLK_LOCKED: DISABLED
            DEEP_SLEEP: DISABLED
        GFX_4:
            CLK: 2103 MHz
            MIN_CLK: 500 MHz
            MAX_CLK: 2100 MHz
            CLK_LOCKED: DISABLED
            DEEP_SLEEP: DISABLED
        GFX_5:
            CLK: 2108 MHz
            MIN_CLK: 500 MHz
            MAX_CLK: 2100 MHz
            CLK_LOCKED: DISABLED
            DEEP_SLEEP: DISABLED
        GFX_6:
            CLK: 2096 MHz
            MIN_CLK: 500 MHz
            MAX_CLK: 2100 MHz
            CLK_LOCKED: DISABLED
            DEEP_SLEEP: DISABLED
        GFX_7:
            CLK: 2106 MHz
            MIN_CLK: 500 MHz
            MAX_CLK: 2100 MHz
            CLK_LOCKED: DISABLED
            DEEP_SLEEP: DISABLED
        MEM_0:
            CLK: 900 MHz
            MIN_CLK: 900 MHz
            MAX_CLK: 1300 MHz
            DEEP_SLEEP: DISABLED
        VCLK_0:
            CLK: 29 MHz
            MIN_CLK: 914 MHz
            MAX_CLK: 1333 MHz
            DEEP_SLEEP: ENABLED
        VCLK_1:
            CLK: 29 MHz
            MIN_CLK: 914 MHz
            MAX_CLK: 1333 MHz
            DEEP_SLEEP: ENABLED
        VCLK_2:
            CLK: 29 MHz
            MIN_CLK: 914 MHz
            MAX_CLK: 1333 MHz
            DEEP_SLEEP: ENABLED
        VCLK_3:
            CLK: 29 MHz
            MIN_CLK: 914 MHz
            MAX_CLK: 1333 MHz
            DEEP_SLEEP: ENABLED
        DCLK_0:
            CLK: 22 MHz
            MIN_CLK: 711 MHz
            MAX_CLK: 1143 MHz
            DEEP_SLEEP: ENABLED
        DCLK_1:
            CLK: 22 MHz
            MIN_CLK: 711 MHz
            MAX_CLK: 1143 MHz
            DEEP_SLEEP: ENABLED
        DCLK_2:
            CLK: 22 MHz
            MIN_CLK: 711 MHz
            MAX_CLK: 1143 MHz
            DEEP_SLEEP: ENABLED
        DCLK_3:
            CLK: 22 MHz
            MIN_CLK: 711 MHz
            MAX_CLK: 1143 MHz
            DEEP_SLEEP: ENABLED
        FCLK_0:
            CLK: 1300 MHz
            MIN_CLK: 1300 MHz
            MAX_CLK: 1800 MHz
            DEEP_SLEEP: DISABLED
        SOCCLK_0:
            CLK: 30 MHz
            MIN_CLK: 889 MHz
            MAX_CLK: 1143 MHz
            DEEP_SLEEP: ENABLED

### 2026-09-18T11:34:43Z
GPU: 0
    CLOCK:
        GFX_0:
            CLK: 2100 MHz
            MIN_CLK: 500 MHz
            MAX_CLK: 2100 MHz
            CLK_LOCKED: DISABLED
            DEEP_SLEEP: DISABLED
        GFX_1:
            CLK: 2109 MHz
            MIN_CLK: 500 MHz
            MAX_CLK: 2100 MHz
            CLK_LOCKED: DISABLED
            DEEP_SLEEP: DISABLED
        GFX_2:
            CLK: 2101 MHz
            MIN_CLK: 500 MHz
            MAX_CLK: 2100 MHz
            CLK_LOCKED: DISABLED
            DEEP_SLEEP: DISABLED
        GFX_3:
            CLK: 2107 MHz
            MIN_CLK: 500 MHz
            MAX_CLK: 2100 MHz
            CLK_LOCKED: DISABLED
            DEEP_SLEEP: DISABLED
        GFX_4:
            CLK: 2104 MHz
            MIN_CLK: 500 MHz
            MAX_CLK: 2100 MHz
            CLK_LOCKED: DISABLED
            DEEP_SLEEP: DISABLED
        GFX_5:
            CLK: 2109 MHz
            MIN_CLK: 500 MHz
            MAX_CLK: 2100 MHz
            CLK_LOCKED: DISABLED
            DEEP_SLEEP: DISABLED
        GFX_6:
            CLK: 2096 MHz
            MIN_CLK: 500 MHz
            MAX_CLK: 2100 MHz
            CLK_LOCKED: DISABLED
            DEEP_SLEEP: DISABLED
        GFX_7:
            CLK: 2106 MHz
            MIN_CLK: 500 MHz
            MAX_CLK: 2100 MHz
            CLK_LOCKED: DISABLED
            DEEP_SLEEP: DISABLED
        MEM_0:
            CLK: 900 MHz
            MIN_CLK: 900 MHz
            MAX_CLK: 1300 MHz
            DEEP_SLEEP: DISABLED
        VCLK_0:
            CLK: 29 MHz
            MIN_CLK: 914 MHz
            MAX_CLK: 1333 MHz
            DEEP_SLEEP: ENABLED
        VCLK_1:
            CLK: 29 MHz
            MIN_CLK: 914 MHz
            MAX_CLK: 1333 MHz
            DEEP_SLEEP: ENABLED
        VCLK_2:
            CLK: 29 MHz
            MIN_CLK: 914 MHz
            MAX_CLK: 1333 MHz
            DEEP_SLEEP: ENABLED
        VCLK_3:
            CLK: 29 MHz
            MIN_CLK: 914 MHz
            MAX_CLK: 1333 MHz
            DEEP_SLEEP: ENABLED
        DCLK_0:
            CLK: 22 MHz
            MIN_CLK: 711 MHz
            MAX_CLK: 1143 MHz
            DEEP_SLEEP: ENABLED
        DCLK_1:
            CLK: 22 MHz
            MIN_CLK: 711 MHz
            MAX_CLK: 1143 MHz
            DEEP_SLEEP: ENABLED
        DCLK_2:
            CLK: 22 MHz
            MIN_CLK: 711 MHz
            MAX_CLK: 1143 MHz
            DEEP_SLEEP: ENABLED
        DCLK_3:
            CLK: 22 MHz
            MIN_CLK: 711 MHz
            MAX_CLK: 1143 MHz
            DEEP_SLEEP: ENABLED
        FCLK_0:
            CLK: 1300 MHz
            MIN_CLK: 1300 MHz
            MAX_CLK: 1800 MHz
            DEEP_SLEEP: DISABLED
        SOCCLK_0:
            CLK: 30 MHz
            MIN_CLK: 889 MHz
            MAX_CLK: 1143 MHz
            DEEP_SLEEP: ENABLED

### 2026-09-18T11:34:44Z
GPU: 0
    CLOCK:
        GFX_0:
            CLK: 2100 MHz
            MIN_CLK: 500 MHz
            MAX_CLK: 2100 MHz
            CLK_LOCKED: DISABLED
            DEEP_SLEEP: DISABLED
        GFX_1:
            CLK: 2109 MHz
            MIN_CLK: 500 MHz
            MAX_CLK: 2100 MHz
            CLK_LOCKED: DISABLED
            DEEP_SLEEP: DISABLED
        GFX_2:
            CLK: 2101 MHz
            MIN_CLK: 500 MHz
            MAX_CLK: 2100 MHz
            CLK_LOCKED: DISABLED
            DEEP_SLEEP: DISABLED
        GFX_3:
            CLK: 2107 MHz
            MIN_CLK: 500 MHz
            MAX_CLK: 2100 MHz
            CLK_LOCKED: DISABLED
            DEEP_SLEEP: DISABLED
        GFX_4:
            CLK: 2103 MHz
            MIN_CLK: 500 MHz
            MAX_CLK: 2100 MHz
            CLK_LOCKED: DISABLED
            DEEP_SLEEP: DISABLED
        GFX_5:
            CLK: 2108 MHz
            MIN_CLK: 500 MHz
            MAX_CLK: 2100 MHz
            CLK_LOCKED: DISABLED
            DEEP_SLEEP: DISABLED
        GFX_6:
            CLK: 2096 MHz
            MIN_CLK: 500 MHz
            MAX_CLK: 2100 MHz
            CLK_LOCKED: DISABLED
            DEEP_SLEEP: DISABLED
        GFX_7:
            CLK: 2106 MHz
            MIN_CLK: 500 MHz
            MAX_CLK: 2100 MHz
            CLK_LOCKED: DISABLED
            DEEP_SLEEP: DISABLED
        MEM_0:
            CLK: 900 MHz
            MIN_CLK: 900 MHz
            MAX_CLK: 1300 MHz
            DEEP_SLEEP: DISABLED
        VCLK_0:
            CLK: 29 MHz
            MIN_CLK: 914 MHz
            MAX_CLK: 1333 MHz
            DEEP_SLEEP: ENABLED
        VCLK_1:
            CLK: 29 MHz
            MIN_CLK: 914 MHz
            MAX_CLK: 1333 MHz
            DEEP_SLEEP: ENABLED
        VCLK_2:
            CLK: 29 MHz
            MIN_CLK: 914 MHz
            MAX_CLK: 1333 MHz
            DEEP_SLEEP: ENABLED
        VCLK_3:
            CLK: 29 MHz
            MIN_CLK: 914 MHz
            MAX_CLK: 1333 MHz
            DEEP_SLEEP: ENABLED
        DCLK_0:
            CLK: 22 MHz
            MIN_CLK: 711 MHz
            MAX_CLK: 1143 MHz
            DEEP_SLEEP: ENABLED
        DCLK_1:
            CLK: 22 MHz
            MIN_CLK: 711 MHz
            MAX_CLK: 1143 MHz
            DEEP_SLEEP: ENABLED
        DCLK_2:
            CLK: 22 MHz
            MIN_CLK: 711 MHz
            MAX_CLK: 1143 MHz
            DEEP_SLEEP: ENABLED
        DCLK_3:
            CLK: 22 MHz
            MIN_CLK: 711 MHz
            MAX_CLK: 1143 MHz
            DEEP_SLEEP: ENABLED
        FCLK_0:
            CLK: 1300 MHz
            MIN_CLK: 1300 MHz
            MAX_CLK: 1800 MHz
            DEEP_SLEEP: DISABLED
        SOCCLK_0:
            CLK: 40 MHz
            MIN_CLK: 889 MHz
            MAX_CLK: 1143 MHz
            DEEP_SLEEP: ENABLED

### 2026-09-18T11:34:45Z
GPU: 0
    CLOCK:
        GFX_0:
            CLK: 2100 MHz
            MIN_CLK: 500 MHz
            MAX_CLK: 2100 MHz
            CLK_LOCKED: DISABLED
            DEEP_SLEEP: DISABLED
        GFX_1:
            CLK: 2110 MHz
            MIN_CLK: 500 MHz
            MAX_CLK: 2100 MHz
            CLK_LOCKED: DISABLED
            DEEP_SLEEP: DISABLED
        GFX_2:
            CLK: 2101 MHz
            MIN_CLK: 500 MHz
            MAX_CLK: 2100 MHz
            CLK_LOCKED: DISABLED
            DEEP_SLEEP: DISABLED
        GFX_3:
            CLK: 2107 MHz
            MIN_CLK: 500 MHz
            MAX_CLK: 2100 MHz
            CLK_LOCKED: DISABLED
            DEEP_SLEEP: DISABLED
        GFX_4:
            CLK: 2104 MHz
            MIN_CLK: 500 MHz
            MAX_CLK: 2100 MHz
            CLK_LOCKED: DISABLED
            DEEP_SLEEP: DISABLED
        GFX_5:
            CLK: 2108 MHz
            MIN_CLK: 500 MHz
            MAX_CLK: 2100 MHz
            CLK_LOCKED: DISABLED
            DEEP_SLEEP: DISABLED
        GFX_6:
            CLK: 2096 MHz
            MIN_CLK: 500 MHz
            MAX_CLK: 2100 MHz
            CLK_LOCKED: DISABLED
            DEEP_SLEEP: DISABLED
        GFX_7:
            CLK: 2106 MHz
            MIN_CLK: 500 MHz
            MAX_CLK: 2100 MHz
            CLK_LOCKED: DISABLED
            DEEP_SLEEP: DISABLED
        MEM_0:
            CLK: 900 MHz
            MIN_CLK: 900 MHz
            MAX_CLK: 1300 MHz
            DEEP_SLEEP: DISABLED
        VCLK_0:
            CLK: 29 MHz
            MIN_CLK: 914 MHz
            MAX_CLK: 1333 MHz
            DEEP_SLEEP: ENABLED
        VCLK_1:
            CLK: 29 MHz
            MIN_CLK: 914 MHz
            MAX_CLK: 1333 MHz
            DEEP_SLEEP: ENABLED
        VCLK_2:
            CLK: 29 MHz
            MIN_CLK: 914 MHz
            MAX_CLK: 1333 MHz
            DEEP_SLEEP: ENABLED
        VCLK_3:
            CLK: 29 MHz
            MIN_CLK: 914 MHz
            MAX_CLK: 1333 MHz
            DEEP_SLEEP: ENABLED
        DCLK_0:
            CLK: 22 MHz
            MIN_CLK: 711 MHz
            MAX_CLK: 1143 MHz
            DEEP_SLEEP: ENABLED
        DCLK_1:
            CLK: 22 MHz
            MIN_CLK: 711 MHz
            MAX_CLK: 1143 MHz
            DEEP_SLEEP: ENABLED
        DCLK_2:
            CLK: 22 MHz
            MIN_CLK: 711 MHz
            MAX_CLK: 1143 MHz
            DEEP_SLEEP: ENABLED
        DCLK_3:
            CLK: 22 MHz
            MIN_CLK: 711 MHz
            MAX_CLK: 1143 MHz
            DEEP_SLEEP: ENABLED
        FCLK_0:
            CLK: 1300 MHz
            MIN_CLK: 1300 MHz
            MAX_CLK: 1800 MHz
            DEEP_SLEEP: DISABLED
        SOCCLK_0:
            CLK: 30 MHz
            MIN_CLK: 889 MHz
            MAX_CLK: 1143 MHz
            DEEP_SLEEP: ENABLED

### 2026-09-18T11:34:47Z
GPU: 0
    CLOCK:
        GFX_0:
            CLK: 2100 MHz
            MIN_CLK: 500 MHz
            MAX_CLK: 2100 MHz
            CLK_LOCKED: DISABLED
            DEEP_SLEEP: DISABLED
        GFX_1:
            CLK: 2109 MHz
            MIN_CLK: 500 MHz
            MAX_CLK: 2100 MHz
            CLK_LOCKED: DISABLED
            DEEP_SLEEP: DISABLED
        GFX_2:
            CLK: 2101 MHz
            MIN_CLK: 500 MHz
            MAX_CLK: 2100 MHz
            CLK_LOCKED: DISABLED
            DEEP_SLEEP: DISABLED
        GFX_3:
            CLK: 2107 MHz
            MIN_CLK: 500 MHz
            MAX_CLK: 2100 MHz
            CLK_LOCKED: DISABLED
            DEEP_SLEEP: DISABLED
        GFX_4:
            CLK: 2103 MHz
            MIN_CLK: 500 MHz
            MAX_CLK: 2100 MHz
            CLK_LOCKED: DISABLED
            DEEP_SLEEP: DISABLED
        GFX_5:
            CLK: 2109 MHz
            MIN_CLK: 500 MHz
            MAX_CLK: 2100 MHz
            CLK_LOCKED: DISABLED
            DEEP_SLEEP: DISABLED
        GFX_6:
            CLK: 2096 MHz
            MIN_CLK: 500 MHz
            MAX_CLK: 2100 MHz
            CLK_LOCKED: DISABLED
            DEEP_SLEEP: DISABLED
        GFX_7:
            CLK: 2106 MHz
            MIN_CLK: 500 MHz
            MAX_CLK: 2100 MHz
            CLK_LOCKED: DISABLED
            DEEP_SLEEP: DISABLED
        MEM_0:
            CLK: 900 MHz
            MIN_CLK: 900 MHz
            MAX_CLK: 1300 MHz
            DEEP_SLEEP: DISABLED
        VCLK_0:
            CLK: 29 MHz
            MIN_CLK: 914 MHz
            MAX_CLK: 1333 MHz
            DEEP_SLEEP: ENABLED
        VCLK_1:
            CLK: 29 MHz
            MIN_CLK: 914 MHz
            MAX_CLK: 1333 MHz
            DEEP_SLEEP: ENABLED
        VCLK_2:
            CLK: 29 MHz
            MIN_CLK: 914 MHz
            MAX_CLK: 1333 MHz
            DEEP_SLEEP: ENABLED
        VCLK_3:
            CLK: 29 MHz
            MIN_CLK: 914 MHz
            MAX_CLK: 1333 MHz
            DEEP_SLEEP: ENABLED
        DCLK_0:
            CLK: 22 MHz
            MIN_CLK: 711 MHz
            MAX_CLK: 1143 MHz
            DEEP_SLEEP: ENABLED
        DCLK_1:
            CLK: 22 MHz
            MIN_CLK: 711 MHz
            MAX_CLK: 1143 MHz
            DEEP_SLEEP: ENABLED
        DCLK_2:
            CLK: 22 MHz
            MIN_CLK: 711 MHz
            MAX_CLK: 1143 MHz
            DEEP_SLEEP: ENABLED
        DCLK_3:
            CLK: 22 MHz
            MIN_CLK: 711 MHz
            MAX_CLK: 1143 MHz
            DEEP_SLEEP: ENABLED
        FCLK_0:
            CLK: 1300 MHz
            MIN_CLK: 1300 MHz
            MAX_CLK: 1800 MHz
            DEEP_SLEEP: DISABLED
        SOCCLK_0:
            CLK: 30 MHz
            MIN_CLK: 889 MHz
            MAX_CLK: 1143 MHz
            DEEP_SLEEP: ENABLED

### 2026-09-18T11:34:48Z
GPU: 0
    CLOCK:
        GFX_0:
            CLK: 2101 MHz
            MIN_CLK: 500 MHz
            MAX_CLK: 2100 MHz
            CLK_LOCKED: DISABLED
            DEEP_SLEEP: DISABLED
        GFX_1:
            CLK: 2109 MHz
            MIN_CLK: 500 MHz
            MAX_CLK: 2100 MHz
            CLK_LOCKED: DISABLED
            DEEP_SLEEP: DISABLED
        GFX_2:
            CLK: 2101 MHz
            MIN_CLK: 500 MHz
            MAX_CLK: 2100 MHz
            CLK_LOCKED: DISABLED
            DEEP_SLEEP: DISABLED
        GFX_3:
            CLK: 2107 MHz
            MIN_CLK: 500 MHz
            MAX_CLK: 2100 MHz
            CLK_LOCKED: DISABLED
            DEEP_SLEEP: DISABLED
        GFX_4:
            CLK: 2103 MHz
            MIN_CLK: 500 MHz
            MAX_CLK: 2100 MHz
            CLK_LOCKED: DISABLED
            DEEP_SLEEP: DISABLED
        GFX_5:
            CLK: 2109 MHz
            MIN_CLK: 500 MHz
            MAX_CLK: 2100 MHz
            CLK_LOCKED: DISABLED
            DEEP_SLEEP: DISABLED
        GFX_6:
            CLK: 2096 MHz
            MIN_CLK: 500 MHz
            MAX_CLK: 2100 MHz
            CLK_LOCKED: DISABLED
            DEEP_SLEEP: DISABLED
        GFX_7:
            CLK: 2106 MHz
            MIN_CLK: 500 MHz
            MAX_CLK: 2100 MHz
            CLK_LOCKED: DISABLED
            DEEP_SLEEP: DISABLED
        MEM_0:
            CLK: 900 MHz
            MIN_CLK: 900 MHz
            MAX_CLK: 1300 MHz
            DEEP_SLEEP: DISABLED
        VCLK_0:
            CLK: 29 MHz
            MIN_CLK: 914 MHz
            MAX_CLK: 1333 MHz
            DEEP_SLEEP: ENABLED
        VCLK_1:
            CLK: 29 MHz
            MIN_CLK: 914 MHz
            MAX_CLK: 1333 MHz
            DEEP_SLEEP: ENABLED
        VCLK_2:
            CLK: 29 MHz
            MIN_CLK: 914 MHz
            MAX_CLK: 1333 MHz
            DEEP_SLEEP: ENABLED
        VCLK_3:
            CLK: 29 MHz
            MIN_CLK: 914 MHz
            MAX_CLK: 1333 MHz
            DEEP_SLEEP: ENABLED
        DCLK_0:
            CLK: 22 MHz
            MIN_CLK: 711 MHz
            MAX_CLK: 1143 MHz
            DEEP_SLEEP: ENABLED
        DCLK_1:
            CLK: 22 MHz
            MIN_CLK: 711 MHz
            MAX_CLK: 1143 MHz
            DEEP_SLEEP: ENABLED
        DCLK_2:
            CLK: 22 MHz
            MIN_CLK: 711 MHz
            MAX_CLK: 1143 MHz
            DEEP_SLEEP: ENABLED
        DCLK_3:
            CLK: 22 MHz
            MIN_CLK: 711 MHz
            MAX_CLK: 1143 MHz
            DEEP_SLEEP: ENABLED
        FCLK_0:
            CLK: 1300 MHz
            MIN_CLK: 1300 MHz
            MAX_CLK: 1800 MHz
            DEEP_SLEEP: DISABLED
        SOCCLK_0:
            CLK: 30 MHz
            MIN_CLK: 889 MHz
            MAX_CLK: 1143 MHz
            DEEP_SLEEP: ENABLED

### 2026-09-18T11:34:49Z
GPU: 0
    CLOCK:
        GFX_0:
            CLK: 2100 MHz
            MIN_CLK: 500 MHz
            MAX_CLK: 2100 MHz
            CLK_LOCKED: DISABLED
            DEEP_SLEEP: DISABLED
        GFX_1:
            CLK: 2109 MHz
            MIN_CLK: 500 MHz
            MAX_CLK: 2100 MHz
            CLK_LOCKED: DISABLED
            DEEP_SLEEP: DISABLED
        GFX_2:
            CLK: 2101 MHz
            MIN_CLK: 500 MHz
            MAX_CLK: 2100 MHz
            CLK_LOCKED: DISABLED
            DEEP_SLEEP: DISABLED
        GFX_3:
            CLK: 2107 MHz
            MIN_CLK: 500 MHz
            MAX_CLK: 2100 MHz
            CLK_LOCKED: DISABLED
            DEEP_SLEEP: DISABLED
        GFX_4:
            CLK: 2103 MHz
            MIN_CLK: 500 MHz
            MAX_CLK: 2100 MHz
            CLK_LOCKED: DISABLED
            DEEP_SLEEP: DISABLED
        GFX_5:
            CLK: 2109 MHz
            MIN_CLK: 500 MHz
            MAX_CLK: 2100 MHz
            CLK_LOCKED: DISABLED
            DEEP_SLEEP: DISABLED
        GFX_6:
            CLK: 2096 MHz
            MIN_CLK: 500 MHz
            MAX_CLK: 2100 MHz
            CLK_LOCKED: DISABLED
            DEEP_SLEEP: DISABLED
        GFX_7:
            CLK: 2106 MHz
            MIN_CLK: 500 MHz
            MAX_CLK: 2100 MHz
            CLK_LOCKED: DISABLED
            DEEP_SLEEP: DISABLED
        MEM_0:
            CLK: 900 MHz
            MIN_CLK: 900 MHz
            MAX_CLK: 1300 MHz
            DEEP_SLEEP: DISABLED
        VCLK_0:
            CLK: 29 MHz
            MIN_CLK: 914 MHz
            MAX_CLK: 1333 MHz
            DEEP_SLEEP: ENABLED
        VCLK_1:
            CLK: 29 MHz
            MIN_CLK: 914 MHz
            MAX_CLK: 1333 MHz
            DEEP_SLEEP: ENABLED
        VCLK_2:
            CLK: 29 MHz
            MIN_CLK: 914 MHz
            MAX_CLK: 1333 MHz
            DEEP_SLEEP: ENABLED
        VCLK_3:
            CLK: 29 MHz
            MIN_CLK: 914 MHz
            MAX_CLK: 1333 MHz
            DEEP_SLEEP: ENABLED
        DCLK_0:
            CLK: 22 MHz
            MIN_CLK: 711 MHz
            MAX_CLK: 1143 MHz
            DEEP_SLEEP: ENABLED
        DCLK_1:
            CLK: 22 MHz
            MIN_CLK: 711 MHz
            MAX_CLK: 1143 MHz
            DEEP_SLEEP: ENABLED
        DCLK_2:
            CLK: 22 MHz
            MIN_CLK: 711 MHz
            MAX_CLK: 1143 MHz
            DEEP_SLEEP: ENABLED
        DCLK_3:
            CLK: 22 MHz
            MIN_CLK: 711 MHz
            MAX_CLK: 1143 MHz
            DEEP_SLEEP: ENABLED
        FCLK_0:
            CLK: 1300 MHz
            MIN_CLK: 1300 MHz
            MAX_CLK: 1800 MHz
            DEEP_SLEEP: DISABLED
        SOCCLK_0:
            CLK: 30 MHz
            MIN_CLK: 889 MHz
            MAX_CLK: 1143 MHz
            DEEP_SLEEP: ENABLED

### 2026-09-18T11:34:51Z
GPU: 0
    CLOCK:
        GFX_0:
            CLK: 2100 MHz
            MIN_CLK: 500 MHz
            MAX_CLK: 2100 MHz
            CLK_LOCKED: DISABLED
            DEEP_SLEEP: DISABLED
        GFX_1:
            CLK: 2109 MHz
            MIN_CLK: 500 MHz
            MAX_CLK: 2100 MHz
            CLK_LOCKED: DISABLED
            DEEP_SLEEP: DISABLED
        GFX_2:
            CLK: 2102 MHz
            MIN_CLK: 500 MHz
            MAX_CLK: 2100 MHz
            CLK_LOCKED: DISABLED
            DEEP_SLEEP: DISABLED
        GFX_3:
            CLK: 2107 MHz
            MIN_CLK: 500 MHz
            MAX_CLK: 2100 MHz
            CLK_LOCKED: DISABLED
            DEEP_SLEEP: DISABLED
        GFX_4:
            CLK: 2103 MHz
            MIN_CLK: 500 MHz
            MAX_CLK: 2100 MHz
            CLK_LOCKED: DISABLED
            DEEP_SLEEP: DISABLED
        GFX_5:
            CLK: 2108 MHz
            MIN_CLK: 500 MHz
            MAX_CLK: 2100 MHz
            CLK_LOCKED: DISABLED
            DEEP_SLEEP: DISABLED
        GFX_6:
            CLK: 2096 MHz
            MIN_CLK: 500 MHz
            MAX_CLK: 2100 MHz
            CLK_LOCKED: DISABLED
            DEEP_SLEEP: DISABLED
        GFX_7:
            CLK: 2106 MHz
            MIN_CLK: 500 MHz
            MAX_CLK: 2100 MHz
            CLK_LOCKED: DISABLED
            DEEP_SLEEP: DISABLED
        MEM_0:
            CLK: 900 MHz
            MIN_CLK: 900 MHz
            MAX_CLK: 1300 MHz
            DEEP_SLEEP: DISABLED
        VCLK_0:
            CLK: 29 MHz
            MIN_CLK: 914 MHz
            MAX_CLK: 1333 MHz
            DEEP_SLEEP: ENABLED
        VCLK_1:
            CLK: 29 MHz
            MIN_CLK: 914 MHz
            MAX_CLK: 1333 MHz
            DEEP_SLEEP: ENABLED
        VCLK_2:
            CLK: 29 MHz
            MIN_CLK: 914 MHz
            MAX_CLK: 1333 MHz
            DEEP_SLEEP: ENABLED
        VCLK_3:
            CLK: 29 MHz
            MIN_CLK: 914 MHz
            MAX_CLK: 1333 MHz
            DEEP_SLEEP: ENABLED
        DCLK_0:
            CLK: 22 MHz
            MIN_CLK: 711 MHz
            MAX_CLK: 1143 MHz
            DEEP_SLEEP: ENABLED
        DCLK_1:
            CLK: 22 MHz
            MIN_CLK: 711 MHz
            MAX_CLK: 1143 MHz
            DEEP_SLEEP: ENABLED
        DCLK_2:
            CLK: 22 MHz
            MIN_CLK: 711 MHz
            MAX_CLK: 1143 MHz
            DEEP_SLEEP: ENABLED
        DCLK_3:
            CLK: 22 MHz
            MIN_CLK: 711 MHz
            MAX_CLK: 1143 MHz
            DEEP_SLEEP: ENABLED
        FCLK_0:
            CLK: 1300 MHz
            MIN_CLK: 1300 MHz
            MAX_CLK: 1800 MHz
            DEEP_SLEEP: DISABLED
        SOCCLK_0:
            CLK: 31 MHz
            MIN_CLK: 889 MHz
            MAX_CLK: 1143 MHz
            DEEP_SLEEP: ENABLED

### 2026-09-18T11:34:52Z
GPU: 0
    CLOCK:
        GFX_0:
            CLK: 2101 MHz
            MIN_CLK: 500 MHz
            MAX_CLK: 2100 MHz
            CLK_LOCKED: DISABLED
            DEEP_SLEEP: DISABLED
        GFX_1:
            CLK: 2110 MHz
            MIN_CLK: 500 MHz
            MAX_CLK: 2100 MHz
            CLK_LOCKED: DISABLED
            DEEP_SLEEP: DISABLED
        GFX_2:
            CLK: 2101 MHz
            MIN_CLK: 500 MHz
            MAX_CLK: 2100 MHz
            CLK_LOCKED: DISABLED
            DEEP_SLEEP: DISABLED
        GFX_3:
            CLK: 2108 MHz
            MIN_CLK: 500 MHz
            MAX_CLK: 2100 MHz
            CLK_LOCKED: DISABLED
            DEEP_SLEEP: DISABLED
        GFX_4:
            CLK: 2104 MHz
            MIN_CLK: 500 MHz
            MAX_CLK: 2100 MHz
            CLK_LOCKED: DISABLED
            DEEP_SLEEP: DISABLED
        GFX_5:
            CLK: 2109 MHz
            MIN_CLK: 500 MHz
            MAX_CLK: 2100 MHz
            CLK_LOCKED: DISABLED
            DEEP_SLEEP: DISABLED
        GFX_6:
            CLK: 2096 MHz
            MIN_CLK: 500 MHz
            MAX_CLK: 2100 MHz
            CLK_LOCKED: DISABLED
            DEEP_SLEEP: DISABLED
        GFX_7:
            CLK: 2106 MHz
            MIN_CLK: 500 MHz
            MAX_CLK: 2100 MHz
            CLK_LOCKED: DISABLED
            DEEP_SLEEP: DISABLED
        MEM_0:
            CLK: 900 MHz
            MIN_CLK: 900 MHz
            MAX_CLK: 1300 MHz
            DEEP_SLEEP: DISABLED
        VCLK_0:
            CLK: 29 MHz
            MIN_CLK: 914 MHz
            MAX_CLK: 1333 MHz
            DEEP_SLEEP: ENABLED
        VCLK_1:
            CLK: 29 MHz
            MIN_CLK: 914 MHz
            MAX_CLK: 1333 MHz
            DEEP_SLEEP: ENABLED
        VCLK_2:
            CLK: 29 MHz
            MIN_CLK: 914 MHz
            MAX_CLK: 1333 MHz
            DEEP_SLEEP: ENABLED
        VCLK_3:
            CLK: 29 MHz
            MIN_CLK: 914 MHz
            MAX_CLK: 1333 MHz
            DEEP_SLEEP: ENABLED
        DCLK_0:
            CLK: 22 MHz
            MIN_CLK: 711 MHz
            MAX_CLK: 1143 MHz
            DEEP_SLEEP: ENABLED
        DCLK_1:
            CLK: 22 MHz
            MIN_CLK: 711 MHz
            MAX_CLK: 1143 MHz
            DEEP_SLEEP: ENABLED
        DCLK_2:
            CLK: 22 MHz
            MIN_CLK: 711 MHz
            MAX_CLK: 1143 MHz
            DEEP_SLEEP: ENABLED
        DCLK_3:
            CLK: 22 MHz
            MIN_CLK: 711 MHz
            MAX_CLK: 1143 MHz
            DEEP_SLEEP: ENABLED
        FCLK_0:
            CLK: 1300 MHz
            MIN_CLK: 1300 MHz
            MAX_CLK: 1800 MHz
            DEEP_SLEEP: DISABLED
        SOCCLK_0:
            CLK: 30 MHz
            MIN_CLK: 889 MHz
            MAX_CLK: 1143 MHz
            DEEP_SLEEP: ENABLED

### 2026-09-18T11:34:53Z
GPU: 0
    CLOCK:
        GFX_0:
            CLK: 2101 MHz
            MIN_CLK: 500 MHz
            MAX_CLK: 2100 MHz
            CLK_LOCKED: DISABLED
            DEEP_SLEEP: DISABLED
        GFX_1:
            CLK: 2109 MHz
            MIN_CLK: 500 MHz
            MAX_CLK: 2100 MHz
            CLK_LOCKED: DISABLED
            DEEP_SLEEP: DISABLED
        GFX_2:
            CLK: 2101 MHz
            MIN_CLK: 500 MHz
            MAX_CLK: 2100 MHz
            CLK_LOCKED: DISABLED
            DEEP_SLEEP: DISABLED
        GFX_3:
            CLK: 2107 MHz
            MIN_CLK: 500 MHz
            MAX_CLK: 2100 MHz
            CLK_LOCKED: DISABLED
            DEEP_SLEEP: DISABLED
        GFX_4:
            CLK: 2104 MHz
            MIN_CLK: 500 MHz
            MAX_CLK: 2100 MHz
            CLK_LOCKED: DISABLED
            DEEP_SLEEP: DISABLED
        GFX_5:
            CLK: 2109 MHz
            MIN_CLK: 500 MHz
            MAX_CLK: 2100 MHz
            CLK_LOCKED: DISABLED
            DEEP_SLEEP: DISABLED
        GFX_6:
            CLK: 2096 MHz
            MIN_CLK: 500 MHz
            MAX_CLK: 2100 MHz
            CLK_LOCKED: DISABLED
            DEEP_SLEEP: DISABLED
        GFX_7:
            CLK: 2106 MHz
            MIN_CLK: 500 MHz
            MAX_CLK: 2100 MHz
            CLK_LOCKED: DISABLED
            DEEP_SLEEP: DISABLED
        MEM_0:
            CLK: 900 MHz
            MIN_CLK: 900 MHz
            MAX_CLK: 1300 MHz
            DEEP_SLEEP: DISABLED
        VCLK_0:
            CLK: 29 MHz
            MIN_CLK: 914 MHz
            MAX_CLK: 1333 MHz
            DEEP_SLEEP: ENABLED
        VCLK_1:
            CLK: 29 MHz
            MIN_CLK: 914 MHz
            MAX_CLK: 1333 MHz
            DEEP_SLEEP: ENABLED
        VCLK_2:
            CLK: 29 MHz
            MIN_CLK: 914 MHz
            MAX_CLK: 1333 MHz
            DEEP_SLEEP: ENABLED
        VCLK_3:
            CLK: 29 MHz
            MIN_CLK: 914 MHz
            MAX_CLK: 1333 MHz
            DEEP_SLEEP: ENABLED
        DCLK_0:
            CLK: 22 MHz
            MIN_CLK: 711 MHz
            MAX_CLK: 1143 MHz
            DEEP_SLEEP: ENABLED
        DCLK_1:
            CLK: 22 MHz
            MIN_CLK: 711 MHz
            MAX_CLK: 1143 MHz
            DEEP_SLEEP: ENABLED
        DCLK_2:
            CLK: 22 MHz
            MIN_CLK: 711 MHz
            MAX_CLK: 1143 MHz
            DEEP_SLEEP: ENABLED
        DCLK_3:
            CLK: 22 MHz
            MIN_CLK: 711 MHz
            MAX_CLK: 1143 MHz
            DEEP_SLEEP: ENABLED
        FCLK_0:
            CLK: 1300 MHz
            MIN_CLK: 1300 MHz
            MAX_CLK: 1800 MHz
            DEEP_SLEEP: DISABLED
        SOCCLK_0:
            CLK: 30 MHz
            MIN_CLK: 889 MHz
            MAX_CLK: 1143 MHz
            DEEP_SLEEP: ENABLED

### 2026-09-18T11:34:54Z
GPU: 0
    CLOCK:
        GFX_0:
            CLK: 2100 MHz
            MIN_CLK: 500 MHz
            MAX_CLK: 2100 MHz
            CLK_LOCKED: DISABLED
            DEEP_SLEEP: DISABLED
        GFX_1:
            CLK: 2109 MHz
            MIN_CLK: 500 MHz
            MAX_CLK: 2100 MHz
            CLK_LOCKED: DISABLED
            DEEP_SLEEP: DISABLED
        GFX_2:
            CLK: 2101 MHz
            MIN_CLK: 500 MHz
            MAX_CLK: 2100 MHz
            CLK_LOCKED: DISABLED
            DEEP_SLEEP: DISABLED
        GFX_3:
            CLK: 2107 MHz
            MIN_CLK: 500 MHz
            MAX_CLK: 2100 MHz
            CLK_LOCKED: DISABLED
            DEEP_SLEEP: DISABLED
        GFX_4:
            CLK: 2103 MHz
            MIN_CLK: 500 MHz
            MAX_CLK: 2100 MHz
            CLK_LOCKED: DISABLED
            DEEP_SLEEP: DISABLED
        GFX_5:
            CLK: 2108 MHz
            MIN_CLK: 500 MHz
            MAX_CLK: 2100 MHz
            CLK_LOCKED: DISABLED
            DEEP_SLEEP: DISABLED
        GFX_6:
            CLK: 2096 MHz
            MIN_CLK: 500 MHz
            MAX_CLK: 2100 MHz
            CLK_LOCKED: DISABLED
            DEEP_SLEEP: DISABLED
        GFX_7:
            CLK: 2107 MHz
            MIN_CLK: 500 MHz
            MAX_CLK: 2100 MHz
            CLK_LOCKED: DISABLED
            DEEP_SLEEP: DISABLED
        MEM_0:
            CLK: 900 MHz
            MIN_CLK: 900 MHz
            MAX_CLK: 1300 MHz
            DEEP_SLEEP: DISABLED
        VCLK_0:
            CLK: 29 MHz
            MIN_CLK: 914 MHz
            MAX_CLK: 1333 MHz
            DEEP_SLEEP: ENABLED
        VCLK_1:
            CLK: 29 MHz
            MIN_CLK: 914 MHz
            MAX_CLK: 1333 MHz
            DEEP_SLEEP: ENABLED
        VCLK_2:
            CLK: 29 MHz
            MIN_CLK: 914 MHz
            MAX_CLK: 1333 MHz
            DEEP_SLEEP: ENABLED
        VCLK_3:
            CLK: 29 MHz
            MIN_CLK: 914 MHz
            MAX_CLK: 1333 MHz
            DEEP_SLEEP: ENABLED
        DCLK_0:
            CLK: 22 MHz
            MIN_CLK: 711 MHz
            MAX_CLK: 1143 MHz
            DEEP_SLEEP: ENABLED
        DCLK_1:
            CLK: 22 MHz
            MIN_CLK: 711 MHz
            MAX_CLK: 1143 MHz
            DEEP_SLEEP: ENABLED
        DCLK_2:
            CLK: 22 MHz
            MIN_CLK: 711 MHz
            MAX_CLK: 1143 MHz
            DEEP_SLEEP: ENABLED
        DCLK_3:
            CLK: 22 MHz
            MIN_CLK: 711 MHz
            MAX_CLK: 1143 MHz
            DEEP_SLEEP: ENABLED
        FCLK_0:
            CLK: 1300 MHz
            MIN_CLK: 1300 MHz
            MAX_CLK: 1800 MHz
            DEEP_SLEEP: DISABLED
        SOCCLK_0:
            CLK: 30 MHz
            MIN_CLK: 889 MHz
            MAX_CLK: 1143 MHz
            DEEP_SLEEP: ENABLED

### 2026-09-18T11:34:56Z
GPU: 0
    CLOCK:
        GFX_0:
            CLK: 2101 MHz
            MIN_CLK: 500 MHz
            MAX_CLK: 2100 MHz
            CLK_LOCKED: DISABLED
            DEEP_SLEEP: DISABLED
        GFX_1:
            CLK: 2109 MHz
            MIN_CLK: 500 MHz
            MAX_CLK: 2100 MHz
            CLK_LOCKED: DISABLED
            DEEP_SLEEP: DISABLED
        GFX_2:
            CLK: 2101 MHz
            MIN_CLK: 500 MHz
            MAX_CLK: 2100 MHz
            CLK_LOCKED: DISABLED
            DEEP_SLEEP: DISABLED
        GFX_3:
            CLK: 2107 MHz
            MIN_CLK: 500 MHz
            MAX_CLK: 2100 MHz
            CLK_LOCKED: DISABLED
            DEEP_SLEEP: DISABLED
        GFX_4:
            CLK: 2103 MHz
            MIN_CLK: 500 MHz
            MAX_CLK: 2100 MHz
            CLK_LOCKED: DISABLED
            DEEP_SLEEP: DISABLED
        GFX_5:
            CLK: 2109 MHz
            MIN_CLK: 500 MHz
            MAX_CLK: 2100 MHz
            CLK_LOCKED: DISABLED
            DEEP_SLEEP: DISABLED
        GFX_6:
            CLK: 2096 MHz
            MIN_CLK: 500 MHz
            MAX_CLK: 2100 MHz
            CLK_LOCKED: DISABLED
            DEEP_SLEEP: DISABLED
        GFX_7:
            CLK: 2107 MHz
            MIN_CLK: 500 MHz
            MAX_CLK: 2100 MHz
            CLK_LOCKED: DISABLED
            DEEP_SLEEP: DISABLED
        MEM_0:
            CLK: 900 MHz
            MIN_CLK: 900 MHz
            MAX_CLK: 1300 MHz
            DEEP_SLEEP: DISABLED
        VCLK_0:
            CLK: 29 MHz
            MIN_CLK: 914 MHz
            MAX_CLK: 1333 MHz
            DEEP_SLEEP: ENABLED
        VCLK_1:
            CLK: 29 MHz
            MIN_CLK: 914 MHz
            MAX_CLK: 1333 MHz
            DEEP_SLEEP: ENABLED
        VCLK_2:
            CLK: 29 MHz
            MIN_CLK: 914 MHz
            MAX_CLK: 1333 MHz
            DEEP_SLEEP: ENABLED
        VCLK_3:
            CLK: 29 MHz
            MIN_CLK: 914 MHz
            MAX_CLK: 1333 MHz
            DEEP_SLEEP: ENABLED
        DCLK_0:
            CLK: 22 MHz
            MIN_CLK: 711 MHz
            MAX_CLK: 1143 MHz
            DEEP_SLEEP: ENABLED
        DCLK_1:
            CLK: 22 MHz
            MIN_CLK: 711 MHz
            MAX_CLK: 1143 MHz
            DEEP_SLEEP: ENABLED
        DCLK_2:
            CLK: 22 MHz
            MIN_CLK: 711 MHz
            MAX_CLK: 1143 MHz
            DEEP_SLEEP: ENABLED
        DCLK_3:
            CLK: 22 MHz
            MIN_CLK: 711 MHz
            MAX_CLK: 1143 MHz
            DEEP_SLEEP: ENABLED
        FCLK_0:
            CLK: 1300 MHz
            MIN_CLK: 1300 MHz
            MAX_CLK: 1800 MHz
            DEEP_SLEEP: DISABLED
        SOCCLK_0:
            CLK: 30 MHz
            MIN_CLK: 889 MHz
            MAX_CLK: 1143 MHz
            DEEP_SLEEP: ENABLED

### 2026-09-18T11:34:57Z
GPU: 0
    CLOCK:
        GFX_0:
            CLK: 2100 MHz
            MIN_CLK: 500 MHz
            MAX_CLK: 2100 MHz
            CLK_LOCKED: DISABLED
            DEEP_SLEEP: DISABLED
        GFX_1:
            CLK: 2109 MHz
            MIN_CLK: 500 MHz
            MAX_CLK: 2100 MHz
            CLK_LOCKED: DISABLED
            DEEP_SLEEP: DISABLED
        GFX_2:
            CLK: 2101 MHz
            MIN_CLK: 500 MHz
            MAX_CLK: 2100 MHz
            CLK_LOCKED: DISABLED
            DEEP_SLEEP: DISABLED
        GFX_3:
            CLK: 2106 MHz
            MIN_CLK: 500 MHz
            MAX_CLK: 2100 MHz
            CLK_LOCKED: DISABLED
            DEEP_SLEEP: DISABLED
        GFX_4:
            CLK: 2104 MHz
            MIN_CLK: 500 MHz
            MAX_CLK: 2100 MHz
            CLK_LOCKED: DISABLED
            DEEP_SLEEP: DISABLED
        GFX_5:
            CLK: 2109 MHz
            MIN_CLK: 500 MHz
            MAX_CLK: 2100 MHz
            CLK_LOCKED: DISABLED
            DEEP_SLEEP: DISABLED
        GFX_6:
            CLK: 2096 MHz
            MIN_CLK: 500 MHz
            MAX_CLK: 2100 MHz
            CLK_LOCKED: DISABLED
            DEEP_SLEEP: DISABLED
        GFX_7:
            CLK: 2107 MHz
            MIN_CLK: 500 MHz
            MAX_CLK: 2100 MHz
            CLK_LOCKED: DISABLED
            DEEP_SLEEP: DISABLED
        MEM_0:
            CLK: 900 MHz
            MIN_CLK: 900 MHz
            MAX_CLK: 1300 MHz
            DEEP_SLEEP: DISABLED
        VCLK_0:
            CLK: 29 MHz
            MIN_CLK: 914 MHz
            MAX_CLK: 1333 MHz
            DEEP_SLEEP: ENABLED
        VCLK_1:
            CLK: 29 MHz
            MIN_CLK: 914 MHz
            MAX_CLK: 1333 MHz
            DEEP_SLEEP: ENABLED
        VCLK_2:
            CLK: 29 MHz
            MIN_CLK: 914 MHz
            MAX_CLK: 1333 MHz
            DEEP_SLEEP: ENABLED
        VCLK_3:
            CLK: 29 MHz
            MIN_CLK: 914 MHz
            MAX_CLK: 1333 MHz
            DEEP_SLEEP: ENABLED
        DCLK_0:
            CLK: 22 MHz
            MIN_CLK: 711 MHz
            MAX_CLK: 1143 MHz
            DEEP_SLEEP: ENABLED
        DCLK_1:
            CLK: 22 MHz
            MIN_CLK: 711 MHz
            MAX_CLK: 1143 MHz
            DEEP_SLEEP: ENABLED
        DCLK_2:
            CLK: 22 MHz
            MIN_CLK: 711 MHz
            MAX_CLK: 1143 MHz
            DEEP_SLEEP: ENABLED
        DCLK_3:
            CLK: 22 MHz
            MIN_CLK: 711 MHz
            MAX_CLK: 1143 MHz
            DEEP_SLEEP: ENABLED
        FCLK_0:
            CLK: 1300 MHz
            MIN_CLK: 1300 MHz
            MAX_CLK: 1800 MHz
            DEEP_SLEEP: DISABLED
        SOCCLK_0:
            CLK: 30 MHz
            MIN_CLK: 889 MHz
            MAX_CLK: 1143 MHz
            DEEP_SLEEP: ENABLED

### 2026-09-18T11:34:58Z
GPU: 0
    CLOCK:
        GFX_0:
            CLK: 2100 MHz
            MIN_CLK: 500 MHz
            MAX_CLK: 2100 MHz
            CLK_LOCKED: DISABLED
            DEEP_SLEEP: DISABLED
        GFX_1:
            CLK: 2109 MHz
            MIN_CLK: 500 MHz
            MAX_CLK: 2100 MHz
            CLK_LOCKED: DISABLED
            DEEP_SLEEP: DISABLED
        GFX_2:
            CLK: 2101 MHz
            MIN_CLK: 500 MHz
            MAX_CLK: 2100 MHz
            CLK_LOCKED: DISABLED
            DEEP_SLEEP: DISABLED
        GFX_3:
            CLK: 2107 MHz
            MIN_CLK: 500 MHz
            MAX_CLK: 2100 MHz
            CLK_LOCKED: DISABLED
            DEEP_SLEEP: DISABLED
        GFX_4:
            CLK: 2104 MHz
            MIN_CLK: 500 MHz
            MAX_CLK: 2100 MHz
            CLK_LOCKED: DISABLED
            DEEP_SLEEP: DISABLED
        GFX_5:
            CLK: 2109 MHz
            MIN_CLK: 500 MHz
            MAX_CLK: 2100 MHz
            CLK_LOCKED: DISABLED
            DEEP_SLEEP: DISABLED
        GFX_6:
            CLK: 2096 MHz
            MIN_CLK: 500 MHz
            MAX_CLK: 2100 MHz
            CLK_LOCKED: DISABLED
            DEEP_SLEEP: DISABLED
        GFX_7:
            CLK: 2106 MHz
            MIN_CLK: 500 MHz
            MAX_CLK: 2100 MHz
            CLK_LOCKED: DISABLED
            DEEP_SLEEP: DISABLED
        MEM_0:
            CLK: 900 MHz
            MIN_CLK: 900 MHz
            MAX_CLK: 1300 MHz
            DEEP_SLEEP: DISABLED
        VCLK_0:
            CLK: 29 MHz
            MIN_CLK: 914 MHz
            MAX_CLK: 1333 MHz
            DEEP_SLEEP: ENABLED
        VCLK_1:
            CLK: 29 MHz
            MIN_CLK: 914 MHz
            MAX_CLK: 1333 MHz
            DEEP_SLEEP: ENABLED
        VCLK_2:
            CLK: 29 MHz
            MIN_CLK: 914 MHz
            MAX_CLK: 1333 MHz
            DEEP_SLEEP: ENABLED
        VCLK_3:
            CLK: 29 MHz
            MIN_CLK: 914 MHz
            MAX_CLK: 1333 MHz
            DEEP_SLEEP: ENABLED
        DCLK_0:
            CLK: 22 MHz
            MIN_CLK: 711 MHz
            MAX_CLK: 1143 MHz
            DEEP_SLEEP: ENABLED
        DCLK_1:
            CLK: 22 MHz
            MIN_CLK: 711 MHz
            MAX_CLK: 1143 MHz
            DEEP_SLEEP: ENABLED
        DCLK_2:
            CLK: 22 MHz
            MIN_CLK: 711 MHz
            MAX_CLK: 1143 MHz
            DEEP_SLEEP: ENABLED
        DCLK_3:
            CLK: 22 MHz
            MIN_CLK: 711 MHz
            MAX_CLK: 1143 MHz
            DEEP_SLEEP: ENABLED
        FCLK_0:
            CLK: 1300 MHz
            MIN_CLK: 1300 MHz
            MAX_CLK: 1800 MHz
            DEEP_SLEEP: DISABLED
        SOCCLK_0:
            CLK: 30 MHz
            MIN_CLK: 889 MHz
            MAX_CLK: 1143 MHz
            DEEP_SLEEP: ENABLED

### 2026-09-18T11:34:59Z
GPU: 0
    CLOCK:
        GFX_0:
            CLK: 2100 MHz
            MIN_CLK: 500 MHz
            MAX_CLK: 2100 MHz
            CLK_LOCKED: DISABLED
            DEEP_SLEEP: DISABLED
        GFX_1:
            CLK: 2109 MHz
            MIN_CLK: 500 MHz
            MAX_CLK: 2100 MHz
            CLK_LOCKED: DISABLED
            DEEP_SLEEP: DISABLED
        GFX_2:
            CLK: 2101 MHz
            MIN_CLK: 500 MHz
            MAX_CLK: 2100 MHz
            CLK_LOCKED: DISABLED
            DEEP_SLEEP: DISABLED
        GFX_3:
            CLK: 2107 MHz
            MIN_CLK: 500 MHz
            MAX_CLK: 2100 MHz
            CLK_LOCKED: DISABLED
            DEEP_SLEEP: DISABLED
        GFX_4:
            CLK: 2104 MHz
            MIN_CLK: 500 MHz
            MAX_CLK: 2100 MHz
            CLK_LOCKED: DISABLED
            DEEP_SLEEP: DISABLED
        GFX_5:
            CLK: 2109 MHz
            MIN_CLK: 500 MHz
            MAX_CLK: 2100 MHz
            CLK_LOCKED: DISABLED
            DEEP_SLEEP: DISABLED
        GFX_6:
            CLK: 2096 MHz
            MIN_CLK: 500 MHz
            MAX_CLK: 2100 MHz
            CLK_LOCKED: DISABLED
            DEEP_SLEEP: DISABLED
        GFX_7:
            CLK: 2106 MHz
            MIN_CLK: 500 MHz
            MAX_CLK: 2100 MHz
            CLK_LOCKED: DISABLED
            DEEP_SLEEP: DISABLED
        MEM_0:
            CLK: 900 MHz
            MIN_CLK: 900 MHz
            MAX_CLK: 1300 MHz
            DEEP_SLEEP: DISABLED
        VCLK_0:
            CLK: 29 MHz
            MIN_CLK: 914 MHz
            MAX_CLK: 1333 MHz
            DEEP_SLEEP: ENABLED
        VCLK_1:
            CLK: 29 MHz
            MIN_CLK: 914 MHz
            MAX_CLK: 1333 MHz
            DEEP_SLEEP: ENABLED
        VCLK_2:
            CLK: 29 MHz
            MIN_CLK: 914 MHz
            MAX_CLK: 1333 MHz
            DEEP_SLEEP: ENABLED
        VCLK_3:
            CLK: 29 MHz
            MIN_CLK: 914 MHz
            MAX_CLK: 1333 MHz
            DEEP_SLEEP: ENABLED
        DCLK_0:
            CLK: 22 MHz
            MIN_CLK: 711 MHz
            MAX_CLK: 1143 MHz
            DEEP_SLEEP: ENABLED
        DCLK_1:
            CLK: 22 MHz
            MIN_CLK: 711 MHz
            MAX_CLK: 1143 MHz
            DEEP_SLEEP: ENABLED
        DCLK_2:
            CLK: 22 MHz
            MIN_CLK: 711 MHz
            MAX_CLK: 1143 MHz
            DEEP_SLEEP: ENABLED
        DCLK_3:
            CLK: 22 MHz
            MIN_CLK: 711 MHz
            MAX_CLK: 1143 MHz
            DEEP_SLEEP: ENABLED
        FCLK_0:
            CLK: 1300 MHz
            MIN_CLK: 1300 MHz
            MAX_CLK: 1800 MHz
            DEEP_SLEEP: DISABLED
        SOCCLK_0:
            CLK: 30 MHz
            MIN_CLK: 889 MHz
            MAX_CLK: 1143 MHz
            DEEP_SLEEP: ENABLED

### 2026-09-18T11:35:01Z
GPU: 0
    CLOCK:
        GFX_0:
            CLK: 2100 MHz
            MIN_CLK: 500 MHz
            MAX_CLK: 2100 MHz
            CLK_LOCKED: DISABLED
            DEEP_SLEEP: DISABLED
        GFX_1:
            CLK: 2109 MHz
            MIN_CLK: 500 MHz
            MAX_CLK: 2100 MHz
            CLK_LOCKED: DISABLED
            DEEP_SLEEP: DISABLED
        GFX_2:
            CLK: 2101 MHz
            MIN_CLK: 500 MHz
            MAX_CLK: 2100 MHz
            CLK_LOCKED: DISABLED
            DEEP_SLEEP: DISABLED
        GFX_3:
            CLK: 2107 MHz
            MIN_CLK: 500 MHz
            MAX_CLK: 2100 MHz
            CLK_LOCKED: DISABLED
            DEEP_SLEEP: DISABLED
        GFX_4:
            CLK: 2104 MHz
            MIN_CLK: 500 MHz
            MAX_CLK: 2100 MHz
            CLK_LOCKED: DISABLED
            DEEP_SLEEP: DISABLED
        GFX_5:
            CLK: 2109 MHz
            MIN_CLK: 500 MHz
            MAX_CLK: 2100 MHz
            CLK_LOCKED: DISABLED
            DEEP_SLEEP: DISABLED
        GFX_6:
            CLK: 2096 MHz
            MIN_CLK: 500 MHz
            MAX_CLK: 2100 MHz
            CLK_LOCKED: DISABLED
            DEEP_SLEEP: DISABLED
        GFX_7:
            CLK: 2106 MHz
            MIN_CLK: 500 MHz
            MAX_CLK: 2100 MHz
            CLK_LOCKED: DISABLED
            DEEP_SLEEP: DISABLED
        MEM_0:
            CLK: 900 MHz
            MIN_CLK: 900 MHz
            MAX_CLK: 1300 MHz
            DEEP_SLEEP: DISABLED
        VCLK_0:
            CLK: 29 MHz
            MIN_CLK: 914 MHz
            MAX_CLK: 1333 MHz
            DEEP_SLEEP: ENABLED
        VCLK_1:
            CLK: 29 MHz
            MIN_CLK: 914 MHz
            MAX_CLK: 1333 MHz
            DEEP_SLEEP: ENABLED
        VCLK_2:
            CLK: 29 MHz
            MIN_CLK: 914 MHz
            MAX_CLK: 1333 MHz
            DEEP_SLEEP: ENABLED
        VCLK_3:
            CLK: 29 MHz
            MIN_CLK: 914 MHz
            MAX_CLK: 1333 MHz
            DEEP_SLEEP: ENABLED
        DCLK_0:
            CLK: 22 MHz
            MIN_CLK: 711 MHz
            MAX_CLK: 1143 MHz
            DEEP_SLEEP: ENABLED
        DCLK_1:
            CLK: 22 MHz
            MIN_CLK: 711 MHz
            MAX_CLK: 1143 MHz
            DEEP_SLEEP: ENABLED
        DCLK_2:
            CLK: 22 MHz
            MIN_CLK: 711 MHz
            MAX_CLK: 1143 MHz
            DEEP_SLEEP: ENABLED
        DCLK_3:
            CLK: 22 MHz
            MIN_CLK: 711 MHz
            MAX_CLK: 1143 MHz
            DEEP_SLEEP: ENABLED
        FCLK_0:
            CLK: 1300 MHz
            MIN_CLK: 1300 MHz
            MAX_CLK: 1800 MHz
            DEEP_SLEEP: DISABLED
        SOCCLK_0:
            CLK: 35 MHz
            MIN_CLK: 889 MHz
            MAX_CLK: 1143 MHz
            DEEP_SLEEP: ENABLED

### 2026-09-18T11:35:02Z
GPU: 0
    CLOCK:
        GFX_0:
            CLK: 2100 MHz
            MIN_CLK: 500 MHz
            MAX_CLK: 2100 MHz
            CLK_LOCKED: DISABLED
            DEEP_SLEEP: DISABLED
        GFX_1:
            CLK: 2109 MHz
            MIN_CLK: 500 MHz
            MAX_CLK: 2100 MHz
            CLK_LOCKED: DISABLED
            DEEP_SLEEP: DISABLED
        GFX_2:
            CLK: 2101 MHz
            MIN_CLK: 500 MHz
            MAX_CLK: 2100 MHz
            CLK_LOCKED: DISABLED
            DEEP_SLEEP: DISABLED
        GFX_3:
            CLK: 2107 MHz
            MIN_CLK: 500 MHz
            MAX_CLK: 2100 MHz
            CLK_LOCKED: DISABLED
            DEEP_SLEEP: DISABLED
        GFX_4:
            CLK: 2103 MHz
            MIN_CLK: 500 MHz
            MAX_CLK: 2100 MHz
            CLK_LOCKED: DISABLED
            DEEP_SLEEP: DISABLED
        GFX_5:
            CLK: 2109 MHz
            MIN_CLK: 500 MHz
            MAX_CLK: 2100 MHz
            CLK_LOCKED: DISABLED
            DEEP_SLEEP: DISABLED
        GFX_6:
            CLK: 2096 MHz
            MIN_CLK: 500 MHz
            MAX_CLK: 2100 MHz
            CLK_LOCKED: DISABLED
            DEEP_SLEEP: DISABLED
        GFX_7:
            CLK: 2106 MHz
            MIN_CLK: 500 MHz
            MAX_CLK: 2100 MHz
            CLK_LOCKED: DISABLED
            DEEP_SLEEP: DISABLED
        MEM_0:
            CLK: 900 MHz
            MIN_CLK: 900 MHz
            MAX_CLK: 1300 MHz
            DEEP_SLEEP: DISABLED
        VCLK_0:
            CLK: 29 MHz
            MIN_CLK: 914 MHz
            MAX_CLK: 1333 MHz
            DEEP_SLEEP: ENABLED
        VCLK_1:
            CLK: 29 MHz
            MIN_CLK: 914 MHz
            MAX_CLK: 1333 MHz
            DEEP_SLEEP: ENABLED
        VCLK_2:
            CLK: 29 MHz
            MIN_CLK: 914 MHz
            MAX_CLK: 1333 MHz
            DEEP_SLEEP: ENABLED
        VCLK_3:
            CLK: 29 MHz
            MIN_CLK: 914 MHz
            MAX_CLK: 1333 MHz
            DEEP_SLEEP: ENABLED
        DCLK_0:
            CLK: 22 MHz
            MIN_CLK: 711 MHz
            MAX_CLK: 1143 MHz
            DEEP_SLEEP: ENABLED
        DCLK_1:
            CLK: 22 MHz
            MIN_CLK: 711 MHz
            MAX_CLK: 1143 MHz
            DEEP_SLEEP: ENABLED
        DCLK_2:
            CLK: 22 MHz
            MIN_CLK: 711 MHz
            MAX_CLK: 1143 MHz
            DEEP_SLEEP: ENABLED
        DCLK_3:
            CLK: 22 MHz
            MIN_CLK: 711 MHz
            MAX_CLK: 1143 MHz
            DEEP_SLEEP: ENABLED
        FCLK_0:
            CLK: 1300 MHz
            MIN_CLK: 1300 MHz
            MAX_CLK: 1800 MHz
            DEEP_SLEEP: DISABLED
        SOCCLK_0:
            CLK: 30 MHz
            MIN_CLK: 889 MHz
            MAX_CLK: 1143 MHz
            DEEP_SLEEP: ENABLED

### 2026-09-18T11:35:03Z
GPU: 0
    CLOCK:
        GFX_0:
            CLK: 2101 MHz
            MIN_CLK: 500 MHz
            MAX_CLK: 2100 MHz
            CLK_LOCKED: DISABLED
            DEEP_SLEEP: DISABLED
        GFX_1:
            CLK: 2109 MHz
            MIN_CLK: 500 MHz
            MAX_CLK: 2100 MHz
            CLK_LOCKED: DISABLED
            DEEP_SLEEP: DISABLED
        GFX_2:
            CLK: 2102 MHz
            MIN_CLK: 500 MHz
            MAX_CLK: 2100 MHz
            CLK_LOCKED: DISABLED
            DEEP_SLEEP: DISABLED
        GFX_3:
            CLK: 2107 MHz
            MIN_CLK: 500 MHz
            MAX_CLK: 2100 MHz
            CLK_LOCKED: DISABLED
            DEEP_SLEEP: DISABLED
        GFX_4:
            CLK: 2103 MHz
            MIN_CLK: 500 MHz
            MAX_CLK: 2100 MHz
            CLK_LOCKED: DISABLED
            DEEP_SLEEP: DISABLED
        GFX_5:
            CLK: 2109 MHz
            MIN_CLK: 500 MHz
            MAX_CLK: 2100 MHz
            CLK_LOCKED: DISABLED
            DEEP_SLEEP: DISABLED
        GFX_6:
            CLK: 2096 MHz
            MIN_CLK: 500 MHz
            MAX_CLK: 2100 MHz
            CLK_LOCKED: DISABLED
            DEEP_SLEEP: DISABLED
        GFX_7:
            CLK: 2107 MHz
            MIN_CLK: 500 MHz
            MAX_CLK: 2100 MHz
            CLK_LOCKED: DISABLED
            DEEP_SLEEP: DISABLED
        MEM_0:
            CLK: 900 MHz
            MIN_CLK: 900 MHz
            MAX_CLK: 1300 MHz
            DEEP_SLEEP: DISABLED
        VCLK_0:
            CLK: 29 MHz
            MIN_CLK: 914 MHz
            MAX_CLK: 1333 MHz
            DEEP_SLEEP: ENABLED
        VCLK_1:
            CLK: 29 MHz
            MIN_CLK: 914 MHz
            MAX_CLK: 1333 MHz
            DEEP_SLEEP: ENABLED
        VCLK_2:
            CLK: 29 MHz
            MIN_CLK: 914 MHz
            MAX_CLK: 1333 MHz
            DEEP_SLEEP: ENABLED
        VCLK_3:
            CLK: 29 MHz
            MIN_CLK: 914 MHz
            MAX_CLK: 1333 MHz
            DEEP_SLEEP: ENABLED
        DCLK_0:
            CLK: 22 MHz
            MIN_CLK: 711 MHz
            MAX_CLK: 1143 MHz
            DEEP_SLEEP: ENABLED
        DCLK_1:
            CLK: 22 MHz
            MIN_CLK: 711 MHz
            MAX_CLK: 1143 MHz
            DEEP_SLEEP: ENABLED
        DCLK_2:
            CLK: 22 MHz
            MIN_CLK: 711 MHz
            MAX_CLK: 1143 MHz
            DEEP_SLEEP: ENABLED
        DCLK_3:
            CLK: 22 MHz
            MIN_CLK: 711 MHz
            MAX_CLK: 1143 MHz
            DEEP_SLEEP: ENABLED
        FCLK_0:
            CLK: 1300 MHz
            MIN_CLK: 1300 MHz
            MAX_CLK: 1800 MHz
            DEEP_SLEEP: DISABLED
        SOCCLK_0:
            CLK: 30 MHz
            MIN_CLK: 889 MHz
            MAX_CLK: 1143 MHz
            DEEP_SLEEP: ENABLED

### 2026-09-18T11:35:04Z
GPU: 0
    CLOCK:
        GFX_0:
            CLK: 2100 MHz
            MIN_CLK: 500 MHz
            MAX_CLK: 2100 MHz
            CLK_LOCKED: DISABLED
            DEEP_SLEEP: DISABLED
        GFX_1:
            CLK: 2110 MHz
            MIN_CLK: 500 MHz
            MAX_CLK: 2100 MHz
            CLK_LOCKED: DISABLED
            DEEP_SLEEP: DISABLED
        GFX_2:
            CLK: 2101 MHz
            MIN_CLK: 500 MHz
            MAX_CLK: 2100 MHz
            CLK_LOCKED: DISABLED
            DEEP_SLEEP: DISABLED
        GFX_3:
            CLK: 2107 MHz
            MIN_CLK: 500 MHz
            MAX_CLK: 2100 MHz
            CLK_LOCKED: DISABLED
            DEEP_SLEEP: DISABLED
        GFX_4:
            CLK: 2104 MHz
            MIN_CLK: 500 MHz
            MAX_CLK: 2100 MHz
            CLK_LOCKED: DISABLED
            DEEP_SLEEP: DISABLED
        GFX_5:
            CLK: 2108 MHz
            MIN_CLK: 500 MHz
            MAX_CLK: 2100 MHz
            CLK_LOCKED: DISABLED
            DEEP_SLEEP: DISABLED
        GFX_6:
            CLK: 2096 MHz
            MIN_CLK: 500 MHz
            MAX_CLK: 2100 MHz
            CLK_LOCKED: DISABLED
            DEEP_SLEEP: DISABLED
        GFX_7:
            CLK: 2106 MHz
            MIN_CLK: 500 MHz
            MAX_CLK: 2100 MHz
            CLK_LOCKED: DISABLED
            DEEP_SLEEP: DISABLED
        MEM_0:
            CLK: 900 MHz
            MIN_CLK: 900 MHz
            MAX_CLK: 1300 MHz
            DEEP_SLEEP: DISABLED
        VCLK_0:
            CLK: 29 MHz
            MIN_CLK: 914 MHz
            MAX_CLK: 1333 MHz
            DEEP_SLEEP: ENABLED
        VCLK_1:
            CLK: 29 MHz
            MIN_CLK: 914 MHz
            MAX_CLK: 1333 MHz
            DEEP_SLEEP: ENABLED
        VCLK_2:
            CLK: 29 MHz
            MIN_CLK: 914 MHz
            MAX_CLK: 1333 MHz
            DEEP_SLEEP: ENABLED
        VCLK_3:
            CLK: 29 MHz
            MIN_CLK: 914 MHz
            MAX_CLK: 1333 MHz
            DEEP_SLEEP: ENABLED
        DCLK_0:
            CLK: 22 MHz
            MIN_CLK: 711 MHz
            MAX_CLK: 1143 MHz
            DEEP_SLEEP: ENABLED
        DCLK_1:
            CLK: 22 MHz
            MIN_CLK: 711 MHz
            MAX_CLK: 1143 MHz
            DEEP_SLEEP: ENABLED
        DCLK_2:
            CLK: 22 MHz
            MIN_CLK: 711 MHz
            MAX_CLK: 1143 MHz
            DEEP_SLEEP: ENABLED
        DCLK_3:
            CLK: 22 MHz
            MIN_CLK: 711 MHz
            MAX_CLK: 1143 MHz
            DEEP_SLEEP: ENABLED
        FCLK_0:
            CLK: 1300 MHz
            MIN_CLK: 1300 MHz
            MAX_CLK: 1800 MHz
            DEEP_SLEEP: DISABLED
        SOCCLK_0:
            CLK: 30 MHz
            MIN_CLK: 889 MHz
            MAX_CLK: 1143 MHz
            DEEP_SLEEP: ENABLED

### 2026-09-18T11:35:06Z
GPU: 0
    CLOCK:
        GFX_0:
            CLK: 2100 MHz
            MIN_CLK: 500 MHz
            MAX_CLK: 2100 MHz
            CLK_LOCKED: DISABLED
            DEEP_SLEEP: DISABLED
        GFX_1:
            CLK: 2110 MHz
            MIN_CLK: 500 MHz
            MAX_CLK: 2100 MHz
            CLK_LOCKED: DISABLED
            DEEP_SLEEP: DISABLED
        GFX_2:
            CLK: 2101 MHz
            MIN_CLK: 500 MHz
            MAX_CLK: 2100 MHz
            CLK_LOCKED: DISABLED
            DEEP_SLEEP: DISABLED
        GFX_3:
            CLK: 2107 MHz
            MIN_CLK: 500 MHz
            MAX_CLK: 2100 MHz
            CLK_LOCKED: DISABLED
            DEEP_SLEEP: DISABLED
        GFX_4:
            CLK: 2104 MHz
            MIN_CLK: 500 MHz
            MAX_CLK: 2100 MHz
            CLK_LOCKED: DISABLED
            DEEP_SLEEP: DISABLED
        GFX_5:
            CLK: 2108 MHz
            MIN_CLK: 500 MHz
            MAX_CLK: 2100 MHz
            CLK_LOCKED: DISABLED
            DEEP_SLEEP: DISABLED
        GFX_6:
            CLK: 2096 MHz
            MIN_CLK: 500 MHz
            MAX_CLK: 2100 MHz
            CLK_LOCKED: DISABLED
            DEEP_SLEEP: DISABLED
        GFX_7:
            CLK: 2106 MHz
            MIN_CLK: 500 MHz
            MAX_CLK: 2100 MHz
            CLK_LOCKED: DISABLED
            DEEP_SLEEP: DISABLED
        MEM_0:
            CLK: 900 MHz
            MIN_CLK: 900 MHz
            MAX_CLK: 1300 MHz
            DEEP_SLEEP: DISABLED
        VCLK_0:
            CLK: 29 MHz
            MIN_CLK: 914 MHz
            MAX_CLK: 1333 MHz
            DEEP_SLEEP: ENABLED
        VCLK_1:
            CLK: 29 MHz
            MIN_CLK: 914 MHz
            MAX_CLK: 1333 MHz
            DEEP_SLEEP: ENABLED
        VCLK_2:
            CLK: 29 MHz
            MIN_CLK: 914 MHz
            MAX_CLK: 1333 MHz
            DEEP_SLEEP: ENABLED
        VCLK_3:
            CLK: 29 MHz
            MIN_CLK: 914 MHz
            MAX_CLK: 1333 MHz
            DEEP_SLEEP: ENABLED
        DCLK_0:
            CLK: 22 MHz
            MIN_CLK: 711 MHz
            MAX_CLK: 1143 MHz
            DEEP_SLEEP: ENABLED
        DCLK_1:
            CLK: 22 MHz
            MIN_CLK: 711 MHz
            MAX_CLK: 1143 MHz
            DEEP_SLEEP: ENABLED
        DCLK_2:
            CLK: 22 MHz
            MIN_CLK: 711 MHz
            MAX_CLK: 1143 MHz
            DEEP_SLEEP: ENABLED
        DCLK_3:
            CLK: 22 MHz
            MIN_CLK: 711 MHz
            MAX_CLK: 1143 MHz
            DEEP_SLEEP: ENABLED
        FCLK_0:
            CLK: 1300 MHz
            MIN_CLK: 1300 MHz
            MAX_CLK: 1800 MHz
            DEEP_SLEEP: DISABLED
        SOCCLK_0:
            CLK: 30 MHz
            MIN_CLK: 889 MHz
            MAX_CLK: 1143 MHz
            DEEP_SLEEP: ENABLED

### 2026-09-18T11:35:07Z
GPU: 0
    CLOCK:
        GFX_0:
            CLK: 2101 MHz
            MIN_CLK: 500 MHz
            MAX_CLK: 2100 MHz
            CLK_LOCKED: DISABLED
            DEEP_SLEEP: DISABLED
        GFX_1:
            CLK: 2110 MHz
            MIN_CLK: 500 MHz
            MAX_CLK: 2100 MHz
            CLK_LOCKED: DISABLED
            DEEP_SLEEP: DISABLED
        GFX_2:
            CLK: 2101 MHz
            MIN_CLK: 500 MHz
            MAX_CLK: 2100 MHz
            CLK_LOCKED: DISABLED
            DEEP_SLEEP: DISABLED
        GFX_3:
            CLK: 2107 MHz
            MIN_CLK: 500 MHz
            MAX_CLK: 2100 MHz
            CLK_LOCKED: DISABLED
            DEEP_SLEEP: DISABLED
        GFX_4:
            CLK: 2103 MHz
            MIN_CLK: 500 MHz
            MAX_CLK: 2100 MHz
            CLK_LOCKED: DISABLED
            DEEP_SLEEP: DISABLED
        GFX_5:
            CLK: 2108 MHz
            MIN_CLK: 500 MHz
            MAX_CLK: 2100 MHz
            CLK_LOCKED: DISABLED
            DEEP_SLEEP: DISABLED
        GFX_6:
            CLK: 2096 MHz
            MIN_CLK: 500 MHz
            MAX_CLK: 2100 MHz
            CLK_LOCKED: DISABLED
            DEEP_SLEEP: DISABLED
        GFX_7:
            CLK: 2107 MHz
            MIN_CLK: 500 MHz
            MAX_CLK: 2100 MHz
            CLK_LOCKED: DISABLED
            DEEP_SLEEP: DISABLED
        MEM_0:
            CLK: 900 MHz
            MIN_CLK: 900 MHz
            MAX_CLK: 1300 MHz
            DEEP_SLEEP: DISABLED
        VCLK_0:
            CLK: 29 MHz
            MIN_CLK: 914 MHz
            MAX_CLK: 1333 MHz
            DEEP_SLEEP: ENABLED
        VCLK_1:
            CLK: 29 MHz
            MIN_CLK: 914 MHz
            MAX_CLK: 1333 MHz
            DEEP_SLEEP: ENABLED
        VCLK_2:
            CLK: 29 MHz
            MIN_CLK: 914 MHz
            MAX_CLK: 1333 MHz
            DEEP_SLEEP: ENABLED
        VCLK_3:
            CLK: 29 MHz
            MIN_CLK: 914 MHz
            MAX_CLK: 1333 MHz
            DEEP_SLEEP: ENABLED
        DCLK_0:
            CLK: 22 MHz
            MIN_CLK: 711 MHz
            MAX_CLK: 1143 MHz
            DEEP_SLEEP: ENABLED
        DCLK_1:
            CLK: 22 MHz
            MIN_CLK: 711 MHz
            MAX_CLK: 1143 MHz
            DEEP_SLEEP: ENABLED
        DCLK_2:
            CLK: 22 MHz
            MIN_CLK: 711 MHz
            MAX_CLK: 1143 MHz
            DEEP_SLEEP: ENABLED
        DCLK_3:
            CLK: 22 MHz
            MIN_CLK: 711 MHz
            MAX_CLK: 1143 MHz
            DEEP_SLEEP: ENABLED
        FCLK_0:
            CLK: 1300 MHz
            MIN_CLK: 1300 MHz
            MAX_CLK: 1800 MHz
            DEEP_SLEEP: DISABLED
        SOCCLK_0:
            CLK: 31 MHz
            MIN_CLK: 889 MHz
            MAX_CLK: 1143 MHz
            DEEP_SLEEP: ENABLED

### 2026-09-18T11:35:08Z
GPU: 0
    CLOCK:
        GFX_0:
            CLK: 2100 MHz
            MIN_CLK: 500 MHz
            MAX_CLK: 2100 MHz
            CLK_LOCKED: DISABLED
            DEEP_SLEEP: DISABLED
        GFX_1:
            CLK: 2109 MHz
            MIN_CLK: 500 MHz
            MAX_CLK: 2100 MHz
            CLK_LOCKED: DISABLED
            DEEP_SLEEP: DISABLED
        GFX_2:
            CLK: 2101 MHz
            MIN_CLK: 500 MHz
            MAX_CLK: 2100 MHz
            CLK_LOCKED: DISABLED
            DEEP_SLEEP: DISABLED
        GFX_3:
            CLK: 2107 MHz
            MIN_CLK: 500 MHz
            MAX_CLK: 2100 MHz
            CLK_LOCKED: DISABLED
            DEEP_SLEEP: DISABLED
        GFX_4:
            CLK: 2104 MHz
            MIN_CLK: 500 MHz
            MAX_CLK: 2100 MHz
            CLK_LOCKED: DISABLED
            DEEP_SLEEP: DISABLED
        GFX_5:
            CLK: 2108 MHz
            MIN_CLK: 500 MHz
            MAX_CLK: 2100 MHz
            CLK_LOCKED: DISABLED
            DEEP_SLEEP: DISABLED
        GFX_6:
            CLK: 2096 MHz
            MIN_CLK: 500 MHz
            MAX_CLK: 2100 MHz
            CLK_LOCKED: DISABLED
            DEEP_SLEEP: DISABLED
        GFX_7:
            CLK: 2106 MHz
            MIN_CLK: 500 MHz
            MAX_CLK: 2100 MHz
            CLK_LOCKED: DISABLED
            DEEP_SLEEP: DISABLED
        MEM_0:
            CLK: 900 MHz
            MIN_CLK: 900 MHz
            MAX_CLK: 1300 MHz
            DEEP_SLEEP: DISABLED
        VCLK_0:
            CLK: 29 MHz
            MIN_CLK: 914 MHz
            MAX_CLK: 1333 MHz
            DEEP_SLEEP: ENABLED
        VCLK_1:
            CLK: 29 MHz
            MIN_CLK: 914 MHz
            MAX_CLK: 1333 MHz
            DEEP_SLEEP: ENABLED
        VCLK_2:
            CLK: 29 MHz
            MIN_CLK: 914 MHz
            MAX_CLK: 1333 MHz
            DEEP_SLEEP: ENABLED
        VCLK_3:
            CLK: 29 MHz
            MIN_CLK: 914 MHz
            MAX_CLK: 1333 MHz
            DEEP_SLEEP: ENABLED
        DCLK_0:
            CLK: 22 MHz
            MIN_CLK: 711 MHz
            MAX_CLK: 1143 MHz
            DEEP_SLEEP: ENABLED
        DCLK_1:
            CLK: 22 MHz
            MIN_CLK: 711 MHz
            MAX_CLK: 1143 MHz
            DEEP_SLEEP: ENABLED
        DCLK_2:
            CLK: 22 MHz
            MIN_CLK: 711 MHz
            MAX_CLK: 1143 MHz
            DEEP_SLEEP: ENABLED
        DCLK_3:
            CLK: 22 MHz
            MIN_CLK: 711 MHz
            MAX_CLK: 1143 MHz
            DEEP_SLEEP: ENABLED
        FCLK_0:
            CLK: 1300 MHz
            MIN_CLK: 1300 MHz
            MAX_CLK: 1800 MHz
            DEEP_SLEEP: DISABLED
        SOCCLK_0:
            CLK: 30 MHz
            MIN_CLK: 889 MHz
            MAX_CLK: 1143 MHz
            DEEP_SLEEP: ENABLED

### 2026-09-18T11:35:09Z
GPU: 0
    CLOCK:
        GFX_0:
            CLK: 2100 MHz
            MIN_CLK: 500 MHz
            MAX_CLK: 2100 MHz
            CLK_LOCKED: DISABLED
            DEEP_SLEEP: DISABLED
        GFX_1:
            CLK: 2110 MHz
            MIN_CLK: 500 MHz
            MAX_CLK: 2100 MHz
            CLK_LOCKED: DISABLED
            DEEP_SLEEP: DISABLED
        GFX_2:
            CLK: 2101 MHz
            MIN_CLK: 500 MHz
            MAX_CLK: 2100 MHz
            CLK_LOCKED: DISABLED
            DEEP_SLEEP: DISABLED
        GFX_3:
            CLK: 2107 MHz
            MIN_CLK: 500 MHz
            MAX_CLK: 2100 MHz
            CLK_LOCKED: DISABLED
            DEEP_SLEEP: DISABLED
        GFX_4:
            CLK: 2104 MHz
            MIN_CLK: 500 MHz
            MAX_CLK: 2100 MHz
            CLK_LOCKED: DISABLED
            DEEP_SLEEP: DISABLED
        GFX_5:
            CLK: 2108 MHz
            MIN_CLK: 500 MHz
            MAX_CLK: 2100 MHz
            CLK_LOCKED: DISABLED
            DEEP_SLEEP: DISABLED
        GFX_6:
            CLK: 2096 MHz
            MIN_CLK: 500 MHz
            MAX_CLK: 2100 MHz
            CLK_LOCKED: DISABLED
            DEEP_SLEEP: DISABLED
        GFX_7:
            CLK: 2107 MHz
            MIN_CLK: 500 MHz
            MAX_CLK: 2100 MHz
            CLK_LOCKED: DISABLED
            DEEP_SLEEP: DISABLED
        MEM_0:
            CLK: 900 MHz
            MIN_CLK: 900 MHz
            MAX_CLK: 1300 MHz
            DEEP_SLEEP: DISABLED
        VCLK_0:
            CLK: 29 MHz
            MIN_CLK: 914 MHz
            MAX_CLK: 1333 MHz
            DEEP_SLEEP: ENABLED
        VCLK_1:
            CLK: 29 MHz
            MIN_CLK: 914 MHz
            MAX_CLK: 1333 MHz
            DEEP_SLEEP: ENABLED
        VCLK_2:
            CLK: 29 MHz
            MIN_CLK: 914 MHz
            MAX_CLK: 1333 MHz
            DEEP_SLEEP: ENABLED
        VCLK_3:
            CLK: 29 MHz
            MIN_CLK: 914 MHz
            MAX_CLK: 1333 MHz
            DEEP_SLEEP: ENABLED
        DCLK_0:
            CLK: 22 MHz
            MIN_CLK: 711 MHz
            MAX_CLK: 1143 MHz
            DEEP_SLEEP: ENABLED
        DCLK_1:
            CLK: 22 MHz
            MIN_CLK: 711 MHz
            MAX_CLK: 1143 MHz
            DEEP_SLEEP: ENABLED
        DCLK_2:
            CLK: 22 MHz
            MIN_CLK: 711 MHz
            MAX_CLK: 1143 MHz
            DEEP_SLEEP: ENABLED
        DCLK_3:
            CLK: 22 MHz
            MIN_CLK: 711 MHz
            MAX_CLK: 1143 MHz
            DEEP_SLEEP: ENABLED
        FCLK_0:
            CLK: 1300 MHz
            MIN_CLK: 1300 MHz
            MAX_CLK: 1800 MHz
            DEEP_SLEEP: DISABLED
        SOCCLK_0:
            CLK: 30 MHz
            MIN_CLK: 889 MHz
            MAX_CLK: 1143 MHz
            DEEP_SLEEP: ENABLED

### 2026-09-18T11:35:11Z
GPU: 0
    CLOCK:
        GFX_0:
            CLK: 2101 MHz
            MIN_CLK: 500 MHz
            MAX_CLK: 2100 MHz
            CLK_LOCKED: DISABLED
            DEEP_SLEEP: DISABLED
        GFX_1:
            CLK: 2110 MHz
            MIN_CLK: 500 MHz
            MAX_CLK: 2100 MHz
            CLK_LOCKED: DISABLED
            DEEP_SLEEP: DISABLED
        GFX_2:
            CLK: 2101 MHz
            MIN_CLK: 500 MHz
            MAX_CLK: 2100 MHz
            CLK_LOCKED: DISABLED
            DEEP_SLEEP: DISABLED
        GFX_3:
            CLK: 2107 MHz
            MIN_CLK: 500 MHz
            MAX_CLK: 2100 MHz
            CLK_LOCKED: DISABLED
            DEEP_SLEEP: DISABLED
        GFX_4:
            CLK: 2104 MHz
            MIN_CLK: 500 MHz
            MAX_CLK: 2100 MHz
            CLK_LOCKED: DISABLED
            DEEP_SLEEP: DISABLED
        GFX_5:
            CLK: 2108 MHz
            MIN_CLK: 500 MHz
            MAX_CLK: 2100 MHz
            CLK_LOCKED: DISABLED
            DEEP_SLEEP: DISABLED
        GFX_6:
            CLK: 2096 MHz
            MIN_CLK: 500 MHz
            MAX_CLK: 2100 MHz
            CLK_LOCKED: DISABLED
            DEEP_SLEEP: DISABLED
        GFX_7:
            CLK: 2107 MHz
            MIN_CLK: 500 MHz
            MAX_CLK: 2100 MHz
            CLK_LOCKED: DISABLED
            DEEP_SLEEP: DISABLED
        MEM_0:
            CLK: 900 MHz
            MIN_CLK: 900 MHz
            MAX_CLK: 1300 MHz
            DEEP_SLEEP: DISABLED
        VCLK_0:
            CLK: 29 MHz
            MIN_CLK: 914 MHz
            MAX_CLK: 1333 MHz
            DEEP_SLEEP: ENABLED
        VCLK_1:
            CLK: 29 MHz
            MIN_CLK: 914 MHz
            MAX_CLK: 1333 MHz
            DEEP_SLEEP: ENABLED
        VCLK_2:
            CLK: 29 MHz
            MIN_CLK: 914 MHz
            MAX_CLK: 1333 MHz
            DEEP_SLEEP: ENABLED
        VCLK_3:
            CLK: 29 MHz
            MIN_CLK: 914 MHz
            MAX_CLK: 1333 MHz
            DEEP_SLEEP: ENABLED
        DCLK_0:
            CLK: 22 MHz
            MIN_CLK: 711 MHz
            MAX_CLK: 1143 MHz
            DEEP_SLEEP: ENABLED
        DCLK_1:
            CLK: 22 MHz
            MIN_CLK: 711 MHz
            MAX_CLK: 1143 MHz
            DEEP_SLEEP: ENABLED
        DCLK_2:
            CLK: 22 MHz
            MIN_CLK: 711 MHz
            MAX_CLK: 1143 MHz
            DEEP_SLEEP: ENABLED
        DCLK_3:
            CLK: 22 MHz
            MIN_CLK: 711 MHz
            MAX_CLK: 1143 MHz
            DEEP_SLEEP: ENABLED
        FCLK_0:
            CLK: 1300 MHz
            MIN_CLK: 1300 MHz
            MAX_CLK: 1800 MHz
            DEEP_SLEEP: DISABLED
        SOCCLK_0:
            CLK: 47 MHz
            MIN_CLK: 889 MHz
            MAX_CLK: 1143 MHz
            DEEP_SLEEP: ENABLED

### 2026-09-18T11:35:12Z
GPU: 0
    CLOCK:
        GFX_0:
            CLK: 2101 MHz
            MIN_CLK: 500 MHz
            MAX_CLK: 2100 MHz
            CLK_LOCKED: DISABLED
            DEEP_SLEEP: DISABLED
        GFX_1:
            CLK: 2109 MHz
            MIN_CLK: 500 MHz
            MAX_CLK: 2100 MHz
            CLK_LOCKED: DISABLED
            DEEP_SLEEP: DISABLED
        GFX_2:
            CLK: 2101 MHz
            MIN_CLK: 500 MHz
            MAX_CLK: 2100 MHz
            CLK_LOCKED: DISABLED
            DEEP_SLEEP: DISABLED
        GFX_3:
            CLK: 2107 MHz
            MIN_CLK: 500 MHz
            MAX_CLK: 2100 MHz
            CLK_LOCKED: DISABLED
            DEEP_SLEEP: DISABLED
        GFX_4:
            CLK: 2103 MHz
            MIN_CLK: 500 MHz
            MAX_CLK: 2100 MHz
            CLK_LOCKED: DISABLED
            DEEP_SLEEP: DISABLED
        GFX_5:
            CLK: 2108 MHz
            MIN_CLK: 500 MHz
            MAX_CLK: 2100 MHz
            CLK_LOCKED: DISABLED
            DEEP_SLEEP: DISABLED
        GFX_6:
            CLK: 2096 MHz
            MIN_CLK: 500 MHz
            MAX_CLK: 2100 MHz
            CLK_LOCKED: DISABLED
            DEEP_SLEEP: DISABLED
        GFX_7:
            CLK: 2107 MHz
            MIN_CLK: 500 MHz
            MAX_CLK: 2100 MHz
            CLK_LOCKED: DISABLED
            DEEP_SLEEP: DISABLED
        MEM_0:
            CLK: 900 MHz
            MIN_CLK: 900 MHz
            MAX_CLK: 1300 MHz
            DEEP_SLEEP: DISABLED
        VCLK_0:
            CLK: 29 MHz
            MIN_CLK: 914 MHz
            MAX_CLK: 1333 MHz
            DEEP_SLEEP: ENABLED
        VCLK_1:
            CLK: 29 MHz
            MIN_CLK: 914 MHz
            MAX_CLK: 1333 MHz
            DEEP_SLEEP: ENABLED
        VCLK_2:
            CLK: 29 MHz
            MIN_CLK: 914 MHz
            MAX_CLK: 1333 MHz
            DEEP_SLEEP: ENABLED
        VCLK_3:
            CLK: 29 MHz
            MIN_CLK: 914 MHz
            MAX_CLK: 1333 MHz
            DEEP_SLEEP: ENABLED
        DCLK_0:
            CLK: 22 MHz
            MIN_CLK: 711 MHz
            MAX_CLK: 1143 MHz
            DEEP_SLEEP: ENABLED
        DCLK_1:
            CLK: 22 MHz
            MIN_CLK: 711 MHz
            MAX_CLK: 1143 MHz
            DEEP_SLEEP: ENABLED
        DCLK_2:
            CLK: 22 MHz
            MIN_CLK: 711 MHz
            MAX_CLK: 1143 MHz
            DEEP_SLEEP: ENABLED
        DCLK_3:
            CLK: 22 MHz
            MIN_CLK: 711 MHz
            MAX_CLK: 1143 MHz
            DEEP_SLEEP: ENABLED
        FCLK_0:
            CLK: 1300 MHz
            MIN_CLK: 1300 MHz
            MAX_CLK: 1800 MHz
            DEEP_SLEEP: DISABLED
        SOCCLK_0:
            CLK: 30 MHz
            MIN_CLK: 889 MHz
            MAX_CLK: 1143 MHz
            DEEP_SLEEP: ENABLED

### 2026-09-18T11:35:13Z
GPU: 0
    CLOCK:
        GFX_0:
            CLK: 2100 MHz
            MIN_CLK: 500 MHz
            MAX_CLK: 2100 MHz
            CLK_LOCKED: DISABLED
            DEEP_SLEEP: DISABLED
        GFX_1:
            CLK: 2109 MHz
            MIN_CLK: 500 MHz
            MAX_CLK: 2100 MHz
            CLK_LOCKED: DISABLED
            DEEP_SLEEP: DISABLED
        GFX_2:
            CLK: 2101 MHz
            MIN_CLK: 500 MHz
            MAX_CLK: 2100 MHz
            CLK_LOCKED: DISABLED
            DEEP_SLEEP: DISABLED
        GFX_3:
            CLK: 2107 MHz
            MIN_CLK: 500 MHz
            MAX_CLK: 2100 MHz
            CLK_LOCKED: DISABLED
            DEEP_SLEEP: DISABLED
        GFX_4:
            CLK: 2104 MHz
            MIN_CLK: 500 MHz
            MAX_CLK: 2100 MHz
            CLK_LOCKED: DISABLED
            DEEP_SLEEP: DISABLED
        GFX_5:
            CLK: 2109 MHz
            MIN_CLK: 500 MHz
            MAX_CLK: 2100 MHz
            CLK_LOCKED: DISABLED
            DEEP_SLEEP: DISABLED
        GFX_6:
            CLK: 2096 MHz
            MIN_CLK: 500 MHz
            MAX_CLK: 2100 MHz
            CLK_LOCKED: DISABLED
            DEEP_SLEEP: DISABLED
        GFX_7:
            CLK: 2107 MHz
            MIN_CLK: 500 MHz
            MAX_CLK: 2100 MHz
            CLK_LOCKED: DISABLED
            DEEP_SLEEP: DISABLED
        MEM_0:
            CLK: 900 MHz
            MIN_CLK: 900 MHz
            MAX_CLK: 1300 MHz
            DEEP_SLEEP: DISABLED
        VCLK_0:
            CLK: 29 MHz
            MIN_CLK: 914 MHz
            MAX_CLK: 1333 MHz
            DEEP_SLEEP: ENABLED
        VCLK_1:
            CLK: 29 MHz
            MIN_CLK: 914 MHz
            MAX_CLK: 1333 MHz
            DEEP_SLEEP: ENABLED
        VCLK_2:
            CLK: 29 MHz
            MIN_CLK: 914 MHz
            MAX_CLK: 1333 MHz
            DEEP_SLEEP: ENABLED
        VCLK_3:
            CLK: 29 MHz
            MIN_CLK: 914 MHz
            MAX_CLK: 1333 MHz
            DEEP_SLEEP: ENABLED
        DCLK_0:
            CLK: 22 MHz
            MIN_CLK: 711 MHz
            MAX_CLK: 1143 MHz
            DEEP_SLEEP: ENABLED
        DCLK_1:
            CLK: 22 MHz
            MIN_CLK: 711 MHz
            MAX_CLK: 1143 MHz
            DEEP_SLEEP: ENABLED
        DCLK_2:
            CLK: 22 MHz
            MIN_CLK: 711 MHz
            MAX_CLK: 1143 MHz
            DEEP_SLEEP: ENABLED
        DCLK_3:
            CLK: 22 MHz
            MIN_CLK: 711 MHz
            MAX_CLK: 1143 MHz
            DEEP_SLEEP: ENABLED
        FCLK_0:
            CLK: 1300 MHz
            MIN_CLK: 1300 MHz
            MAX_CLK: 1800 MHz
            DEEP_SLEEP: DISABLED
        SOCCLK_0:
            CLK: 30 MHz
            MIN_CLK: 889 MHz
            MAX_CLK: 1143 MHz
            DEEP_SLEEP: ENABLED

### 2026-09-18T11:35:15Z
GPU: 0
    CLOCK:
        GFX_0:
            CLK: 2101 MHz
            MIN_CLK: 500 MHz
            MAX_CLK: 2100 MHz
            CLK_LOCKED: DISABLED
            DEEP_SLEEP: DISABLED
        GFX_1:
            CLK: 2109 MHz
            MIN_CLK: 500 MHz
            MAX_CLK: 2100 MHz
            CLK_LOCKED: DISABLED
            DEEP_SLEEP: DISABLED
        GFX_2:
            CLK: 2101 MHz
            MIN_CLK: 500 MHz
            MAX_CLK: 2100 MHz
            CLK_LOCKED: DISABLED
            DEEP_SLEEP: DISABLED
        GFX_3:
            CLK: 2107 MHz
            MIN_CLK: 500 MHz
            MAX_CLK: 2100 MHz
            CLK_LOCKED: DISABLED
            DEEP_SLEEP: DISABLED
        GFX_4:
            CLK: 2104 MHz
            MIN_CLK: 500 MHz
            MAX_CLK: 2100 MHz
            CLK_LOCKED: DISABLED
            DEEP_SLEEP: DISABLED
        GFX_5:
            CLK: 2109 MHz
            MIN_CLK: 500 MHz
            MAX_CLK: 2100 MHz
            CLK_LOCKED: DISABLED
            DEEP_SLEEP: DISABLED
        GFX_6:
            CLK: 2096 MHz
            MIN_CLK: 500 MHz
            MAX_CLK: 2100 MHz
            CLK_LOCKED: DISABLED
            DEEP_SLEEP: DISABLED
        GFX_7:
            CLK: 2107 MHz
            MIN_CLK: 500 MHz
            MAX_CLK: 2100 MHz
            CLK_LOCKED: DISABLED
            DEEP_SLEEP: DISABLED
        MEM_0:
            CLK: 900 MHz
            MIN_CLK: 900 MHz
            MAX_CLK: 1300 MHz
            DEEP_SLEEP: DISABLED
        VCLK_0:
            CLK: 29 MHz
            MIN_CLK: 914 MHz
            MAX_CLK: 1333 MHz
            DEEP_SLEEP: ENABLED
        VCLK_1:
            CLK: 29 MHz
            MIN_CLK: 914 MHz
            MAX_CLK: 1333 MHz
            DEEP_SLEEP: ENABLED
        VCLK_2:
            CLK: 29 MHz
            MIN_CLK: 914 MHz
            MAX_CLK: 1333 MHz
            DEEP_SLEEP: ENABLED
        VCLK_3:
            CLK: 29 MHz
            MIN_CLK: 914 MHz
            MAX_CLK: 1333 MHz
            DEEP_SLEEP: ENABLED
        DCLK_0:
            CLK: 22 MHz
            MIN_CLK: 711 MHz
            MAX_CLK: 1143 MHz
            DEEP_SLEEP: ENABLED
        DCLK_1:
            CLK: 22 MHz
            MIN_CLK: 711 MHz
            MAX_CLK: 1143 MHz
            DEEP_SLEEP: ENABLED
        DCLK_2:
            CLK: 22 MHz
            MIN_CLK: 711 MHz
            MAX_CLK: 1143 MHz
            DEEP_SLEEP: ENABLED
        DCLK_3:
            CLK: 22 MHz
            MIN_CLK: 711 MHz
            MAX_CLK: 1143 MHz
            DEEP_SLEEP: ENABLED
        FCLK_0:
            CLK: 1300 MHz
            MIN_CLK: 1300 MHz
            MAX_CLK: 1800 MHz
            DEEP_SLEEP: DISABLED
        SOCCLK_0:
            CLK: 30 MHz
            MIN_CLK: 889 MHz
            MAX_CLK: 1143 MHz
            DEEP_SLEEP: ENABLED

### 2026-09-18T11:35:16Z
GPU: 0
    CLOCK:
        GFX_0:
            CLK: 2100 MHz
            MIN_CLK: 500 MHz
            MAX_CLK: 2100 MHz
            CLK_LOCKED: DISABLED
            DEEP_SLEEP: DISABLED
        GFX_1:
            CLK: 2109 MHz
            MIN_CLK: 500 MHz
            MAX_CLK: 2100 MHz
            CLK_LOCKED: DISABLED
            DEEP_SLEEP: DISABLED
        GFX_2:
            CLK: 2101 MHz
            MIN_CLK: 500 MHz
            MAX_CLK: 2100 MHz
            CLK_LOCKED: DISABLED
            DEEP_SLEEP: DISABLED
        GFX_3:
            CLK: 2107 MHz
            MIN_CLK: 500 MHz
            MAX_CLK: 2100 MHz
            CLK_LOCKED: DISABLED
            DEEP_SLEEP: DISABLED
        GFX_4:
            CLK: 2104 MHz
            MIN_CLK: 500 MHz
            MAX_CLK: 2100 MHz
            CLK_LOCKED: DISABLED
            DEEP_SLEEP: DISABLED
        GFX_5:
            CLK: 2109 MHz
            MIN_CLK: 500 MHz
            MAX_CLK: 2100 MHz
            CLK_LOCKED: DISABLED
            DEEP_SLEEP: DISABLED
        GFX_6:
            CLK: 2096 MHz
            MIN_CLK: 500 MHz
            MAX_CLK: 2100 MHz
            CLK_LOCKED: DISABLED
            DEEP_SLEEP: DISABLED
        GFX_7:
            CLK: 2107 MHz
            MIN_CLK: 500 MHz
            MAX_CLK: 2100 MHz
            CLK_LOCKED: DISABLED
            DEEP_SLEEP: DISABLED
        MEM_0:
            CLK: 900 MHz
            MIN_CLK: 900 MHz
            MAX_CLK: 1300 MHz
            DEEP_SLEEP: DISABLED
        VCLK_0:
            CLK: 29 MHz
            MIN_CLK: 914 MHz
            MAX_CLK: 1333 MHz
            DEEP_SLEEP: ENABLED
        VCLK_1:
            CLK: 29 MHz
            MIN_CLK: 914 MHz
            MAX_CLK: 1333 MHz
            DEEP_SLEEP: ENABLED
        VCLK_2:
            CLK: 29 MHz
            MIN_CLK: 914 MHz
            MAX_CLK: 1333 MHz
            DEEP_SLEEP: ENABLED
        VCLK_3:
            CLK: 29 MHz
            MIN_CLK: 914 MHz
            MAX_CLK: 1333 MHz
            DEEP_SLEEP: ENABLED
        DCLK_0:
            CLK: 22 MHz
            MIN_CLK: 711 MHz
            MAX_CLK: 1143 MHz
            DEEP_SLEEP: ENABLED
        DCLK_1:
            CLK: 22 MHz
            MIN_CLK: 711 MHz
            MAX_CLK: 1143 MHz
            DEEP_SLEEP: ENABLED
        DCLK_2:
            CLK: 22 MHz
            MIN_CLK: 711 MHz
            MAX_CLK: 1143 MHz
            DEEP_SLEEP: ENABLED
        DCLK_3:
            CLK: 22 MHz
            MIN_CLK: 711 MHz
            MAX_CLK: 1143 MHz
            DEEP_SLEEP: ENABLED
        FCLK_0:
            CLK: 1300 MHz
            MIN_CLK: 1300 MHz
            MAX_CLK: 1800 MHz
            DEEP_SLEEP: DISABLED
        SOCCLK_0:
            CLK: 30 MHz
            MIN_CLK: 889 MHz
            MAX_CLK: 1143 MHz
            DEEP_SLEEP: ENABLED

### 2026-09-18T11:35:17Z
GPU: 0
    CLOCK:
        GFX_0:
            CLK: 2101 MHz
            MIN_CLK: 500 MHz
            MAX_CLK: 2100 MHz
            CLK_LOCKED: DISABLED
            DEEP_SLEEP: DISABLED
        GFX_1:
            CLK: 2109 MHz
            MIN_CLK: 500 MHz
            MAX_CLK: 2100 MHz
            CLK_LOCKED: DISABLED
            DEEP_SLEEP: DISABLED
        GFX_2:
            CLK: 2101 MHz
            MIN_CLK: 500 MHz
            MAX_CLK: 2100 MHz
            CLK_LOCKED: DISABLED
            DEEP_SLEEP: DISABLED
        GFX_3:
            CLK: 2107 MHz
            MIN_CLK: 500 MHz
            MAX_CLK: 2100 MHz
            CLK_LOCKED: DISABLED
            DEEP_SLEEP: DISABLED
        GFX_4:
            CLK: 2104 MHz
            MIN_CLK: 500 MHz
            MAX_CLK: 2100 MHz
            CLK_LOCKED: DISABLED
            DEEP_SLEEP: DISABLED
        GFX_5:
            CLK: 2108 MHz
            MIN_CLK: 500 MHz
            MAX_CLK: 2100 MHz
            CLK_LOCKED: DISABLED
            DEEP_SLEEP: DISABLED
        GFX_6:
            CLK: 2096 MHz
            MIN_CLK: 500 MHz
            MAX_CLK: 2100 MHz
            CLK_LOCKED: DISABLED
            DEEP_SLEEP: DISABLED
        GFX_7:
            CLK: 2107 MHz
            MIN_CLK: 500 MHz
            MAX_CLK: 2100 MHz
            CLK_LOCKED: DISABLED
            DEEP_SLEEP: DISABLED
        MEM_0:
            CLK: 900 MHz
            MIN_CLK: 900 MHz
            MAX_CLK: 1300 MHz
            DEEP_SLEEP: DISABLED
        VCLK_0:
            CLK: 29 MHz
            MIN_CLK: 914 MHz
            MAX_CLK: 1333 MHz
            DEEP_SLEEP: ENABLED
        VCLK_1:
            CLK: 29 MHz
            MIN_CLK: 914 MHz
            MAX_CLK: 1333 MHz
            DEEP_SLEEP: ENABLED
        VCLK_2:
            CLK: 29 MHz
            MIN_CLK: 914 MHz
            MAX_CLK: 1333 MHz
            DEEP_SLEEP: ENABLED
        VCLK_3:
            CLK: 29 MHz
            MIN_CLK: 914 MHz
            MAX_CLK: 1333 MHz
            DEEP_SLEEP: ENABLED
        DCLK_0:
            CLK: 22 MHz
            MIN_CLK: 711 MHz
            MAX_CLK: 1143 MHz
            DEEP_SLEEP: ENABLED
        DCLK_1:
            CLK: 22 MHz
            MIN_CLK: 711 MHz
            MAX_CLK: 1143 MHz
            DEEP_SLEEP: ENABLED
        DCLK_2:
            CLK: 22 MHz
            MIN_CLK: 711 MHz
            MAX_CLK: 1143 MHz
            DEEP_SLEEP: ENABLED
        DCLK_3:
            CLK: 22 MHz
            MIN_CLK: 711 MHz
            MAX_CLK: 1143 MHz
            DEEP_SLEEP: ENABLED
        FCLK_0:
            CLK: 1300 MHz
            MIN_CLK: 1300 MHz
            MAX_CLK: 1800 MHz
            DEEP_SLEEP: DISABLED
        SOCCLK_0:
            CLK: 34 MHz
            MIN_CLK: 889 MHz
            MAX_CLK: 1143 MHz
            DEEP_SLEEP: ENABLED

### 2026-09-18T11:35:18Z
