First tasks: 1
Number of all events: 24
Number of all tasks: 496
Number of triggered events: 22
Number of executed tasks: 494
[EVENT_TIMING] Allocated buffer for 2400 entries (24 events x 100 iters)
[WORKER_XCD] worker_id=150 block=150 xcd=1
[WORKER_XCD] worker_id=37 block=37 xcd=0
[WORKER_XCD] worker_id=205 block=205 xcd=0
[WORKER_XCD] worker_id=254 block=254 xcd=1
[WORKER_XCD] worker_id=14 block=14 xcd=1
[WORKER_XCD] worker_id=142 block=142 xcd=1
[WORKER_XCD] worker_id=149 block=149 xcd=0
[WORKER_XCD] worker_id=197 block=197 xcd=0
[WORKER_XCD] worker_id=229 block=229 xcd=0
[WORKER_XCD] worker_id=158 block=158 xcd=1
[WORKER_XCD] worker_id=62 block=62 xcd=1
[WORKER_XCD] worker_id=190 block=190 xcd=1
[WORKER_XCD] worker_id=261 block=261 xcd=0
[WORKER_XCD] worker_id=238 block=238 xcd=1
[WORKER_XCD] worker_id=269 block=269 xcd=0
[WORKER_XCD] worker_id=22 block=22 xcd=1
[WORKER_XCD] worker_id=54 block=54 xcd=1
[WORKER_XCD] worker_id=294 block=294 xcd=1
[WORKER_XCD] worker_id=189 block=189 xcd=0
[WORKER_XCD] worker_id=102 block=102 xcd=1
[WORKER_XCD] worker_id=61 block=61 xcd=0
[WORKER_XCD] worker_id=38 block=38 xcd=1
[WORKER_XCD] worker_id=134 block=134 xcd=1
[WORKER_XCD] worker_id=237 block=237 xcd=0
[WORKER_XCD] worker_id=206 block=206 xcd=1
[WORKER_XCD] worker_id=30 block=30 xcd=1
[WORKER_XCD] worker_id=245 block=245 xcd=0
[WORKER_XCD] worker_id=29 block=29 xcd=0
[WORKER_XCD] worker_id=286 block=286 xcd=1
[WORKER_XCD] worker_id=187 block=187 xcd=6
[WORKER_XCD] worker_id=270 block=270 xcd=1
[WORKER_XCD] worker_id=118 block=118 xcd=1
[WORKER_XCD] worker_id=93 block=93 xcd=0
[WORKER_XCD] worker_id=182 block=182 xcd=1
[WORKER_XCD] worker_id=139 block=139 xcd=6
[WORKER_XCD] worker_id=69 block=69 xcd=0
[WORKER_XCD] worker_id=6 block=6 xcd=1
[WORKER_XCD] worker_id=222 block=222 xcd=1
[WORKER_XCD] worker_id=252 block=252 xcd=7
[WORKER_XCD] worker_id=78 block=78 xcd=1
[WORKER_XCD] worker_id=21 block=21 xcd=0
[WORKER_XCD] worker_id=76 block=76 xcd=7
[WORKER_XCD] worker_id=86 block=86 xcd=1
[WORKER_XCD] worker_id=141 block=141 xcd=0
[WORKER_XCD] worker_id=267 block=267 xcd=6
[WORKER_XCD] worker_id=3 block=3 xcd=6
[WORKER_XCD] worker_id=46 block=46 xcd=1
[WORKER_XCD] worker_id=180 block=180 xcd=7
[WORKER_XCD] worker_id=20 block=20 xcd=7
[WORKER_XCD] worker_id=70 block=70 xcd=1
[WORKER_XCD] worker_id=101 block=101 xcd=0
[WORKER_XCD] worker_id=28 block=28 xcd=7
[WORKER_XCD] worker_id=246 block=246 xcd=1
[WORKER_XCD] worker_id=132 block=132 xcd=7
[WORKER_XCD] worker_id=212 block=212 xcd=7
[WORKER_XCD] worker_id=268 block=268 xcd=7
[WORKER_XCD] worker_id=125 block=125 xcd=0
[WORKER_XCD] worker_id=244 block=244 xcd=7
[WORKER_XCD] worker_id=291 block=291 xcd=6
[WORKER_XCD] worker_id=60 block=60 xcd=7
[WORKER_XCD] worker_id=108 block=108 xcd=7
[WORKER_XCD] worker_id=174 block=174 xcd=1
[WORKER_XCD] worker_id=124 block=124 xcd=7
[WORKER_XCD] worker_id=188 block=188 xcd=7
[WORKER_XCD] worker_id=221 block=221 xcd=0
[WORKER_XCD] worker_id=140 block=140 xcd=7
[WORKER_XCD] worker_id=251 block=251 xcd=6
[WORKER_XCD] worker_id=228 block=228 xcd=7
[WORKER_XCD] worker_id=84 block=84 xcd=7
[WORKER_XCD] worker_id=94 block=94 xcd=1
[WORKER_XCD] worker_id=211 block=211 xcd=6
[WORKER_XCD] worker_id=27 block=27 xcd=6
[WORKER_XCD] worker_id=230 block=230 xcd=1
[WORKER_XCD] worker_id=171 block=171 xcd=6
[WORKER_XCD] worker_id=195 block=195 xcd=6
[WORKER_XCD] worker_id=131 block=131 xcd=6
[WORKER_XCD] worker_id=172 block=172 xcd=7
[WORKER_XCD] worker_id=133 block=133 xcd=0
[WORKER_XCD] worker_id=35 block=35 xcd=6
[WORKER_XCD] worker_id=99 block=99 xcd=6
[WORKER_XCD] worker_id=5 block=5 xcd=0
[WORKER_XCD] worker_id=283 block=283 xcd=6
[WORKER_XCD] worker_id=59 block=59 xcd=6
[WORKER_XCD] worker_id=45 block=45 xcd=0
[WORKER_XCD] worker_id=219 block=219 xcd=6
[WORKER_XCD] worker_id=77 block=77 xcd=0
[WORKER_XCD] worker_id=220 block=220 xcd=7
[WORKER_XCD] worker_id=126 block=126 xcd=1
[WORKER_XCD] worker_id=278 block=278 xcd=1
[WORKER_XCD] worker_id=51 block=51 xcd=6
[WORKER_XCD] worker_id=44 block=44 xcd=7
[WORKER_XCD] worker_id=43 block=43 xcd=6
[WORKER_XCD] worker_id=166 block=166 xcd=1
[WORKER_XCD] worker_id=91 block=91 xcd=6
[WORKER_XCD] worker_id=214 block=214 xcd=1
[WORKER_XCD] worker_id=52 block=52 xcd=7
[WORKER_XCD] worker_id=253 block=253 xcd=0
[WORKER_XCD] worker_id=260 block=260 xcd=7
[WORKER_XCD] worker_id=4 block=4 xcd=7
[WORKER_XCD] worker_id=163 block=163 xcd=6
[WORKER_XCD] worker_id=36 block=36 xcd=7
[WORKER_XCD] worker_id=115 block=115 xcd=6
[WORKER_XCD] worker_id=110 block=110 xcd=1
[WORKER_XCD] worker_id=173 block=173 xcd=0
[WORKER_XCD] worker_id=285 block=285 xcd=0
[WORKER_XCD] worker_id=156 block=156 xcd=7
[WORKER_XCD] worker_id=284 block=284 xcd=7
[WORKER_XCD] worker_id=11 block=11 xcd=6
[WORKER_XCD] worker_id=235 block=235 xcd=6
[WORKER_XCD] worker_id=155 block=155 xcd=6
[WORKER_XCD] worker_id=259 block=259 xcd=6
[WORKER_XCD] worker_id=227 block=227 xcd=6
[WORKER_XCD] worker_id=83 block=83 xcd=6
[WORKER_XCD] worker_id=164 block=164 xcd=7
[WORKER_XCD] worker_id=293 block=293 xcd=0
[WORKER_XCD] worker_id=100 block=100 xcd=7
[WORKER_XCD] worker_id=148 block=148 xcd=7
[WORKER_XCD] worker_id=165 block=165 xcd=0
[WORKER_XCD] worker_id=147 block=147 xcd=6
[WORKER_XCD] worker_id=19 block=19 xcd=6
[WORKER_XCD] worker_id=292 block=292 xcd=7
[WORKER_XCD] worker_id=198 block=198 xcd=1
[WORKER_XCD] worker_id=236 block=236 xcd=7
[WORKER_XCD] worker_id=262 block=262 xcd=1
[WORKER_XCD] worker_id=107 block=107 xcd=6
[WORKER_XCD] worker_id=181 block=181 xcd=0
[WORKER_XCD] worker_id=92 block=92 xcd=7
[WORKER_XCD] worker_id=203 block=203 xcd=6
[WORKER_XCD] worker_id=243 block=243 xcd=6
[WORKER_XCD] worker_id=12 block=12 xcd=7
[WORKER_XCD] worker_id=68 block=68 xcd=7
[WORKER_XCD] worker_id=75 block=75 xcd=6
[WORKER_XCD] worker_id=275 block=275 xcd=6
[WORKER_XCD] worker_id=85 block=85 xcd=0
[WORKER_XCD] worker_id=213 block=213 xcd=0
[WORKER_XCD] worker_id=277 block=277 xcd=0
[WORKER_XCD] worker_id=196 block=196 xcd=7
[WORKER_XCD] worker_id=116 block=116 xcd=7
[WORKER_XCD] worker_id=13 block=13 xcd=0
[WORKER_XCD] worker_id=276 block=276 xcd=7
[WORKER_XCD] worker_id=117 block=117 xcd=0
[WORKER_XCD] worker_id=157 block=157 xcd=0
[WORKER_XCD] worker_id=53 block=53 xcd=0
[WORKER_XCD] worker_id=204 block=204 xcd=7
[WORKER_XCD] worker_id=179 block=179 xcd=6
[WORKER_XCD] worker_id=123 block=123 xcd=6
[WORKER_XCD] worker_id=109 block=109 xcd=0
[WORKER_XCD] worker_id=67 block=67 xcd=6
[WORKER_XCD] worker_id=113 block=113 xcd=4
[WORKER_XCD] worker_id=242 block=242 xcd=5
[WORKER_XCD] worker_id=202 block=202 xcd=5
[WORKER_XCD] worker_id=136 block=136 xcd=3
[WORKER_XCD] worker_id=239 block=239 xcd=2
[WORKER_XCD] worker_id=0 block=0 xcd=3
[WORKER_XCD] worker_id=64 block=64 xcd=3
[WORKER_XCD] worker_id=74 block=74 xcd=5
[WORKER_XCD] worker_id=10 block=10 xcd=5
[WORKER_XCD] worker_id=79 block=79 xcd=2
[WORKER_XCD] worker_id=128 block=128 xcd=3
[WORKER_XCD] worker_id=194 block=194 xcd=5
[WORKER_XCD] worker_id=280 block=280 xcd=3
[WORKER_XCD] worker_id=264 block=264 xcd=3
[WORKER_XCD] worker_id=42 block=42 xcd=5
[WORKER_XCD] worker_id=153 block=153 xcd=4
[WORKER_XCD] worker_id=106 block=106 xcd=5
[WORKER_XCD] worker_id=129 block=129 xcd=4
[WORKER_XCD] worker_id=87 block=87 xcd=2
[WORKER_XCD] worker_id=175 block=175 xcd=2
[WORKER_XCD] worker_id=119 block=119 xcd=2
[WORKER_XCD] worker_id=177 block=177 xcd=4
[WORKER_XCD] worker_id=143 block=143 xcd=2
[WORKER_XCD] worker_id=274 block=274 xcd=5
[WORKER_XCD] worker_id=56 block=56 xcd=3
[WORKER_XCD] worker_id=178 block=178 xcd=5
[WORKER_XCD] worker_id=50 block=50 xcd=5
[WORKER_XCD] worker_id=201 block=201 xcd=4
[WORKER_XCD] worker_id=33 block=33 xcd=4
[WORKER_XCD] worker_id=138 block=138 xcd=5
[WORKER_XCD] worker_id=66 block=66 xcd=5
[WORKER_XCD] worker_id=249 block=249 xcd=4
[WORKER_XCD] worker_id=98 block=98 xcd=5
[WORKER_XCD] worker_id=210 block=210 xcd=5
[WORKER_XCD] worker_id=146 block=146 xcd=5
[WORKER_XCD] worker_id=120 block=120 xcd=3
[WORKER_XCD] worker_id=250 block=250 xcd=5
[WORKER_XCD] worker_id=95 block=95 xcd=2
[WORKER_XCD] worker_id=144 block=144 xcd=3
[WORKER_XCD] worker_id=170 block=170 xcd=5
[WORKER_XCD] worker_id=32 block=32 xcd=3
[WORKER_XCD] worker_id=234 block=234 xcd=5
[WORKER_XCD] worker_id=40 block=40 xcd=3
[WORKER_XCD] worker_id=130 block=130 xcd=5
[WORKER_XCD] worker_id=186 block=186 xcd=5
[WORKER_XCD] worker_id=104 block=104 xcd=3
[WORKER_XCD] worker_id=218 block=218 xcd=5
[WORKER_XCD] worker_id=47 block=47 xcd=2
[WORKER_XCD] worker_id=114 block=114 xcd=5
[WORKER_XCD] worker_id=215 block=215 xcd=2
[WORKER_XCD] worker_id=193 block=193 xcd=4
[WORKER_XCD] worker_id=185 block=185 xcd=4
[WORKER_XCD] worker_id=105 block=105 xcd=4
[WORKER_XCD] worker_id=7 block=7 xcd=2
[WORKER_XCD] worker_id=266 block=266 xcd=5
[WORKER_XCD] worker_id=82 block=82 xcd=5
[WORKER_XCD] worker_id=18 block=18 xcd=5
[WORKER_XCD] worker_id=281 block=281 xcd=4
[WORKER_XCD] worker_id=26 block=26 xcd=5
[WORKER_XCD] worker_id=41 block=41 xcd=4
[WORKER_XCD] worker_id=282 block=282 xcd=5
[WORKER_XCD] worker_id=90 block=90 xcd=5
[WORKER_XCD] worker_id=122 block=122 xcd=5
[WORKER_XCD] worker_id=154 block=154 xcd=5
[WORKER_XCD] worker_id=258 block=258 xcd=5
[WORKER_XCD] worker_id=241 block=241 xcd=4
[WORKER_XCD] worker_id=81 block=81 xcd=4
[WORKER_XCD] worker_id=231 block=231 xcd=2
[WORKER_XCD] worker_id=2 block=2 xcd=5
[WORKER_XCD] worker_id=88 block=88 xcd=3
[WORKER_XCD] worker_id=161 block=161 xcd=4
[WORKER_XCD] worker_id=58 block=58 xcd=5
[WORKER_XCD] worker_id=226 block=226 xcd=5
[WORKER_XCD] worker_id=162 block=162 xcd=5
[WORKER_XCD] worker_id=207 block=207 xcd=2
[WORKER_XCD] worker_id=290 block=290 xcd=5
[WORKER_XCD] worker_id=34 block=34 xcd=5
[WORKER_XCD] worker_id=151 block=151 xcd=2
[WORKER_XCD] worker_id=65 block=65 xcd=4
[WORKER_XCD] worker_id=103 block=103 xcd=2
[WORKER_XCD] worker_id=112 block=112 xcd=3
[WORKER_XCD] worker_id=111 block=111 xcd=2
[WORKER_XCD] worker_id=55 block=55 xcd=2
[WORKER_XCD] worker_id=183 block=183 xcd=2
[WORKER_XCD] worker_id=209 block=209 xcd=4
[WORKER_XCD] worker_id=247 block=247 xcd=2
[WORKER_XCD] worker_id=17 block=17 xcd=4
[WORKER_XCD] worker_id=273 block=273 xcd=4
[WORKER_XCD] worker_id=71 block=71 xcd=2
[WORKER_XCD] worker_id=279 block=279 xcd=2
[WORKER_XCD] worker_id=15 block=15 xcd=2
[WORKER_XCD] worker_id=289 block=289 xcd=4
[WORKER_XCD] worker_id=145 block=145 xcd=4
[WORKER_XCD] worker_id=23 block=23 xcd=2
[WORKER_XCD] worker_id=271 block=271 xcd=2
[WORKER_XCD] worker_id=63 block=63 xcd=2
[WORKER_XCD] worker_id=31 block=31 xcd=2
[WORKER_XCD] worker_id=191 block=191 xcd=2
[WORKER_XCD] worker_id=159 block=159 xcd=2
[WORKER_XCD] worker_id=208 block=208 xcd=3
[WORKER_XCD] worker_id=127 block=127 xcd=2
[WORKER_XCD] worker_id=167 block=167 xcd=2
[WORKER_XCD] worker_id=9 block=9 xcd=4
[WORKER_XCD] worker_id=263 block=263 xcd=2
[WORKER_XCD] worker_id=39 block=39 xcd=2
[WORKER_XCD] worker_id=199 block=199 xcd=2
[WORKER_XCD] worker_id=265 block=265 xcd=4
[WORKER_XCD] worker_id=135 block=135 xcd=2
[WORKER_XCD] worker_id=97 block=97 xcd=4
[WORKER_XCD] worker_id=121 block=121 xcd=4
[WORKER_XCD] worker_id=287 block=287 xcd=2
[WORKER_XCD] worker_id=255 block=255 xcd=2
[WORKER_XCD] worker_id=223 block=223 xcd=2
[WORKER_XCD] worker_id=295 block=295 xcd=2
[WORKER_XCD] worker_id=169 block=169 xcd=4
[WORKER_XCD] worker_id=225 block=225 xcd=4
[WORKER_XCD] worker_id=200 block=200 xcd=3
[WORKER_XCD] worker_id=25 block=25 xcd=4
[WORKER_XCD] worker_id=137 block=137 xcd=4
[WORKER_XCD] worker_id=1 block=1 xcd=4
[WORKER_XCD] worker_id=233 block=233 xcd=4
[WORKER_XCD] worker_id=217 block=217 xcd=4
[WORKER_XCD] worker_id=57 block=57 xcd=4
[WORKER_XCD] worker_id=24 block=24 xcd=3
[WORKER_XCD] worker_id=73 block=73 xcd=4
[WORKER_XCD] worker_id=49 block=49 xcd=4
[WORKER_XCD] worker_id=89 block=89 xcd=4
[WORKER_XCD] worker_id=257 block=257 xcd=4
[WORKER_XCD] worker_id=16 block=16 xcd=3
[WORKER_XCD] worker_id=96 block=96 xcd=3
[WORKER_XCD] worker_id=272 block=272 xcd=3
[WORKER_XCD] worker_id=192 block=192 xcd=3
[WORKER_XCD] worker_id=216 block=216 xcd=3
[WORKER_XCD] worker_id=160 block=160 xcd=3
[WORKER_XCD] worker_id=8 block=8 xcd=3
[WORKER_XCD] worker_id=176 block=176 xcd=3
[WORKER_XCD] worker_id=72 block=72 xcd=3
[WORKER_XCD] worker_id=48 block=48 xcd=3
[WORKER_XCD] worker_id=240 block=240 xcd=3
[WORKER_XCD] worker_id=232 block=232 xcd=3
[WORKER_XCD] worker_id=248 block=248 xcd=3
[WORKER_XCD] worker_id=80 block=80 xcd=3
[WORKER_XCD] worker_id=224 block=224 xcd=3
[WORKER_XCD] worker_id=152 block=152 xcd=3
[WORKER_XCD] worker_id=288 block=288 xcd=3
[WORKER_XCD] worker_id=256 block=256 xcd=3
[WORKER_XCD] worker_id=184 block=184 xcd=3
[WORKER_XCD] worker_id=168 block=168 xcd=3
[SCHED_XCD] sched_id=1 xcd=1 workers_on_xcd=37 block=5
[SCHED_XCD] sched_id=0 xcd=0 workers_on_xcd=37 block=4
[SCHED_XCD] sched_id=3 xcd=3 workers_on_xcd=37 block=7
[SCHED_XCD] sched_id=4 xcd=4 workers_on_xcd=37 block=0
[SCHED_XCD] sched_id=2 xcd=2 workers_on_xcd=37 block=6
[SCHED_XCD] sched_id=6 xcd=6 workers_on_xcd=37 block=2
[SCHED_XCD] sched_id=5 xcd=5 workers_on_xcd=37 block=1
[SCHED_XCD] sched_id=7 xcd=7 workers_on_xcd=37 block=3
[TIMING] worker=286 tasks=3 poll_iters=315983 dep_iters=3779 poll_cycles=183125596 dep_cycles=1078532 exec_cycles=118420 signal_cycles=5816
[TIMING] worker=254 tasks=3 poll_iters=415705 dep_iters=3784 poll_cycles=241697744 dep_cycles=1094504 exec_cycles=138728 signal_cycles=5460
[TIMING] worker=262 tasks=3 poll_iters=189344 dep_iters=3355 poll_cycles=110132120 dep_cycles=1085300 exec_cycles=119768 signal_cycles=7804
[TIMING] worker=110 tasks=5 poll_iters=197433 dep_iters=3754 poll_cycles=114112628 dep_cycles=1140512 exec_cycles=211300 signal_cycles=12732
[TIMING] worker=157 tasks=4 poll_iters=180490 dep_iters=3735 poll_cycles=104399144 dep_cycles=1124660 exec_cycles=198296 signal_cycles=8144
[TIMING] worker=6 tasks=9 poll_iters=318735 dep_iters=2993 poll_cycles=163979592 dep_cycles=823652 exec_cycles=546308 signal_cycles=18332
[TIMING] worker=294 tasks=3 poll_iters=336336 dep_iters=3714 poll_cycles=196342136 dep_cycles=1075836 exec_cycles=117668 signal_cycles=5852
[TIMING] worker=174 tasks=4 poll_iters=239259 dep_iters=3580 poll_cycles=138579976 dep_cycles=1113372 exec_cycles=198928 signal_cycles=9876
[TASK_TIME] worker=254 linear=22508/1 linear_res=0/0 attn=0/0 rms=0/0 silu=0/0 fused=0/0
[TIMING] worker=253 tasks=3 poll_iters=196853 dep_iters=3481 poll_cycles=113939856 dep_cycles=1103128 exec_cycles=140784 signal_cycles=7336
[TIMING] worker=149 tasks=5 poll_iters=396615 dep_iters=4175 poll_cycles=229689008 dep_cycles=1131508 exec_cycles=201196 signal_cycles=11804
[TASK_TIME] worker=6 linear=90960/3 linear_res=0/0 attn=0/0 rms=0/0 silu=0/0 fused=0/0
[TIMING] worker=37 tasks=7 poll_iters=416498 dep_iters=3807 poll_cycles=241569084 dep_cycles=1133200 exec_cycles=240720 signal_cycles=15632
[TASK_TIME] worker=294 linear=22900/1 linear_res=0/0 attn=0/0 rms=0/0 silu=0/0 fused=0/0
[TIMING] worker=93 tasks=5 poll_iters=293429 dep_iters=3856 poll_cycles=169729740 dep_cycles=1140412 exec_cycles=222332 signal_cycles=9960
[TASK_TIME] worker=174 linear=96084/1 linear_res=22752/1 attn=0/0 rms=0/0 silu=0/0 fused=0/0
[TASK_TIME2] worker=254 prep=0/0 attend=0/0 merge=0/0 router=0/0 copy=0/0 w2silu=0/0 lnorm=0/0 prefetch=0/0
[TIMING] worker=182 tasks=3 poll_iters=292743 dep_iters=3429 poll_cycles=169638232 dep_cycles=1047452 exec_cycles=218904 signal_cycles=7236
[TIMING] worker=14 tasks=9 poll_iters=394543 dep_iters=2634 poll_cycles=230004800 dep_cycles=806176 exec_cycles=551484 signal_cycles=27004
[TIMING] worker=190 tasks=3 poll_iters=352346 dep_iters=3647 poll_cycles=205636812 dep_cycles=1046592 exec_cycles=214612 signal_cycles=7220
[TASK_TIME] worker=157 linear=95368/1 linear_res=22356/1 attn=0/0 rms=0/0 silu=0/0 fused=0/0
[TASK_TIME2] worker=174 prep=0/0 attend=0/0 merge=0/0 router=0/0 copy=0/0 w2silu=0/0 lnorm=0/0 prefetch=0/0
[TIMING] worker=245 tasks=3 poll_iters=330514 dep_iters=3648 poll_cycles=189443744 dep_cycles=1026764 exec_cycles=222768 signal_cycles=7632
[TASK_TIME] worker=37 linear=90508/3 linear_res=0/0 attn=0/0 rms=0/0 silu=0/0 fused=0/0
[TIMING] worker=54 tasks=5 poll_iters=314901 dep_iters=3595 poll_cycles=182890952 dep_cycles=1131464 exec_cycles=239664 signal_cycles=12628
[TIMING] worker=269 tasks=3 poll_iters=358919 dep_iters=3833 poll_cycles=208893028 dep_cycles=1091756 exec_cycles=117260 signal_cycles=5888
[TIMING] worker=109 tasks=5 poll_iters=177129 dep_iters=4072 poll_cycles=102452760 dep_cycles=1139812 exec_cycles=216504 signal_cycles=9712
[TIMING] worker=22 tasks=7 poll_iters=306148 dep_iters=2746 poll_cycles=177988372 dep_cycles=890928 exec_cycles=476580 signal_cycles=21044
[TIMING] worker=102 tasks=5 poll_iters=344664 dep_iters=4165 poll_cycles=196232048 dep_cycles=1145516 exec_cycles=212316 signal_cycles=9756
[TASK_TIME] worker=14 linear=91304/3 linear_res=0/0 attn=0/0 rms=0/0 silu=0/0 fused=0/0
[TIMING] worker=46 tasks=5 poll_iters=255413 dep_iters=3767 poll_cycles=148092788 dep_cycles=1135360 exec_cycles=239252 signal_cycles=10420
[TIMING] worker=205 tasks=3 poll_iters=420457 dep_iters=3709 poll_cycles=242490012 dep_cycles=1040056 exec_cycles=222108 signal_cycles=10540
[TIMING] worker=142 tasks=4 poll_iters=374097 dep_iters=3705 poll_cycles=237090612 dep_cycles=1132428 exec_cycles=197800 signal_cycles=8292
[TASK_TIME] worker=182 linear=0/0 linear_res=99944/1 attn=0/0 rms=0/0 silu=0/0 fused=0/0
[TASK_TIME] worker=102 linear=92592/1 linear_res=23896/1 attn=0/0 rms=0/0 silu=0/0 fused=0/0
[TIMING] worker=78 tasks=5 poll_iters=277229 dep_iters=3838 poll_cycles=160401880 dep_cycles=1139184 exec_cycles=223296 signal_cycles=11792
[TIMING] worker=126 tasks=5 poll_iters=208860 dep_iters=4019 poll_cycles=120743012 dep_cycles=1134852 exec_cycles=189392 signal_cycles=18400
[TIMING] worker=213 tasks=3 poll_iters=205731 dep_iters=3773 poll_cycles=105773788 dep_cycles=1042176 exec_cycles=220560 signal_cycles=6736
[TIMING] worker=197 tasks=3 poll_iters=329888 dep_iters=3349 poll_cycles=191435928 dep_cycles=1045380 exec_cycles=220724 signal_cycles=9944
[TIMING] worker=173 tasks=4 poll_iters=206135 dep_iters=3932 poll_cycles=119163592 dep_cycles=1112636 exec_cycles=199204 signal_cycles=9924
[TASK_TIME] worker=22 linear=91116/3 linear_res=0/0 attn=0/0 rms=0/0 silu=0/0 fused=0/0
[TIMING] worker=30 tasks=7 poll_iters=364108 dep_iters=3283 poll_cycles=187721416 dep_cycles=896968 exec_cycles=469452 signal_cycles=15948
[TIMING] worker=277 tasks=3 poll_iters=186079 dep_iters=3873 poll_cycles=107649956 dep_cycles=1090740 exec_cycles=115932 signal_cycles=5112
[TASK_TIME] worker=54 linear=118448/2 linear_res=0/0 attn=0/0 rms=0/0 silu=0/0 fused=0/0
[TASK_TIME2] worker=102 prep=17252/1 attend=0/0 merge=0/0 router=0/0 copy=0/0 w2silu=0/0 lnorm=0/0 prefetch=0/0
[TIMING] worker=283 tasks=3 poll_iters=229641 dep_iters=3075 poll_cycles=133137660 dep_cycles=902712 exec_cycles=115144 signal_cycles=7624
[TIMING] worker=94 tasks=5 poll_iters=229085 dep_iters=4228 poll_cycles=131026536 dep_cycles=1137016 exec_cycles=220432 signal_cycles=11192
[TIMING] worker=141 tasks=5 poll_iters=270739 dep_iters=4095 poll_cycles=143460364 dep_cycles=1123108 exec_cycles=200716 signal_cycles=13712
[TIMING] worker=244 tasks=3 poll_iters=248944 dep_iters=2698 poll_cycles=142315872 dep_cycles=765128 exec_cycles=142888 signal_cycles=6300
[TIMING] worker=252 tasks=3 poll_iters=276528 dep_iters=2397 poll_cycles=161060432 dep_cycles=761816 exec_cycles=143496 signal_cycles=6032
[TIMING] worker=118 tasks=5 poll_iters=304520 dep_iters=3739 poll_cycles=176414148 dep_cycles=1119568 exec_cycles=215072 signal_cycles=10700
[TIMING] worker=12 tasks=9 poll_iters=215887 dep_iters=1507 poll_cycles=111059512 dep_cycles=440632 exec_cycles=557212 signal_cycles=23960
[TASK_TIME] worker=245 linear=0/0 linear_res=101576/1 attn=0/0 rms=0/0 silu=0/0 fused=0/0
[TIMING] worker=101 tasks=5 poll_iters=234112 dep_iters=3774 poll_cycles=135419896 dep_cycles=1133028 exec_cycles=221872 signal_cycles=11016
[TIMING] worker=198 tasks=3 poll_iters=187033 dep_iters=3627 poll_cycles=108173572 dep_cycles=1038640 exec_cycles=219616 signal_cycles=5312
[TIMING] worker=212 tasks=3 poll_iters=242793 dep_iters=2510 poll_cycles=124832860 dep_cycles=697956 exec_cycles=221768 signal_cycles=6432
[TIMING] worker=211 tasks=3 poll_iters=239177 dep_iters=2778 poll_cycles=138949612 dep_cycles=851472 exec_cycles=221788 signal_cycles=8716
[TASK_TIME] worker=46 linear=118312/2 linear_res=0/0 attn=0/0 rms=0/0 silu=0/0 fused=0/0
[TIMING] worker=99 tasks=5 poll_iters=227037 dep_iters=3422 poll_cycles=131708980 dep_cycles=943940 exec_cycles=221496 signal_cycles=11496
[TIMING] worker=214 tasks=3 poll_iters=194591 dep_iters=3426 poll_cycles=112481824 dep_cycles=1031280 exec_cycles=218708 signal_cycles=6400
[TIMING] worker=117 tasks=5 poll_iters=184511 dep_iters=4182 poll_cycles=104730788 dep_cycles=1132680 exec_cycles=217504 signal_cycles=13768
[TIMING] worker=293 tasks=3 poll_iters=198352 dep_iters=3442 poll_cycles=114757612 dep_cycles=1081116 exec_cycles=117592 signal_cycles=6228
[TASK_TIME] worker=149 linear=94632/1 linear_res=21952/1 attn=0/0 rms=0/0 silu=0/0 fused=0/0
[TIMING] worker=235 tasks=3 poll_iters=182667 dep_iters=2647 poll_cycles=105637596 dep_cycles=841380 exec_cycles=218592 signal_cycles=8672
[TIMING] worker=3 tasks=9 poll_iters=276925 dep_iters=2139 poll_cycles=142977056 dep_cycles=606676 exec_cycles=565544 signal_cycles=23684
[TASK_TIME2] worker=14 prep=0/0 attend=283516/2 merge=77124/2 router=0/0 copy=0/0 w2silu=0/0 lnorm=0/0 prefetch=0/0
[TIMING] worker=147 tasks=4 poll_iters=200398 dep_iters=3127 poll_cycles=116991312 dep_cycles=933388 exec_cycles=205140 signal_cycles=9768
[TIMING] worker=243 tasks=3 poll_iters=198718 dep_iters=2995 poll_cycles=114949400 dep_cycles=931104 exec_cycles=127404 signal_cycles=11100
[TASK_TIME2] worker=54 prep=17368/1 attend=0/0 merge=0/0 router=0/0 copy=0/0 w2silu=0/0 lnorm=0/0 prefetch=0/0
[TIMING] worker=13 tasks=9 poll_iters=205294 dep_iters=2993 poll_cycles=105527392 dep_cycles=826468 exec_cycles=548320 signal_cycles=18836
[TIMING] worker=180 tasks=3 poll_iters=231921 dep_iters=2554 poll_cycles=134242932 dep_cycles=710320 exec_cycles=220456 signal_cycles=7784
[TIMING] worker=206 tasks=3 poll_iters=324595 dep_iters=3327 poll_cycles=188370052 dep_cycles=1034352 exec_cycles=218784 signal_cycles=5560
[TIMING] worker=70 tasks=5 poll_iters=224423 dep_iters=4186 poll_cycles=129681568 dep_cycles=1144784 exec_cycles=220340 signal_cycles=11348
[TIMING] worker=163 tasks=4 poll_iters=203664 dep_iters=3285 poll_cycles=117935192 dep_cycles=926784 exec_cycles=204220 signal_cycles=10592
[TASK_TIME] worker=262 linear=22848/1 linear_res=0/0 attn=0/0 rms=0/0 silu=0/0 fused=0/0
[TIMING] worker=260 tasks=3 poll_iters=215684 dep_iters=2360 poll_cycles=124914904 dep_cycles=756600 exec_cycles=115020 signal_cycles=8044
[TASK_TIME2] worker=294 prep=0/0 attend=0/0 merge=0/0 router=0/0 copy=0/0 w2silu=0/0 lnorm=0/0 prefetch=0/0
[TIMING] worker=222 tasks=3 poll_iters=264247 dep_iters=3655 poll_cycles=152684884 dep_cycles=1025344 exec_cycles=218724 signal_cycles=8560
[TIMING] worker=36 tasks=7 poll_iters=211478 dep_iters=2496 poll_cycles=122258060 dep_cycles=756824 exec_cycles=247184 signal_cycles=15328
[TASK_TIME] worker=30 linear=90944/3 linear_res=0/0 attn=0/0 rms=0/0 silu=0/0 fused=0/0
[TASK_TIME2] worker=46 prep=17128/1 attend=0/0 merge=0/0 router=0/0 copy=0/0 w2silu=0/0 lnorm=0/0 prefetch=0/0
[TASK_TIME] worker=101 linear=117276/2 linear_res=22080/1 attn=0/0 rms=0/0 silu=0/0 fused=0/0
[TIMING] worker=125 tasks=5 poll_iters=249219 dep_iters=3651 poll_cycles=144260112 dep_cycles=1112820 exec_cycles=218428 signal_cycles=10244
[TASK_TIME] worker=78 linear=119100/2 linear_res=23588/1 attn=0/0 rms=0/0 silu=0/0 fused=0/0
[TIMING] worker=164 tasks=4 poll_iters=198953 dep_iters=2493 poll_cycles=115044576 dep_cycles=770264 exec_cycles=199216 signal_cycles=11128
[TIMING] worker=61 tasks=5 poll_iters=311217 dep_iters=3846 poll_cycles=179960676 dep_cycles=1155212 exec_cycles=217136 signal_cycles=12700
[TIMING] worker=85 tasks=5 poll_iters=184025 dep_iters=3963 poll_cycles=106396380 dep_cycles=1138760 exec_cycles=223140 signal_cycles=13252
[TIMING] worker=124 tasks=5 poll_iters=243078 dep_iters=2483 poll_cycles=141267552 dep_cycles=772852 exec_cycles=203604 signal_cycles=15236
[TIMING] worker=221 tasks=3 poll_iters=234561 dep_iters=3368 poll_cycles=135801624 dep_cycles=1037564 exec_cycles=221436 signal_cycles=7096
[TIMING] worker=236 tasks=3 poll_iters=196511 dep_iters=2360 poll_cycles=113689728 dep_cycles=687540 exec_cycles=220512 signal_cycles=7880
[TASK_TIME] worker=205 linear=0/0 linear_res=101456/1 attn=0/0 rms=0/0 silu=0/0 fused=0/0
[TASK_TIME] worker=190 linear=0/0 linear_res=99160/1 attn=0/0 rms=0/0 silu=0/0 fused=0/0
[TASK_TIME2] worker=262 prep=0/0 attend=0/0 merge=0/0 router=0/0 copy=0/0 w2silu=0/0 lnorm=0/0 prefetch=0/0
[TIMING] worker=116 tasks=5 poll_iters=186809 dep_iters=2763 poll_cycles=107806544 dep_cycles=763444 exec_cycles=220456 signal_cycles=10824
[TASK_TIME] worker=293 linear=23280/1 linear_res=0/0 attn=0/0 rms=0/0 silu=0/0 fused=0/0
[TIMING] worker=150 tasks=4 poll_iters=386498 dep_iters=3812 poll_cycles=246776072 dep_cycles=1133368 exec_cycles=191316 signal_cycles=9040
[TIMING] worker=5 tasks=9 poll_iters=217259 dep_iters=2683 poll_cycles=125640872 dep_cycles=807736 exec_cycles=524540 signal_cycles=29528
[TIMING] worker=38 tasks=7 poll_iters=329260 dep_iters=4123 poll_cycles=169654176 dep_cycles=1131136 exec_cycles=236664 signal_cycles=14480
[TIMING] worker=158 tasks=4 poll_iters=356770 dep_iters=4035 poll_cycles=207420080 dep_cycles=1123776 exec_cycles=198204 signal_cycles=10004
[TIMING] worker=172 tasks=4 poll_iters=228564 dep_iters=2674 poll_cycles=132392192 dep_cycles=767936 exec_cycles=195684 signal_cycles=11424
[TASK_TIME] worker=13 linear=90108/3 linear_res=0/0 attn=0/0 rms=0/0 silu=0/0 fused=0/0
[TIMING] worker=92 tasks=5 poll_iters=195205 dep_iters=2472 poll_cycles=112920320 dep_cycles=749576 exec_cycles=219760 signal_cycles=15100
[TIMING] worker=75 tasks=5 poll_iters=190463 dep_iters=3014 poll_cycles=110137048 dep_cycles=898360 exec_cycles=230124 signal_cycles=15072
[TIMING] worker=52 tasks=5 poll_iters=207937 dep_iters=2536 poll_cycles=120296472 dep_cycles=735736 exec_cycles=238564 signal_cycles=10616
[TIMING] worker=155 tasks=4 poll_iters=202534 dep_iters=3309 poll_cycles=116547448 dep_cycles=928048 exec_cycles=206216 signal_cycles=9968
[TIMING] worker=83 tasks=5 poll_iters=196960 dep_iters=2846 poll_cycles=114055336 dep_cycles=897940 exec_cycles=223648 signal_cycles=14712
[TIMING] worker=139 tasks=5 poll_iters=277622 dep_iters=3073 poll_cycles=172900164 dep_cycles=935844 exec_cycles=210136 signal_cycles=12676
[TIMING] worker=84 tasks=5 poll_iters=237530 dep_iters=2550 poll_cycles=137804056 dep_cycles=749272 exec_cycles=221992 signal_cycles=10556
[TIMING] worker=35 tasks=7 poll_iters=255885 dep_iters=3351 poll_cycles=132217676 dep_cycles=922644 exec_cycles=241600 signal_cycles=17940
[TIMING] worker=267 tasks=3 poll_iters=217541 dep_iters=2899 poll_cycles=125920572 dep_cycles=910636 exec_cycles=115004 signal_cycles=6308
[TASK_TIME] worker=110 linear=92244/1 linear_res=23624/1 attn=0/0 rms=0/0 silu=0/0 fused=0/0
[TIMING] worker=165 tasks=4 poll_iters=193261 dep_iters=3280 poll_cycles=112735476 dep_cycles=1120752 exec_cycles=200232 signal_cycles=8540
[TIMING] worker=45 tasks=5 poll_iters=218332 dep_iters=4120 poll_cycles=126301552 dep_cycles=1139676 exec_cycles=243584 signal_cycles=10852
[TIMING] worker=43 tasks=5 poll_iters=215261 dep_iters=2926 poll_cycles=124616860 dep_cycles=889720 exec_cycles=248328 signal_cycles=11484
[TIMING] worker=181 tasks=3 poll_iters=191162 dep_iters=4278 poll_cycles=110574812 dep_cycles=1174844 exec_cycles=142776 signal_cycles=6904
[TIMING] worker=100 tasks=5 poll_iters=203145 dep_iters=2524 poll_cycles=117455260 dep_cycles=770496 exec_cycles=214044 signal_cycles=14920
[TIMING] worker=179 tasks=3 poll_iters=179746 dep_iters=2830 poll_cycles=103951844 dep_cycles=861568 exec_cycles=222548 signal_cycles=10824
[TIMING] worker=268 tasks=3 poll_iters=245648 dep_iters=2626 poll_cycles=142713768 dep_cycles=755232 exec_cycles=115276 signal_cycles=6248
[TIMING] worker=227 tasks=3 poll_iters=199564 dep_iters=2945 poll_cycles=115374636 dep_cycles=846264 exec_cycles=221688 signal_cycles=7644
[TIMING] worker=115 tasks=5 poll_iters=209539 dep_iters=3076 poll_cycles=121297536 dep_cycles=921024 exec_cycles=219392 signal_cycles=14852
[TIMING] worker=27 tasks=7 poll_iters=241632 dep_iters=2451 poll_cycles=124443064 dep_cycles=693208 exec_cycles=479176 signal_cycles=20232
[TASK_TIME2] worker=101 prep=0/0 attend=0/0 merge=0/0 router=0/0 copy=0/0 w2silu=0/0 lnorm=0/0 prefetch=0/0
[TIMING] worker=140 tasks=5 poll_iters=243909 dep_iters=2802 poll_cycles=140798808 dep_cycles=782636 exec_cycles=201236 signal_cycles=11744
[TIMING] worker=276 tasks=3 poll_iters=189322 dep_iters=2658 poll_cycles=109491668 dep_cycles=753244 exec_cycles=114240 signal_cycles=6320
[TIMING] worker=204 tasks=3 poll_iters=182741 dep_iters=2473 poll_cycles=105548460 dep_cycles=699152 exec_cycles=221876 signal_cycles=7424
[TIMING] worker=67 tasks=5 poll_iters=178532 dep_iters=3226 poll_cycles=103240696 dep_cycles=906468 exec_cycles=222836 signal_cycles=10636
[TIMING] worker=44 tasks=5 poll_iters=218135 dep_iters=2596 poll_cycles=126165312 dep_cycles=726964 exec_cycles=247220 signal_cycles=14600
[TIMING] worker=60 tasks=5 poll_iters=247340 dep_iters=2461 poll_cycles=143568100 dep_cycles=756644 exec_cycles=217508 signal_cycles=11400
[TASK_TIME] worker=109 linear=94052/1 linear_res=22104/1 attn=0/0 rms=0/0 silu=0/0 fused=0/0
[TIMING] worker=291 tasks=3 poll_iters=234965 dep_iters=3085 poll_cycles=136841320 dep_cycles=901644 exec_cycles=115020 signal_cycles=5928
[TIMING] worker=108 tasks=5 poll_iters=195289 dep_iters=2681 poll_cycles=112898804 dep_cycles=758608 exec_cycles=216820 signal_cycles=14252
[TIMING] worker=230 tasks=3 poll_iters=225091 dep_iters=3571 poll_cycles=130121512 dep_cycles=1024812 exec_cycles=219040 signal_cycles=5592
[TIMING] worker=229 tasks=3 poll_iters=372441 dep_iters=3335 poll_cycles=216037316 dep_cycles=1033184 exec_cycles=221860 signal_cycles=7252
[TASK_TIME2] worker=30 prep=0/0 attend=274552/2 merge=0/0 router=0/0 copy=0/0 w2silu=0/0 lnorm=0/0 prefetch=0/0
[TIMING] worker=171 tasks=4 poll_iters=225475 dep_iters=2928 poll_cycles=130749020 dep_cycles=913808 exec_cycles=209408 signal_cycles=14236
[TIMING] worker=261 tasks=3 poll_iters=366144 dep_iters=3483 poll_cycles=212709536 dep_cycles=1097240 exec_cycles=116268 signal_cycles=6556
[TASK_TIME] worker=221 linear=0/0 linear_res=101464/1 attn=0/0 rms=0/0 silu=0/0 fused=0/0
[TIMING] worker=246 tasks=3 poll_iters=230200 dep_iters=3524 poll_cycles=133162616 dep_cycles=1097028 exec_cycles=139376 signal_cycles=6024
[TIMING] worker=68 tasks=5 poll_iters=188091 dep_iters=2241 poll_cycles=109937340 dep_cycles=755068 exec_cycles=215732 signal_cycles=13760
[TIMING] worker=203 tasks=3 poll_iters=191545 dep_iters=2743 poll_cycles=110807808 dep_cycles=855544 exec_cycles=220268 signal_cycles=6180
[TASK_TIME] worker=117 linear=94516/1 linear_res=22180/1 attn=0/0 rms=0/0 silu=0/0 fused=0/0
[TASK_TIME] worker=150 linear=90840/1 linear_res=22648/1 attn=0/0 rms=0/0 silu=0/0 fused=0/0
[TASK_TIME] worker=94 linear=118808/2 linear_res=21624/1 attn=0/0 rms=0/0 silu=0/0 fused=0/0
[TIMING] worker=188 tasks=3 poll_iters=250709 dep_iters=2275 poll_cycles=145193104 dep_cycles=709436 exec_cycles=217816 signal_cycles=8468
[TASK_TIME] worker=141 linear=93960/1 linear_res=22336/1 attn=0/0 rms=0/0 silu=2556/1 fused=0/0
[TIMING] worker=195 tasks=3 poll_iters=231677 dep_iters=2925 poll_cycles=134758860 dep_cycles=858304 exec_cycles=220360 signal_cycles=8812
[TIMING] worker=11 tasks=9 poll_iters=205294 dep_iters=1954 poll_cycles=118821316 dep_cycles=597652 exec_cycles=567128 signal_cycles=29952
[TASK_TIME] worker=142 linear=94156/1 linear_res=22780/1 attn=0/0 rms=0/0 silu=0/0 fused=0/0
[TIMING] worker=220 tasks=3 poll_iters=222187 dep_iters=2239 poll_cycles=128478680 dep_cycles=691728 exec_cycles=221824 signal_cycles=10408
[TIMING] worker=76 tasks=5 poll_iters=273041 dep_iters=2707 poll_cycles=158910860 dep_cycles=750596 exec_cycles=220704 signal_cycles=12264
[TIMING] worker=237 tasks=3 poll_iters=324426 dep_iters=3542 poll_cycles=187871488 dep_cycles=1028560 exec_cycles=223852 signal_cycles=5880
[TASK_TIME] worker=197 linear=0/0 linear_res=101504/1 attn=0/0 rms=0/0 silu=0/0 fused=0/0
[TIMING] worker=77 tasks=5 poll_iters=209289 dep_iters=4214 poll_cycles=119735076 dep_cycles=1148536 exec_cycles=221404 signal_cycles=10748
[TASK_TIME] worker=214 linear=0/0 linear_res=101040/1 attn=0/0 rms=0/0 silu=0/0 fused=0/0
[TIMING] worker=29 tasks=7 poll_iters=312392 dep_iters=3054 poll_cycles=180609784 dep_cycles=908136 exec_cycles=466604 signal_cycles=15384
[TASK_TIME2] worker=150 prep=0/0 attend=0/0 merge=0/0 router=0/0 copy=0/0 w2silu=0/0 lnorm=0/0 prefetch=0/0
[TASK_TIME2] worker=37 prep=0/0 attend=46040/2 merge=0/0 router=0/0 copy=0/0 w2silu=0/0 lnorm=0/0 prefetch=0/0
[TIMING] worker=28 tasks=7 poll_iters=254642 dep_iters=1732 poll_cycles=147619068 dep_cycles=533560 exec_cycles=470508 signal_cycles=17712
[TIMING] worker=259 tasks=3 poll_iters=209056 dep_iters=3087 poll_cycles=121028728 dep_cycles=913100 exec_cycles=115924 signal_cycles=5880
[TIMING] worker=270 tasks=3 poll_iters=313955 dep_iters=3414 poll_cycles=182278596 dep_cycles=1083224 exec_cycles=117936 signal_cycles=8700
[TASK_TIME] worker=70 linear=118608/2 linear_res=22164/1 attn=0/0 rms=0/0 silu=0/0 fused=0/0
[TIMING] worker=59 tasks=5 poll_iters=221437 dep_iters=3267 poll_cycles=128313960 dep_cycles=909212 exec_cycles=220416 signal_cycles=12668
[TIMING] worker=21 tasks=7 poll_iters=264319 dep_iters=3026 poll_cycles=153158804 dep_cycles=891208 exec_cycles=487260 signal_cycles=18224
[TIMING] worker=123 tasks=5 poll_iters=178471 dep_iters=3263 poll_cycles=103187492 dep_cycles=915476 exec_cycles=226812 signal_cycles=12252
[TIMING] worker=20 tasks=7 poll_iters=254342 dep_iters=1728 poll_cycles=147803228 dep_cycles=528764 exec_cycles=476900 signal_cycles=18316
[TASK_TIME] worker=118 linear=90872/1 linear_res=44624/2 attn=0/0 rms=0/0 silu=0/0 fused=0/0
[TASK_TIME2] worker=94 prep=0/0 attend=0/0 merge=0/0 router=0/0 copy=0/0 w2silu=0/0 lnorm=0/0 prefetch=0/0
[TASK_TIME] worker=206 linear=0/0 linear_res=100260/1 attn=0/0 rms=0/0 silu=0/0 fused=0/0
[TIMING] worker=107 tasks=5 poll_iters=180191 dep_iters=3070 poll_cycles=104206284 dep_cycles=941344 exec_cycles=222896 signal_cycles=12776
[TIMING] worker=91 tasks=5 poll_iters=216587 dep_iters=3256 poll_cycles=124850640 dep_cycles=896584 exec_cycles=228044 signal_cycles=13652
[TASK_TIME] worker=85 linear=118844/2 linear_res=22320/1 attn=0/0 rms=0/0 silu=0/0 fused=0/0
[TIMING] worker=251 tasks=3 poll_iters=242501 dep_iters=3140 poll_cycles=140839004 dep_cycles=917488 exec_cycles=142448 signal_cycles=6512
[TIMING] worker=285 tasks=3 poll_iters=214476 dep_iters=3471 poll_cycles=124122304 dep_cycles=1082024 exec_cycles=118140 signal_cycles=8760
[TIMING] worker=132 tasks=5 poll_iters=243867 dep_iters=2504 poll_cycles=146554644 dep_cycles=775244 exec_cycles=201120 signal_cycles=11932
[TIMING] worker=292 tasks=3 poll_iters=204942 dep_iters=2328 poll_cycles=118555576 dep_cycles=746708 exec_cycles=115216 signal_cycles=6312
[TIMING] worker=187 tasks=3 poll_iters=266496 dep_iters=3009 poll_cycles=154881448 dep_cycles=864680 exec_cycles=218072 signal_cycles=8356
[TIMING] worker=275 tasks=3 poll_iters=197020 dep_iters=2914 poll_cycles=113263212 dep_cycles=908864 exec_cycles=113924 signal_cycles=5792
[TIMING] worker=196 tasks=3 poll_iters=184979 dep_iters=2245 poll_cycles=106983740 dep_cycles=699308 exec_cycles=222836 signal_cycles=10500
[TIMING] worker=278 tasks=3 poll_iters=201700 dep_iters=3531 poll_cycles=115990592 dep_cycles=1082364 exec_cycles=118320 signal_cycles=5824
[TIMING] worker=131 tasks=5 poll_iters=209238 dep_iters=2896 poll_cycles=113903684 dep_cycles=931248 exec_cycles=205860 signal_cycles=11116
[TIMING] worker=156 tasks=4 poll_iters=207009 dep_iters=2513 poll_cycles=120415976 dep_cycles=767784 exec_cycles=198660 signal_cycles=16896
[TIMING] worker=228 tasks=3 poll_iters=246589 dep_iters=2197 poll_cycles=143330624 dep_cycles=690692 exec_cycles=223164 signal_cycles=7108
[TASK_TIME2] worker=22 prep=0/0 attend=284532/2 merge=0/0 router=0/0 copy=0/0 w2silu=0/0 lnorm=0/0 prefetch=0/0
[TASK_TIME] worker=286 linear=22932/1 linear_res=0/0 attn=0/0 rms=0/0 silu=0/0 fused=0/0
[TIMING] worker=62 tasks=5 poll_iters=376891 dep_iters=4209 poll_cycles=218701468 dep_cycles=1149764 exec_cycles=220120 signal_cycles=10668
[TASK_TIME] worker=269 linear=23280/1 linear_res=0/0 attn=0/0 rms=0/0 silu=0/0 fused=0/0
[TASK_TIME2] worker=109 prep=17808/1 attend=0/0 merge=0/0 router=0/0 copy=0/0 w2silu=0/0 lnorm=0/0 prefetch=0/0
[TASK_TIME] worker=181 linear=0/0 linear_res=22448/1 attn=0/0 rms=0/0 silu=0/0 fused=0/0
[TIMING] worker=4 tasks=9 poll_iters=210981 dep_iters=1372 poll_cycles=121960548 dep_cycles=430808 exec_cycles=572492 signal_cycles=25356
[TASK_TIME2] worker=157 prep=0/0 attend=0/0 merge=0/0 router=0/0 copy=0/0 w2silu=0/0 lnorm=0/0 prefetch=0/0
[TIMING] worker=19 tasks=7 poll_iters=201700 dep_iters=2137 poll_cycles=116768676 dep_cycles=697928 exec_cycles=477880 signal_cycles=19660
[TASK_TIME2] worker=221 prep=0/0 attend=0/0 merge=0/0 router=0/0 copy=0/0 w2silu=0/0 lnorm=0/0 prefetch=0/0
[TIMING] worker=51 tasks=5 poll_iters=208272 dep_iters=2841 poll_cycles=120582908 dep_cycles=888360 exec_cycles=246272 signal_cycles=12520
[TIMING] worker=134 tasks=5 poll_iters=317004 dep_iters=4053 poll_cycles=191262200 dep_cycles=1144272 exec_cycles=197584 signal_cycles=11052
[TASK_TIME] worker=38 linear=90816/3 linear_res=0/0 attn=0/0 rms=0/0 silu=0/0 fused=0/0
[TASK_TIME2] worker=6 prep=0/0 attend=272912/2 merge=76868/2 router=0/0 copy=0/0 w2silu=0/0 lnorm=0/0 prefetch=0/0
[TIMING] worker=148 tasks=4 poll_iters=213196 dep_iters=2829 poll_cycles=109664884 dep_cycles=777152 exec_cycles=198744 signal_cycles=10236
[TIMING] worker=284 tasks=3 poll_iters=216690 dep_iters=2385 poll_cycles=125448868 dep_cycles=750256 exec_cycles=114536 signal_cycles=6456
[TASK_TIME] worker=253 linear=22880/1 linear_res=0/0 attn=0/0 rms=0/0 silu=0/0 fused=0/0
[TASK_TIME] worker=62 linear=117000/2 linear_res=22144/1 attn=0/0 rms=0/0 silu=0/0 fused=0/0
[TIMING] worker=86 tasks=5 poll_iters=273876 dep_iters=3644 poll_cycles=158681500 dep_cycles=1134760 exec_cycles=221920 signal_cycles=16140
[TASK_TIME2] worker=214 prep=0/0 attend=0/0 merge=0/0 router=0/0 copy=0/0 w2silu=0/0 lnorm=0/0 prefetch=0/0
[TASK_TIME] worker=173 linear=96852/1 linear_res=22372/1 attn=0/0 rms=0/0 silu=0/0 fused=0/0
[TASK_TIME2] worker=253 prep=0/0 attend=0/0 merge=0/0 router=0/0 copy=0/0 w2silu=0/0 lnorm=0/0 prefetch=0/0
[TIMING] worker=189 tasks=3 poll_iters=330058 dep_iters=3398 poll_cycles=191673360 dep_cycles=1055728 exec_cycles=216056 signal_cycles=6140
[TIMING] worker=69 tasks=5 poll_iters=291676 dep_iters=3817 poll_cycles=168741444 dep_cycles=1148932 exec_cycles=221572 signal_cycles=12084
[TASK_TIME] worker=77 linear=118200/2 linear_res=21832/1 attn=0/0 rms=0/0 silu=0/0 fused=0/0
[TASK_TIME] worker=125 linear=94672/1 linear_res=44348/2 attn=0/0 rms=0/0 silu=0/0 fused=0/0
[TASK_TIME] worker=213 linear=0/0 linear_res=99188/1 attn=0/0 rms=0/0 silu=0/0 fused=0/0
[TASK_TIME2] worker=38 prep=0/0 attend=44184/2 merge=0/0 router=0/0 copy=0/0 w2silu=0/0 lnorm=0/0 prefetch=0/0
[TASK_TIME] worker=211 linear=0/0 linear_res=101388/1 attn=0/0 rms=0/0 silu=0/0 fused=0/0
[TASK_TIME] worker=244 linear=23264/1 linear_res=0/0 attn=0/0 rms=0/0 silu=0/0 fused=0/0
[TIMING] worker=219 tasks=3 poll_iters=224671 dep_iters=2949 poll_cycles=129631076 dep_cycles=849728 exec_cycles=221556 signal_cycles=8204
[TASK_TIME] worker=147 linear=93776/1 linear_res=22244/1 attn=0/0 rms=0/0 silu=0/0 fused=0/0
[TASK_TIME2] worker=142 prep=0/0 attend=0/0 merge=0/0 router=0/0 copy=0/0 w2silu=0/0 lnorm=0/0 prefetch=0/0
[TASK_TIME] worker=277 linear=22920/1 linear_res=0/0 attn=0/0 rms=0/0 silu=0/0 fused=0/0
[TASK_TIME] worker=230 linear=0/0 linear_res=100948/1 attn=0/0 rms=0/0 silu=0/0 fused=0/0
[TASK_TIME] worker=93 linear=119864/2 linear_res=21712/1 attn=0/0 rms=0/0 silu=0/0 fused=0/0
[TIMING] worker=238 tasks=3 poll_iters=350970 dep_iters=3235 poll_cycles=203845088 dep_cycles=1020440 exec_cycles=217320 signal_cycles=6020
[TASK_TIME] worker=99 linear=95024/1 linear_res=22452/1 attn=0/0 rms=0/0 silu=0/0 fused=0/0
[TASK_TIME2] worker=205 prep=0/0 attend=0/0 merge=0/0 router=0/0 copy=0/0 w2silu=0/0 lnorm=0/0 prefetch=0/0
[TASK_TIME] worker=158 linear=95756/1 linear_res=22640/1 attn=0/0 rms=0/0 silu=0/0 fused=0/0
[TASK_TIME] worker=291 linear=22076/1 linear_res=0/0 attn=0/0 rms=0/0 silu=0/0 fused=0/0
[TASK_TIME] worker=172 linear=88328/1 linear_res=22736/1 attn=0/0 rms=0/0 silu=0/0 fused=0/0
[TASK_TIME] worker=229 linear=0/0 linear_res=101460/1 attn=0/0 rms=0/0 silu=0/0 fused=0/0
[TASK_TIME2] worker=197 prep=0/0 attend=0/0 merge=0/0 router=0/0 copy=0/0 w2silu=0/0 lnorm=0/0 prefetch=0/0
[TIMING] worker=133 tasks=5 poll_iters=217476 dep_iters=3569 poll_cycles=127987528 dep_cycles=1091260 exec_cycles=227624 signal_cycles=22128
[TASK_TIME] worker=246 linear=22924/1 linear_res=0/0 attn=0/0 rms=0/0 silu=0/0 fused=0/0
[TASK_TIME] worker=163 linear=95364/1 linear_res=22756/1 attn=0/0 rms=0/0 silu=0/0 fused=0/0
[TASK_TIME2] worker=13 prep=0/0 attend=275840/2 merge=76724/2 router=0/0 copy=0/0 w2silu=0/0 lnorm=0/0 prefetch=0/0
[TASK_TIME] worker=3 linear=92452/3 linear_res=0/0 attn=0/0 rms=0/0 silu=0/0 fused=0/0
[TASK_TIME] worker=75 linear=116500/2 linear_res=22360/1 attn=0/0 rms=0/0 silu=0/0 fused=0/0
[TASK_TIME] worker=243 linear=0/0 linear_res=0/0 attn=0/0 rms=5356/1 silu=0/0 fused=0/0
[TASK_TIME2] worker=62 prep=0/0 attend=0/0 merge=0/0 router=0/0 copy=0/0 w2silu=0/0 lnorm=0/0 prefetch=0/0
[TASK_TIME] worker=84 linear=111792/2 linear_res=22084/1 attn=0/0 rms=0/0 silu=0/0 fused=0/0
[TASK_TIME2] worker=158 prep=0/0 attend=0/0 merge=0/0 router=0/0 copy=0/0 w2silu=0/0 lnorm=0/0 prefetch=0/0
[TASK_TIME2] worker=118 prep=0/0 attend=0/0 merge=0/0 router=0/0 copy=0/0 w2silu=0/0 lnorm=0/0 prefetch=0/0
[TASK_TIME] worker=189 linear=0/0 linear_res=99096/1 attn=0/0 rms=0/0 silu=0/0 fused=0/0
[TASK_TIME2] worker=182 prep=0/0 attend=0/0 merge=0/0 router=0/0 copy=0/0 w2silu=0/0 lnorm=0/0 prefetch=0/0
[TASK_TIME] worker=212 linear=0/0 linear_res=103284/1 attn=0/0 rms=0/0 silu=0/0 fused=0/0
[TASK_TIME] worker=285 linear=23364/1 linear_res=0/0 attn=0/0 rms=0/0 silu=0/0 fused=0/0
[TASK_TIME] worker=133 linear=95040/1 linear_res=22452/1 attn=0/0 rms=0/0 silu=0/0 fused=0/0
[TIMING] worker=53 tasks=5 poll_iters=179774 dep_iters=4012 poll_cycles=103936616 dep_cycles=1137196 exec_cycles=240888 signal_cycles=11616
[TASK_TIME] worker=5 linear=67076/2 linear_res=0/0 attn=0/0 rms=0/0 silu=0/0 fused=0/0
[TASK_TIME2] worker=190 prep=0/0 attend=0/0 merge=0/0 router=0/0 copy=0/0 w2silu=0/0 lnorm=0/0 prefetch=0/0
[TASK_TIME] worker=220 linear=0/0 linear_res=103476/1 attn=0/0 rms=0/0 silu=0/0 fused=0/0
[TASK_TIME2] worker=181 prep=0/0 attend=0/0 merge=0/0 router=0/0 copy=0/0 w2silu=0/0 lnorm=0/0 prefetch=0/0
[TASK_TIME] worker=36 linear=88204/3 linear_res=0/0 attn=0/0 rms=0/0 silu=0/0 fused=0/0
[TASK_TIME] worker=283 linear=22644/1 linear_res=0/0 attn=0/0 rms=0/0 silu=0/0 fused=0/0
[TASK_TIME] worker=100 linear=89260/1 linear_res=22368/1 attn=0/0 rms=0/0 silu=0/0 fused=0/0
[TIMING] worker=79 tasks=5 poll_iters=102935 dep_iters=3713 poll_cycles=60397920 dep_cycles=996900 exec_cycles=224756 signal_cycles=10784
[TASK_TIME] worker=222 linear=0/0 linear_res=100900/1 attn=0/0 rms=0/0 silu=0/0 fused=0/0
[TASK_TIME] worker=27 linear=87696/3 linear_res=0/0 attn=0/0 rms=0/0 silu=0/0 fused=0/0
[TASK_TIME] worker=252 linear=22784/1 linear_res=0/0 attn=0/0 rms=0/0 silu=0/0 fused=0/0
[TASK_TIME] worker=237 linear=0/0 linear_res=101616/1 attn=0/0 rms=0/0 silu=0/0 fused=0/0
[TASK_TIME] worker=116 linear=89324/1 linear_res=44128/2 attn=0/0 rms=0/0 silu=0/0 fused=0/0
[TASK_TIME] worker=61 linear=119712/2 linear_res=0/0 attn=0/0 rms=0/0 silu=0/0 fused=0/0
[TASK_TIME] worker=270 linear=23020/1 linear_res=0/0 attn=0/0 rms=0/0 silu=0/0 fused=0/0
[TASK_TIME] worker=29 linear=89844/3 linear_res=0/0 attn=0/0 rms=0/0 silu=0/0 fused=0/0
[TASK_TIME2] worker=245 prep=0/0 attend=0/0 merge=0/0 router=0/0 copy=0/0 w2silu=0/0 lnorm=0/0 prefetch=0/0
[TASK_TIME2] worker=230 prep=0/0 attend=0/0 merge=0/0 router=0/0 copy=0/0 w2silu=0/0 lnorm=0/0 prefetch=0/0
[TASK_TIME] worker=278 linear=22924/1 linear_res=0/0 attn=0/0 rms=0/0 silu=0/0 fused=0/0
[TIMING] worker=166 tasks=4 poll_iters=213491 dep_iters=3970 poll_cycles=123422028 dep_cycles=1123172 exec_cycles=197224 signal_cycles=7932
[TASK_TIME] worker=12 linear=89148/3 linear_res=0/0 attn=0/0 rms=0/0 silu=0/0 fused=0/0
[TASK_TIME] worker=267 linear=22216/1 linear_res=0/0 attn=0/0 rms=0/0 silu=0/0 fused=0/0
[TASK_TIME2] worker=149 prep=0/0 attend=0/0 merge=0/0 router=0/0 copy=0/0 w2silu=0/0 lnorm=0/0 prefetch=0/0
[TASK_TIME] worker=196 linear=0/0 linear_res=103116/1 attn=0/0 rms=0/0 silu=0/0 fused=0/0
[TASK_TIME] worker=115 linear=93560/1 linear_res=44536/2 attn=0/0 rms=0/0 silu=0/0 fused=0/0
[TASK_TIME2] worker=125 prep=0/0 attend=0/0 merge=0/0 router=0/0 copy=0/0 w2silu=0/0 lnorm=0/0 prefetch=0/0
[TASK_TIME2] worker=246 prep=0/0 attend=0/0 merge=0/0 router=0/0 copy=0/0 w2silu=0/0 lnorm=0/0 prefetch=0/0
[TASK_TIME2] worker=285 prep=0/0 attend=0/0 merge=0/0 router=0/0 copy=0/0 w2silu=0/0 lnorm=0/0 prefetch=0/0
[TASK_TIME2] worker=77 prep=0/0 attend=0/0 merge=0/0 router=0/0 copy=0/0 w2silu=0/0 lnorm=0/0 prefetch=0/0
[TASK_TIME] worker=123 linear=96652/1 linear_res=44596/2 attn=0/0 rms=0/0 silu=0/0 fused=0/0
[TASK_TIME] worker=179 linear=0/0 linear_res=101664/1 attn=0/0 rms=0/0 silu=0/0 fused=0/0
[TASK_TIME2] worker=133 prep=0/0 attend=0/0 merge=0/0 router=34248/1 copy=0/0 w2silu=0/0 lnorm=0/0 prefetch=0/0
[TASK_TIME] worker=268 linear=23280/1 linear_res=0/0 attn=0/0 rms=0/0 silu=0/0 fused=0/0
[TASK_TIME] worker=155 linear=96708/1 linear_res=22156/1 attn=0/0 rms=0/0 silu=0/0 fused=0/0
[TASK_TIME] worker=91 linear=118380/2 linear_res=21696/1 attn=0/0 rms=0/0 silu=0/0 fused=0/0
[TASK_TIME2] worker=206 prep=0/0 attend=0/0 merge=0/0 router=0/0 copy=0/0 w2silu=0/0 lnorm=0/0 prefetch=0/0
[TASK_TIME2] worker=70 prep=0/0 attend=0/0 merge=0/0 router=0/0 copy=0/0 w2silu=0/0 lnorm=0/0 prefetch=0/0
[TASK_TIME] worker=11 linear=91064/3 linear_res=0/0 attn=0/0 rms=0/0 silu=0/0 fused=0/0
[TASK_TIME] worker=59 linear=112848/2 linear_res=0/0 attn=0/0 rms=0/0 silu=0/0 fused=0/0
[TASK_TIME] worker=20 linear=89356/3 linear_res=0/0 attn=0/0 rms=0/0 silu=0/0 fused=0/0
[TASK_TIME] worker=126 linear=93292/1 linear_res=21544/1 attn=0/0 rms=0/0 silu=2636/1 fused=0/0
[TASK_TIME] worker=165 linear=95608/1 linear_res=22380/1 attn=0/0 rms=0/0 silu=0/0 fused=0/0
[TASK_TIME] worker=43 linear=137156/3 linear_res=0/0 attn=0/0 rms=0/0 silu=0/0 fused=0/0
[TASK_TIME] worker=28 linear=88488/3 linear_res=0/0 attn=0/0 rms=0/0 silu=0/0 fused=0/0
[TASK_TIME] worker=198 linear=0/0 linear_res=100444/1 attn=0/0 rms=0/0 silu=0/0 fused=0/0
[TASK_TIME] worker=44 linear=110820/2 linear_res=0/0 attn=0/0 rms=0/0 silu=0/0 fused=0/0
[TASK_TIME] worker=204 linear=0/0 linear_res=103612/1 attn=0/0 rms=0/0 silu=0/0 fused=0/0
[TASK_TIME] worker=171 linear=97348/1 linear_res=22364/1 attn=0/0 rms=0/0 silu=0/0 fused=0/0
[TASK_TIME] worker=52 linear=110976/2 linear_res=0/0 attn=0/0 rms=0/0 silu=0/0 fused=0/0
[TASK_TIME2] worker=283 prep=0/0 attend=0/0 merge=0/0 router=0/0 copy=0/0 w2silu=0/0 lnorm=0/0 prefetch=0/0
[TASK_TIME2] worker=110 prep=17432/1 attend=0/0 merge=0/0 router=0/0 copy=0/0 w2silu=0/0 lnorm=0/0 prefetch=0/0
[TASK_TIME] worker=76 linear=112104/2 linear_res=22204/1 attn=0/0 rms=0/0 silu=0/0 fused=0/0
[TASK_TIME] worker=68 linear=108472/2 linear_res=22236/1 attn=0/0 rms=0/0 silu=0/0 fused=0/0
[TASK_TIME] worker=69 linear=119644/2 linear_res=22160/1 attn=0/0 rms=0/0 silu=0/0 fused=0/0
[TASK_TIME2] worker=29 prep=0/0 attend=274140/2 merge=0/0 router=0/0 copy=0/0 w2silu=0/0 lnorm=0/0 prefetch=0/0
[TASK_TIME2] worker=85 prep=0/0 attend=0/0 merge=0/0 router=0/0 copy=0/0 w2silu=0/0 lnorm=0/0 prefetch=0/0
[TASK_TIME] worker=4 linear=91292/3 linear_res=0/0 attn=0/0 rms=0/0 silu=0/0 fused=0/0
[TASK_TIME] worker=108 linear=90640/1 linear_res=22672/1 attn=0/0 rms=0/0 silu=0/0 fused=0/0
[TASK_TIME] worker=284 linear=23344/1 linear_res=0/0 attn=0/0 rms=0/0 silu=0/0 fused=0/0
[TASK_TIME2] worker=213 prep=0/0 attend=0/0 merge=0/0 router=0/0 copy=0/0 w2silu=0/0 lnorm=0/0 prefetch=0/0
[TASK_TIME] worker=195 linear=0/0 linear_res=101444/1 attn=0/0 rms=0/0 silu=0/0 fused=0/0
[TASK_TIME] worker=148 linear=90500/1 linear_res=22480/1 attn=0/0 rms=0/0 silu=0/0 fused=0/0
[TASK_TIME] worker=261 linear=23276/1 linear_res=0/0 attn=0/0 rms=0/0 silu=0/0 fused=0/0
[TASK_TIME2] worker=78 prep=0/0 attend=0/0 merge=0/0 router=0/0 copy=0/0 w2silu=0/0 lnorm=0/0 prefetch=0/0
[TASK_TIME2] worker=269 prep=0/0 attend=0/0 merge=0/0 router=0/0 copy=0/0 w2silu=0/0 lnorm=0/0 prefetch=0/0
[TASK_TIME2] worker=286 prep=0/0 attend=0/0 merge=0/0 router=0/0 copy=0/0 w2silu=0/0 lnorm=0/0 prefetch=0/0
[TASK_TIME] worker=236 linear=0/0 linear_res=101556/1 attn=0/0 rms=0/0 silu=0/0 fused=0/0
[TASK_TIME] worker=86 linear=117400/2 linear_res=23632/1 attn=0/0 rms=0/0 silu=0/0 fused=0/0
[TASK_TIME] worker=251 linear=22040/1 linear_res=0/0 attn=0/0 rms=0/0 silu=0/0 fused=0/0
[TASK_TIME] worker=124 linear=90408/1 linear_res=22588/1 attn=0/0 rms=4084/1 silu=0/0 fused=0/0
[TASK_TIME] worker=139 linear=95240/1 linear_res=22448/1 attn=0/0 rms=0/0 silu=0/0 fused=0/0
[TASK_TIME2] worker=11 prep=0/0 attend=289468/2 merge=75512/2 router=0/0 copy=0/0 w2silu=0/0 lnorm=0/0 prefetch=0/0
[TASK_TIME] worker=259 linear=22276/1 linear_res=0/0 attn=0/0 rms=0/0 silu=0/0 fused=0/0
[TASK_TIME2] worker=117 prep=18572/1 attend=0/0 merge=0/0 router=0/0 copy=0/0 w2silu=0/0 lnorm=0/0 prefetch=0/0
[TASK_TIME] worker=140 linear=88636/1 linear_res=22536/1 attn=0/0 rms=0/0 silu=0/0 fused=0/0
[TASK_TIME2] worker=99 prep=19216/1 attend=0/0 merge=0/0 router=0/0 copy=0/0 w2silu=0/0 lnorm=0/0 prefetch=0/0
[TASK_TIME] worker=45 linear=140092/3 linear_res=0/0 attn=0/0 rms=0/0 silu=0/0 fused=0/0
[TASK_TIME] worker=180 linear=0/0 linear_res=101404/1 attn=0/0 rms=0/0 silu=0/0 fused=0/0
[TASK_TIME] worker=132 linear=88228/1 linear_res=22700/1 attn=0/0 rms=0/0 silu=2360/1 fused=0/0
[TASK_TIME] worker=164 linear=90924/1 linear_res=22776/1 attn=0/0 rms=0/0 silu=0/0 fused=0/0
[TASK_TIME] worker=228 linear=0/0 linear_res=103680/1 attn=0/0 rms=0/0 silu=0/0 fused=0/0
[TASK_TIME2] worker=222 prep=0/0 attend=0/0 merge=0/0 router=0/0 copy=0/0 w2silu=0/0 lnorm=0/0 prefetch=0/0
[TASK_TIME] worker=276 linear=23268/1 linear_res=0/0 attn=0/0 rms=0/0 silu=0/0 fused=0/0
[TASK_TIME2] worker=237 prep=0/0 attend=0/0 merge=0/0 router=0/0 copy=0/0 w2silu=0/0 lnorm=0/0 prefetch=0/0
[TASK_TIME2] worker=270 prep=0/0 attend=0/0 merge=0/0 router=0/0 copy=0/0 w2silu=0/0 lnorm=0/0 prefetch=0/0
[TASK_TIME2] worker=196 prep=0/0 attend=0/0 merge=0/0 router=0/0 copy=0/0 w2silu=0/0 lnorm=0/0 prefetch=0/0
[TASK_TIME] worker=166 linear=94000/1 linear_res=22720/1 attn=0/0 rms=0/0 silu=0/0 fused=0/0
[TASK_TIME2] worker=293 prep=0/0 attend=0/0 merge=0/0 router=0/0 copy=0/0 w2silu=0/0 lnorm=0/0 prefetch=0/0
[TASK_TIME] worker=19 linear=88308/3 linear_res=0/0 attn=0/0 rms=0/0 silu=0/0 fused=0/0
[TASK_TIME2] worker=148 prep=0/0 attend=0/0 merge=0/0 router=0/0 copy=0/0 w2silu=0/0 lnorm=0/0 prefetch=0/0
[TASK_TIME] worker=53 linear=117212/2 linear_res=0/0 attn=0/0 rms=0/0 silu=0/0 fused=0/0
[TASK_TIME] worker=260 linear=23324/1 linear_res=0/0 attn=0/0 rms=0/0 silu=0/0 fused=0/0
[TASK_TIME2] worker=5 prep=0/0 attend=276704/2 merge=76876/2 router=0/0 copy=0/0 w2silu=0/0 lnorm=0/0 prefetch=0/0
[TASK_TIME2] worker=179 prep=0/0 attend=0/0 merge=0/0 router=0/0 copy=0/0 w2silu=0/0 lnorm=0/0 prefetch=0/0
[TASK_TIME2] worker=267 prep=0/0 attend=0/0 merge=0/0 router=0/0 copy=0/0 w2silu=0/0 lnorm=0/0 prefetch=0/0
[TASK_TIME2] worker=141 prep=0/0 attend=0/0 merge=0/0 router=0/0 copy=0/0 w2silu=0/0 lnorm=0/0 prefetch=0/0
[TASK_TIME] worker=156 linear=89708/1 linear_res=22536/1 attn=0/0 rms=0/0 silu=0/0 fused=0/0
[TASK_TIME] worker=235 linear=0/0 linear_res=101508/1 attn=0/0 rms=0/0 silu=0/0 fused=0/0
[TASK_TIME2] worker=243 prep=0/0 attend=0/0 merge=0/0 router=0/0 copy=0/0 w2silu=0/0 lnorm=0/0 prefetch=0/0
[TASK_TIME2] worker=44 prep=25312/1 attend=0/0 merge=0/0 router=0/0 copy=0/0 w2silu=0/0 lnorm=0/0 prefetch=0/0
[TASK_TIME] worker=238 linear=0/0 linear_res=101100/1 attn=0/0 rms=0/0 silu=0/0 fused=0/0
[TASK_TIME2] worker=59 prep=20596/1 attend=0/0 merge=0/0 router=0/0 copy=0/0 w2silu=0/0 lnorm=0/0 prefetch=0/0
[TASK_TIME] worker=35 linear=87324/3 linear_res=0/0 attn=0/0 rms=0/0 silu=0/0 fused=0/0
[TIMING] worker=271 tasks=3 poll_iters=29415 dep_iters=3471 poll_cycles=17228812 dep_cycles=987032 exec_cycles=127544 signal_cycles=6224
[TASK_TIME] worker=188 linear=0/0 linear_res=99044/1 attn=0/0 rms=0/0 silu=0/0 fused=0/0
[TASK_TIME2] worker=211 prep=0/0 attend=0/0 merge=0/0 router=0/0 copy=0/0 w2silu=0/0 lnorm=0/0 prefetch=0/0
[TASK_TIME2] worker=259 prep=0/0 attend=0/0 merge=0/0 router=0/0 copy=0/0 w2silu=0/0 lnorm=0/0 prefetch=0/0
[TASK_TIME] worker=131 linear=95700/1 linear_res=22536/1 attn=0/0 rms=0/0 silu=2264/1 fused=0/0
[TASK_TIME2] worker=27 prep=0/0 attend=282092/2 merge=0/0 router=0/0 copy=0/0 w2silu=0/0 lnorm=0/0 prefetch=0/0
[TASK_TIME2] worker=204 prep=0/0 attend=0/0 merge=0/0 router=0/0 copy=0/0 w2silu=0/0 lnorm=0/0 prefetch=0/0
[TASK_TIME2] worker=284 prep=0/0 attend=0/0 merge=0/0 router=0/0 copy=0/0 w2silu=0/0 lnorm=0/0 prefetch=0/0
[TASK_TIME] worker=187 linear=0/0 linear_res=99592/1 attn=0/0 rms=0/0 silu=0/0 fused=0/0
[TASK_TIME2] worker=43 prep=0/0 attend=0/0 merge=0/0 router=0/0 copy=0/0 w2silu=0/0 lnorm=0/0 prefetch=0/0
[TASK_TIME] worker=67 linear=114740/2 linear_res=22456/1 attn=0/0 rms=0/0 silu=0/0 fused=0/0
[TASK_TIME] worker=292 linear=23328/1 linear_res=0/0 attn=0/0 rms=0/0 silu=0/0 fused=0/0
[TASK_TIME] worker=92 linear=111084/2 linear_res=21532/1 attn=0/0 rms=0/0 silu=0/0 fused=0/0
[TASK_TIME] worker=275 linear=21712/1 linear_res=0/0 attn=0/0 rms=0/0 silu=0/0 fused=0/0
[TASK_TIME2] worker=166 prep=0/0 attend=0/0 merge=0/0 router=0/0 copy=0/0 w2silu=0/0 lnorm=0/0 prefetch=0/0
[TASK_TIME2] worker=228 prep=0/0 attend=0/0 merge=0/0 router=0/0 copy=0/0 w2silu=0/0 lnorm=0/0 prefetch=0/0
[TASK_TIME2] worker=189 prep=0/0 attend=0/0 merge=0/0 router=0/0 copy=0/0 w2silu=0/0 lnorm=0/0 prefetch=0/0
[TASK_TIME2] worker=252 prep=0/0 attend=0/0 merge=0/0 router=0/0 copy=0/0 w2silu=0/0 lnorm=0/0 prefetch=0/0
[TASK_TIME] worker=60 linear=109344/2 linear_res=22308/1 attn=0/0 rms=0/0 silu=0/0 fused=0/0
[TASK_TIME] worker=203 linear=0/0 linear_res=101392/1 attn=0/0 rms=0/0 silu=0/0 fused=0/0
[TASK_TIME] worker=21 linear=90252/3 linear_res=0/0 attn=0/0 rms=0/0 silu=0/0 fused=0/0
[TASK_TIME2] worker=61 prep=18056/1 attend=0/0 merge=0/0 router=0/0 copy=0/0 w2silu=0/0 lnorm=0/0 prefetch=0/0
[TASK_TIME2] worker=93 prep=0/0 attend=0/0 merge=0/0 router=0/0 copy=0/0 w2silu=0/0 lnorm=0/0 prefetch=0/0
[TASK_TIME] worker=134 linear=93116/1 linear_res=22612/1 attn=0/0 rms=0/0 silu=0/0 fused=0/0
[TASK_TIME2] worker=173 prep=0/0 attend=0/0 merge=0/0 router=0/0 copy=0/0 w2silu=0/0 lnorm=0/0 prefetch=0/0
[TASK_TIME2] worker=220 prep=0/0 attend=0/0 merge=0/0 router=0/0 copy=0/0 w2silu=0/0 lnorm=0/0 prefetch=0/0
[TIMING] worker=18 tasks=7 poll_iters=42223 dep_iters=2241 poll_cycles=24663892 dep_cycles=641072 exec_cycles=487288 signal_cycles=17976
[TASK_TIME] worker=83 linear=115648/2 linear_res=22400/1 attn=0/0 rms=0/0 silu=0/0 fused=0/0
[TASK_TIME2] worker=165 prep=0/0 attend=0/0 merge=0/0 router=0/0 copy=0/0 w2silu=0/0 lnorm=0/0 prefetch=0/0
[TASK_TIME2] worker=100 prep=18628/1 attend=0/0 merge=0/0 router=0/0 copy=0/0 w2silu=0/0 lnorm=0/0 prefetch=0/0
[TASK_TIME] worker=219 linear=0/0 linear_res=101688/1 attn=0/0 rms=0/0 silu=0/0 fused=0/0
[TASK_TIME] worker=227 linear=0/0 linear_res=101732/1 attn=0/0 rms=0/0 silu=0/0 fused=0/0
[TASK_TIME2] worker=229 prep=0/0 attend=0/0 merge=0/0 router=0/0 copy=0/0 w2silu=0/0 lnorm=0/0 prefetch=0/0
[TASK_TIME2] worker=69 prep=0/0 attend=0/0 merge=0/0 router=0/0 copy=0/0 w2silu=0/0 lnorm=0/0 prefetch=0/0
[TASK_TIME2] worker=12 prep=0/0 attend=282892/2 merge=76592/2 router=0/0 copy=0/0 w2silu=0/0 lnorm=0/0 prefetch=0/0
[TASK_TIME2] worker=116 prep=0/0 attend=0/0 merge=0/0 router=0/0 copy=0/0 w2silu=0/0 lnorm=0/0 prefetch=0/0
[TASK_TIME2] worker=278 prep=0/0 attend=0/0 merge=0/0 router=0/0 copy=0/0 w2silu=0/0 lnorm=0/0 prefetch=0/0
[TASK_TIME2] worker=91 prep=0/0 attend=0/0 merge=0/0 router=0/0 copy=0/0 w2silu=0/0 lnorm=0/0 prefetch=0/0
[TASK_TIME] worker=107 linear=95748/1 linear_res=22480/1 attn=0/0 rms=0/0 silu=0/0 fused=0/0
[TASK_TIME2] worker=75 prep=0/0 attend=0/0 merge=0/0 router=0/0 copy=0/0 w2silu=0/0 lnorm=0/0 prefetch=0/0
[TIMING] worker=42 tasks=5 poll_iters=70798 dep_iters=3136 poll_cycles=41961220 dep_cycles=854400 exec_cycles=242828 signal_cycles=9600
[TASK_TIME2] worker=291 prep=0/0 attend=0/0 merge=0/0 router=0/0 copy=0/0 w2silu=0/0 lnorm=0/0 prefetch=0/0
[TASK_TIME2] worker=45 prep=0/0 attend=0/0 merge=0/0 router=0/0 copy=0/0 w2silu=0/0 lnorm=0/0 prefetch=0/0
[TASK_TIME2] worker=147 prep=0/0 attend=0/0 merge=0/0 router=0/0 copy=0/0 w2silu=0/0 lnorm=0/0 prefetch=0/0
[TASK_TIME2] worker=76 prep=0/0 attend=0/0 merge=0/0 router=0/0 copy=0/0 w2silu=0/0 lnorm=0/0 prefetch=0/0
[TASK_TIME2] worker=36 prep=0/0 attend=47632/2 merge=0/0 router=0/0 copy=0/0 w2silu=0/0 lnorm=0/0 prefetch=0/0
[TASK_TIME2] worker=139 prep=0/0 attend=0/0 merge=0/0 router=0/0 copy=0/0 w2silu=0/0 lnorm=0/0 prefetch=0/0
[TIMING] worker=239 tasks=3 poll_iters=104092 dep_iters=3202 poll_cycles=64472552 dep_cycles=921500 exec_cycles=231080 signal_cycles=7188
[TIMING] worker=223 tasks=3 poll_iters=19213 dep_iters=3044 poll_cycles=11215044 dep_cycles=928892 exec_cycles=233064 signal_cycles=7636
[TASK_TIME2] worker=277 prep=0/0 attend=0/0 merge=0/0 router=0/0 copy=0/0 w2silu=0/0 lnorm=0/0 prefetch=0/0
[TASK_TIME2] worker=53 prep=17584/1 attend=0/0 merge=0/0 router=0/0 copy=0/0 w2silu=0/0 lnorm=0/0 prefetch=0/0
[TASK_TIME2] worker=198 prep=0/0 attend=0/0 merge=0/0 router=0/0 copy=0/0 w2silu=0/0 lnorm=0/0 prefetch=0/0
[TASK_TIME2] worker=163 prep=0/0 attend=0/0 merge=0/0 router=0/0 copy=0/0 w2silu=0/0 lnorm=0/0 prefetch=0/0
[TASK_TIME2] worker=172 prep=0/0 attend=0/0 merge=0/0 router=0/0 copy=0/0 w2silu=0/0 lnorm=0/0 prefetch=0/0
[TASK_TIME2] worker=123 prep=0/0 attend=0/0 merge=0/0 router=0/0 copy=0/0 w2silu=0/0 lnorm=0/0 prefetch=0/0
[TASK_TIME2] worker=108 prep=18016/1 attend=0/0 merge=0/0 router=0/0 copy=0/0 w2silu=0/0 lnorm=0/0 prefetch=0/0
[TASK_TIME2] worker=276 prep=0/0 attend=0/0 merge=0/0 router=0/0 copy=0/0 w2silu=0/0 lnorm=0/0 prefetch=0/0
[TASK_TIME2] worker=212 prep=0/0 attend=0/0 merge=0/0 router=0/0 copy=0/0 w2silu=0/0 lnorm=0/0 prefetch=0/0
[TASK_TIME2] worker=268 prep=0/0 attend=0/0 merge=0/0 router=0/0 copy=0/0 w2silu=0/0 lnorm=0/0 prefetch=0/0
[TASK_TIME2] worker=68 prep=0/0 attend=0/0 merge=0/0 router=0/0 copy=0/0 w2silu=0/0 lnorm=0/0 prefetch=0/0
[TASK_TIME2] worker=155 prep=0/0 attend=0/0 merge=0/0 router=0/0 copy=0/0 w2silu=0/0 lnorm=0/0 prefetch=0/0
[TASK_TIME2] worker=244 prep=0/0 attend=0/0 merge=0/0 router=0/0 copy=0/0 w2silu=0/0 lnorm=0/0 prefetch=0/0
[TASK_TIME2] worker=3 prep=0/0 attend=289496/2 merge=75768/2 router=0/0 copy=0/0 w2silu=0/0 lnorm=0/0 prefetch=0/0
[TASK_TIME2] worker=132 prep=0/0 attend=0/0 merge=0/0 router=0/0 copy=0/0 w2silu=0/0 lnorm=0/0 prefetch=0/0
[TASK_TIME2] worker=84 prep=0/0 attend=0/0 merge=0/0 router=0/0 copy=0/0 w2silu=0/0 lnorm=0/0 prefetch=0/0
[TASK_TIME2] worker=21 prep=0/0 attend=291528/2 merge=0/0 router=0/0 copy=0/0 w2silu=0/0 lnorm=0/0 prefetch=0/0
[TASK_TIME2] worker=67 prep=0/0 attend=0/0 merge=0/0 router=0/0 copy=0/0 w2silu=0/0 lnorm=0/0 prefetch=0/0
[TASK_TIME2] worker=131 prep=0/0 attend=0/0 merge=0/0 router=0/0 copy=0/0 w2silu=0/0 lnorm=0/0 prefetch=0/0
[TASK_TIME2] worker=171 prep=0/0 attend=0/0 merge=0/0 router=0/0 copy=0/0 w2silu=0/0 lnorm=0/0 prefetch=0/0
[TASK_TIME2] worker=203 prep=0/0 attend=0/0 merge=0/0 router=0/0 copy=0/0 w2silu=0/0 lnorm=0/0 prefetch=0/0
[TASK_TIME2] worker=19 prep=0/0 attend=277888/2 merge=0/0 router=0/0 copy=0/0 w2silu=0/0 lnorm=0/0 prefetch=0/0
[TASK_TIME2] worker=187 prep=0/0 attend=0/0 merge=0/0 router=0/0 copy=0/0 w2silu=0/0 lnorm=0/0 prefetch=0/0
[TASK_TIME2] worker=238 prep=0/0 attend=0/0 merge=0/0 router=0/0 copy=0/0 w2silu=0/0 lnorm=0/0 prefetch=0/0
[TIMING] worker=169 tasks=4 poll_iters=6942 dep_iters=3441 poll_cycles=4182108 dep_cycles=1052372 exec_cycles=197364 signal_cycles=13764
[TASK_TIME] worker=51 linear=115996/2 linear_res=0/0 attn=0/0 rms=0/0 silu=0/0 fused=0/0
[TASK_TIME2] worker=188 prep=0/0 attend=0/0 merge=0/0 router=0/0 copy=0/0 w2silu=0/0 lnorm=0/0 prefetch=0/0
[TIMING] worker=49 tasks=5 poll_iters=5156 dep_iters=3263 poll_cycles=3065412 dep_cycles=1022160 exec_cycles=237808 signal_cycles=13296
[TASK_TIME2] worker=261 prep=0/0 attend=0/0 merge=0/0 router=0/0 copy=0/0 w2silu=0/0 lnorm=0/0 prefetch=0/0
[TASK_TIME2] worker=195 prep=0/0 attend=0/0 merge=0/0 router=0/0 copy=0/0 w2silu=0/0 lnorm=0/0 prefetch=0/0
[TASK_TIME2] worker=275 prep=0/0 attend=0/0 merge=0/0 router=0/0 copy=0/0 w2silu=0/0 lnorm=0/0 prefetch=0/0
[TIMING] worker=234 tasks=3 poll_iters=52500 dep_iters=2780 poll_cycles=30887420 dep_cycles=804116 exec_cycles=226172 signal_cycles=5908
[TASK_TIME2] worker=28 prep=0/0 attend=273200/2 merge=0/0 router=0/0 copy=0/0 w2silu=0/0 lnorm=0/0 prefetch=0/0
[TASK_TIME2] worker=156 prep=0/0 attend=0/0 merge=0/0 router=0/0 copy=0/0 w2silu=0/0 lnorm=0/0 prefetch=0/0
[TASK_TIME2] worker=164 prep=0/0 attend=0/0 merge=0/0 router=0/0 copy=0/0 w2silu=0/0 lnorm=0/0 prefetch=0/0
[TASK_TIME2] worker=236 prep=0/0 attend=0/0 merge=0/0 router=0/0 copy=0/0 w2silu=0/0 lnorm=0/0 prefetch=0/0
[TASK_TIME2] worker=35 prep=0/0 attend=45164/2 merge=0/0 router=0/0 copy=0/0 w2silu=0/0 lnorm=0/0 prefetch=0/0
[TASK_TIME2] worker=115 prep=0/0 attend=0/0 merge=0/0 router=0/0 copy=0/0 w2silu=0/0 lnorm=0/0 prefetch=0/0
[TASK_TIME2] worker=134 prep=0/0 attend=0/0 merge=0/0 router=0/0 copy=0/0 w2silu=0/0 lnorm=0/0 prefetch=0/0
[TIMING] worker=257 tasks=3 poll_iters=6194 dep_iters=3622 poll_cycles=3661164 dep_cycles=1044340 exec_cycles=114952 signal_cycles=6640
[TASK_TIME2] worker=126 prep=0/0 attend=0/0 merge=0/0 router=0/0 copy=0/0 w2silu=0/0 lnorm=0/0 prefetch=0/0
[TASK_TIME2] worker=219 prep=0/0 attend=0/0 merge=0/0 router=0/0 copy=0/0 w2silu=0/0 lnorm=0/0 prefetch=0/0
[TASK_TIME2] worker=124 prep=0/0 attend=0/0 merge=0/0 router=0/0 copy=0/0 w2silu=0/0 lnorm=0/0 prefetch=0/0
[TASK_TIME2] worker=180 prep=0/0 attend=0/0 merge=0/0 router=0/0 copy=0/0 w2silu=0/0 lnorm=0/0 prefetch=0/0
[TASK_TIME2] worker=4 prep=0/0 attend=293688/2 merge=75636/2 router=0/0 copy=0/0 w2silu=0/0 lnorm=0/0 prefetch=0/0
[TASK_TIME2] worker=251 prep=0/0 attend=0/0 merge=0/0 router=0/0 copy=0/0 w2silu=0/0 lnorm=0/0 prefetch=0/0
[TASK_TIME2] worker=86 prep=0/0 attend=0/0 merge=0/0 router=0/0 copy=0/0 w2silu=0/0 lnorm=0/0 prefetch=0/0
[TASK_TIME2] worker=235 prep=0/0 attend=0/0 merge=0/0 router=0/0 copy=0/0 w2silu=0/0 lnorm=0/0 prefetch=0/0
[TASK_TIME2] worker=60 prep=0/0 attend=0/0 merge=0/0 router=0/0 copy=0/0 w2silu=0/0 lnorm=0/0 prefetch=0/0
[TASK_TIME2] worker=140 prep=0/0 attend=0/0 merge=0/0 router=0/0 copy=0/0 w2silu=0/0 lnorm=0/0 prefetch=0/0
[TASK_TIME2] worker=52 prep=19516/1 attend=0/0 merge=0/0 router=0/0 copy=0/0 w2silu=0/0 lnorm=0/0 prefetch=0/0
[TASK_TIME2] worker=20 prep=0/0 attend=277556/2 merge=0/0 router=0/0 copy=0/0 w2silu=0/0 lnorm=0/0 prefetch=0/0
[TASK_TIME2] worker=292 prep=0/0 attend=0/0 merge=0/0 router=0/0 copy=0/0 w2silu=0/0 lnorm=0/0 prefetch=0/0
[TASK_TIME2] worker=260 prep=0/0 attend=0/0 merge=0/0 router=0/0 copy=0/0 w2silu=0/0 lnorm=0/0 prefetch=0/0
[TASK_TIME2] worker=92 prep=0/0 attend=0/0 merge=0/0 router=0/0 copy=0/0 w2silu=0/0 lnorm=0/0 prefetch=0/0
[TASK_TIME2] worker=227 prep=0/0 attend=0/0 merge=0/0 router=0/0 copy=0/0 w2silu=0/0 lnorm=0/0 prefetch=0/0
[TIMING] worker=32 tasks=7 poll_iters=10562 dep_iters=4165 poll_cycles=6557492 dep_cycles=1127644 exec_cycles=242928 signal_cycles=12556
[TASK_TIME2] worker=107 prep=17948/1 attend=0/0 merge=0/0 router=0/0 copy=0/0 w2silu=0/0 lnorm=0/0 prefetch=0/0
[TIMING] worker=162 tasks=4 poll_iters=29522 dep_iters=2720 poll_cycles=18272712 dep_cycles=886124 exec_cycles=206672 signal_cycles=8440
[TASK_TIME2] worker=83 prep=0/0 attend=0/0 merge=0/0 router=0/0 copy=0/0 w2silu=0/0 lnorm=0/0 prefetch=0/0
[TASK_TIME2] worker=51 prep=18204/1 attend=0/0 merge=0/0 router=0/0 copy=0/0 w2silu=0/0 lnorm=0/0 prefetch=0/0
[TIMING] worker=233 tasks=3 poll_iters=6526 dep_iters=3101 poll_cycles=3896260 dep_cycles=972328 exec_cycles=217092 signal_cycles=7248
[TIMING] worker=265 tasks=3 poll_iters=9851 dep_iters=3286 poll_cycles=5937692 dep_cycles=1039568 exec_cycles=115336 signal_cycles=8704
[TIMING] worker=247 tasks=3 poll_iters=33079 dep_iters=3582 poll_cycles=19203684 dep_cycles=998004 exec_cycles=150616 signal_cycles=6908
[TIMING] worker=31 tasks=7 poll_iters=13930 dep_iters=2682 poll_cycles=8204280 dep_cycles=783240 exec_cycles=479288 signal_cycles=16472
[TIMING] worker=15 tasks=9 poll_iters=19458 dep_iters=2579 poll_cycles=10276352 dep_cycles=697516 exec_cycles=557636 signal_cycles=19184
[TIMING] worker=176 tasks=3 poll_iters=3111 dep_iters=3852 poll_cycles=1877228 dep_cycles=1173240 exec_cycles=140912 signal_cycles=8292
[TIMING] worker=114 tasks=5 poll_iters=46277 dep_iters=3258 poll_cycles=26961716 dep_cycles=878912 exec_cycles=222352 signal_cycles=12388
[TIMING] worker=50 tasks=5 poll_iters=44158 dep_iters=3019 poll_cycles=25798808 dep_cycles=852168 exec_cycles=243348 signal_cycles=10192
[TIMING] worker=138 tasks=5 poll_iters=55531 dep_iters=3302 poll_cycles=34502804 dep_cycles=904440 exec_cycles=203088 signal_cycles=17520
[TIMING] worker=208 tasks=3 poll_iters=10915 dep_iters=3463 poll_cycles=7285176 dep_cycles=1037136 exec_cycles=219364 signal_cycles=5916
[TIMING] worker=135 tasks=5 poll_iters=14461 dep_iters=3378 poll_cycles=8560940 dep_cycles=1023064 exec_cycles=212856 signal_cycles=17220
[TIMING] worker=231 tasks=3 poll_iters=23731 dep_iters=2993 poll_cycles=13891896 dep_cycles=926220 exec_cycles=230764 signal_cycles=6940
[TIMING] worker=151 tasks=4 poll_iters=30917 dep_iters=3811 poll_cycles=19560252 dep_cycles=1021828 exec_cycles=206112 signal_cycles=10252
[TIMING] worker=95 tasks=5 poll_iters=51776 dep_iters=3387 poll_cycles=31469268 dep_cycles=990560 exec_cycles=225848 signal_cycles=13004
[TIMING] worker=63 tasks=5 poll_iters=15937 dep_iters=3362 poll_cycles=9380072 dep_cycles=997840 exec_cycles=226432 signal_cycles=12172
[TIMING] worker=232 tasks=3 poll_iters=3041 dep_iters=3274 poll_cycles=1836116 dep_cycles=1021032 exec_cycles=219032 signal_cycles=8780
[TIMING] worker=143 tasks=4 poll_iters=51079 dep_iters=3758 poll_cycles=43140956 dep_cycles=1024996 exec_cycles=204044 signal_cycles=9664
[TIMING] worker=170 tasks=4 poll_iters=47959 dep_iters=3150 poll_cycles=27999608 dep_cycles=883780 exec_cycles=201904 signal_cycles=11344
[TIMING] worker=8 tasks=9 poll_iters=2938 dep_iters=2702 poll_cycles=1772864 dep_cycles=810576 exec_cycles=556160 signal_cycles=21700
[TIMING] worker=199 tasks=3 poll_iters=18633 dep_iters=3019 poll_cycles=10897396 dep_cycles=932224 exec_cycles=231608 signal_cycles=13096
[TIMING] worker=263 tasks=3 poll_iters=23579 dep_iters=3168 poll_cycles=13731688 dep_cycles=990508 exec_cycles=127216 signal_cycles=6660
[TIMING] worker=185 tasks=3 poll_iters=41954 dep_iters=3517 poll_cycles=26540112 dep_cycles=999660 exec_cycles=213348 signal_cycles=6308
[TIMING] worker=90 tasks=5 poll_iters=38512 dep_iters=2933 poll_cycles=22513480 dep_cycles=863672 exec_cycles=222900 signal_cycles=12984
[TIMING] worker=88 tasks=5 poll_iters=25608 dep_iters=4219 poll_cycles=16587220 dep_cycles=1132464 exec_cycles=219964 signal_cycles=10448
[TIMING] worker=106 tasks=5 poll_iters=72657 dep_iters=3250 poll_cycles=43268976 dep_cycles=898092 exec_cycles=219312 signal_cycles=10524
[TIMING] worker=97 tasks=5 poll_iters=8577 dep_iters=3823 poll_cycles=5077308 dep_cycles=1035460 exec_cycles=214532 signal_cycles=13496
[TIMING] worker=96 tasks=5 poll_iters=4494 dep_iters=4127 poll_cycles=2690668 dep_cycles=1123740 exec_cycles=222984 signal_cycles=9124
[TIMING] worker=48 tasks=5 poll_iters=2809 dep_iters=3652 poll_cycles=1696536 dep_cycles=1137684 exec_cycles=237248 signal_cycles=10644
[TIMING] worker=55 tasks=5 poll_iters=21230 dep_iters=3496 poll_cycles=12669004 dep_cycles=985484 exec_cycles=241592 signal_cycles=12796
[TIMING] worker=295 tasks=3 poll_iters=24372 dep_iters=3126 poll_cycles=14174852 dep_cycles=976320 exec_cycles=127476 signal_cycles=6668
[TIMING] worker=0 tasks=9 poll_iters=22327 dep_iters=2962 poll_cycles=13445488 dep_cycles=807360 exec_cycles=537256 signal_cycles=25868
[TIMING] worker=33 tasks=7 poll_iters=9332 dep_iters=3865 poll_cycles=5343908 dep_cycles=1060048 exec_cycles=234968 signal_cycles=14796
[TIMING] worker=122 tasks=5 poll_iters=37153 dep_iters=2897 poll_cycles=21740248 dep_cycles=879448 exec_cycles=221384 signal_cycles=11336
[TIMING] worker=266 tasks=3 poll_iters=47613 dep_iters=3052 poll_cycles=27799020 dep_cycles=869544 exec_cycles=125468 signal_cycles=6644
[TIMING] worker=272 tasks=3 poll_iters=4047 dep_iters=3541 poll_cycles=2327296 dep_cycles=1085752 exec_cycles=117536 signal_cycles=5896
[TIMING] worker=154 tasks=4 poll_iters=35843 dep_iters=2978 poll_cycles=21149100 dep_cycles=893524 exec_cycles=199372 signal_cycles=10324
[TIMING] worker=10 tasks=9 poll_iters=86451 dep_iters=2064 poll_cycles=46298588 dep_cycles=549760 exec_cycles=569128 signal_cycles=26884
[TIMING] worker=242 tasks=3 poll_iters=117176 dep_iters=2841 poll_cycles=68681476 dep_cycles=796776 exec_cycles=226536 signal_cycles=11472
[TIMING] worker=73 tasks=5 poll_iters=5416 dep_iters=3521 poll_cycles=3202920 dep_cycles=1042512 exec_cycles=214680 signal_cycles=13088
[TIMING] worker=80 tasks=5 poll_iters=2579 dep_iters=3643 poll_cycles=1551444 dep_cycles=1133884 exec_cycles=221376 signal_cycles=13156
[TIMING] worker=177 tasks=3 poll_iters=70391 dep_iters=3704 poll_cycles=44266152 dep_cycles=1116012 exec_cycles=142116 signal_cycles=6748
[TIMING] worker=217 tasks=3 poll_iters=6218 dep_iters=3511 poll_cycles=3687648 dep_cycles=979884 exec_cycles=217416 signal_cycles=10408
[TIMING] worker=129 tasks=5 poll_iters=34289 dep_iters=3857 poll_cycles=39281664 dep_cycles=1066552 exec_cycles=196976 signal_cycles=13364
[TIMING] worker=39 tasks=7 poll_iters=10944 dep_iters=3440 poll_cycles=6473084 dep_cycles=1008480 exec_cycles=249096 signal_cycles=15944
[TIMING] worker=159 tasks=4 poll_iters=19513 dep_iters=3404 poll_cycles=11675224 dep_cycles=1015576 exec_cycles=209504 signal_cycles=10288
[TIMING] worker=137 tasks=5 poll_iters=6411 dep_iters=3551 poll_cycles=3869804 dep_cycles=1073428 exec_cycles=199896 signal_cycles=12912
[TIMING] worker=127 tasks=5 poll_iters=17232 dep_iters=3389 poll_cycles=10112928 dep_cycles=1022188 exec_cycles=207380 signal_cycles=13580
[TIMING] worker=193 tasks=3 poll_iters=26407 dep_iters=3486 poll_cycles=17212740 dep_cycles=991220 exec_cycles=216588 signal_cycles=7036
[TIMING] worker=23 tasks=7 poll_iters=16548 dep_iters=2691 poll_cycles=9766672 dep_cycles=778148 exec_cycles=487072 signal_cycles=16252
[TIMING] worker=113 tasks=5 poll_iters=117078 dep_iters=3632 poll_cycles=74040488 dep_cycles=1078940 exec_cycles=211108 signal_cycles=11260
[TIMING] worker=128 tasks=5 poll_iters=20638 dep_iters=4023 poll_cycles=26272496 dep_cycles=1130656 exec_cycles=194736 signal_cycles=12840
[TIMING] worker=144 tasks=4 poll_iters=13301 dep_iters=3806 poll_cycles=16709996 dep_cycles=1129656 exec_cycles=196528 signal_cycles=7976
[TIMING] worker=279 tasks=3 poll_iters=32913 dep_iters=3522 poll_cycles=19272428 dep_cycles=983780 exec_cycles=127936 signal_cycles=5744
[TIMING] worker=264 tasks=3 poll_iters=81628 dep_iters=3483 poll_cycles=52288028 dep_cycles=1089696 exec_cycles=116952 signal_cycles=6540
[TIMING] worker=47 tasks=5 poll_iters=41700 dep_iters=3619 poll_cycles=25468220 dep_cycles=986044 exec_cycles=241608 signal_cycles=10204
[TIMING] worker=201 tasks=3 poll_iters=46292 dep_iters=3197 poll_cycles=29185888 dep_cycles=987908 exec_cycles=217112 signal_cycles=7004
[TIMING] worker=111 tasks=5 poll_iters=24955 dep_iters=3715 poll_cycles=14857100 dep_cycles=1027644 exec_cycles=225236 signal_cycles=10976
[TIMING] worker=152 tasks=4 poll_iters=2514 dep_iters=4034 poll_cycles=1491040 dep_cycles=1115088 exec_cycles=201696 signal_cycles=14352
[TIMING] worker=178 tasks=3 poll_iters=55293 dep_iters=3500 poll_cycles=32580640 dep_cycles=954636 exec_cycles=132000 signal_cycles=11572
[TIMING] worker=56 tasks=5 poll_iters=12839 dep_iters=4196 poll_cycles=8672396 dep_cycles=1150948 exec_cycles=218632 signal_cycles=11560
[TIMING] worker=9 tasks=9 poll_iters=9095 dep_iters=2454 poll_cycles=5609652 dep_cycles=747708 exec_cycles=548688 signal_cycles=23044
[TIMING] worker=41 tasks=5 poll_iters=27749 dep_iters=3422 poll_cycles=18439564 dep_cycles=1026572 exec_cycles=234768 signal_cycles=12468
[TIMING] worker=57 tasks=5 poll_iters=5874 dep_iters=3806 poll_cycles=3515788 dep_cycles=1050056 exec_cycles=206052 signal_cycles=12416
[TIMING] worker=98 tasks=5 poll_iters=52734 dep_iters=2996 poll_cycles=30986020 dep_cycles=892036 exec_cycles=225036 signal_cycles=16160
[TIMING] worker=145 tasks=4 poll_iters=10972 dep_iters=3661 poll_cycles=9481044 dep_cycles=1072388 exec_cycles=193852 signal_cycles=8532
[TIMING] worker=210 tasks=3 poll_iters=63517 dep_iters=2974 poll_cycles=33346228 dep_cycles=816448 exec_cycles=225596 signal_cycles=5852
[TIMING] worker=249 tasks=3 poll_iters=57631 dep_iters=3631 poll_cycles=36400584 dep_cycles=1049300 exec_cycles=139424 signal_cycles=6100
[TIMING] worker=153 tasks=4 poll_iters=16158 dep_iters=3911 poll_cycles=14505440 dep_cycles=1063992 exec_cycles=196084 signal_cycles=9248
[TIMING] worker=215 tasks=3 poll_iters=40633 dep_iters=3416 poll_cycles=21538116 dep_cycles=933632 exec_cycles=232696 signal_cycles=6916
[TIMING] worker=130 tasks=5 poll_iters=40366 dep_iters=2941 poll_cycles=24210912 dep_cycles=887372 exec_cycles=204880 signal_cycles=15492
[TIMING] worker=241 tasks=3 poll_iters=16570 dep_iters=3137 poll_cycles=10876864 dep_cycles=970608 exec_cycles=216908 signal_cycles=6840
[TIMING] worker=7 tasks=9 poll_iters=24396 dep_iters=1904 poll_cycles=15643368 dep_cycles=668632 exec_cycles=578564 signal_cycles=30540
[TIMING] worker=168 tasks=4 poll_iters=2335 dep_iters=3579 poll_cycles=1395020 dep_cycles=1113700 exec_cycles=202296 signal_cycles=10200
[TIMING] worker=184 tasks=3 poll_iters=2449 dep_iters=3681 poll_cycles=1470664 dep_cycles=1049724 exec_cycles=216228 signal_cycles=6028
[TIMING] worker=218 tasks=3 poll_iters=48032 dep_iters=2671 poll_cycles=27987836 dep_cycles=812724 exec_cycles=226340 signal_cycles=6520
[TIMING] worker=289 tasks=3 poll_iters=14992 dep_iters=3555 poll_cycles=9353268 dep_cycles=1032268 exec_cycles=114784 signal_cycles=6548
[TIMING] worker=200 tasks=3 poll_iters=5957 dep_iters=3348 poll_cycles=4167892 dep_cycles=1035180 exec_cycles=222788 signal_cycles=8312
[TIMING] worker=225 tasks=3 poll_iters=5590 dep_iters=3124 poll_cycles=4123608 dep_cycles=973712 exec_cycles=220132 signal_cycles=8716
[TIMING] worker=250 tasks=3 poll_iters=52629 dep_iters=2811 poll_cycles=30687628 dep_cycles=879392 exec_cycles=146052 signal_cycles=6344
[TIMING] worker=226 tasks=3 poll_iters=32078 dep_iters=2603 poll_cycles=18699260 dep_cycles=809024 exec_cycles=226000 signal_cycles=7012
[TIMING] worker=74 tasks=5 poll_iters=100355 dep_iters=3229 poll_cycles=59458440 dep_cycles=871068 exec_cycles=218692 signal_cycles=11316
[TIMING] worker=81 tasks=5 poll_iters=15908 dep_iters=3333 poll_cycles=10447268 dep_cycles=1032472 exec_cycles=217744 signal_cycles=16392
[TIMING] worker=160 tasks=4 poll_iters=3428 dep_iters=4009 poll_cycles=2066688 dep_cycles=1123472 exec_cycles=195064 signal_cycles=8304
[TIMING] worker=40 tasks=5 poll_iters=37011 dep_iters=3796 poll_cycles=24381448 dep_cycles=1131528 exec_cycles=246000 signal_cycles=11848
[TIMING] worker=216 tasks=3 poll_iters=3604 dep_iters=3675 poll_cycles=2164236 dep_cycles=1030584 exec_cycles=220344 signal_cycles=6468
[TIMING] worker=66 tasks=5 poll_iters=48032 dep_iters=2914 poll_cycles=28146656 dep_cycles=869424 exec_cycles=221132 signal_cycles=11792
[TIMING] worker=89 tasks=5 poll_iters=5235 dep_iters=3877 poll_cycles=3090608 dep_cycles=1039756 exec_cycles=210648 signal_cycles=12296
[TIMING] worker=281 tasks=3 poll_iters=37361 dep_iters=3650 poll_cycles=23838432 dep_cycles=1035212 exec_cycles=114876 signal_cycles=6556
[TIMING] worker=71 tasks=5 poll_iters=18662 dep_iters=3347 poll_cycles=11025508 dep_cycles=996356 exec_cycles=222484 signal_cycles=13564
[TIMING] worker=202 tasks=3 poll_iters=81494 dep_iters=2915 poll_cycles=48578332 dep_cycles=817100 exec_cycles=229240 signal_cycles=8092
[TIMING] worker=2 tasks=9 poll_iters=32990 dep_iters=1903 poll_cycles=19194092 dep_cycles=556428 exec_cycles=568616 signal_cycles=23304
[TIMING] worker=16 tasks=7 poll_iters=4218 dep_iters=2753 poll_cycles=2613848 dep_cycles=878792 exec_cycles=493440 signal_cycles=16704
[TIMING] worker=183 tasks=3 poll_iters=28928 dep_iters=3455 poll_cycles=17159984 dep_cycles=947272 exec_cycles=232212 signal_cycles=7800
[TIMING] worker=120 tasks=5 poll_iters=4603 dep_iters=3963 poll_cycles=2826716 dep_cycles=1107152 exec_cycles=224252 signal_cycles=11092
[TIMING] worker=248 tasks=3 poll_iters=2826 dep_iters=3826 poll_cycles=1688080 dep_cycles=1097960 exec_cycles=140500 signal_cycles=5724
[TIMING] worker=209 tasks=3 poll_iters=8728 dep_iters=3288 poll_cycles=5229888 dep_cycles=987212 exec_cycles=218728 signal_cycles=8232
[TIMING] worker=25 tasks=7 poll_iters=7378 dep_iters=3036 poll_cycles=3934284 dep_cycles=832356 exec_cycles=465112 signal_cycles=17140
[TIMING] worker=256 tasks=3 poll_iters=1037 dep_iters=3471 poll_cycles=1554708 dep_cycles=1092072 exec_cycles=117500 signal_cycles=6144
[TIMING] worker=161 tasks=4 poll_iters=20775 dep_iters=3842 poll_cycles=13524800 dep_cycles=1064428 exec_cycles=191596 signal_cycles=9648
[TIMING] worker=186 tasks=3 poll_iters=38764 dep_iters=2672 poll_cycles=22685640 dep_cycles=826632 exec_cycles=222996 signal_cycles=6840
[TIMING] worker=1 tasks=9 poll_iters=7133 dep_iters=2687 poll_cycles=3799772 dep_cycles=744888 exec_cycles=533552 signal_cycles=25780
[TIMING] worker=136 tasks=5 poll_iters=53234 dep_iters=3687 poll_cycles=66660840 dep_cycles=1134916 exec_cycles=202796 signal_cycles=12060
[TIMING] worker=192 tasks=3 poll_iters=3926 dep_iters=3670 poll_cycles=2371860 dep_cycles=1039276 exec_cycles=221988 signal_cycles=6292
[TIMING] worker=65 tasks=5 poll_iters=6956 dep_iters=3850 poll_cycles=4177764 dep_cycles=1043784 exec_cycles=213108 signal_cycles=12112
[TIMING] worker=119 tasks=5 poll_iters=62471 dep_iters=3742 poll_cycles=36781492 dep_cycles=1007284 exec_cycles=228592 signal_cycles=12444
[TIMING] worker=146 tasks=4 poll_iters=50417 dep_iters=3325 poll_cycles=27366812 dep_cycles=894496 exec_cycles=202392 signal_cycles=9764
[TIMING] worker=112 tasks=5 poll_iters=5553 dep_iters=3783 poll_cycles=3612960 dep_cycles=1134248 exec_cycles=214276 signal_cycles=12140
[TIMING] worker=175 tasks=4 poll_iters=58141 dep_iters=3598 poll_cycles=35670556 dep_cycles=1011664 exec_cycles=206772 signal_cycles=9040
[TIMING] worker=274 tasks=3 poll_iters=70463 dep_iters=3118 poll_cycles=41861456 dep_cycles=868760 exec_cycles=124348 signal_cycles=5592
[TIMING] worker=290 tasks=3 poll_iters=38398 dep_iters=2728 poll_cycles=22337764 dep_cycles=860204 exec_cycles=125484 signal_cycles=6940
[TIMING] worker=103 tasks=5 poll_iters=20789 dep_iters=3453 poll_cycles=12254012 dep_cycles=1028896 exec_cycles=222364 signal_cycles=13284
[TIMING] worker=287 tasks=3 poll_iters=25544 dep_iters=3154 poll_cycles=14871972 dep_cycles=978500 exec_cycles=127920 signal_cycles=8124
[TIMING] worker=82 tasks=5 poll_iters=41845 dep_iters=3010 poll_cycles=24550456 dep_cycles=860940 exec_cycles=225312 signal_cycles=12496
[TIMING] worker=288 tasks=3 poll_iters=3578 dep_iters=3717 poll_cycles=2131320 dep_cycles=1078456 exec_cycles=117520 signal_cycles=6252
[TIMING] worker=224 tasks=3 poll_iters=2688 dep_iters=3601 poll_cycles=1612848 dep_cycles=1026284 exec_cycles=220156 signal_cycles=6456
[TIMING] worker=273 tasks=3 poll_iters=18746 dep_iters=3402 poll_cycles=11669404 dep_cycles=1038880 exec_cycles=115560 signal_cycles=6200
[TIMING] worker=105 tasks=5 poll_iters=7928 dep_iters=3570 poll_cycles=4771216 dep_cycles=1078600 exec_cycles=211084 signal_cycles=12420
[TIMING] worker=240 tasks=3 poll_iters=3004 dep_iters=3307 poll_cycles=1812608 dep_cycles=1018744 exec_cycles=221204 signal_cycles=6656
[TIMING] worker=58 tasks=5 poll_iters=31409 dep_iters=2930 poll_cycles=18291004 dep_cycles=879164 exec_cycles=210224 signal_cycles=13076
[TIMING] worker=87 tasks=5 poll_iters=57603 dep_iters=3492 poll_cycles=34833584 dep_cycles=993068 exec_cycles=228664 signal_cycles=10696
[TIMING] worker=34 tasks=7 poll_iters=29822 dep_iters=2977 poll_cycles=17366476 dep_cycles=871948 exec_cycles=253492 signal_cycles=14808
[TIMING] worker=121 tasks=5 poll_iters=8655 dep_iters=3829 poll_cycles=5180588 dep_cycles=1051348 exec_cycles=216076 signal_cycles=10492
[TIMING] worker=167 tasks=4 poll_iters=18790 dep_iters=3322 poll_cycles=11028296 dep_cycles=1009040 exec_cycles=211732 signal_cycles=11460
[TASK_TIME] worker=257 linear=23216/1 linear_res=0/0 attn=0/0 rms=0/0 silu=0/0 fused=0/0
[TIMING] worker=26 tasks=7 poll_iters=40542 dep_iters=2220 poll_cycles=23661144 dep_cycles=646420 exec_cycles=481260 signal_cycles=15956
[TASK_TIME] worker=138 linear=95108/1 linear_res=22976/1 attn=0/0 rms=0/0 silu=0/0 fused=0/0
[TIMING] worker=17 tasks=7 poll_iters=8521 dep_iters=2592 poll_cycles=5252140 dep_cycles=834936 exec_cycles=469912 signal_cycles=16140
[TIMING] worker=255 tasks=3 poll_iters=22002 dep_iters=3169 poll_cycles=12828924 dep_cycles=994340 exec_cycles=150880 signal_cycles=7176
[TASK_TIME] worker=106 linear=95920/1 linear_res=22504/1 attn=0/0 rms=0/0 silu=0/0 fused=0/0
[TASK_TIME] worker=247 linear=23032/1 linear_res=0/0 attn=0/0 rms=0/0 silu=0/0 fused=0/0
[TIMING] worker=207 tasks=3 poll_iters=32845 dep_iters=3372 poll_cycles=19385092 dep_cycles=936072 exec_cycles=230072 signal_cycles=6968
[TASK_TIME] worker=114 linear=91460/1 linear_res=44604/2 attn=0/0 rms=0/0 silu=0/0 fused=0/0
[TASK_TIME] worker=239 linear=0/0 linear_res=101392/1 attn=0/0 rms=0/0 silu=0/0 fused=0/0
[TASK_TIME] worker=33 linear=88500/3 linear_res=0/0 attn=0/0 rms=0/0 silu=0/0 fused=0/0
[TASK_TIME] worker=79 linear=113956/2 linear_res=22524/1 attn=0/0 rms=0/0 silu=0/0 fused=0/0
[TIMING] worker=191 tasks=3 poll_iters=21710 dep_iters=3077 poll_cycles=12712824 dep_cycles=946044 exec_cycles=227516 signal_cycles=7232
[TASK_TIME] worker=73 linear=110220/2 linear_res=22540/1 attn=0/0 rms=0/0 silu=0/0 fused=0/0
[TIMING] worker=258 tasks=3 poll_iters=40489 dep_iters=2755 poll_cycles=23559884 dep_cycles=868564 exec_cycles=125592 signal_cycles=11028
[TIMING] worker=194 tasks=3 poll_iters=72277 dep_iters=2656 poll_cycles=43076128 dep_cycles=817712 exec_cycles=228312 signal_cycles=8496
[TASK_TIME] worker=97 linear=108924/2 linear_res=24600/1 attn=0/0 rms=0/0 silu=0/0 fused=0/0
[TIMING] worker=64 tasks=5 poll_iters=72244 dep_iters=4193 poll_cycles=46107872 dep_cycles=1145652 exec_cycles=219968 signal_cycles=10224
[TIMING] worker=282 tasks=3 poll_iters=45809 dep_iters=2800 poll_cycles=26695940 dep_cycles=864564 exec_cycles=123920 signal_cycles=7004
[TASK_TIME] worker=143 linear=93028/1 linear_res=22508/1 attn=0/0 rms=0/0 silu=0/0 fused=0/0
[TASK_TIME] worker=47 linear=113896/2 linear_res=0/0 attn=0/0 rms=0/0 silu=0/0 fused=0/0
[TASK_TIME] worker=15 linear=90468/3 linear_res=0/0 attn=0/0 rms=0/0 silu=0/0 fused=0/0
[TASK_TIME] worker=249 linear=22336/1 linear_res=0/0 attn=0/0 rms=0/0 silu=0/0 fused=0/0
[TASK_TIME] worker=265 linear=23216/1 linear_res=0/0 attn=0/0 rms=0/0 silu=0/0 fused=0/0
[TASK_TIME] worker=271 linear=23064/1 linear_res=0/0 attn=0/0 rms=0/0 silu=0/0 fused=0/0
[TASK_TIME] worker=18 linear=90564/3 linear_res=0/0 attn=0/0 rms=0/0 silu=0/0 fused=0/0
[TASK_TIME] worker=113 linear=89264/1 linear_res=21952/1 attn=0/0 rms=0/0 silu=0/0 fused=0/0
[TASK_TIME] worker=55 linear=114912/2 linear_res=0/0 attn=0/0 rms=0/0 silu=0/0 fused=0/0
[TASK_TIME] worker=90 linear=113388/2 linear_res=21884/1 attn=0/0 rms=0/0 silu=0/0 fused=0/0
[TASK_TIME] worker=63 linear=115292/2 linear_res=22492/1 attn=0/0 rms=0/0 silu=0/0 fused=0/0
[TIMING] worker=72 tasks=5 poll_iters=2925 dep_iters=3829 poll_cycles=1766852 dep_cycles=1142528 exec_cycles=221612 signal_cycles=10264
[TASK_TIME] worker=169 linear=91632/1 linear_res=22704/1 attn=0/0 rms=0/0 silu=0/0 fused=0/0
[TASK_TIME] worker=289 linear=23296/1 linear_res=0/0 attn=0/0 rms=0/0 silu=0/0 fused=0/0
[TASK_TIME] worker=217 linear=0/0 linear_res=101104/1 attn=0/0 rms=0/0 silu=0/0 fused=0/0
[TASK_TIME] worker=234 linear=0/0 linear_res=102312/1 attn=0/0 rms=0/0 silu=0/0 fused=0/0
[TASK_TIME] worker=178 linear=0/0 linear_res=0/0 attn=0/0 rms=4724/1 silu=0/0 fused=0/0
[TASK_TIME] worker=215 linear=0/0 linear_res=102276/1 attn=0/0 rms=0/0 silu=0/0 fused=0/0
[TASK_TIME] worker=233 linear=0/0 linear_res=100928/1 attn=0/0 rms=0/0 silu=0/0 fused=0/0
[TASK_TIME] worker=183 linear=0/0 linear_res=100692/1 attn=0/0 rms=0/0 silu=0/0 fused=0/0
[TASK_TIME] worker=201 linear=0/0 linear_res=100136/1 attn=0/0 rms=0/0 silu=0/0 fused=0/0
[TASK_TIME] worker=210 linear=0/0 linear_res=100296/1 attn=0/0 rms=0/0 silu=0/0 fused=0/0
[TASK_TIME] worker=223 linear=0/0 linear_res=102012/1 attn=0/0 rms=0/0 silu=0/0 fused=0/0
[TASK_TIME] worker=279 linear=23024/1 linear_res=0/0 attn=0/0 rms=0/0 silu=0/0 fused=0/0
[TASK_TIME] worker=193 linear=0/0 linear_res=100140/1 attn=0/0 rms=0/0 silu=0/0 fused=0/0
[TASK_TIME] worker=9 linear=88368/3 linear_res=0/0 attn=0/0 rms=0/0 silu=0/0 fused=0/0
[TASK_TIME] worker=295 linear=23076/1 linear_res=0/0 attn=0/0 rms=0/0 silu=0/0 fused=0/0
[TASK_TIME] worker=23 linear=91336/3 linear_res=0/0 attn=0/0 rms=0/0 silu=0/0 fused=0/0
[TASK_TIME] worker=151 linear=94332/1 linear_res=22592/1 attn=0/0 rms=0/0 silu=0/0 fused=0/0
[TASK_TIME] worker=41 linear=131256/3 linear_res=0/0 attn=0/0 rms=0/0 silu=0/0 fused=0/0
[TASK_TIME] worker=25 linear=88300/3 linear_res=0/0 attn=0/0 rms=0/0 silu=0/0 fused=0/0
[TASK_TIME] worker=89 linear=107612/2 linear_res=22088/1 attn=0/0 rms=0/0 silu=0/0 fused=0/0
[TASK_TIME] worker=159 linear=93608/1 linear_res=22808/1 attn=0/0 rms=0/0 silu=0/0 fused=0/0
[TASK_TIME] worker=225 linear=0/0 linear_res=101000/1 attn=0/0 rms=0/0 silu=0/0 fused=0/0
[TASK_TIME] worker=170 linear=96208/1 linear_res=22536/1 attn=0/0 rms=0/0 silu=0/0 fused=0/0
[TASK_TIME] worker=209 linear=0/0 linear_res=99136/1 attn=0/0 rms=0/0 silu=0/0 fused=0/0
[TASK_TIME] worker=177 linear=0/0 linear_res=22712/1 attn=0/0 rms=0/0 silu=0/0 fused=0/0
[TASK_TIME] worker=135 linear=95632/1 linear_res=22852/1 attn=0/0 rms=0/0 silu=0/0 fused=0/0
[TIMING] worker=280 tasks=3 poll_iters=92445 dep_iters=3814 poll_cycles=58598916 dep_cycles=1080248 exec_cycles=117516 signal_cycles=8136
[TASK_TIME] worker=242 linear=0/0 linear_res=102444/1 attn=0/0 rms=0/0 silu=0/0 fused=0/0
[TASK_TIME] worker=162 linear=94180/1 linear_res=22752/1 attn=0/0 rms=0/0 silu=0/0 fused=0/0
[TASK_TIME] worker=226 linear=0/0 linear_res=100804/1 attn=0/0 rms=0/0 silu=0/0 fused=0/0
[TASK_TIME] worker=1 linear=67452/2 linear_res=0/0 attn=0/0 rms=7124/1 silu=0/0 fused=0/0
[TASK_TIME] worker=145 linear=89112/1 linear_res=22092/1 attn=0/0 rms=0/0 silu=0/0 fused=0/0
[TASK_TIME] worker=186 linear=0/0 linear_res=99020/1 attn=0/0 rms=0/0 silu=0/0 fused=0/0
[TASK_TIME] worker=49 linear=110284/2 linear_res=0/0 attn=0/0 rms=0/0 silu=0/0 fused=0/0
[TASK_TIME] worker=57 linear=108344/2 linear_res=0/0 attn=0/0 rms=0/0 silu=0/0 fused=0/0
[TASK_TIME] worker=95 linear=115848/2 linear_res=21900/1 attn=0/0 rms=0/0 silu=0/0 fused=0/0
[TASK_TIME] worker=137 linear=91248/1 linear_res=23012/1 attn=0/0 rms=0/0 silu=0/0 fused=0/0
[TASK_TIME] worker=128 linear=92588/1 linear_res=22572/1 attn=0/0 rms=0/0 silu=2580/1 fused=0/0
[TASK_TIME] worker=199 linear=0/0 linear_res=102128/1 attn=0/0 rms=0/0 silu=0/0 fused=0/0
[TASK_TIME] worker=17 linear=89036/3 linear_res=0/0 attn=0/0 rms=0/0 silu=0/0 fused=0/0
[TIMING] worker=24 tasks=7 poll_iters=4609 dep_iters=3299 poll_cycles=2526768 dep_cycles=890936 exec_cycles=482404 signal_cycles=15164
[TASK_TIME] worker=111 linear=95200/1 linear_res=22376/1 attn=0/0 rms=0/0 silu=0/0 fused=0/0
[TASK_TIME] worker=161 linear=86488/1 linear_res=22848/1 attn=0/0 rms=0/0 silu=0/0 fused=0/0
[TASK_TIME] worker=281 linear=23220/1 linear_res=0/0 attn=0/0 rms=0/0 silu=0/0 fused=0/0
[TASK_TIME] worker=202 linear=0/0 linear_res=101216/1 attn=0/0 rms=0/0 silu=0/0 fused=0/0
[TASK_TIME] worker=241 linear=0/0 linear_res=100736/1 attn=0/0 rms=0/0 silu=0/0 fused=0/0
[TASK_TIME] worker=10 linear=90192/3 linear_res=0/0 attn=0/0 rms=0/0 silu=0/0 fused=0/0
[TASK_TIME] worker=103 linear=94060/1 linear_res=22512/1 attn=0/0 rms=0/0 silu=0/0 fused=0/0
[TASK_TIME] worker=119 linear=94876/1 linear_res=45248/2 attn=0/0 rms=0/0 silu=0/0 fused=0/0
[TASK_TIME] worker=273 linear=22588/1 linear_res=0/0 attn=0/0 rms=0/0 silu=0/0 fused=0/0
[TASK_TIME] worker=266 linear=23312/1 linear_res=0/0 attn=0/0 rms=0/0 silu=0/0 fused=0/0
[TASK_TIME] worker=81 linear=110736/2 linear_res=24712/1 attn=0/0 rms=0/0 silu=0/0 fused=0/0
[TASK_TIME] worker=129 linear=87888/1 linear_res=22960/1 attn=0/0 rms=0/0 silu=2528/1 fused=0/0
[TASK_TIME] worker=65 linear=108668/2 linear_res=22812/1 attn=0/0 rms=0/0 silu=0/0 fused=0/0
[TASK_TIME] worker=160 linear=91344/1 linear_res=22544/1 attn=0/0 rms=0/0 silu=0/0 fused=0/0
[TASK_TIME] worker=71 linear=115360/2 linear_res=22512/1 attn=0/0 rms=0/0 silu=0/0 fused=0/0
[TASK_TIME] worker=175 linear=94176/1 linear_res=22828/1 attn=0/0 rms=0/0 silu=0/0 fused=0/0
[TIMING] worker=104 tasks=5 poll_iters=8592 dep_iters=3728 poll_cycles=5776096 dep_cycles=1135332 exec_cycles=218608 signal_cycles=10056
[TASK_TIME] worker=39 linear=89420/3 linear_res=0/0 attn=0/0 rms=0/0 silu=0/0 fused=0/0
[TASK_TIME] worker=96 linear=118556/2 linear_res=22564/1 attn=0/0 rms=0/0 silu=0/0 fused=0/0
[TASK_TIME] worker=152 linear=97024/1 linear_res=22604/1 attn=0/0 rms=0/0 silu=0/0 fused=0/0
[TASK_TIME] worker=2 linear=91808/3 linear_res=0/0 attn=0/0 rms=0/0 silu=0/0 fused=0/0
[TASK_TIME2] worker=33 prep=0/0 attend=42288/2 merge=0/0 router=0/0 copy=0/0 w2silu=0/0 lnorm=0/0 prefetch=0/0
[TASK_TIME] worker=50 linear=114316/2 linear_res=0/0 attn=0/0 rms=0/0 silu=0/0 fused=0/0
[TASK_TIME] worker=48 linear=114888/2 linear_res=0/0 attn=0/0 rms=0/0 silu=0/0 fused=0/0
[TASK_TIME] worker=42 linear=134728/3 linear_res=0/0 attn=0/0 rms=0/0 silu=0/0 fused=0/0
[TASK_TIME] worker=144 linear=93904/1 linear_res=21940/1 attn=0/0 rms=0/0 silu=0/0 fused=0/0
[TASK_TIME] worker=8 linear=91180/3 linear_res=0/0 attn=0/0 rms=0/0 silu=0/0 fused=0/0
[TASK_TIME] worker=146 linear=91736/1 linear_res=22488/1 attn=0/0 rms=0/0 silu=0/0 fused=0/0
[TASK_TIME] worker=31 linear=89180/3 linear_res=0/0 attn=0/0 rms=0/0 silu=0/0 fused=0/0
[TASK_TIME] worker=153 linear=89164/1 linear_res=22776/1 attn=0/0 rms=0/0 silu=0/0 fused=0/0
[TASK_TIME] worker=127 linear=94720/1 linear_res=22004/1 attn=0/0 rms=0/0 silu=2424/1 fused=0/0
[TASK_TIME] worker=105 linear=89184/1 linear_res=22560/1 attn=0/0 rms=0/0 silu=0/0 fused=0/0
[TASK_TIME] worker=224 linear=0/0 linear_res=102300/1 attn=0/0 rms=0/0 silu=0/0 fused=0/0
[TASK_TIME] worker=185 linear=0/0 linear_res=97908/1 attn=0/0 rms=0/0 silu=0/0 fused=0/0
[TASK_TIME] worker=88 linear=116020/2 linear_res=22008/1 attn=0/0 rms=0/0 silu=0/0 fused=0/0
[TASK_TIME2] worker=249 prep=0/0 attend=0/0 merge=0/0 router=0/0 copy=0/0 w2silu=0/0 lnorm=0/0 prefetch=0/0
[TASK_TIME] worker=208 linear=0/0 linear_res=100000/1 attn=0/0 rms=0/0 silu=0/0 fused=0/0
[TASK_TIME] worker=272 linear=22716/1 linear_res=0/0 attn=0/0 rms=0/0 silu=0/0 fused=0/0
[TASK_TIME] worker=176 linear=0/0 linear_res=22328/1 attn=0/0 rms=0/0 silu=0/0 fused=0/0
[TASK_TIME2] worker=79 prep=0/0 attend=0/0 merge=0/0 router=0/0 copy=0/0 w2silu=0/0 lnorm=0/0 prefetch=0/0
[TASK_TIME] worker=122 linear=94176/1 linear_res=43588/2 attn=0/0 rms=0/0 silu=0/0 fused=0/0
[TASK_TIME2] worker=106 prep=17672/1 attend=0/0 merge=0/0 router=0/0 copy=0/0 w2silu=0/0 lnorm=0/0 prefetch=0/0
[TASK_TIME] worker=256 linear=22788/1 linear_res=0/0 attn=0/0 rms=0/0 silu=0/0 fused=0/0
[TASK_TIME2] worker=217 prep=0/0 attend=0/0 merge=0/0 router=0/0 copy=0/0 w2silu=0/0 lnorm=0/0 prefetch=0/0
[TASK_TIME] worker=231 linear=0/0 linear_res=102304/1 attn=0/0 rms=0/0 silu=0/0 fused=0/0
[TASK_TIME] worker=120 linear=94180/1 linear_res=44084/2 attn=0/0 rms=0/0 silu=0/0 fused=0/0
[TASK_TIME] worker=287 linear=23104/1 linear_res=0/0 attn=0/0 rms=0/0 silu=0/0 fused=0/0
[TASK_TIME] worker=248 linear=22564/1 linear_res=0/0 attn=0/0 rms=0/0 silu=0/0 fused=0/0
[TASK_TIME] worker=56 linear=117828/2 linear_res=0/0 attn=0/0 rms=0/0 silu=0/0 fused=0/0
[TASK_TIME] worker=16 linear=91308/3 linear_res=0/0 attn=0/0 rms=0/0 silu=0/0 fused=0/0
[TASK_TIME2] worker=247 prep=0/0 attend=0/0 merge=0/0 router=0/0 copy=0/0 w2silu=0/0 lnorm=0/0 prefetch=0/0
[TASK_TIME] worker=274 linear=22236/1 linear_res=0/0 attn=0/0 rms=0/0 silu=0/0 fused=0/0
[TASK_TIME2] worker=183 prep=0/0 attend=0/0 merge=0/0 router=0/0 copy=0/0 w2silu=0/0 lnorm=0/0 prefetch=0/0
[TASK_TIME] worker=264 linear=22900/1 linear_res=0/0 attn=0/0 rms=0/0 silu=0/0 fused=0/0
[TASK_TIME] worker=154 linear=93956/1 linear_res=22968/1 attn=0/0 rms=0/0 silu=0/0 fused=0/0
[TASK_TIME] worker=34 linear=89112/3 linear_res=0/0 attn=0/0 rms=0/0 silu=0/0 fused=0/0
[TASK_TIME] worker=263 linear=23088/1 linear_res=0/0 attn=0/0 rms=0/0 silu=0/0 fused=0/0
[TASK_TIME2] worker=239 prep=0/0 attend=0/0 merge=0/0 router=0/0 copy=0/0 w2silu=0/0 lnorm=0/0 prefetch=0/0
[TASK_TIME] worker=232 linear=0/0 linear_res=102268/1 attn=0/0 rms=0/0 silu=0/0 fused=0/0
[TASK_TIME2] worker=97 prep=0/0 attend=0/0 merge=0/0 router=0/0 copy=0/0 w2silu=0/0 lnorm=0/0 prefetch=0/0
[TASK_TIME] worker=112 linear=93484/1 linear_res=22316/1 attn=0/0 rms=0/0 silu=0/0 fused=0/0
[TASK_TIME] worker=290 linear=23324/1 linear_res=0/0 attn=0/0 rms=0/0 silu=0/0 fused=0/0
[TASK_TIME] worker=82 linear=115244/2 linear_res=22548/1 attn=0/0 rms=0/0 silu=0/0 fused=0/0
[TASK_TIME] worker=288 linear=22932/1 linear_res=0/0 attn=0/0 rms=0/0 silu=0/0 fused=0/0
[TASK_TIME] worker=121 linear=88128/1 linear_res=44708/2 attn=0/0 rms=0/0 silu=0/0 fused=0/0
[TASK_TIME2] worker=215 prep=0/0 attend=0/0 merge=0/0 router=0/0 copy=0/0 w2silu=0/0 lnorm=0/0 prefetch=0/0
[TASK_TIME] worker=26 linear=89860/3 linear_res=0/0 attn=0/0 rms=0/0 silu=0/0 fused=0/0
[TASK_TIME] worker=40 linear=136204/3 linear_res=0/0 attn=0/0 rms=0/0 silu=0/0 fused=0/0
[TASK_TIME] worker=74 linear=113312/2 linear_res=22208/1 attn=0/0 rms=0/0 silu=0/0 fused=0/0
[TASK_TIME] worker=207 linear=0/0 linear_res=100700/1 attn=0/0 rms=0/0 silu=0/0 fused=0/0
[TASK_TIME2] worker=257 prep=0/0 attend=0/0 merge=0/0 router=0/0 copy=0/0 w2silu=0/0 lnorm=0/0 prefetch=0/0
[TASK_TIME] worker=192 linear=0/0 linear_res=102300/1 attn=0/0 rms=0/0 silu=0/0 fused=0/0
[TASK_TIME] worker=87 linear=116112/2 linear_res=22512/1 attn=0/0 rms=0/0 silu=0/0 fused=0/0
[TASK_TIME2] worker=47 prep=16568/1 attend=0/0 merge=0/0 router=0/0 copy=0/0 w2silu=0/0 lnorm=0/0 prefetch=0/0
[TASK_TIME2] worker=15 prep=0/0 attend=278084/2 merge=77752/2 router=0/0 copy=0/0 w2silu=0/0 lnorm=0/0 prefetch=0/0
[TASK_TIME] worker=7 linear=91424/3 linear_res=0/0 attn=0/0 rms=0/0 silu=0/0 fused=0/0
[TASK_TIME2] worker=151 prep=0/0 attend=0/0 merge=0/0 router=0/0 copy=0/0 w2silu=0/0 lnorm=0/0 prefetch=0/0
[TASK_TIME] worker=250 linear=22472/1 linear_res=0/0 attn=0/0 rms=0/0 silu=0/0 fused=0/0
[TASK_TIME2] worker=271 prep=0/0 attend=0/0 merge=0/0 router=0/0 copy=0/0 w2silu=0/0 lnorm=0/0 prefetch=0/0
[TASK_TIME] worker=136 linear=95220/1 linear_res=22576/1 attn=0/0 rms=0/0 silu=0/0 fused=0/0
[TASK_TIME] worker=255 linear=22440/1 linear_res=0/0 attn=0/0 rms=0/0 silu=0/0 fused=0/0
[TASK_TIME] worker=98 linear=94580/1 linear_res=22532/1 attn=0/0 rms=0/0 silu=0/0 fused=0/0
[TASK_TIME] worker=167 linear=95944/1 linear_res=22644/1 attn=0/0 rms=0/0 silu=0/0 fused=0/0
[TASK_TIME2] worker=295 prep=0/0 attend=0/0 merge=0/0 router=0/0 copy=0/0 w2silu=0/0 lnorm=0/0 prefetch=0/0
[TASK_TIME] worker=66 linear=115192/2 linear_res=22240/1 attn=0/0 rms=0/0 silu=0/0 fused=0/0
[TASK_TIME] worker=218 linear=0/0 linear_res=101028/1 attn=0/0 rms=0/0 silu=0/0 fused=0/0
[TASK_TIME] worker=191 linear=0/0 linear_res=100356/1 attn=0/0 rms=0/0 silu=0/0 fused=0/0
[TASK_TIME2] worker=138 prep=0/0 attend=0/0 merge=0/0 router=0/0 copy=0/0 w2silu=0/0 lnorm=0/0 prefetch=0/0
[TASK_TIME2] worker=143 prep=0/0 attend=0/0 merge=0/0 router=0/0 copy=0/0 w2silu=0/0 lnorm=0/0 prefetch=0/0
[TASK_TIME2] worker=55 prep=16840/1 attend=0/0 merge=0/0 router=0/0 copy=0/0 w2silu=0/0 lnorm=0/0 prefetch=0/0
[TASK_TIME] worker=258 linear=23336/1 linear_res=0/0 attn=0/0 rms=0/0 silu=0/0 fused=0/0
[TASK_TIME] worker=200 linear=0/0 linear_res=102288/1 attn=0/0 rms=0/0 silu=0/0 fused=0/0
[TASK_TIME2] worker=159 prep=0/0 attend=0/0 merge=0/0 router=0/0 copy=0/0 w2silu=0/0 lnorm=0/0 prefetch=0/0
[TASK_TIME] worker=184 linear=0/0 linear_res=97972/1 attn=0/0 rms=0/0 silu=0/0 fused=0/0
[TASK_TIME2] worker=225 prep=0/0 attend=0/0 merge=0/0 router=0/0 copy=0/0 w2silu=0/0 lnorm=0/0 prefetch=0/0
[TASK_TIME2] worker=223 prep=0/0 attend=0/0 merge=0/0 router=0/0 copy=0/0 w2silu=0/0 lnorm=0/0 prefetch=0/0
[TASK_TIME2] worker=193 prep=0/0 attend=0/0 merge=0/0 router=0/0 copy=0/0 w2silu=0/0 lnorm=0/0 prefetch=0/0
[TASK_TIME2] worker=49 prep=17192/1 attend=0/0 merge=0/0 router=0/0 copy=0/0 w2silu=0/0 lnorm=0/0 prefetch=0/0
[TASK_TIME] worker=130 linear=93288/1 linear_res=22816/1 attn=0/0 rms=0/0 silu=2404/1 fused=0/0
[TASK_TIME2] worker=119 prep=0/0 attend=0/0 merge=0/0 router=0/0 copy=0/0 w2silu=0/0 lnorm=0/0 prefetch=0/0
[TASK_TIME2] worker=199 prep=0/0 attend=0/0 merge=0/0 router=0/0 copy=0/0 w2silu=0/0 lnorm=0/0 prefetch=0/0
[TASK_TIME] worker=168 linear=96556/1 linear_res=22396/1 attn=0/0 rms=0/0 silu=0/0 fused=0/0
[TASK_TIME2] worker=65 prep=0/0 attend=0/0 merge=0/0 router=0/0 copy=0/0 w2silu=0/0 lnorm=0/0 prefetch=0/0
[TASK_TIME] worker=72 linear=116752/2 linear_res=22456/1 attn=0/0 rms=0/0 silu=0/0 fused=0/0
[TASK_TIME] worker=216 linear=0/0 linear_res=102288/1 attn=0/0 rms=0/0 silu=0/0 fused=0/0
[TASK_TIME2] worker=103 prep=18048/1 attend=0/0 merge=0/0 router=0/0 copy=0/0 w2silu=0/0 lnorm=0/0 prefetch=0/0
[TASK_TIME] worker=32 linear=90440/3 linear_res=0/0 attn=0/0 rms=0/0 silu=0/0 fused=0/0
[TASK_TIME2] worker=265 prep=0/0 attend=0/0 merge=0/0 router=0/0 copy=0/0 w2silu=0/0 lnorm=0/0 prefetch=0/0
[TASK_TIME2] worker=233 prep=0/0 attend=0/0 merge=0/0 router=0/0 copy=0/0 w2silu=0/0 lnorm=0/0 prefetch=0/0
[TASK_TIME2] worker=266 prep=0/0 attend=0/0 merge=0/0 router=0/0 copy=0/0 w2silu=0/0 lnorm=0/0 prefetch=0/0
[TASK_TIME2] worker=23 prep=0/0 attend=282560/2 merge=0/0 router=0/0 copy=0/0 w2silu=0/0 lnorm=0/0 prefetch=0/0
[TASK_TIME] worker=282 linear=23312/1 linear_res=0/0 attn=0/0 rms=0/0 silu=0/0 fused=0/0
[TASK_TIME2] worker=73 prep=0/0 attend=0/0 merge=0/0 router=0/0 copy=0/0 w2silu=0/0 lnorm=0/0 prefetch=0/0
[TASK_TIME2] worker=111 prep=17804/1 attend=0/0 merge=0/0 router=0/0 copy=0/0 w2silu=0/0 lnorm=0/0 prefetch=0/0
[TASK_TIME2] worker=137 prep=0/0 attend=0/0 merge=0/0 router=0/0 copy=0/0 w2silu=0/0 lnorm=0/0 prefetch=0/0
[TASK_TIME2] worker=127 prep=0/0 attend=0/0 merge=0/0 router=0/0 copy=0/0 w2silu=0/0 lnorm=0/0 prefetch=0/0
[TASK_TIME2] worker=39 prep=0/0 attend=48020/2 merge=0/0 router=0/0 copy=0/0 w2silu=0/0 lnorm=0/0 prefetch=0/0
[TASK_TIME2] worker=71 prep=0/0 attend=0/0 merge=0/0 router=0/0 copy=0/0 w2silu=0/0 lnorm=0/0 prefetch=0/0
[TASK_TIME2] worker=170 prep=0/0 attend=0/0 merge=0/0 router=0/0 copy=0/0 w2silu=0/0 lnorm=0/0 prefetch=0/0
[TASK_TIME2] worker=41 prep=0/0 attend=0/0 merge=0/0 router=0/0 copy=0/0 w2silu=0/0 lnorm=0/0 prefetch=0/0
[TASK_TIME2] worker=279 prep=0/0 attend=0/0 merge=0/0 router=0/0 copy=0/0 w2silu=0/0 lnorm=0/0 prefetch=0/0
[TASK_TIME2] worker=287 prep=0/0 attend=0/0 merge=0/0 router=0/0 copy=0/0 w2silu=0/0 lnorm=0/0 prefetch=0/0
[TASK_TIME2] worker=169 prep=0/0 attend=0/0 merge=0/0 router=0/0 copy=0/0 w2silu=0/0 lnorm=0/0 prefetch=0/0
[TASK_TIME] worker=80 linear=116056/2 linear_res=22468/1 attn=0/0 rms=0/0 silu=0/0 fused=0/0
[TASK_TIME2] worker=89 prep=0/0 attend=0/0 merge=0/0 router=0/0 copy=0/0 w2silu=0/0 lnorm=0/0 prefetch=0/0
[TASK_TIME2] worker=177 prep=0/0 attend=0/0 merge=0/0 router=0/0 copy=0/0 w2silu=0/0 lnorm=0/0 prefetch=0/0
[TASK_TIME2] worker=113 prep=18688/1 attend=0/0 merge=0/0 router=0/0 copy=0/0 w2silu=0/0 lnorm=0/0 prefetch=0/0
[TASK_TIME2] worker=192 prep=0/0 attend=0/0 merge=0/0 router=0/0 copy=0/0 w2silu=0/0 lnorm=0/0 prefetch=0/0
[TASK_TIME2] worker=1 prep=0/0 attend=276060/2 merge=76500/2 router=0/0 copy=0/0 w2silu=0/0 lnorm=0/0 prefetch=0/0
[TASK_TIME2] worker=31 prep=0/0 attend=279756/2 merge=0/0 router=0/0 copy=0/0 w2silu=0/0 lnorm=0/0 prefetch=0/0
[TASK_TIME2] worker=209 prep=0/0 attend=0/0 merge=0/0 router=0/0 copy=0/0 w2silu=0/0 lnorm=0/0 prefetch=0/0
[TASK_TIME] worker=194 linear=0/0 linear_res=100916/1 attn=0/0 rms=0/0 silu=0/0 fused=0/0
[TASK_TIME2] worker=231 prep=0/0 attend=0/0 merge=0/0 router=0/0 copy=0/0 w2silu=0/0 lnorm=0/0 prefetch=0/0
[TASK_TIME2] worker=234 prep=0/0 attend=0/0 merge=0/0 router=0/0 copy=0/0 w2silu=0/0 lnorm=0/0 prefetch=0/0
[TASK_TIME2] worker=161 prep=0/0 attend=0/0 merge=0/0 router=0/0 copy=0/0 w2silu=0/0 lnorm=0/0 prefetch=0/0
[TASK_TIME] worker=280 linear=23056/1 linear_res=0/0 attn=0/0 rms=0/0 silu=0/0 fused=0/0
[TASK_TIME2] worker=95 prep=0/0 attend=0/0 merge=0/0 router=0/0 copy=0/0 w2silu=0/0 lnorm=0/0 prefetch=0/0
[TASK_TIME2] worker=263 prep=0/0 attend=0/0 merge=0/0 router=0/0 copy=0/0 w2silu=0/0 lnorm=0/0 prefetch=0/0
[TASK_TIME2] worker=121 prep=0/0 attend=0/0 merge=0/0 router=0/0 copy=0/0 w2silu=0/0 lnorm=0/0 prefetch=0/0
[TASK_TIME2] worker=242 prep=0/0 attend=0/0 merge=0/0 router=0/0 copy=0/0 w2silu=0/0 lnorm=0/0 prefetch=0/0
[TASK_TIME2] worker=114 prep=0/0 attend=0/0 merge=0/0 router=0/0 copy=0/0 w2silu=0/0 lnorm=0/0 prefetch=0/0
[TASK_TIME2] worker=178 prep=0/0 attend=0/0 merge=0/0 router=0/0 copy=0/0 w2silu=0/0 lnorm=0/0 prefetch=0/0
[TASK_TIME2] worker=135 prep=0/0 attend=0/0 merge=0/0 router=0/0 copy=0/0 w2silu=0/0 lnorm=0/0 prefetch=0/0
[TASK_TIME] worker=58 linear=110896/2 linear_res=0/0 attn=0/0 rms=0/0 silu=0/0 fused=0/0
[TASK_TIME2] worker=175 prep=0/0 attend=0/0 merge=0/0 router=0/0 copy=0/0 w2silu=0/0 lnorm=0/0 prefetch=0/0
[TASK_TIME2] worker=202 prep=0/0 attend=0/0 merge=0/0 router=0/0 copy=0/0 w2silu=0/0 lnorm=0/0 prefetch=0/0
[TASK_TIME2] worker=210 prep=0/0 attend=0/0 merge=0/0 router=0/0 copy=0/0 w2silu=0/0 lnorm=0/0 prefetch=0/0
[TASK_TIME2] worker=7 prep=0/0 attend=301400/2 merge=78684/2 router=0/0 copy=0/0 w2silu=0/0 lnorm=0/0 prefetch=0/0
[TASK_TIME2] worker=145 prep=0/0 attend=0/0 merge=0/0 router=0/0 copy=0/0 w2silu=0/0 lnorm=0/0 prefetch=0/0
[TASK_TIME2] worker=281 prep=0/0 attend=0/0 merge=0/0 router=0/0 copy=0/0 w2silu=0/0 lnorm=0/0 prefetch=0/0
[TASK_TIME2] worker=146 prep=0/0 attend=0/0 merge=0/0 router=0/0 copy=0/0 w2silu=0/0 lnorm=0/0 prefetch=0/0
[TASK_TIME2] worker=273 prep=0/0 attend=0/0 merge=0/0 router=0/0 copy=0/0 w2silu=0/0 lnorm=0/0 prefetch=0/0
[TASK_TIME2] worker=90 prep=0/0 attend=0/0 merge=0/0 router=0/0 copy=0/0 w2silu=0/0 lnorm=0/0 prefetch=0/0
[TASK_TIME2] worker=18 prep=0/0 attend=285064/2 merge=0/0 router=0/0 copy=0/0 w2silu=0/0 lnorm=0/0 prefetch=0/0
[TASK_TIME2] worker=57 prep=17620/1 attend=0/0 merge=0/0 router=0/0 copy=0/0 w2silu=0/0 lnorm=0/0 prefetch=0/0
[TASK_TIME2] worker=153 prep=0/0 attend=0/0 merge=0/0 router=0/0 copy=0/0 w2silu=0/0 lnorm=0/0 prefetch=0/0
[TASK_TIME2] worker=186 prep=0/0 attend=0/0 merge=0/0 router=0/0 copy=0/0 w2silu=0/0 lnorm=0/0 prefetch=0/0
[TASK_TIME2] worker=185 prep=0/0 attend=0/0 merge=0/0 router=0/0 copy=0/0 w2silu=0/0 lnorm=0/0 prefetch=0/0
[TASK_TIME2] worker=191 prep=0/0 attend=0/0 merge=0/0 router=0/0 copy=0/0 w2silu=0/0 lnorm=0/0 prefetch=0/0
[TASK_TIME2] worker=255 prep=0/0 attend=0/0 merge=0/0 router=0/0 copy=0/0 w2silu=0/0 lnorm=0/0 prefetch=0/0
[TASK_TIME2] worker=289 prep=0/0 attend=0/0 merge=0/0 router=0/0 copy=0/0 w2silu=0/0 lnorm=0/0 prefetch=0/0
[TASK_TIME2] worker=129 prep=0/0 attend=0/0 merge=0/0 router=0/0 copy=0/0 w2silu=0/0 lnorm=0/0 prefetch=0/0
[TASK_TIME2] worker=207 prep=0/0 attend=0/0 merge=0/0 router=0/0 copy=0/0 w2silu=0/0 lnorm=0/0 prefetch=0/0
[TASK_TIME2] worker=167 prep=0/0 attend=0/0 merge=0/0 router=0/0 copy=0/0 w2silu=0/0 lnorm=0/0 prefetch=0/0
[TASK_TIME2] worker=25 prep=0/0 attend=274732/2 merge=0/0 router=0/0 copy=0/0 w2silu=0/0 lnorm=0/0 prefetch=0/0
[TASK_TIME2] worker=42 prep=0/0 attend=0/0 merge=0/0 router=0/0 copy=0/0 w2silu=0/0 lnorm=0/0 prefetch=0/0
[TASK_TIME2] worker=72 prep=0/0 attend=0/0 merge=0/0 router=0/0 copy=0/0 w2silu=0/0 lnorm=0/0 prefetch=0/0
[TASK_TIME2] worker=87 prep=0/0 attend=0/0 merge=0/0 router=0/0 copy=0/0 w2silu=0/0 lnorm=0/0 prefetch=0/0
[TASK_TIME2] worker=26 prep=0/0 attend=282960/2 merge=0/0 router=0/0 copy=0/0 w2silu=0/0 lnorm=0/0 prefetch=0/0
[TASK_TIME2] worker=226 prep=0/0 attend=0/0 merge=0/0 router=0/0 copy=0/0 w2silu=0/0 lnorm=0/0 prefetch=0/0
[TASK_TIME2] worker=74 prep=0/0 attend=0/0 merge=0/0 router=0/0 copy=0/0 w2silu=0/0 lnorm=0/0 prefetch=0/0
[TASK_TIME2] worker=290 prep=0/0 attend=0/0 merge=0/0 router=0/0 copy=0/0 w2silu=0/0 lnorm=0/0 prefetch=0/0
[TASK_TIME2] worker=2 prep=0/0 attend=292212/2 merge=77376/2 router=0/0 copy=0/0 w2silu=0/0 lnorm=0/0 prefetch=0/0
[TASK_TIME2] worker=50 prep=17536/1 attend=0/0 merge=0/0 router=0/0 copy=0/0 w2silu=0/0 lnorm=0/0 prefetch=0/0
[TASK_TIME2] worker=98 prep=24060/1 attend=0/0 merge=0/0 router=0/0 copy=0/0 w2silu=0/0 lnorm=0/0 prefetch=0/0
[TASK_TIME2] worker=122 prep=0/0 attend=0/0 merge=0/0 router=0/0 copy=0/0 w2silu=0/0 lnorm=0/0 prefetch=0/0
[TASK_TIME2] worker=81 prep=0/0 attend=0/0 merge=0/0 router=0/0 copy=0/0 w2silu=0/0 lnorm=0/0 prefetch=0/0
[TASK_TIME2] worker=10 prep=0/0 attend=291876/2 merge=77120/2 router=0/0 copy=0/0 w2silu=0/0 lnorm=0/0 prefetch=0/0
[TASK_TIME2] worker=162 prep=0/0 attend=0/0 merge=0/0 router=0/0 copy=0/0 w2silu=0/0 lnorm=0/0 prefetch=0/0
[TASK_TIME2] worker=201 prep=0/0 attend=0/0 merge=0/0 router=0/0 copy=0/0 w2silu=0/0 lnorm=0/0 prefetch=0/0
[TASK_TIME2] worker=17 prep=0/0 attend=273952/2 merge=0/0 router=0/0 copy=0/0 w2silu=0/0 lnorm=0/0 prefetch=0/0
[TASK_TIME] worker=0 linear=67520/2 linear_res=0/0 attn=0/0 rms=0/0 silu=0/0 fused=0/0
[TASK_TIME] worker=240 linear=0/0 linear_res=102244/1 attn=0/0 rms=0/0 silu=0/0 fused=0/0
[TASK_TIME2] worker=105 prep=17308/1 attend=0/0 merge=0/0 router=0/0 copy=0/0 w2silu=0/0 lnorm=0/0 prefetch=0/0
[TASK_TIME2] worker=241 prep=0/0 attend=0/0 merge=0/0 router=0/0 copy=0/0 w2silu=0/0 lnorm=0/0 prefetch=0/0
[TASK_TIME2] worker=34 prep=0/0 attend=51068/2 merge=0/0 router=0/0 copy=0/0 w2silu=0/0 lnorm=0/0 prefetch=0/0
[TASK_TIME2] worker=63 prep=0/0 attend=0/0 merge=0/0 router=0/0 copy=0/0 w2silu=0/0 lnorm=0/0 prefetch=0/0
[TASK_TIME2] worker=66 prep=0/0 attend=0/0 merge=0/0 router=0/0 copy=0/0 w2silu=0/0 lnorm=0/0 prefetch=0/0
[TASK_TIME2] worker=258 prep=0/0 attend=0/0 merge=0/0 router=0/0 copy=0/0 w2silu=0/0 lnorm=0/0 prefetch=0/0
[TASK_TIME2] worker=154 prep=0/0 attend=0/0 merge=0/0 router=0/0 copy=0/0 w2silu=0/0 lnorm=0/0 prefetch=0/0
[TASK_TIME2] worker=274 prep=0/0 attend=0/0 merge=0/0 router=0/0 copy=0/0 w2silu=0/0 lnorm=0/0 prefetch=0/0
[TASK_TIME2] worker=9 prep=0/0 attend=277256/2 merge=75944/2 router=0/0 copy=0/0 w2silu=0/0 lnorm=0/0 prefetch=0/0
[TASK_TIME2] worker=82 prep=0/0 attend=0/0 merge=0/0 router=0/0 copy=0/0 w2silu=0/0 lnorm=0/0 prefetch=0/0
[TASK_TIME2] worker=194 prep=0/0 attend=0/0 merge=0/0 router=0/0 copy=0/0 w2silu=0/0 lnorm=0/0 prefetch=0/0
[TASK_TIME2] worker=218 prep=0/0 attend=0/0 merge=0/0 router=0/0 copy=0/0 w2silu=0/0 lnorm=0/0 prefetch=0/0
[TASK_TIME2] worker=282 prep=0/0 attend=0/0 merge=0/0 router=0/0 copy=0/0 w2silu=0/0 lnorm=0/0 prefetch=0/0
[TASK_TIME2] worker=130 prep=0/0 attend=0/0 merge=0/0 router=0/0 copy=0/0 w2silu=0/0 lnorm=0/0 prefetch=0/0
[TASK_TIME2] worker=250 prep=0/0 attend=0/0 merge=0/0 router=0/0 copy=0/0 w2silu=0/0 lnorm=0/0 prefetch=0/0
[TASK_TIME2] worker=58 prep=17876/1 attend=0/0 merge=0/0 router=0/0 copy=0/0 w2silu=0/0 lnorm=0/0 prefetch=0/0
[TASK_TIME] worker=64 linear=117332/2 linear_res=22504/1 attn=0/0 rms=0/0 silu=0/0 fused=0/0
[TASK_TIME2] worker=144 prep=0/0 attend=0/0 merge=0/0 router=0/0 copy=0/0 w2silu=0/0 lnorm=0/0 prefetch=0/0
[TASK_TIME2] worker=88 prep=0/0 attend=0/0 merge=0/0 router=0/0 copy=0/0 w2silu=0/0 lnorm=0/0 prefetch=0/0
[TASK_TIME2] worker=128 prep=0/0 attend=0/0 merge=0/0 router=0/0 copy=0/0 w2silu=0/0 lnorm=0/0 prefetch=0/0
[TASK_TIME2] worker=160 prep=0/0 attend=0/0 merge=0/0 router=0/0 copy=0/0 w2silu=0/0 lnorm=0/0 prefetch=0/0
[TASK_TIME] worker=104 linear=96660/1 linear_res=22712/1 attn=0/0 rms=0/0 silu=0/0 fused=0/0
[TASK_TIME2] worker=152 prep=0/0 attend=0/0 merge=0/0 router=0/0 copy=0/0 w2silu=0/0 lnorm=0/0 prefetch=0/0
[TASK_TIME2] worker=176 prep=0/0 attend=0/0 merge=0/0 router=0/0 copy=0/0 w2silu=0/0 lnorm=0/0 prefetch=0/0
[TASK_TIME2] worker=112 prep=18732/1 attend=0/0 merge=0/0 router=0/0 copy=0/0 w2silu=0/0 lnorm=0/0 prefetch=0/0
[TASK_TIME2] worker=208 prep=0/0 attend=0/0 merge=0/0 router=0/0 copy=0/0 w2silu=0/0 lnorm=0/0 prefetch=0/0
[TASK_TIME2] worker=96 prep=0/0 attend=0/0 merge=0/0 router=0/0 copy=0/0 w2silu=0/0 lnorm=0/0 prefetch=0/0
[TASK_TIME] worker=24 linear=90892/3 linear_res=0/0 attn=0/0 rms=0/0 silu=0/0 fused=0/0
[TASK_TIME2] worker=56 prep=17608/1 attend=0/0 merge=0/0 router=0/0 copy=0/0 w2silu=0/0 lnorm=0/0 prefetch=0/0
[TASK_TIME2] worker=120 prep=0/0 attend=0/0 merge=0/0 router=0/0 copy=0/0 w2silu=0/0 lnorm=0/0 prefetch=0/0
[TASK_TIME2] worker=32 prep=0/0 attend=43356/2[EVENT_TIMING] 23 event firings recorded

================================================================================
PER-EVENT WALL-CLOCK TIMING (barrier-to-barrier)
================================================================================
Event TaskType              Count    Avg(us)    Min(us)    Max(us)    Std(us)
-------------------------------------------------------------------------

================================================================================
PER-TYPE SUMMARY (sum of avg durations across all events)
================================================================================
TaskType             Events    Total(us)  Total(ms)        %
----------------------------------------------------------
TOTAL                                0.0      0.000

Saved raw event timing to event_timing.json
