### 2026-09-18T06:51:11Z
GPU: 0
    CLOCK:
        GFX_0:
            CLK: 131 MHz
            MIN_CLK: 500 MHz
            MAX_CLK: 2100 MHz
            CLK_LOCKED: DISABLED
            DEEP_SLEEP: ENABLED
        GFX_1:
            CLK: 132 MHz
            MIN_CLK: 500 MHz
            MAX_CLK: 2100 MHz
            CLK_LOCKED: DISABLED
            DEEP_SLEEP: ENABLED
        GFX_2:
            CLK: 131 MHz
            MIN_CLK: 500 MHz
            MAX_CLK: 2100 MHz
            CLK_LOCKED: DISABLED
            DEEP_SLEEP: ENABLED
        GFX_3:
            CLK: 132 MHz
            MIN_CLK: 500 MHz
            MAX_CLK: 2100 MHz
            CLK_LOCKED: DISABLED
            DEEP_SLEEP: ENABLED
        GFX_4:
            CLK: 132 MHz
            MIN_CLK: 500 MHz
            MAX_CLK: 2100 MHz
            CLK_LOCKED: DISABLED
            DEEP_SLEEP: ENABLED
        GFX_5:
            CLK: 132 MHz
            MIN_CLK: 500 MHz
            MAX_CLK: 2100 MHz
            CLK_LOCKED: DISABLED
            DEEP_SLEEP: ENABLED
        GFX_6:
            CLK: 131 MHz
            MIN_CLK: 500 MHz
            MAX_CLK: 2100 MHz
            CLK_LOCKED: DISABLED
            DEEP_SLEEP: ENABLED
        GFX_7:
            CLK: 132 MHz
            MIN_CLK: 500 MHz
            MAX_CLK: 2100 MHz
            CLK_LOCKED: DISABLED
            DEEP_SLEEP: ENABLED
        MEM_0:
            CLK: 900 MHz
            MIN_CLK: 900 MHz
            MAX_CLK: 1300 MHz
            DEEP_SLEEP: DISABLED
        VCLK_0:
            CLK: 29 MHz
            MIN_CLK: 914 MHz
            MAX_CLK: 1333 MHz
            DEEP_SLEEP: ENABLED
        VCLK_1:
            CLK: 29 MHz
            MIN_CLK: 914 MHz
            MAX_CLK: 1333 MHz
            DEEP_SLEEP: ENABLED
        VCLK_2:
            CLK: 29 MHz
            MIN_CLK: 914 MHz
            MAX_CLK: 1333 MHz
            DEEP_SLEEP: ENABLED
        VCLK_3:
            CLK: 29 MHz
            MIN_CLK: 914 MHz
            MAX_CLK: 1333 MHz
            DEEP_SLEEP: ENABLED
        DCLK_0:
            CLK: 22 MHz
            MIN_CLK: 711 MHz
            MAX_CLK: 1143 MHz
            DEEP_SLEEP: ENABLED
        DCLK_1:
            CLK: 22 MHz
            MIN_CLK: 711 MHz
            MAX_CLK: 1143 MHz
            DEEP_SLEEP: ENABLED
        DCLK_2:
            CLK: 22 MHz
            MIN_CLK: 711 MHz
            MAX_CLK: 1143 MHz
            DEEP_SLEEP: ENABLED
        DCLK_3:
            CLK: 22 MHz
            MIN_CLK: 711 MHz
            MAX_CLK: 1143 MHz
            DEEP_SLEEP: ENABLED
        FCLK_0:
            CLK: 1300 MHz
            MIN_CLK: 1300 MHz
            MAX_CLK: 1800 MHz
            DEEP_SLEEP: DISABLED
        SOCCLK_0:
            CLK: 30 MHz
            MIN_CLK: 889 MHz
            MAX_CLK: 1143 MHz
            DEEP_SLEEP: ENABLED

### 2026-09-18T06:51:12Z
GPU: 0
    CLOCK:
        GFX_0:
            CLK: 137 MHz
            MIN_CLK: 500 MHz
            MAX_CLK: 2100 MHz
            CLK_LOCKED: DISABLED
            DEEP_SLEEP: ENABLED
        GFX_1:
            CLK: 137 MHz
            MIN_CLK: 500 MHz
            MAX_CLK: 2100 MHz
            CLK_LOCKED: DISABLED
            DEEP_SLEEP: ENABLED
        GFX_2:
            CLK: 131 MHz
            MIN_CLK: 500 MHz
            MAX_CLK: 2100 MHz
            CLK_LOCKED: DISABLED
            DEEP_SLEEP: ENABLED
        GFX_3:
            CLK: 132 MHz
            MIN_CLK: 500 MHz
            MAX_CLK: 2100 MHz
            CLK_LOCKED: DISABLED
            DEEP_SLEEP: ENABLED
        GFX_4:
            CLK: 132 MHz
            MIN_CLK: 500 MHz
            MAX_CLK: 2100 MHz
            CLK_LOCKED: DISABLED
            DEEP_SLEEP: ENABLED
        GFX_5:
            CLK: 132 MHz
            MIN_CLK: 500 MHz
            MAX_CLK: 2100 MHz
            CLK_LOCKED: DISABLED
            DEEP_SLEEP: ENABLED
        GFX_6:
            CLK: 131 MHz
            MIN_CLK: 500 MHz
            MAX_CLK: 2100 MHz
            CLK_LOCKED: DISABLED
            DEEP_SLEEP: ENABLED
        GFX_7:
            CLK: 132 MHz
            MIN_CLK: 500 MHz
            MAX_CLK: 2100 MHz
            CLK_LOCKED: DISABLED
            DEEP_SLEEP: ENABLED
        MEM_0:
            CLK: 900 MHz
            MIN_CLK: 900 MHz
            MAX_CLK: 1300 MHz
            DEEP_SLEEP: DISABLED
        VCLK_0:
            CLK: 29 MHz
            MIN_CLK: 914 MHz
            MAX_CLK: 1333 MHz
            DEEP_SLEEP: ENABLED
        VCLK_1:
            CLK: 29 MHz
            MIN_CLK: 914 MHz
            MAX_CLK: 1333 MHz
            DEEP_SLEEP: ENABLED
        VCLK_2:
            CLK: 29 MHz
            MIN_CLK: 914 MHz
            MAX_CLK: 1333 MHz
            DEEP_SLEEP: ENABLED
        VCLK_3:
            CLK: 29 MHz
            MIN_CLK: 914 MHz
            MAX_CLK: 1333 MHz
            DEEP_SLEEP: ENABLED
        DCLK_0:
            CLK: 22 MHz
            MIN_CLK: 711 MHz
            MAX_CLK: 1143 MHz
            DEEP_SLEEP: ENABLED
        DCLK_1:
            CLK: 22 MHz
            MIN_CLK: 711 MHz
            MAX_CLK: 1143 MHz
            DEEP_SLEEP: ENABLED
        DCLK_2:
            CLK: 22 MHz
            MIN_CLK: 711 MHz
            MAX_CLK: 1143 MHz
            DEEP_SLEEP: ENABLED
        DCLK_3:
            CLK: 22 MHz
            MIN_CLK: 711 MHz
            MAX_CLK: 1143 MHz
            DEEP_SLEEP: ENABLED
        FCLK_0:
            CLK: 1300 MHz
            MIN_CLK: 1300 MHz
            MAX_CLK: 1800 MHz
            DEEP_SLEEP: DISABLED
        SOCCLK_0:
            CLK: 30 MHz
            MIN_CLK: 889 MHz
            MAX_CLK: 1143 MHz
            DEEP_SLEEP: ENABLED

### 2026-09-18T06:51:13Z
GPU: 0
    CLOCK:
        GFX_0:
            CLK: 2100 MHz
            MIN_CLK: 500 MHz
            MAX_CLK: 2100 MHz
            CLK_LOCKED: DISABLED
            DEEP_SLEEP: DISABLED
        GFX_1:
            CLK: 2110 MHz
            MIN_CLK: 500 MHz
            MAX_CLK: 2100 MHz
            CLK_LOCKED: DISABLED
            DEEP_SLEEP: DISABLED
        GFX_2:
            CLK: 2102 MHz
            MIN_CLK: 500 MHz
            MAX_CLK: 2100 MHz
            CLK_LOCKED: DISABLED
            DEEP_SLEEP: DISABLED
        GFX_3:
            CLK: 2107 MHz
            MIN_CLK: 500 MHz
            MAX_CLK: 2100 MHz
            CLK_LOCKED: DISABLED
            DEEP_SLEEP: DISABLED
        GFX_4:
            CLK: 2104 MHz
            MIN_CLK: 500 MHz
            MAX_CLK: 2100 MHz
            CLK_LOCKED: DISABLED
            DEEP_SLEEP: DISABLED
        GFX_5:
            CLK: 2108 MHz
            MIN_CLK: 500 MHz
            MAX_CLK: 2100 MHz
            CLK_LOCKED: DISABLED
            DEEP_SLEEP: DISABLED
        GFX_6:
            CLK: 2097 MHz
            MIN_CLK: 500 MHz
            MAX_CLK: 2100 MHz
            CLK_LOCKED: DISABLED
            DEEP_SLEEP: DISABLED
        GFX_7:
            CLK: 2107 MHz
            MIN_CLK: 500 MHz
            MAX_CLK: 2100 MHz
            CLK_LOCKED: DISABLED
            DEEP_SLEEP: DISABLED
        MEM_0:
            CLK: 1300 MHz
            MIN_CLK: 900 MHz
            MAX_CLK: 1300 MHz
            DEEP_SLEEP: DISABLED
        VCLK_0:
            CLK: 42 MHz
            MIN_CLK: 914 MHz
            MAX_CLK: 1333 MHz
            DEEP_SLEEP: ENABLED
        VCLK_1:
            CLK: 42 MHz
            MIN_CLK: 914 MHz
            MAX_CLK: 1333 MHz
            DEEP_SLEEP: ENABLED
        VCLK_2:
            CLK: 42 MHz
            MIN_CLK: 914 MHz
            MAX_CLK: 1333 MHz
            DEEP_SLEEP: ENABLED
        VCLK_3:
            CLK: 42 MHz
            MIN_CLK: 914 MHz
            MAX_CLK: 1333 MHz
            DEEP_SLEEP: ENABLED
        DCLK_0:
            CLK: 36 MHz
            MIN_CLK: 711 MHz
            MAX_CLK: 1143 MHz
            DEEP_SLEEP: ENABLED
        DCLK_1:
            CLK: 36 MHz
            MIN_CLK: 711 MHz
            MAX_CLK: 1143 MHz
            DEEP_SLEEP: ENABLED
        DCLK_2:
            CLK: 36 MHz
            MIN_CLK: 711 MHz
            MAX_CLK: 1143 MHz
            DEEP_SLEEP: ENABLED
        DCLK_3:
            CLK: 36 MHz
            MIN_CLK: 711 MHz
            MAX_CLK: 1143 MHz
            DEEP_SLEEP: ENABLED
        FCLK_0:
            CLK: 1800 MHz
            MIN_CLK: 1300 MHz
            MAX_CLK: 1800 MHz
            DEEP_SLEEP: DISABLED
        SOCCLK_0:
            CLK: 208 MHz
            MIN_CLK: 889 MHz
            MAX_CLK: 1143 MHz
            DEEP_SLEEP: ENABLED

### 2026-09-18T06:51:15Z
GPU: 0
    CLOCK:
        GFX_0:
            CLK: 2100 MHz
            MIN_CLK: 500 MHz
            MAX_CLK: 2100 MHz
            CLK_LOCKED: DISABLED
            DEEP_SLEEP: DISABLED
        GFX_1:
            CLK: 2111 MHz
            MIN_CLK: 500 MHz
            MAX_CLK: 2100 MHz
            CLK_LOCKED: DISABLED
            DEEP_SLEEP: DISABLED
        GFX_2:
            CLK: 2102 MHz
            MIN_CLK: 500 MHz
            MAX_CLK: 2100 MHz
            CLK_LOCKED: DISABLED
            DEEP_SLEEP: DISABLED
        GFX_3:
            CLK: 2106 MHz
            MIN_CLK: 500 MHz
            MAX_CLK: 2100 MHz
            CLK_LOCKED: DISABLED
            DEEP_SLEEP: DISABLED
        GFX_4:
            CLK: 2104 MHz
            MIN_CLK: 500 MHz
            MAX_CLK: 2100 MHz
            CLK_LOCKED: DISABLED
            DEEP_SLEEP: DISABLED
        GFX_5:
            CLK: 2108 MHz
            MIN_CLK: 500 MHz
            MAX_CLK: 2100 MHz
            CLK_LOCKED: DISABLED
            DEEP_SLEEP: DISABLED
        GFX_6:
            CLK: 2096 MHz
            MIN_CLK: 500 MHz
            MAX_CLK: 2100 MHz
            CLK_LOCKED: DISABLED
            DEEP_SLEEP: DISABLED
        GFX_7:
            CLK: 2107 MHz
            MIN_CLK: 500 MHz
            MAX_CLK: 2100 MHz
            CLK_LOCKED: DISABLED
            DEEP_SLEEP: DISABLED
        MEM_0:
            CLK: 1300 MHz
            MIN_CLK: 900 MHz
            MAX_CLK: 1300 MHz
            DEEP_SLEEP: DISABLED
        VCLK_0:
            CLK: 42 MHz
            MIN_CLK: 914 MHz
            MAX_CLK: 1333 MHz
            DEEP_SLEEP: ENABLED
        VCLK_1:
            CLK: 42 MHz
            MIN_CLK: 914 MHz
            MAX_CLK: 1333 MHz
            DEEP_SLEEP: ENABLED
        VCLK_2:
            CLK: 42 MHz
            MIN_CLK: 914 MHz
            MAX_CLK: 1333 MHz
            DEEP_SLEEP: ENABLED
        VCLK_3:
            CLK: 42 MHz
            MIN_CLK: 914 MHz
            MAX_CLK: 1333 MHz
            DEEP_SLEEP: ENABLED
        DCLK_0:
            CLK: 36 MHz
            MIN_CLK: 711 MHz
            MAX_CLK: 1143 MHz
            DEEP_SLEEP: ENABLED
        DCLK_1:
            CLK: 36 MHz
            MIN_CLK: 711 MHz
            MAX_CLK: 1143 MHz
            DEEP_SLEEP: ENABLED
        DCLK_2:
            CLK: 36 MHz
            MIN_CLK: 711 MHz
            MAX_CLK: 1143 MHz
            DEEP_SLEEP: ENABLED
        DCLK_3:
            CLK: 36 MHz
            MIN_CLK: 711 MHz
            MAX_CLK: 1143 MHz
            DEEP_SLEEP: ENABLED
        FCLK_0:
            CLK: 1800 MHz
            MIN_CLK: 1300 MHz
            MAX_CLK: 1800 MHz
            DEEP_SLEEP: DISABLED
        SOCCLK_0:
            CLK: 216 MHz
            MIN_CLK: 889 MHz
            MAX_CLK: 1143 MHz
            DEEP_SLEEP: ENABLED

### 2026-09-18T06:51:16Z
GPU: 0
    CLOCK:
        GFX_0:
            CLK: 2100 MHz
            MIN_CLK: 500 MHz
            MAX_CLK: 2100 MHz
            CLK_LOCKED: DISABLED
            DEEP_SLEEP: DISABLED
        GFX_1:
            CLK: 2111 MHz
            MIN_CLK: 500 MHz
            MAX_CLK: 2100 MHz
            CLK_LOCKED: DISABLED
            DEEP_SLEEP: DISABLED
        GFX_2:
            CLK: 2102 MHz
            MIN_CLK: 500 MHz
            MAX_CLK: 2100 MHz
            CLK_LOCKED: DISABLED
            DEEP_SLEEP: DISABLED
        GFX_3:
            CLK: 2107 MHz
            MIN_CLK: 500 MHz
            MAX_CLK: 2100 MHz
            CLK_LOCKED: DISABLED
            DEEP_SLEEP: DISABLED
        GFX_4:
            CLK: 2103 MHz
            MIN_CLK: 500 MHz
            MAX_CLK: 2100 MHz
            CLK_LOCKED: DISABLED
            DEEP_SLEEP: DISABLED
        GFX_5:
            CLK: 2108 MHz
            MIN_CLK: 500 MHz
            MAX_CLK: 2100 MHz
            CLK_LOCKED: DISABLED
            DEEP_SLEEP: DISABLED
        GFX_6:
            CLK: 2096 MHz
            MIN_CLK: 500 MHz
            MAX_CLK: 2100 MHz
            CLK_LOCKED: DISABLED
            DEEP_SLEEP: DISABLED
        GFX_7:
            CLK: 2107 MHz
            MIN_CLK: 500 MHz
            MAX_CLK: 2100 MHz
            CLK_LOCKED: DISABLED
            DEEP_SLEEP: DISABLED
        MEM_0:
            CLK: 1300 MHz
            MIN_CLK: 900 MHz
            MAX_CLK: 1300 MHz
            DEEP_SLEEP: DISABLED
        VCLK_0:
            CLK: 42 MHz
            MIN_CLK: 914 MHz
            MAX_CLK: 1333 MHz
            DEEP_SLEEP: ENABLED
        VCLK_1:
            CLK: 42 MHz
            MIN_CLK: 914 MHz
            MAX_CLK: 1333 MHz
            DEEP_SLEEP: ENABLED
        VCLK_2:
            CLK: 42 MHz
            MIN_CLK: 914 MHz
            MAX_CLK: 1333 MHz
            DEEP_SLEEP: ENABLED
        VCLK_3:
            CLK: 42 MHz
            MIN_CLK: 914 MHz
            MAX_CLK: 1333 MHz
            DEEP_SLEEP: ENABLED
        DCLK_0:
            CLK: 36 MHz
            MIN_CLK: 711 MHz
            MAX_CLK: 1143 MHz
            DEEP_SLEEP: ENABLED
        DCLK_1:
            CLK: 36 MHz
            MIN_CLK: 711 MHz
            MAX_CLK: 1143 MHz
            DEEP_SLEEP: ENABLED
        DCLK_2:
            CLK: 36 MHz
            MIN_CLK: 711 MHz
            MAX_CLK: 1143 MHz
            DEEP_SLEEP: ENABLED
        DCLK_3:
            CLK: 36 MHz
            MIN_CLK: 711 MHz
            MAX_CLK: 1143 MHz
            DEEP_SLEEP: ENABLED
        FCLK_0:
            CLK: 1800 MHz
            MIN_CLK: 1300 MHz
            MAX_CLK: 1800 MHz
            DEEP_SLEEP: DISABLED
        SOCCLK_0:
            CLK: 210 MHz
            MIN_CLK: 889 MHz
            MAX_CLK: 1143 MHz
            DEEP_SLEEP: ENABLED

### 2026-09-18T06:51:17Z
GPU: 0
    CLOCK:
        GFX_0:
            CLK: 2100 MHz
            MIN_CLK: 500 MHz
            MAX_CLK: 2100 MHz
            CLK_LOCKED: DISABLED
            DEEP_SLEEP: DISABLED
        GFX_1:
            CLK: 2110 MHz
            MIN_CLK: 500 MHz
            MAX_CLK: 2100 MHz
            CLK_LOCKED: DISABLED
            DEEP_SLEEP: DISABLED
        GFX_2:
            CLK: 2102 MHz
            MIN_CLK: 500 MHz
            MAX_CLK: 2100 MHz
            CLK_LOCKED: DISABLED
            DEEP_SLEEP: DISABLED
        GFX_3:
            CLK: 2107 MHz
            MIN_CLK: 500 MHz
            MAX_CLK: 2100 MHz
            CLK_LOCKED: DISABLED
            DEEP_SLEEP: DISABLED
        GFX_4:
            CLK: 2104 MHz
            MIN_CLK: 500 MHz
            MAX_CLK: 2100 MHz
            CLK_LOCKED: DISABLED
            DEEP_SLEEP: DISABLED
        GFX_5:
            CLK: 2107 MHz
            MIN_CLK: 500 MHz
            MAX_CLK: 2100 MHz
            CLK_LOCKED: DISABLED
            DEEP_SLEEP: DISABLED
        GFX_6:
            CLK: 2096 MHz
            MIN_CLK: 500 MHz
            MAX_CLK: 2100 MHz
            CLK_LOCKED: DISABLED
            DEEP_SLEEP: DISABLED
        GFX_7:
            CLK: 2107 MHz
            MIN_CLK: 500 MHz
            MAX_CLK: 2100 MHz
            CLK_LOCKED: DISABLED
            DEEP_SLEEP: DISABLED
        MEM_0:
            CLK: 1300 MHz
            MIN_CLK: 900 MHz
            MAX_CLK: 1300 MHz
            DEEP_SLEEP: DISABLED
        VCLK_0:
            CLK: 42 MHz
            MIN_CLK: 914 MHz
            MAX_CLK: 1333 MHz
            DEEP_SLEEP: ENABLED
        VCLK_1:
            CLK: 42 MHz
            MIN_CLK: 914 MHz
            MAX_CLK: 1333 MHz
            DEEP_SLEEP: ENABLED
        VCLK_2:
            CLK: 42 MHz
            MIN_CLK: 914 MHz
            MAX_CLK: 1333 MHz
            DEEP_SLEEP: ENABLED
        VCLK_3:
            CLK: 42 MHz
            MIN_CLK: 914 MHz
            MAX_CLK: 1333 MHz
            DEEP_SLEEP: ENABLED
        DCLK_0:
            CLK: 36 MHz
            MIN_CLK: 711 MHz
            MAX_CLK: 1143 MHz
            DEEP_SLEEP: ENABLED
        DCLK_1:
            CLK: 36 MHz
            MIN_CLK: 711 MHz
            MAX_CLK: 1143 MHz
            DEEP_SLEEP: ENABLED
        DCLK_2:
            CLK: 36 MHz
            MIN_CLK: 711 MHz
            MAX_CLK: 1143 MHz
            DEEP_SLEEP: ENABLED
        DCLK_3:
            CLK: 36 MHz
            MIN_CLK: 711 MHz
            MAX_CLK: 1143 MHz
            DEEP_SLEEP: ENABLED
        FCLK_0:
            CLK: 1800 MHz
            MIN_CLK: 1300 MHz
            MAX_CLK: 1800 MHz
            DEEP_SLEEP: DISABLED
        SOCCLK_0:
            CLK: 208 MHz
            MIN_CLK: 889 MHz
            MAX_CLK: 1143 MHz
            DEEP_SLEEP: ENABLED

### 2026-09-18T06:51:18Z
GPU: 0
    CLOCK:
        GFX_0:
            CLK: 2100 MHz
            MIN_CLK: 500 MHz
            MAX_CLK: 2100 MHz
            CLK_LOCKED: DISABLED
            DEEP_SLEEP: DISABLED
        GFX_1:
            CLK: 2110 MHz
            MIN_CLK: 500 MHz
            MAX_CLK: 2100 MHz
            CLK_LOCKED: DISABLED
            DEEP_SLEEP: DISABLED
        GFX_2:
            CLK: 2102 MHz
            MIN_CLK: 500 MHz
            MAX_CLK: 2100 MHz
            CLK_LOCKED: DISABLED
            DEEP_SLEEP: DISABLED
        GFX_3:
            CLK: 2107 MHz
            MIN_CLK: 500 MHz
            MAX_CLK: 2100 MHz
            CLK_LOCKED: DISABLED
            DEEP_SLEEP: DISABLED
        GFX_4:
            CLK: 2103 MHz
            MIN_CLK: 500 MHz
            MAX_CLK: 2100 MHz
            CLK_LOCKED: DISABLED
            DEEP_SLEEP: DISABLED
        GFX_5:
            CLK: 2108 MHz
            MIN_CLK: 500 MHz
            MAX_CLK: 2100 MHz
            CLK_LOCKED: DISABLED
            DEEP_SLEEP: DISABLED
        GFX_6:
            CLK: 2097 MHz
            MIN_CLK: 500 MHz
            MAX_CLK: 2100 MHz
            CLK_LOCKED: DISABLED
            DEEP_SLEEP: DISABLED
        GFX_7:
            CLK: 2107 MHz
            MIN_CLK: 500 MHz
            MAX_CLK: 2100 MHz
            CLK_LOCKED: DISABLED
            DEEP_SLEEP: DISABLED
        MEM_0:
            CLK: 902 MHz
            MIN_CLK: 900 MHz
            MAX_CLK: 1300 MHz
            DEEP_SLEEP: DISABLED
        VCLK_0:
            CLK: 29 MHz
            MIN_CLK: 914 MHz
            MAX_CLK: 1333 MHz
            DEEP_SLEEP: ENABLED
        VCLK_1:
            CLK: 29 MHz
            MIN_CLK: 914 MHz
            MAX_CLK: 1333 MHz
            DEEP_SLEEP: ENABLED
        VCLK_2:
            CLK: 29 MHz
            MIN_CLK: 914 MHz
            MAX_CLK: 1333 MHz
            DEEP_SLEEP: ENABLED
        VCLK_3:
            CLK: 29 MHz
            MIN_CLK: 914 MHz
            MAX_CLK: 1333 MHz
            DEEP_SLEEP: ENABLED
        DCLK_0:
            CLK: 22 MHz
            MIN_CLK: 711 MHz
            MAX_CLK: 1143 MHz
            DEEP_SLEEP: ENABLED
        DCLK_1:
            CLK: 22 MHz
            MIN_CLK: 711 MHz
            MAX_CLK: 1143 MHz
            DEEP_SLEEP: ENABLED
        DCLK_2:
            CLK: 22 MHz
            MIN_CLK: 711 MHz
            MAX_CLK: 1143 MHz
            DEEP_SLEEP: ENABLED
        DCLK_3:
            CLK: 22 MHz
            MIN_CLK: 711 MHz
            MAX_CLK: 1143 MHz
            DEEP_SLEEP: ENABLED
        FCLK_0:
            CLK: 1300 MHz
            MIN_CLK: 1300 MHz
            MAX_CLK: 1800 MHz
            DEEP_SLEEP: DISABLED
        SOCCLK_0:
            CLK: 30 MHz
            MIN_CLK: 889 MHz
            MAX_CLK: 1143 MHz
            DEEP_SLEEP: ENABLED

### 2026-09-18T06:51:20Z
GPU: 0
    CLOCK:
        GFX_0:
            CLK: 2100 MHz
            MIN_CLK: 500 MHz
            MAX_CLK: 2100 MHz
            CLK_LOCKED: DISABLED
            DEEP_SLEEP: DISABLED
        GFX_1:
            CLK: 2110 MHz
            MIN_CLK: 500 MHz
            MAX_CLK: 2100 MHz
            CLK_LOCKED: DISABLED
            DEEP_SLEEP: DISABLED
        GFX_2:
            CLK: 2101 MHz
            MIN_CLK: 500 MHz
            MAX_CLK: 2100 MHz
            CLK_LOCKED: DISABLED
            DEEP_SLEEP: DISABLED
        GFX_3:
            CLK: 2107 MHz
            MIN_CLK: 500 MHz
            MAX_CLK: 2100 MHz
            CLK_LOCKED: DISABLED
            DEEP_SLEEP: DISABLED
        GFX_4:
            CLK: 2104 MHz
            MIN_CLK: 500 MHz
            MAX_CLK: 2100 MHz
            CLK_LOCKED: DISABLED
            DEEP_SLEEP: DISABLED
        GFX_5:
            CLK: 2108 MHz
            MIN_CLK: 500 MHz
            MAX_CLK: 2100 MHz
            CLK_LOCKED: DISABLED
            DEEP_SLEEP: DISABLED
        GFX_6:
            CLK: 2097 MHz
            MIN_CLK: 500 MHz
            MAX_CLK: 2100 MHz
            CLK_LOCKED: DISABLED
            DEEP_SLEEP: DISABLED
        GFX_7:
            CLK: 2107 MHz
            MIN_CLK: 500 MHz
            MAX_CLK: 2100 MHz
            CLK_LOCKED: DISABLED
            DEEP_SLEEP: DISABLED
        MEM_0:
            CLK: 900 MHz
            MIN_CLK: 900 MHz
            MAX_CLK: 1300 MHz
            DEEP_SLEEP: DISABLED
        VCLK_0:
            CLK: 29 MHz
            MIN_CLK: 914 MHz
            MAX_CLK: 1333 MHz
            DEEP_SLEEP: ENABLED
        VCLK_1:
            CLK: 29 MHz
            MIN_CLK: 914 MHz
            MAX_CLK: 1333 MHz
            DEEP_SLEEP: ENABLED
        VCLK_2:
            CLK: 29 MHz
            MIN_CLK: 914 MHz
            MAX_CLK: 1333 MHz
            DEEP_SLEEP: ENABLED
        VCLK_3:
            CLK: 29 MHz
            MIN_CLK: 914 MHz
            MAX_CLK: 1333 MHz
            DEEP_SLEEP: ENABLED
        DCLK_0:
            CLK: 22 MHz
            MIN_CLK: 711 MHz
            MAX_CLK: 1143 MHz
            DEEP_SLEEP: ENABLED
        DCLK_1:
            CLK: 22 MHz
            MIN_CLK: 711 MHz
            MAX_CLK: 1143 MHz
            DEEP_SLEEP: ENABLED
        DCLK_2:
            CLK: 22 MHz
            MIN_CLK: 711 MHz
            MAX_CLK: 1143 MHz
            DEEP_SLEEP: ENABLED
        DCLK_3:
            CLK: 22 MHz
            MIN_CLK: 711 MHz
            MAX_CLK: 1143 MHz
            DEEP_SLEEP: ENABLED
        FCLK_0:
            CLK: 1300 MHz
            MIN_CLK: 1300 MHz
            MAX_CLK: 1800 MHz
            DEEP_SLEEP: DISABLED
        SOCCLK_0:
            CLK: 30 MHz
            MIN_CLK: 889 MHz
            MAX_CLK: 1143 MHz
            DEEP_SLEEP: ENABLED

### 2026-09-18T06:51:21Z
GPU: 0
    CLOCK:
        GFX_0:
            CLK: 2100 MHz
            MIN_CLK: 500 MHz
            MAX_CLK: 2100 MHz
            CLK_LOCKED: DISABLED
            DEEP_SLEEP: DISABLED
        GFX_1:
            CLK: 2110 MHz
            MIN_CLK: 500 MHz
            MAX_CLK: 2100 MHz
            CLK_LOCKED: DISABLED
            DEEP_SLEEP: DISABLED
        GFX_2:
            CLK: 2101 MHz
            MIN_CLK: 500 MHz
            MAX_CLK: 2100 MHz
            CLK_LOCKED: DISABLED
            DEEP_SLEEP: DISABLED
        GFX_3:
            CLK: 2107 MHz
            MIN_CLK: 500 MHz
            MAX_CLK: 2100 MHz
            CLK_LOCKED: DISABLED
            DEEP_SLEEP: DISABLED
        GFX_4:
            CLK: 2103 MHz
            MIN_CLK: 500 MHz
            MAX_CLK: 2100 MHz
            CLK_LOCKED: DISABLED
            DEEP_SLEEP: DISABLED
        GFX_5:
            CLK: 2107 MHz
            MIN_CLK: 500 MHz
            MAX_CLK: 2100 MHz
            CLK_LOCKED: DISABLED
            DEEP_SLEEP: DISABLED
        GFX_6:
            CLK: 2097 MHz
            MIN_CLK: 500 MHz
            MAX_CLK: 2100 MHz
            CLK_LOCKED: DISABLED
            DEEP_SLEEP: DISABLED
        GFX_7:
            CLK: 2107 MHz
            MIN_CLK: 500 MHz
            MAX_CLK: 2100 MHz
            CLK_LOCKED: DISABLED
            DEEP_SLEEP: DISABLED
        MEM_0:
            CLK: 900 MHz
            MIN_CLK: 900 MHz
            MAX_CLK: 1300 MHz
            DEEP_SLEEP: DISABLED
        VCLK_0:
            CLK: 29 MHz
            MIN_CLK: 914 MHz
            MAX_CLK: 1333 MHz
            DEEP_SLEEP: ENABLED
        VCLK_1:
            CLK: 29 MHz
            MIN_CLK: 914 MHz
            MAX_CLK: 1333 MHz
            DEEP_SLEEP: ENABLED
        VCLK_2:
            CLK: 29 MHz
            MIN_CLK: 914 MHz
            MAX_CLK: 1333 MHz
            DEEP_SLEEP: ENABLED
        VCLK_3:
            CLK: 29 MHz
            MIN_CLK: 914 MHz
            MAX_CLK: 1333 MHz
            DEEP_SLEEP: ENABLED
        DCLK_0:
            CLK: 22 MHz
            MIN_CLK: 711 MHz
            MAX_CLK: 1143 MHz
            DEEP_SLEEP: ENABLED
        DCLK_1:
            CLK: 22 MHz
            MIN_CLK: 711 MHz
            MAX_CLK: 1143 MHz
            DEEP_SLEEP: ENABLED
        DCLK_2:
            CLK: 22 MHz
            MIN_CLK: 711 MHz
            MAX_CLK: 1143 MHz
            DEEP_SLEEP: ENABLED
        DCLK_3:
            CLK: 22 MHz
            MIN_CLK: 711 MHz
            MAX_CLK: 1143 MHz
            DEEP_SLEEP: ENABLED
        FCLK_0:
            CLK: 1300 MHz
            MIN_CLK: 1300 MHz
            MAX_CLK: 1800 MHz
            DEEP_SLEEP: DISABLED
        SOCCLK_0:
            CLK: 31 MHz
            MIN_CLK: 889 MHz
            MAX_CLK: 1143 MHz
            DEEP_SLEEP: ENABLED

### 2026-09-18T06:51:22Z
GPU: 0
    CLOCK:
        GFX_0:
            CLK: 2100 MHz
            MIN_CLK: 500 MHz
            MAX_CLK: 2100 MHz
            CLK_LOCKED: DISABLED
            DEEP_SLEEP: DISABLED
        GFX_1:
            CLK: 2110 MHz
            MIN_CLK: 500 MHz
            MAX_CLK: 2100 MHz
            CLK_LOCKED: DISABLED
            DEEP_SLEEP: DISABLED
        GFX_2:
            CLK: 2101 MHz
            MIN_CLK: 500 MHz
            MAX_CLK: 2100 MHz
            CLK_LOCKED: DISABLED
            DEEP_SLEEP: DISABLED
        GFX_3:
            CLK: 2107 MHz
            MIN_CLK: 500 MHz
            MAX_CLK: 2100 MHz
            CLK_LOCKED: DISABLED
            DEEP_SLEEP: DISABLED
        GFX_4:
            CLK: 2103 MHz
            MIN_CLK: 500 MHz
            MAX_CLK: 2100 MHz
            CLK_LOCKED: DISABLED
            DEEP_SLEEP: DISABLED
        GFX_5:
            CLK: 2107 MHz
            MIN_CLK: 500 MHz
            MAX_CLK: 2100 MHz
            CLK_LOCKED: DISABLED
            DEEP_SLEEP: DISABLED
        GFX_6:
            CLK: 2096 MHz
            MIN_CLK: 500 MHz
            MAX_CLK: 2100 MHz
            CLK_LOCKED: DISABLED
            DEEP_SLEEP: DISABLED
        GFX_7:
            CLK: 2106 MHz
            MIN_CLK: 500 MHz
            MAX_CLK: 2100 MHz
            CLK_LOCKED: DISABLED
            DEEP_SLEEP: DISABLED
        MEM_0:
            CLK: 900 MHz
            MIN_CLK: 900 MHz
            MAX_CLK: 1300 MHz
            DEEP_SLEEP: DISABLED
        VCLK_0:
            CLK: 29 MHz
            MIN_CLK: 914 MHz
            MAX_CLK: 1333 MHz
            DEEP_SLEEP: ENABLED
        VCLK_1:
            CLK: 29 MHz
            MIN_CLK: 914 MHz
            MAX_CLK: 1333 MHz
            DEEP_SLEEP: ENABLED
        VCLK_2:
            CLK: 29 MHz
            MIN_CLK: 914 MHz
            MAX_CLK: 1333 MHz
            DEEP_SLEEP: ENABLED
        VCLK_3:
            CLK: 29 MHz
            MIN_CLK: 914 MHz
            MAX_CLK: 1333 MHz
            DEEP_SLEEP: ENABLED
        DCLK_0:
            CLK: 22 MHz
            MIN_CLK: 711 MHz
            MAX_CLK: 1143 MHz
            DEEP_SLEEP: ENABLED
        DCLK_1:
            CLK: 22 MHz
            MIN_CLK: 711 MHz
            MAX_CLK: 1143 MHz
            DEEP_SLEEP: ENABLED
        DCLK_2:
            CLK: 22 MHz
            MIN_CLK: 711 MHz
            MAX_CLK: 1143 MHz
            DEEP_SLEEP: ENABLED
        DCLK_3:
            CLK: 22 MHz
            MIN_CLK: 711 MHz
            MAX_CLK: 1143 MHz
            DEEP_SLEEP: ENABLED
        FCLK_0:
            CLK: 1300 MHz
            MIN_CLK: 1300 MHz
            MAX_CLK: 1800 MHz
            DEEP_SLEEP: DISABLED
        SOCCLK_0:
            CLK: 30 MHz
            MIN_CLK: 889 MHz
            MAX_CLK: 1143 MHz
            DEEP_SLEEP: ENABLED

### 2026-09-18T06:51:23Z
GPU: 0
    CLOCK:
        GFX_0:
            CLK: 2100 MHz
            MIN_CLK: 500 MHz
            MAX_CLK: 2100 MHz
            CLK_LOCKED: DISABLED
            DEEP_SLEEP: DISABLED
        GFX_1:
            CLK: 2110 MHz
            MIN_CLK: 500 MHz
            MAX_CLK: 2100 MHz
            CLK_LOCKED: DISABLED
            DEEP_SLEEP: DISABLED
        GFX_2:
            CLK: 2102 MHz
            MIN_CLK: 500 MHz
            MAX_CLK: 2100 MHz
            CLK_LOCKED: DISABLED
            DEEP_SLEEP: DISABLED
        GFX_3:
            CLK: 2107 MHz
            MIN_CLK: 500 MHz
            MAX_CLK: 2100 MHz
            CLK_LOCKED: DISABLED
            DEEP_SLEEP: DISABLED
        GFX_4:
            CLK: 2103 MHz
            MIN_CLK: 500 MHz
            MAX_CLK: 2100 MHz
            CLK_LOCKED: DISABLED
            DEEP_SLEEP: DISABLED
        GFX_5:
            CLK: 2107 MHz
            MIN_CLK: 500 MHz
            MAX_CLK: 2100 MHz
            CLK_LOCKED: DISABLED
            DEEP_SLEEP: DISABLED
        GFX_6:
            CLK: 2097 MHz
            MIN_CLK: 500 MHz
            MAX_CLK: 2100 MHz
            CLK_LOCKED: DISABLED
            DEEP_SLEEP: DISABLED
        GFX_7:
            CLK: 2107 MHz
            MIN_CLK: 500 MHz
            MAX_CLK: 2100 MHz
            CLK_LOCKED: DISABLED
            DEEP_SLEEP: DISABLED
        MEM_0:
            CLK: 900 MHz
            MIN_CLK: 900 MHz
            MAX_CLK: 1300 MHz
            DEEP_SLEEP: DISABLED
        VCLK_0:
            CLK: 29 MHz
            MIN_CLK: 914 MHz
            MAX_CLK: 1333 MHz
            DEEP_SLEEP: ENABLED
        VCLK_1:
            CLK: 29 MHz
            MIN_CLK: 914 MHz
            MAX_CLK: 1333 MHz
            DEEP_SLEEP: ENABLED
        VCLK_2:
            CLK: 29 MHz
            MIN_CLK: 914 MHz
            MAX_CLK: 1333 MHz
            DEEP_SLEEP: ENABLED
        VCLK_3:
            CLK: 29 MHz
            MIN_CLK: 914 MHz
            MAX_CLK: 1333 MHz
            DEEP_SLEEP: ENABLED
        DCLK_0:
            CLK: 22 MHz
            MIN_CLK: 711 MHz
            MAX_CLK: 1143 MHz
            DEEP_SLEEP: ENABLED
        DCLK_1:
            CLK: 22 MHz
            MIN_CLK: 711 MHz
            MAX_CLK: 1143 MHz
            DEEP_SLEEP: ENABLED
        DCLK_2:
            CLK: 22 MHz
            MIN_CLK: 711 MHz
            MAX_CLK: 1143 MHz
            DEEP_SLEEP: ENABLED
        DCLK_3:
            CLK: 22 MHz
            MIN_CLK: 711 MHz
            MAX_CLK: 1143 MHz
            DEEP_SLEEP: ENABLED
        FCLK_0:
            CLK: 1300 MHz
            MIN_CLK: 1300 MHz
            MAX_CLK: 1800 MHz
            DEEP_SLEEP: DISABLED
        SOCCLK_0:
            CLK: 30 MHz
            MIN_CLK: 889 MHz
            MAX_CLK: 1143 MHz
            DEEP_SLEEP: ENABLED

### 2026-09-18T06:51:25Z
GPU: 0
    CLOCK:
        GFX_0:
            CLK: 2100 MHz
            MIN_CLK: 500 MHz
            MAX_CLK: 2100 MHz
            CLK_LOCKED: DISABLED
            DEEP_SLEEP: DISABLED
        GFX_1:
            CLK: 2110 MHz
            MIN_CLK: 500 MHz
            MAX_CLK: 2100 MHz
            CLK_LOCKED: DISABLED
            DEEP_SLEEP: DISABLED
        GFX_2:
            CLK: 2102 MHz
            MIN_CLK: 500 MHz
            MAX_CLK: 2100 MHz
            CLK_LOCKED: DISABLED
            DEEP_SLEEP: DISABLED
        GFX_3:
            CLK: 2107 MHz
            MIN_CLK: 500 MHz
            MAX_CLK: 2100 MHz
            CLK_LOCKED: DISABLED
            DEEP_SLEEP: DISABLED
        GFX_4:
            CLK: 2103 MHz
            MIN_CLK: 500 MHz
            MAX_CLK: 2100 MHz
            CLK_LOCKED: DISABLED
            DEEP_SLEEP: DISABLED
        GFX_5:
            CLK: 2108 MHz
            MIN_CLK: 500 MHz
            MAX_CLK: 2100 MHz
            CLK_LOCKED: DISABLED
            DEEP_SLEEP: DISABLED
        GFX_6:
            CLK: 2096 MHz
            MIN_CLK: 500 MHz
            MAX_CLK: 2100 MHz
            CLK_LOCKED: DISABLED
            DEEP_SLEEP: DISABLED
        GFX_7:
            CLK: 2106 MHz
            MIN_CLK: 500 MHz
            MAX_CLK: 2100 MHz
            CLK_LOCKED: DISABLED
            DEEP_SLEEP: DISABLED
        MEM_0:
            CLK: 900 MHz
            MIN_CLK: 900 MHz
            MAX_CLK: 1300 MHz
            DEEP_SLEEP: DISABLED
        VCLK_0:
            CLK: 29 MHz
            MIN_CLK: 914 MHz
            MAX_CLK: 1333 MHz
            DEEP_SLEEP: ENABLED
        VCLK_1:
            CLK: 29 MHz
            MIN_CLK: 914 MHz
            MAX_CLK: 1333 MHz
            DEEP_SLEEP: ENABLED
        VCLK_2:
            CLK: 29 MHz
            MIN_CLK: 914 MHz
            MAX_CLK: 1333 MHz
            DEEP_SLEEP: ENABLED
        VCLK_3:
            CLK: 29 MHz
            MIN_CLK: 914 MHz
            MAX_CLK: 1333 MHz
            DEEP_SLEEP: ENABLED
        DCLK_0:
            CLK: 22 MHz
            MIN_CLK: 711 MHz
            MAX_CLK: 1143 MHz
            DEEP_SLEEP: ENABLED
        DCLK_1:
            CLK: 22 MHz
            MIN_CLK: 711 MHz
            MAX_CLK: 1143 MHz
            DEEP_SLEEP: ENABLED
        DCLK_2:
            CLK: 22 MHz
            MIN_CLK: 711 MHz
            MAX_CLK: 1143 MHz
            DEEP_SLEEP: ENABLED
        DCLK_3:
            CLK: 22 MHz
            MIN_CLK: 711 MHz
            MAX_CLK: 1143 MHz
            DEEP_SLEEP: ENABLED
        FCLK_0:
            CLK: 1300 MHz
            MIN_CLK: 1300 MHz
            MAX_CLK: 1800 MHz
            DEEP_SLEEP: DISABLED
        SOCCLK_0:
            CLK: 30 MHz
            MIN_CLK: 889 MHz
            MAX_CLK: 1143 MHz
            DEEP_SLEEP: ENABLED

### 2026-09-18T06:51:26Z
GPU: 0
    CLOCK:
        GFX_0:
            CLK: 2101 MHz
            MIN_CLK: 500 MHz
            MAX_CLK: 2100 MHz
            CLK_LOCKED: DISABLED
            DEEP_SLEEP: DISABLED
        GFX_1:
            CLK: 2111 MHz
            MIN_CLK: 500 MHz
            MAX_CLK: 2100 MHz
            CLK_LOCKED: DISABLED
            DEEP_SLEEP: DISABLED
        GFX_2:
            CLK: 2102 MHz
            MIN_CLK: 500 MHz
            MAX_CLK: 2100 MHz
            CLK_LOCKED: DISABLED
            DEEP_SLEEP: DISABLED
        GFX_3:
            CLK: 2107 MHz
            MIN_CLK: 500 MHz
            MAX_CLK: 2100 MHz
            CLK_LOCKED: DISABLED
            DEEP_SLEEP: DISABLED
        GFX_4:
            CLK: 2104 MHz
            MIN_CLK: 500 MHz
            MAX_CLK: 2100 MHz
            CLK_LOCKED: DISABLED
            DEEP_SLEEP: DISABLED
        GFX_5:
            CLK: 2108 MHz
            MIN_CLK: 500 MHz
            MAX_CLK: 2100 MHz
            CLK_LOCKED: DISABLED
            DEEP_SLEEP: DISABLED
        GFX_6:
            CLK: 2096 MHz
            MIN_CLK: 500 MHz
            MAX_CLK: 2100 MHz
            CLK_LOCKED: DISABLED
            DEEP_SLEEP: DISABLED
        GFX_7:
            CLK: 2107 MHz
            MIN_CLK: 500 MHz
            MAX_CLK: 2100 MHz
            CLK_LOCKED: DISABLED
            DEEP_SLEEP: DISABLED
        MEM_0:
            CLK: 900 MHz
            MIN_CLK: 900 MHz
            MAX_CLK: 1300 MHz
            DEEP_SLEEP: DISABLED
        VCLK_0:
            CLK: 29 MHz
            MIN_CLK: 914 MHz
            MAX_CLK: 1333 MHz
            DEEP_SLEEP: ENABLED
        VCLK_1:
            CLK: 29 MHz
            MIN_CLK: 914 MHz
            MAX_CLK: 1333 MHz
            DEEP_SLEEP: ENABLED
        VCLK_2:
            CLK: 29 MHz
            MIN_CLK: 914 MHz
            MAX_CLK: 1333 MHz
            DEEP_SLEEP: ENABLED
        VCLK_3:
            CLK: 29 MHz
            MIN_CLK: 914 MHz
            MAX_CLK: 1333 MHz
            DEEP_SLEEP: ENABLED
        DCLK_0:
            CLK: 22 MHz
            MIN_CLK: 711 MHz
            MAX_CLK: 1143 MHz
            DEEP_SLEEP: ENABLED
        DCLK_1:
            CLK: 22 MHz
            MIN_CLK: 711 MHz
            MAX_CLK: 1143 MHz
            DEEP_SLEEP: ENABLED
        DCLK_2:
            CLK: 22 MHz
            MIN_CLK: 711 MHz
            MAX_CLK: 1143 MHz
            DEEP_SLEEP: ENABLED
        DCLK_3:
            CLK: 22 MHz
            MIN_CLK: 711 MHz
            MAX_CLK: 1143 MHz
            DEEP_SLEEP: ENABLED
        FCLK_0:
            CLK: 1300 MHz
            MIN_CLK: 1300 MHz
            MAX_CLK: 1800 MHz
            DEEP_SLEEP: DISABLED
        SOCCLK_0:
            CLK: 30 MHz
            MIN_CLK: 889 MHz
            MAX_CLK: 1143 MHz
            DEEP_SLEEP: ENABLED

### 2026-09-18T06:51:27Z
GPU: 0
    CLOCK:
        GFX_0:
            CLK: 2101 MHz
            MIN_CLK: 500 MHz
            MAX_CLK: 2100 MHz
            CLK_LOCKED: DISABLED
            DEEP_SLEEP: DISABLED
        GFX_1:
            CLK: 2110 MHz
            MIN_CLK: 500 MHz
            MAX_CLK: 2100 MHz
            CLK_LOCKED: DISABLED
            DEEP_SLEEP: DISABLED
        GFX_2:
            CLK: 2102 MHz
            MIN_CLK: 500 MHz
            MAX_CLK: 2100 MHz
            CLK_LOCKED: DISABLED
            DEEP_SLEEP: DISABLED
        GFX_3:
            CLK: 2107 MHz
            MIN_CLK: 500 MHz
            MAX_CLK: 2100 MHz
            CLK_LOCKED: DISABLED
            DEEP_SLEEP: DISABLED
        GFX_4:
            CLK: 2104 MHz
            MIN_CLK: 500 MHz
            MAX_CLK: 2100 MHz
            CLK_LOCKED: DISABLED
            DEEP_SLEEP: DISABLED
        GFX_5:
            CLK: 2108 MHz
            MIN_CLK: 500 MHz
            MAX_CLK: 2100 MHz
            CLK_LOCKED: DISABLED
            DEEP_SLEEP: DISABLED
        GFX_6:
            CLK: 2096 MHz
            MIN_CLK: 500 MHz
            MAX_CLK: 2100 MHz
            CLK_LOCKED: DISABLED
            DEEP_SLEEP: DISABLED
        GFX_7:
            CLK: 2106 MHz
            MIN_CLK: 500 MHz
            MAX_CLK: 2100 MHz
            CLK_LOCKED: DISABLED
            DEEP_SLEEP: DISABLED
        MEM_0:
            CLK: 900 MHz
            MIN_CLK: 900 MHz
            MAX_CLK: 1300 MHz
            DEEP_SLEEP: DISABLED
        VCLK_0:
            CLK: 29 MHz
            MIN_CLK: 914 MHz
            MAX_CLK: 1333 MHz
            DEEP_SLEEP: ENABLED
        VCLK_1:
            CLK: 29 MHz
            MIN_CLK: 914 MHz
            MAX_CLK: 1333 MHz
            DEEP_SLEEP: ENABLED
        VCLK_2:
            CLK: 29 MHz
            MIN_CLK: 914 MHz
            MAX_CLK: 1333 MHz
            DEEP_SLEEP: ENABLED
        VCLK_3:
            CLK: 29 MHz
            MIN_CLK: 914 MHz
            MAX_CLK: 1333 MHz
            DEEP_SLEEP: ENABLED
        DCLK_0:
            CLK: 22 MHz
            MIN_CLK: 711 MHz
            MAX_CLK: 1143 MHz
            DEEP_SLEEP: ENABLED
        DCLK_1:
            CLK: 22 MHz
            MIN_CLK: 711 MHz
            MAX_CLK: 1143 MHz
            DEEP_SLEEP: ENABLED
        DCLK_2:
            CLK: 22 MHz
            MIN_CLK: 711 MHz
            MAX_CLK: 1143 MHz
            DEEP_SLEEP: ENABLED
        DCLK_3:
            CLK: 22 MHz
            MIN_CLK: 711 MHz
            MAX_CLK: 1143 MHz
            DEEP_SLEEP: ENABLED
        FCLK_0:
            CLK: 1300 MHz
            MIN_CLK: 1300 MHz
            MAX_CLK: 1800 MHz
            DEEP_SLEEP: DISABLED
        SOCCLK_0:
            CLK: 30 MHz
            MIN_CLK: 889 MHz
            MAX_CLK: 1143 MHz
            DEEP_SLEEP: ENABLED

### 2026-09-18T06:51:28Z
GPU: 0
    CLOCK:
        GFX_0:
            CLK: 2101 MHz
            MIN_CLK: 500 MHz
            MAX_CLK: 2100 MHz
            CLK_LOCKED: DISABLED
            DEEP_SLEEP: DISABLED
        GFX_1:
            CLK: 2110 MHz
            MIN_CLK: 500 MHz
            MAX_CLK: 2100 MHz
            CLK_LOCKED: DISABLED
            DEEP_SLEEP: DISABLED
        GFX_2:
            CLK: 2101 MHz
            MIN_CLK: 500 MHz
            MAX_CLK: 2100 MHz
            CLK_LOCKED: DISABLED
            DEEP_SLEEP: DISABLED
        GFX_3:
            CLK: 2107 MHz
            MIN_CLK: 500 MHz
            MAX_CLK: 2100 MHz
            CLK_LOCKED: DISABLED
            DEEP_SLEEP: DISABLED
        GFX_4:
            CLK: 2103 MHz
            MIN_CLK: 500 MHz
            MAX_CLK: 2100 MHz
            CLK_LOCKED: DISABLED
            DEEP_SLEEP: DISABLED
        GFX_5:
            CLK: 2107 MHz
            MIN_CLK: 500 MHz
            MAX_CLK: 2100 MHz
            CLK_LOCKED: DISABLED
            DEEP_SLEEP: DISABLED
        GFX_6:
            CLK: 2097 MHz
            MIN_CLK: 500 MHz
            MAX_CLK: 2100 MHz
            CLK_LOCKED: DISABLED
            DEEP_SLEEP: DISABLED
        GFX_7:
            CLK: 2107 MHz
            MIN_CLK: 500 MHz
            MAX_CLK: 2100 MHz
            CLK_LOCKED: DISABLED
            DEEP_SLEEP: DISABLED
        MEM_0:
            CLK: 900 MHz
            MIN_CLK: 900 MHz
            MAX_CLK: 1300 MHz
            DEEP_SLEEP: DISABLED
        VCLK_0:
            CLK: 29 MHz
            MIN_CLK: 914 MHz
            MAX_CLK: 1333 MHz
            DEEP_SLEEP: ENABLED
        VCLK_1:
            CLK: 29 MHz
            MIN_CLK: 914 MHz
            MAX_CLK: 1333 MHz
            DEEP_SLEEP: ENABLED
        VCLK_2:
            CLK: 29 MHz
            MIN_CLK: 914 MHz
            MAX_CLK: 1333 MHz
            DEEP_SLEEP: ENABLED
        VCLK_3:
            CLK: 29 MHz
            MIN_CLK: 914 MHz
            MAX_CLK: 1333 MHz
            DEEP_SLEEP: ENABLED
        DCLK_0:
            CLK: 22 MHz
            MIN_CLK: 711 MHz
            MAX_CLK: 1143 MHz
            DEEP_SLEEP: ENABLED
        DCLK_1:
            CLK: 22 MHz
            MIN_CLK: 711 MHz
            MAX_CLK: 1143 MHz
            DEEP_SLEEP: ENABLED
        DCLK_2:
            CLK: 22 MHz
            MIN_CLK: 711 MHz
            MAX_CLK: 1143 MHz
            DEEP_SLEEP: ENABLED
        DCLK_3:
            CLK: 22 MHz
            MIN_CLK: 711 MHz
            MAX_CLK: 1143 MHz
            DEEP_SLEEP: ENABLED
        FCLK_0:
            CLK: 1300 MHz
            MIN_CLK: 1300 MHz
            MAX_CLK: 1800 MHz
            DEEP_SLEEP: DISABLED
        SOCCLK_0:
            CLK: 30 MHz
            MIN_CLK: 889 MHz
            MAX_CLK: 1143 MHz
            DEEP_SLEEP: ENABLED

### 2026-09-18T06:51:30Z
GPU: 0
    CLOCK:
        GFX_0:
            CLK: 2100 MHz
            MIN_CLK: 500 MHz
            MAX_CLK: 2100 MHz
            CLK_LOCKED: DISABLED
            DEEP_SLEEP: DISABLED
        GFX_1:
            CLK: 2111 MHz
            MIN_CLK: 500 MHz
            MAX_CLK: 2100 MHz
            CLK_LOCKED: DISABLED
            DEEP_SLEEP: DISABLED
        GFX_2:
            CLK: 2101 MHz
            MIN_CLK: 500 MHz
            MAX_CLK: 2100 MHz
            CLK_LOCKED: DISABLED
            DEEP_SLEEP: DISABLED
        GFX_3:
            CLK: 2107 MHz
            MIN_CLK: 500 MHz
            MAX_CLK: 2100 MHz
            CLK_LOCKED: DISABLED
            DEEP_SLEEP: DISABLED
        GFX_4:
            CLK: 2103 MHz
            MIN_CLK: 500 MHz
            MAX_CLK: 2100 MHz
            CLK_LOCKED: DISABLED
            DEEP_SLEEP: DISABLED
        GFX_5:
            CLK: 2108 MHz
            MIN_CLK: 500 MHz
            MAX_CLK: 2100 MHz
            CLK_LOCKED: DISABLED
            DEEP_SLEEP: DISABLED
        GFX_6:
            CLK: 2096 MHz
            MIN_CLK: 500 MHz
            MAX_CLK: 2100 MHz
            CLK_LOCKED: DISABLED
            DEEP_SLEEP: DISABLED
        GFX_7:
            CLK: 2107 MHz
            MIN_CLK: 500 MHz
            MAX_CLK: 2100 MHz
            CLK_LOCKED: DISABLED
            DEEP_SLEEP: DISABLED
        MEM_0:
            CLK: 900 MHz
            MIN_CLK: 900 MHz
            MAX_CLK: 1300 MHz
            DEEP_SLEEP: DISABLED
        VCLK_0:
            CLK: 29 MHz
            MIN_CLK: 914 MHz
            MAX_CLK: 1333 MHz
            DEEP_SLEEP: ENABLED
        VCLK_1:
            CLK: 29 MHz
            MIN_CLK: 914 MHz
            MAX_CLK: 1333 MHz
            DEEP_SLEEP: ENABLED
        VCLK_2:
            CLK: 29 MHz
            MIN_CLK: 914 MHz
            MAX_CLK: 1333 MHz
            DEEP_SLEEP: ENABLED
        VCLK_3:
            CLK: 29 MHz
            MIN_CLK: 914 MHz
            MAX_CLK: 1333 MHz
            DEEP_SLEEP: ENABLED
        DCLK_0:
            CLK: 22 MHz
            MIN_CLK: 711 MHz
            MAX_CLK: 1143 MHz
            DEEP_SLEEP: ENABLED
        DCLK_1:
            CLK: 22 MHz
            MIN_CLK: 711 MHz
            MAX_CLK: 1143 MHz
            DEEP_SLEEP: ENABLED
        DCLK_2:
            CLK: 22 MHz
            MIN_CLK: 711 MHz
            MAX_CLK: 1143 MHz
            DEEP_SLEEP: ENABLED
        DCLK_3:
            CLK: 22 MHz
            MIN_CLK: 711 MHz
            MAX_CLK: 1143 MHz
            DEEP_SLEEP: ENABLED
        FCLK_0:
            CLK: 1300 MHz
            MIN_CLK: 1300 MHz
            MAX_CLK: 1800 MHz
            DEEP_SLEEP: DISABLED
        SOCCLK_0:
            CLK: 30 MHz
            MIN_CLK: 889 MHz
            MAX_CLK: 1143 MHz
            DEEP_SLEEP: ENABLED

### 2026-09-18T06:51:31Z
GPU: 0
    CLOCK:
        GFX_0:
            CLK: 2100 MHz
            MIN_CLK: 500 MHz
            MAX_CLK: 2100 MHz
            CLK_LOCKED: DISABLED
            DEEP_SLEEP: DISABLED
        GFX_1:
            CLK: 2110 MHz
            MIN_CLK: 500 MHz
            MAX_CLK: 2100 MHz
            CLK_LOCKED: DISABLED
            DEEP_SLEEP: DISABLED
        GFX_2:
            CLK: 2101 MHz
            MIN_CLK: 500 MHz
            MAX_CLK: 2100 MHz
            CLK_LOCKED: DISABLED
            DEEP_SLEEP: DISABLED
        GFX_3:
            CLK: 2106 MHz
            MIN_CLK: 500 MHz
            MAX_CLK: 2100 MHz
            CLK_LOCKED: DISABLED
            DEEP_SLEEP: DISABLED
        GFX_4:
            CLK: 2103 MHz
            MIN_CLK: 500 MHz
            MAX_CLK: 2100 MHz
            CLK_LOCKED: DISABLED
            DEEP_SLEEP: DISABLED
        GFX_5:
            CLK: 2108 MHz
            MIN_CLK: 500 MHz
            MAX_CLK: 2100 MHz
            CLK_LOCKED: DISABLED
            DEEP_SLEEP: DISABLED
        GFX_6:
            CLK: 2096 MHz
            MIN_CLK: 500 MHz
            MAX_CLK: 2100 MHz
            CLK_LOCKED: DISABLED
            DEEP_SLEEP: DISABLED
        GFX_7:
            CLK: 2107 MHz
            MIN_CLK: 500 MHz
            MAX_CLK: 2100 MHz
            CLK_LOCKED: DISABLED
            DEEP_SLEEP: DISABLED
        MEM_0:
            CLK: 900 MHz
            MIN_CLK: 900 MHz
            MAX_CLK: 1300 MHz
            DEEP_SLEEP: DISABLED
        VCLK_0:
            CLK: 29 MHz
            MIN_CLK: 914 MHz
            MAX_CLK: 1333 MHz
            DEEP_SLEEP: ENABLED
        VCLK_1:
            CLK: 29 MHz
            MIN_CLK: 914 MHz
            MAX_CLK: 1333 MHz
            DEEP_SLEEP: ENABLED
        VCLK_2:
            CLK: 29 MHz
            MIN_CLK: 914 MHz
            MAX_CLK: 1333 MHz
            DEEP_SLEEP: ENABLED
        VCLK_3:
            CLK: 29 MHz
            MIN_CLK: 914 MHz
            MAX_CLK: 1333 MHz
            DEEP_SLEEP: ENABLED
        DCLK_0:
            CLK: 22 MHz
            MIN_CLK: 711 MHz
            MAX_CLK: 1143 MHz
            DEEP_SLEEP: ENABLED
        DCLK_1:
            CLK: 22 MHz
            MIN_CLK: 711 MHz
            MAX_CLK: 1143 MHz
            DEEP_SLEEP: ENABLED
        DCLK_2:
            CLK: 22 MHz
            MIN_CLK: 711 MHz
            MAX_CLK: 1143 MHz
            DEEP_SLEEP: ENABLED
        DCLK_3:
            CLK: 22 MHz
            MIN_CLK: 711 MHz
            MAX_CLK: 1143 MHz
            DEEP_SLEEP: ENABLED
        FCLK_0:
            CLK: 1300 MHz
            MIN_CLK: 1300 MHz
            MAX_CLK: 1800 MHz
            DEEP_SLEEP: DISABLED
        SOCCLK_0:
            CLK: 37 MHz
            MIN_CLK: 889 MHz
            MAX_CLK: 1143 MHz
            DEEP_SLEEP: ENABLED

### 2026-09-18T06:51:32Z
GPU: 0
    CLOCK:
        GFX_0:
            CLK: 2100 MHz
            MIN_CLK: 500 MHz
            MAX_CLK: 2100 MHz
            CLK_LOCKED: DISABLED
            DEEP_SLEEP: DISABLED
        GFX_1:
            CLK: 2111 MHz
            MIN_CLK: 500 MHz
            MAX_CLK: 2100 MHz
            CLK_LOCKED: DISABLED
            DEEP_SLEEP: DISABLED
        GFX_2:
            CLK: 2101 MHz
            MIN_CLK: 500 MHz
            MAX_CLK: 2100 MHz
            CLK_LOCKED: DISABLED
            DEEP_SLEEP: DISABLED
        GFX_3:
            CLK: 2107 MHz
            MIN_CLK: 500 MHz
            MAX_CLK: 2100 MHz
            CLK_LOCKED: DISABLED
            DEEP_SLEEP: DISABLED
        GFX_4:
            CLK: 2103 MHz
            MIN_CLK: 500 MHz
            MAX_CLK: 2100 MHz
            CLK_LOCKED: DISABLED
            DEEP_SLEEP: DISABLED
        GFX_5:
            CLK: 2108 MHz
            MIN_CLK: 500 MHz
            MAX_CLK: 2100 MHz
            CLK_LOCKED: DISABLED
            DEEP_SLEEP: DISABLED
        GFX_6:
            CLK: 2097 MHz
            MIN_CLK: 500 MHz
            MAX_CLK: 2100 MHz
            CLK_LOCKED: DISABLED
            DEEP_SLEEP: DISABLED
        GFX_7:
            CLK: 2107 MHz
            MIN_CLK: 500 MHz
            MAX_CLK: 2100 MHz
            CLK_LOCKED: DISABLED
            DEEP_SLEEP: DISABLED
        MEM_0:
            CLK: 900 MHz
            MIN_CLK: 900 MHz
            MAX_CLK: 1300 MHz
            DEEP_SLEEP: DISABLED
        VCLK_0:
            CLK: 29 MHz
            MIN_CLK: 914 MHz
            MAX_CLK: 1333 MHz
            DEEP_SLEEP: ENABLED
        VCLK_1:
            CLK: 29 MHz
            MIN_CLK: 914 MHz
            MAX_CLK: 1333 MHz
            DEEP_SLEEP: ENABLED
        VCLK_2:
            CLK: 29 MHz
            MIN_CLK: 914 MHz
            MAX_CLK: 1333 MHz
            DEEP_SLEEP: ENABLED
        VCLK_3:
            CLK: 29 MHz
            MIN_CLK: 914 MHz
            MAX_CLK: 1333 MHz
            DEEP_SLEEP: ENABLED
        DCLK_0:
            CLK: 22 MHz
            MIN_CLK: 711 MHz
            MAX_CLK: 1143 MHz
            DEEP_SLEEP: ENABLED
        DCLK_1:
            CLK: 22 MHz
            MIN_CLK: 711 MHz
            MAX_CLK: 1143 MHz
            DEEP_SLEEP: ENABLED
        DCLK_2:
            CLK: 22 MHz
            MIN_CLK: 711 MHz
            MAX_CLK: 1143 MHz
            DEEP_SLEEP: ENABLED
        DCLK_3:
            CLK: 22 MHz
            MIN_CLK: 711 MHz
            MAX_CLK: 1143 MHz
            DEEP_SLEEP: ENABLED
        FCLK_0:
            CLK: 1300 MHz
            MIN_CLK: 1300 MHz
            MAX_CLK: 1800 MHz
            DEEP_SLEEP: DISABLED
        SOCCLK_0:
            CLK: 30 MHz
            MIN_CLK: 889 MHz
            MAX_CLK: 1143 MHz
            DEEP_SLEEP: ENABLED

### 2026-09-18T06:51:33Z
GPU: 0
    CLOCK:
        GFX_0:
            CLK: 2101 MHz
            MIN_CLK: 500 MHz
            MAX_CLK: 2100 MHz
            CLK_LOCKED: DISABLED
            DEEP_SLEEP: DISABLED
        GFX_1:
            CLK: 2111 MHz
            MIN_CLK: 500 MHz
            MAX_CLK: 2100 MHz
            CLK_LOCKED: DISABLED
            DEEP_SLEEP: DISABLED
        GFX_2:
            CLK: 2101 MHz
            MIN_CLK: 500 MHz
            MAX_CLK: 2100 MHz
            CLK_LOCKED: DISABLED
            DEEP_SLEEP: DISABLED
        GFX_3:
            CLK: 2107 MHz
            MIN_CLK: 500 MHz
            MAX_CLK: 2100 MHz
            CLK_LOCKED: DISABLED
            DEEP_SLEEP: DISABLED
        GFX_4:
            CLK: 2104 MHz
            MIN_CLK: 500 MHz
            MAX_CLK: 2100 MHz
            CLK_LOCKED: DISABLED
            DEEP_SLEEP: DISABLED
        GFX_5:
            CLK: 2107 MHz
            MIN_CLK: 500 MHz
            MAX_CLK: 2100 MHz
            CLK_LOCKED: DISABLED
            DEEP_SLEEP: DISABLED
        GFX_6:
            CLK: 2096 MHz
            MIN_CLK: 500 MHz
            MAX_CLK: 2100 MHz
            CLK_LOCKED: DISABLED
            DEEP_SLEEP: DISABLED
        GFX_7:
            CLK: 2107 MHz
            MIN_CLK: 500 MHz
            MAX_CLK: 2100 MHz
            CLK_LOCKED: DISABLED
            DEEP_SLEEP: DISABLED
        MEM_0:
            CLK: 900 MHz
            MIN_CLK: 900 MHz
            MAX_CLK: 1300 MHz
            DEEP_SLEEP: DISABLED
        VCLK_0:
            CLK: 29 MHz
            MIN_CLK: 914 MHz
            MAX_CLK: 1333 MHz
            DEEP_SLEEP: ENABLED
        VCLK_1:
            CLK: 29 MHz
            MIN_CLK: 914 MHz
            MAX_CLK: 1333 MHz
            DEEP_SLEEP: ENABLED
        VCLK_2:
            CLK: 29 MHz
            MIN_CLK: 914 MHz
            MAX_CLK: 1333 MHz
            DEEP_SLEEP: ENABLED
        VCLK_3:
            CLK: 29 MHz
            MIN_CLK: 914 MHz
            MAX_CLK: 1333 MHz
            DEEP_SLEEP: ENABLED
        DCLK_0:
            CLK: 22 MHz
            MIN_CLK: 711 MHz
            MAX_CLK: 1143 MHz
            DEEP_SLEEP: ENABLED
        DCLK_1:
            CLK: 22 MHz
            MIN_CLK: 711 MHz
            MAX_CLK: 1143 MHz
            DEEP_SLEEP: ENABLED
        DCLK_2:
            CLK: 22 MHz
            MIN_CLK: 711 MHz
            MAX_CLK: 1143 MHz
            DEEP_SLEEP: ENABLED
        DCLK_3:
            CLK: 22 MHz
            MIN_CLK: 711 MHz
            MAX_CLK: 1143 MHz
            DEEP_SLEEP: ENABLED
        FCLK_0:
            CLK: 1300 MHz
            MIN_CLK: 1300 MHz
            MAX_CLK: 1800 MHz
            DEEP_SLEEP: DISABLED
        SOCCLK_0:
            CLK: 30 MHz
            MIN_CLK: 889 MHz
            MAX_CLK: 1143 MHz
            DEEP_SLEEP: ENABLED

### 2026-09-18T06:51:35Z
GPU: 0
    CLOCK:
        GFX_0:
            CLK: 2100 MHz
            MIN_CLK: 500 MHz
            MAX_CLK: 2100 MHz
            CLK_LOCKED: DISABLED
            DEEP_SLEEP: DISABLED
        GFX_1:
            CLK: 2111 MHz
            MIN_CLK: 500 MHz
            MAX_CLK: 2100 MHz
            CLK_LOCKED: DISABLED
            DEEP_SLEEP: DISABLED
        GFX_2:
            CLK: 2102 MHz
            MIN_CLK: 500 MHz
            MAX_CLK: 2100 MHz
            CLK_LOCKED: DISABLED
            DEEP_SLEEP: DISABLED
        GFX_3:
            CLK: 2107 MHz
            MIN_CLK: 500 MHz
            MAX_CLK: 2100 MHz
            CLK_LOCKED: DISABLED
            DEEP_SLEEP: DISABLED
        GFX_4:
            CLK: 2104 MHz
            MIN_CLK: 500 MHz
            MAX_CLK: 2100 MHz
            CLK_LOCKED: DISABLED
            DEEP_SLEEP: DISABLED
        GFX_5:
            CLK: 2107 MHz
            MIN_CLK: 500 MHz
            MAX_CLK: 2100 MHz
            CLK_LOCKED: DISABLED
            DEEP_SLEEP: DISABLED
        GFX_6:
            CLK: 2096 MHz
            MIN_CLK: 500 MHz
            MAX_CLK: 2100 MHz
            CLK_LOCKED: DISABLED
            DEEP_SLEEP: DISABLED
        GFX_7:
            CLK: 2107 MHz
            MIN_CLK: 500 MHz
            MAX_CLK: 2100 MHz
            CLK_LOCKED: DISABLED
            DEEP_SLEEP: DISABLED
        MEM_0:
            CLK: 900 MHz
            MIN_CLK: 900 MHz
            MAX_CLK: 1300 MHz
            DEEP_SLEEP: DISABLED
        VCLK_0:
            CLK: 29 MHz
            MIN_CLK: 914 MHz
            MAX_CLK: 1333 MHz
            DEEP_SLEEP: ENABLED
        VCLK_1:
            CLK: 29 MHz
            MIN_CLK: 914 MHz
            MAX_CLK: 1333 MHz
            DEEP_SLEEP: ENABLED
        VCLK_2:
            CLK: 29 MHz
            MIN_CLK: 914 MHz
            MAX_CLK: 1333 MHz
            DEEP_SLEEP: ENABLED
        VCLK_3:
            CLK: 29 MHz
            MIN_CLK: 914 MHz
            MAX_CLK: 1333 MHz
            DEEP_SLEEP: ENABLED
        DCLK_0:
            CLK: 22 MHz
            MIN_CLK: 711 MHz
            MAX_CLK: 1143 MHz
            DEEP_SLEEP: ENABLED
        DCLK_1:
            CLK: 22 MHz
            MIN_CLK: 711 MHz
            MAX_CLK: 1143 MHz
            DEEP_SLEEP: ENABLED
        DCLK_2:
            CLK: 22 MHz
            MIN_CLK: 711 MHz
            MAX_CLK: 1143 MHz
            DEEP_SLEEP: ENABLED
        DCLK_3:
            CLK: 22 MHz
            MIN_CLK: 711 MHz
            MAX_CLK: 1143 MHz
            DEEP_SLEEP: ENABLED
        FCLK_0:
            CLK: 1300 MHz
            MIN_CLK: 1300 MHz
            MAX_CLK: 1800 MHz
            DEEP_SLEEP: DISABLED
        SOCCLK_0:
            CLK: 30 MHz
            MIN_CLK: 889 MHz
            MAX_CLK: 1143 MHz
            DEEP_SLEEP: ENABLED

### 2026-09-18T06:51:36Z
GPU: 0
    CLOCK:
        GFX_0:
            CLK: 2100 MHz
            MIN_CLK: 500 MHz
            MAX_CLK: 2100 MHz
            CLK_LOCKED: DISABLED
            DEEP_SLEEP: DISABLED
        GFX_1:
            CLK: 2110 MHz
            MIN_CLK: 500 MHz
            MAX_CLK: 2100 MHz
            CLK_LOCKED: DISABLED
            DEEP_SLEEP: DISABLED
        GFX_2:
            CLK: 2101 MHz
            MIN_CLK: 500 MHz
            MAX_CLK: 2100 MHz
            CLK_LOCKED: DISABLED
            DEEP_SLEEP: DISABLED
        GFX_3:
            CLK: 2107 MHz
            MIN_CLK: 500 MHz
            MAX_CLK: 2100 MHz
            CLK_LOCKED: DISABLED
            DEEP_SLEEP: DISABLED
        GFX_4:
            CLK: 2104 MHz
            MIN_CLK: 500 MHz
            MAX_CLK: 2100 MHz
            CLK_LOCKED: DISABLED
            DEEP_SLEEP: DISABLED
        GFX_5:
            CLK: 2107 MHz
            MIN_CLK: 500 MHz
            MAX_CLK: 2100 MHz
            CLK_LOCKED: DISABLED
            DEEP_SLEEP: DISABLED
        GFX_6:
            CLK: 2096 MHz
            MIN_CLK: 500 MHz
            MAX_CLK: 2100 MHz
            CLK_LOCKED: DISABLED
            DEEP_SLEEP: DISABLED
        GFX_7:
            CLK: 2107 MHz
            MIN_CLK: 500 MHz
            MAX_CLK: 2100 MHz
            CLK_LOCKED: DISABLED
            DEEP_SLEEP: DISABLED
        MEM_0:
            CLK: 900 MHz
            MIN_CLK: 900 MHz
            MAX_CLK: 1300 MHz
            DEEP_SLEEP: DISABLED
        VCLK_0:
            CLK: 29 MHz
            MIN_CLK: 914 MHz
            MAX_CLK: 1333 MHz
            DEEP_SLEEP: ENABLED
        VCLK_1:
            CLK: 29 MHz
            MIN_CLK: 914 MHz
            MAX_CLK: 1333 MHz
            DEEP_SLEEP: ENABLED
        VCLK_2:
            CLK: 29 MHz
            MIN_CLK: 914 MHz
            MAX_CLK: 1333 MHz
            DEEP_SLEEP: ENABLED
        VCLK_3:
            CLK: 29 MHz
            MIN_CLK: 914 MHz
            MAX_CLK: 1333 MHz
            DEEP_SLEEP: ENABLED
        DCLK_0:
            CLK: 22 MHz
            MIN_CLK: 711 MHz
            MAX_CLK: 1143 MHz
            DEEP_SLEEP: ENABLED
        DCLK_1:
            CLK: 22 MHz
            MIN_CLK: 711 MHz
            MAX_CLK: 1143 MHz
            DEEP_SLEEP: ENABLED
        DCLK_2:
            CLK: 22 MHz
            MIN_CLK: 711 MHz
            MAX_CLK: 1143 MHz
            DEEP_SLEEP: ENABLED
        DCLK_3:
            CLK: 22 MHz
            MIN_CLK: 711 MHz
            MAX_CLK: 1143 MHz
            DEEP_SLEEP: ENABLED
        FCLK_0:
            CLK: 1300 MHz
            MIN_CLK: 1300 MHz
            MAX_CLK: 1800 MHz
            DEEP_SLEEP: DISABLED
        SOCCLK_0:
            CLK: 30 MHz
            MIN_CLK: 889 MHz
            MAX_CLK: 1143 MHz
            DEEP_SLEEP: ENABLED

### 2026-09-18T06:51:37Z
GPU: 0
    CLOCK:
        GFX_0:
            CLK: 2100 MHz
            MIN_CLK: 500 MHz
            MAX_CLK: 2100 MHz
            CLK_LOCKED: DISABLED
            DEEP_SLEEP: DISABLED
        GFX_1:
            CLK: 2110 MHz
            MIN_CLK: 500 MHz
            MAX_CLK: 2100 MHz
            CLK_LOCKED: DISABLED
            DEEP_SLEEP: DISABLED
        GFX_2:
            CLK: 2102 MHz
            MIN_CLK: 500 MHz
            MAX_CLK: 2100 MHz
            CLK_LOCKED: DISABLED
            DEEP_SLEEP: DISABLED
        GFX_3:
            CLK: 2107 MHz
            MIN_CLK: 500 MHz
            MAX_CLK: 2100 MHz
            CLK_LOCKED: DISABLED
            DEEP_SLEEP: DISABLED
        GFX_4:
            CLK: 2104 MHz
            MIN_CLK: 500 MHz
            MAX_CLK: 2100 MHz
            CLK_LOCKED: DISABLED
            DEEP_SLEEP: DISABLED
        GFX_5:
            CLK: 2108 MHz
            MIN_CLK: 500 MHz
            MAX_CLK: 2100 MHz
            CLK_LOCKED: DISABLED
            DEEP_SLEEP: DISABLED
        GFX_6:
            CLK: 2096 MHz
            MIN_CLK: 500 MHz
            MAX_CLK: 2100 MHz
            CLK_LOCKED: DISABLED
            DEEP_SLEEP: DISABLED
        GFX_7:
            CLK: 2106 MHz
            MIN_CLK: 500 MHz
            MAX_CLK: 2100 MHz
            CLK_LOCKED: DISABLED
            DEEP_SLEEP: DISABLED
        MEM_0:
            CLK: 900 MHz
            MIN_CLK: 900 MHz
            MAX_CLK: 1300 MHz
            DEEP_SLEEP: DISABLED
        VCLK_0:
            CLK: 29 MHz
            MIN_CLK: 914 MHz
            MAX_CLK: 1333 MHz
            DEEP_SLEEP: ENABLED
        VCLK_1:
            CLK: 29 MHz
            MIN_CLK: 914 MHz
            MAX_CLK: 1333 MHz
            DEEP_SLEEP: ENABLED
        VCLK_2:
            CLK: 29 MHz
            MIN_CLK: 914 MHz
            MAX_CLK: 1333 MHz
            DEEP_SLEEP: ENABLED
        VCLK_3:
            CLK: 29 MHz
            MIN_CLK: 914 MHz
            MAX_CLK: 1333 MHz
            DEEP_SLEEP: ENABLED
        DCLK_0:
            CLK: 22 MHz
            MIN_CLK: 711 MHz
            MAX_CLK: 1143 MHz
            DEEP_SLEEP: ENABLED
        DCLK_1:
            CLK: 22 MHz
            MIN_CLK: 711 MHz
            MAX_CLK: 1143 MHz
            DEEP_SLEEP: ENABLED
        DCLK_2:
            CLK: 22 MHz
            MIN_CLK: 711 MHz
            MAX_CLK: 1143 MHz
            DEEP_SLEEP: ENABLED
        DCLK_3:
            CLK: 22 MHz
            MIN_CLK: 711 MHz
            MAX_CLK: 1143 MHz
            DEEP_SLEEP: ENABLED
        FCLK_0:
            CLK: 1300 MHz
            MIN_CLK: 1300 MHz
            MAX_CLK: 1800 MHz
            DEEP_SLEEP: DISABLED
        SOCCLK_0:
            CLK: 31 MHz
            MIN_CLK: 889 MHz
            MAX_CLK: 1143 MHz
            DEEP_SLEEP: ENABLED

### 2026-09-18T06:51:39Z
GPU: 0
    CLOCK:
        GFX_0:
            CLK: 2101 MHz
            MIN_CLK: 500 MHz
            MAX_CLK: 2100 MHz
            CLK_LOCKED: DISABLED
            DEEP_SLEEP: DISABLED
        GFX_1:
            CLK: 2111 MHz
            MIN_CLK: 500 MHz
            MAX_CLK: 2100 MHz
            CLK_LOCKED: DISABLED
            DEEP_SLEEP: DISABLED
        GFX_2:
            CLK: 2101 MHz
            MIN_CLK: 500 MHz
            MAX_CLK: 2100 MHz
            CLK_LOCKED: DISABLED
            DEEP_SLEEP: DISABLED
        GFX_3:
            CLK: 2107 MHz
            MIN_CLK: 500 MHz
            MAX_CLK: 2100 MHz
            CLK_LOCKED: DISABLED
            DEEP_SLEEP: DISABLED
        GFX_4:
            CLK: 2103 MHz
            MIN_CLK: 500 MHz
            MAX_CLK: 2100 MHz
            CLK_LOCKED: DISABLED
            DEEP_SLEEP: DISABLED
        GFX_5:
            CLK: 2108 MHz
            MIN_CLK: 500 MHz
            MAX_CLK: 2100 MHz
            CLK_LOCKED: DISABLED
            DEEP_SLEEP: DISABLED
        GFX_6:
            CLK: 2096 MHz
            MIN_CLK: 500 MHz
            MAX_CLK: 2100 MHz
            CLK_LOCKED: DISABLED
            DEEP_SLEEP: DISABLED
        GFX_7:
            CLK: 2107 MHz
            MIN_CLK: 500 MHz
            MAX_CLK: 2100 MHz
            CLK_LOCKED: DISABLED
            DEEP_SLEEP: DISABLED
        MEM_0:
            CLK: 900 MHz
            MIN_CLK: 900 MHz
            MAX_CLK: 1300 MHz
            DEEP_SLEEP: DISABLED
        VCLK_0:
            CLK: 29 MHz
            MIN_CLK: 914 MHz
            MAX_CLK: 1333 MHz
            DEEP_SLEEP: ENABLED
        VCLK_1:
            CLK: 29 MHz
            MIN_CLK: 914 MHz
            MAX_CLK: 1333 MHz
            DEEP_SLEEP: ENABLED
        VCLK_2:
            CLK: 29 MHz
            MIN_CLK: 914 MHz
            MAX_CLK: 1333 MHz
            DEEP_SLEEP: ENABLED
        VCLK_3:
            CLK: 29 MHz
            MIN_CLK: 914 MHz
            MAX_CLK: 1333 MHz
            DEEP_SLEEP: ENABLED
        DCLK_0:
            CLK: 22 MHz
            MIN_CLK: 711 MHz
            MAX_CLK: 1143 MHz
            DEEP_SLEEP: ENABLED
        DCLK_1:
            CLK: 22 MHz
            MIN_CLK: 711 MHz
            MAX_CLK: 1143 MHz
            DEEP_SLEEP: ENABLED
        DCLK_2:
            CLK: 22 MHz
            MIN_CLK: 711 MHz
            MAX_CLK: 1143 MHz
            DEEP_SLEEP: ENABLED
        DCLK_3:
            CLK: 22 MHz
            MIN_CLK: 711 MHz
            MAX_CLK: 1143 MHz
            DEEP_SLEEP: ENABLED
        FCLK_0:
            CLK: 1300 MHz
            MIN_CLK: 1300 MHz
            MAX_CLK: 1800 MHz
            DEEP_SLEEP: DISABLED
        SOCCLK_0:
            CLK: 30 MHz
            MIN_CLK: 889 MHz
            MAX_CLK: 1143 MHz
            DEEP_SLEEP: ENABLED

### 2026-09-18T06:51:40Z
GPU: 0
    CLOCK:
        GFX_0:
            CLK: 2100 MHz
            MIN_CLK: 500 MHz
            MAX_CLK: 2100 MHz
            CLK_LOCKED: DISABLED
            DEEP_SLEEP: DISABLED
        GFX_1:
            CLK: 2111 MHz
            MIN_CLK: 500 MHz
            MAX_CLK: 2100 MHz
            CLK_LOCKED: DISABLED
            DEEP_SLEEP: DISABLED
        GFX_2:
            CLK: 2102 MHz
            MIN_CLK: 500 MHz
            MAX_CLK: 2100 MHz
            CLK_LOCKED: DISABLED
            DEEP_SLEEP: DISABLED
        GFX_3:
            CLK: 2107 MHz
            MIN_CLK: 500 MHz
            MAX_CLK: 2100 MHz
            CLK_LOCKED: DISABLED
            DEEP_SLEEP: DISABLED
        GFX_4:
            CLK: 2103 MHz
            MIN_CLK: 500 MHz
            MAX_CLK: 2100 MHz
            CLK_LOCKED: DISABLED
            DEEP_SLEEP: DISABLED
        GFX_5:
            CLK: 2108 MHz
            MIN_CLK: 500 MHz
            MAX_CLK: 2100 MHz
            CLK_LOCKED: DISABLED
            DEEP_SLEEP: DISABLED
        GFX_6:
            CLK: 2096 MHz
            MIN_CLK: 500 MHz
            MAX_CLK: 2100 MHz
            CLK_LOCKED: DISABLED
            DEEP_SLEEP: DISABLED
        GFX_7:
            CLK: 2107 MHz
            MIN_CLK: 500 MHz
            MAX_CLK: 2100 MHz
            CLK_LOCKED: DISABLED
            DEEP_SLEEP: DISABLED
        MEM_0:
            CLK: 900 MHz
            MIN_CLK: 900 MHz
            MAX_CLK: 1300 MHz
            DEEP_SLEEP: DISABLED
        VCLK_0:
            CLK: 29 MHz
            MIN_CLK: 914 MHz
            MAX_CLK: 1333 MHz
            DEEP_SLEEP: ENABLED
        VCLK_1:
            CLK: 29 MHz
            MIN_CLK: 914 MHz
            MAX_CLK: 1333 MHz
            DEEP_SLEEP: ENABLED
        VCLK_2:
            CLK: 29 MHz
            MIN_CLK: 914 MHz
            MAX_CLK: 1333 MHz
            DEEP_SLEEP: ENABLED
        VCLK_3:
            CLK: 29 MHz
            MIN_CLK: 914 MHz
            MAX_CLK: 1333 MHz
            DEEP_SLEEP: ENABLED
        DCLK_0:
            CLK: 22 MHz
            MIN_CLK: 711 MHz
            MAX_CLK: 1143 MHz
            DEEP_SLEEP: ENABLED
        DCLK_1:
            CLK: 22 MHz
            MIN_CLK: 711 MHz
            MAX_CLK: 1143 MHz
            DEEP_SLEEP: ENABLED
        DCLK_2:
            CLK: 22 MHz
            MIN_CLK: 711 MHz
            MAX_CLK: 1143 MHz
            DEEP_SLEEP: ENABLED
        DCLK_3:
            CLK: 22 MHz
            MIN_CLK: 711 MHz
            MAX_CLK: 1143 MHz
            DEEP_SLEEP: ENABLED
        FCLK_0:
            CLK: 1300 MHz
            MIN_CLK: 1300 MHz
            MAX_CLK: 1800 MHz
            DEEP_SLEEP: DISABLED
        SOCCLK_0:
            CLK: 30 MHz
            MIN_CLK: 889 MHz
            MAX_CLK: 1143 MHz
            DEEP_SLEEP: ENABLED

### 2026-09-18T06:51:41Z
GPU: 0
    CLOCK:
        GFX_0:
            CLK: 2101 MHz
            MIN_CLK: 500 MHz
            MAX_CLK: 2100 MHz
            CLK_LOCKED: DISABLED
            DEEP_SLEEP: DISABLED
        GFX_1:
            CLK: 2111 MHz
            MIN_CLK: 500 MHz
            MAX_CLK: 2100 MHz
            CLK_LOCKED: DISABLED
            DEEP_SLEEP: DISABLED
        GFX_2:
            CLK: 2102 MHz
            MIN_CLK: 500 MHz
            MAX_CLK: 2100 MHz
            CLK_LOCKED: DISABLED
            DEEP_SLEEP: DISABLED
        GFX_3:
            CLK: 2107 MHz
            MIN_CLK: 500 MHz
            MAX_CLK: 2100 MHz
            CLK_LOCKED: DISABLED
            DEEP_SLEEP: DISABLED
        GFX_4:
            CLK: 2103 MHz
            MIN_CLK: 500 MHz
            MAX_CLK: 2100 MHz
            CLK_LOCKED: DISABLED
            DEEP_SLEEP: DISABLED
        GFX_5:
            CLK: 2108 MHz
            MIN_CLK: 500 MHz
            MAX_CLK: 2100 MHz
            CLK_LOCKED: DISABLED
            DEEP_SLEEP: DISABLED
        GFX_6:
            CLK: 2097 MHz
            MIN_CLK: 500 MHz
            MAX_CLK: 2100 MHz
            CLK_LOCKED: DISABLED
            DEEP_SLEEP: DISABLED
        GFX_7:
            CLK: 2106 MHz
            MIN_CLK: 500 MHz
            MAX_CLK: 2100 MHz
            CLK_LOCKED: DISABLED
            DEEP_SLEEP: DISABLED
        MEM_0:
            CLK: 900 MHz
            MIN_CLK: 900 MHz
            MAX_CLK: 1300 MHz
            DEEP_SLEEP: DISABLED
        VCLK_0:
            CLK: 29 MHz
            MIN_CLK: 914 MHz
            MAX_CLK: 1333 MHz
            DEEP_SLEEP: ENABLED
        VCLK_1:
            CLK: 29 MHz
            MIN_CLK: 914 MHz
            MAX_CLK: 1333 MHz
            DEEP_SLEEP: ENABLED
        VCLK_2:
            CLK: 29 MHz
            MIN_CLK: 914 MHz
            MAX_CLK: 1333 MHz
            DEEP_SLEEP: ENABLED
        VCLK_3:
            CLK: 29 MHz
            MIN_CLK: 914 MHz
            MAX_CLK: 1333 MHz
            DEEP_SLEEP: ENABLED
        DCLK_0:
            CLK: 22 MHz
            MIN_CLK: 711 MHz
            MAX_CLK: 1143 MHz
            DEEP_SLEEP: ENABLED
        DCLK_1:
            CLK: 22 MHz
            MIN_CLK: 711 MHz
            MAX_CLK: 1143 MHz
            DEEP_SLEEP: ENABLED
        DCLK_2:
            CLK: 22 MHz
            MIN_CLK: 711 MHz
            MAX_CLK: 1143 MHz
            DEEP_SLEEP: ENABLED
        DCLK_3:
            CLK: 22 MHz
            MIN_CLK: 711 MHz
            MAX_CLK: 1143 MHz
            DEEP_SLEEP: ENABLED
        FCLK_0:
            CLK: 1300 MHz
            MIN_CLK: 1300 MHz
            MAX_CLK: 1800 MHz
            DEEP_SLEEP: DISABLED
        SOCCLK_0:
            CLK: 43 MHz
            MIN_CLK: 889 MHz
            MAX_CLK: 1143 MHz
            DEEP_SLEEP: ENABLED

### 2026-09-18T06:51:42Z
GPU: 0
    CLOCK:
        GFX_0:
            CLK: 2101 MHz
            MIN_CLK: 500 MHz
            MAX_CLK: 2100 MHz
            CLK_LOCKED: DISABLED
            DEEP_SLEEP: DISABLED
        GFX_1:
            CLK: 2110 MHz
            MIN_CLK: 500 MHz
            MAX_CLK: 2100 MHz
            CLK_LOCKED: DISABLED
            DEEP_SLEEP: DISABLED
        GFX_2:
            CLK: 2102 MHz
            MIN_CLK: 500 MHz
            MAX_CLK: 2100 MHz
            CLK_LOCKED: DISABLED
            DEEP_SLEEP: DISABLED
        GFX_3:
            CLK: 2106 MHz
            MIN_CLK: 500 MHz
            MAX_CLK: 2100 MHz
            CLK_LOCKED: DISABLED
            DEEP_SLEEP: DISABLED
        GFX_4:
            CLK: 2104 MHz
            MIN_CLK: 500 MHz
            MAX_CLK: 2100 MHz
            CLK_LOCKED: DISABLED
            DEEP_SLEEP: DISABLED
        GFX_5:
            CLK: 2108 MHz
            MIN_CLK: 500 MHz
            MAX_CLK: 2100 MHz
            CLK_LOCKED: DISABLED
            DEEP_SLEEP: DISABLED
        GFX_6:
            CLK: 2096 MHz
            MIN_CLK: 500 MHz
            MAX_CLK: 2100 MHz
            CLK_LOCKED: DISABLED
            DEEP_SLEEP: DISABLED
        GFX_7:
            CLK: 2106 MHz
            MIN_CLK: 500 MHz
            MAX_CLK: 2100 MHz
            CLK_LOCKED: DISABLED
            DEEP_SLEEP: DISABLED
        MEM_0:
            CLK: 900 MHz
            MIN_CLK: 900 MHz
            MAX_CLK: 1300 MHz
            DEEP_SLEEP: DISABLED
        VCLK_0:
            CLK: 29 MHz
            MIN_CLK: 914 MHz
            MAX_CLK: 1333 MHz
            DEEP_SLEEP: ENABLED
        VCLK_1:
            CLK: 29 MHz
            MIN_CLK: 914 MHz
            MAX_CLK: 1333 MHz
            DEEP_SLEEP: ENABLED
        VCLK_2:
            CLK: 29 MHz
            MIN_CLK: 914 MHz
            MAX_CLK: 1333 MHz
            DEEP_SLEEP: ENABLED
        VCLK_3:
            CLK: 29 MHz
            MIN_CLK: 914 MHz
            MAX_CLK: 1333 MHz
            DEEP_SLEEP: ENABLED
        DCLK_0:
            CLK: 22 MHz
            MIN_CLK: 711 MHz
            MAX_CLK: 1143 MHz
            DEEP_SLEEP: ENABLED
        DCLK_1:
            CLK: 22 MHz
            MIN_CLK: 711 MHz
            MAX_CLK: 1143 MHz
            DEEP_SLEEP: ENABLED
        DCLK_2:
            CLK: 22 MHz
            MIN_CLK: 711 MHz
            MAX_CLK: 1143 MHz
            DEEP_SLEEP: ENABLED
        DCLK_3:
            CLK: 22 MHz
            MIN_CLK: 711 MHz
            MAX_CLK: 1143 MHz
            DEEP_SLEEP: ENABLED
        FCLK_0:
            CLK: 1300 MHz
            MIN_CLK: 1300 MHz
            MAX_CLK: 1800 MHz
            DEEP_SLEEP: DISABLED
        SOCCLK_0:
            CLK: 30 MHz
            MIN_CLK: 889 MHz
            MAX_CLK: 1143 MHz
            DEEP_SLEEP: ENABLED

### 2026-09-18T06:51:44Z
GPU: 0
    CLOCK:
        GFX_0:
            CLK: 2101 MHz
            MIN_CLK: 500 MHz
            MAX_CLK: 2100 MHz
            CLK_LOCKED: DISABLED
            DEEP_SLEEP: DISABLED
        GFX_1:
            CLK: 2111 MHz
            MIN_CLK: 500 MHz
            MAX_CLK: 2100 MHz
            CLK_LOCKED: DISABLED
            DEEP_SLEEP: DISABLED
        GFX_2:
            CLK: 2102 MHz
            MIN_CLK: 500 MHz
            MAX_CLK: 2100 MHz
            CLK_LOCKED: DISABLED
            DEEP_SLEEP: DISABLED
        GFX_3:
            CLK: 2106 MHz
            MIN_CLK: 500 MHz
            MAX_CLK: 2100 MHz
            CLK_LOCKED: DISABLED
            DEEP_SLEEP: DISABLED
        GFX_4:
            CLK: 2103 MHz
            MIN_CLK: 500 MHz
            MAX_CLK: 2100 MHz
            CLK_LOCKED: DISABLED
            DEEP_SLEEP: DISABLED
        GFX_5:
            CLK: 2108 MHz
            MIN_CLK: 500 MHz
            MAX_CLK: 2100 MHz
            CLK_LOCKED: DISABLED
            DEEP_SLEEP: DISABLED
        GFX_6:
            CLK: 2096 MHz
            MIN_CLK: 500 MHz
            MAX_CLK: 2100 MHz
            CLK_LOCKED: DISABLED
            DEEP_SLEEP: DISABLED
        GFX_7:
            CLK: 2107 MHz
            MIN_CLK: 500 MHz
            MAX_CLK: 2100 MHz
            CLK_LOCKED: DISABLED
            DEEP_SLEEP: DISABLED
        MEM_0:
            CLK: 900 MHz
            MIN_CLK: 900 MHz
            MAX_CLK: 1300 MHz
            DEEP_SLEEP: DISABLED
        VCLK_0:
            CLK: 29 MHz
            MIN_CLK: 914 MHz
            MAX_CLK: 1333 MHz
            DEEP_SLEEP: ENABLED
        VCLK_1:
            CLK: 29 MHz
            MIN_CLK: 914 MHz
            MAX_CLK: 1333 MHz
            DEEP_SLEEP: ENABLED
        VCLK_2:
            CLK: 29 MHz
            MIN_CLK: 914 MHz
            MAX_CLK: 1333 MHz
            DEEP_SLEEP: ENABLED
        VCLK_3:
            CLK: 29 MHz
            MIN_CLK: 914 MHz
            MAX_CLK: 1333 MHz
            DEEP_SLEEP: ENABLED
        DCLK_0:
            CLK: 22 MHz
            MIN_CLK: 711 MHz
            MAX_CLK: 1143 MHz
            DEEP_SLEEP: ENABLED
        DCLK_1:
            CLK: 22 MHz
            MIN_CLK: 711 MHz
            MAX_CLK: 1143 MHz
            DEEP_SLEEP: ENABLED
        DCLK_2:
            CLK: 22 MHz
            MIN_CLK: 711 MHz
            MAX_CLK: 1143 MHz
            DEEP_SLEEP: ENABLED
        DCLK_3:
            CLK: 22 MHz
            MIN_CLK: 711 MHz
            MAX_CLK: 1143 MHz
            DEEP_SLEEP: ENABLED
        FCLK_0:
            CLK: 1300 MHz
            MIN_CLK: 1300 MHz
            MAX_CLK: 1800 MHz
            DEEP_SLEEP: DISABLED
        SOCCLK_0:
            CLK: 30 MHz
            MIN_CLK: 889 MHz
            MAX_CLK: 1143 MHz
            DEEP_SLEEP: ENABLED

### 2026-09-18T06:51:45Z
GPU: 0
    CLOCK:
        GFX_0:
            CLK: 2101 MHz
            MIN_CLK: 500 MHz
            MAX_CLK: 2100 MHz
            CLK_LOCKED: DISABLED
            DEEP_SLEEP: DISABLED
        GFX_1:
            CLK: 2110 MHz
            MIN_CLK: 500 MHz
            MAX_CLK: 2100 MHz
            CLK_LOCKED: DISABLED
            DEEP_SLEEP: DISABLED
        GFX_2:
            CLK: 2102 MHz
            MIN_CLK: 500 MHz
            MAX_CLK: 2100 MHz
            CLK_LOCKED: DISABLED
            DEEP_SLEEP: DISABLED
        GFX_3:
            CLK: 2106 MHz
            MIN_CLK: 500 MHz
            MAX_CLK: 2100 MHz
            CLK_LOCKED: DISABLED
            DEEP_SLEEP: DISABLED
        GFX_4:
            CLK: 2103 MHz
            MIN_CLK: 500 MHz
            MAX_CLK: 2100 MHz
            CLK_LOCKED: DISABLED
            DEEP_SLEEP: DISABLED
        GFX_5:
            CLK: 2108 MHz
            MIN_CLK: 500 MHz
            MAX_CLK: 2100 MHz
            CLK_LOCKED: DISABLED
            DEEP_SLEEP: DISABLED
        GFX_6:
            CLK: 2096 MHz
            MIN_CLK: 500 MHz
            MAX_CLK: 2100 MHz
            CLK_LOCKED: DISABLED
            DEEP_SLEEP: DISABLED
        GFX_7:
            CLK: 2107 MHz
            MIN_CLK: 500 MHz
            MAX_CLK: 2100 MHz
            CLK_LOCKED: DISABLED
            DEEP_SLEEP: DISABLED
        MEM_0:
            CLK: 900 MHz
            MIN_CLK: 900 MHz
            MAX_CLK: 1300 MHz
            DEEP_SLEEP: DISABLED
        VCLK_0:
            CLK: 29 MHz
            MIN_CLK: 914 MHz
            MAX_CLK: 1333 MHz
            DEEP_SLEEP: ENABLED
        VCLK_1:
            CLK: 29 MHz
            MIN_CLK: 914 MHz
            MAX_CLK: 1333 MHz
            DEEP_SLEEP: ENABLED
        VCLK_2:
            CLK: 29 MHz
            MIN_CLK: 914 MHz
            MAX_CLK: 1333 MHz
            DEEP_SLEEP: ENABLED
        VCLK_3:
            CLK: 29 MHz
            MIN_CLK: 914 MHz
            MAX_CLK: 1333 MHz
            DEEP_SLEEP: ENABLED
        DCLK_0:
            CLK: 22 MHz
            MIN_CLK: 711 MHz
            MAX_CLK: 1143 MHz
            DEEP_SLEEP: ENABLED
        DCLK_1:
            CLK: 22 MHz
            MIN_CLK: 711 MHz
            MAX_CLK: 1143 MHz
            DEEP_SLEEP: ENABLED
        DCLK_2:
            CLK: 22 MHz
            MIN_CLK: 711 MHz
            MAX_CLK: 1143 MHz
            DEEP_SLEEP: ENABLED
        DCLK_3:
            CLK: 22 MHz
            MIN_CLK: 711 MHz
            MAX_CLK: 1143 MHz
            DEEP_SLEEP: ENABLED
        FCLK_0:
            CLK: 1300 MHz
            MIN_CLK: 1300 MHz
            MAX_CLK: 1800 MHz
            DEEP_SLEEP: DISABLED
        SOCCLK_0:
            CLK: 30 MHz
            MIN_CLK: 889 MHz
            MAX_CLK: 1143 MHz
            DEEP_SLEEP: ENABLED

### 2026-09-18T06:51:46Z
GPU: 0
    CLOCK:
        GFX_0:
            CLK: 2101 MHz
            MIN_CLK: 500 MHz
            MAX_CLK: 2100 MHz
            CLK_LOCKED: DISABLED
            DEEP_SLEEP: DISABLED
        GFX_1:
            CLK: 2110 MHz
            MIN_CLK: 500 MHz
            MAX_CLK: 2100 MHz
            CLK_LOCKED: DISABLED
            DEEP_SLEEP: DISABLED
        GFX_2:
            CLK: 2102 MHz
            MIN_CLK: 500 MHz
            MAX_CLK: 2100 MHz
            CLK_LOCKED: DISABLED
            DEEP_SLEEP: DISABLED
        GFX_3:
            CLK: 2107 MHz
            MIN_CLK: 500 MHz
            MAX_CLK: 2100 MHz
            CLK_LOCKED: DISABLED
            DEEP_SLEEP: DISABLED
        GFX_4:
            CLK: 2104 MHz
            MIN_CLK: 500 MHz
            MAX_CLK: 2100 MHz
            CLK_LOCKED: DISABLED
            DEEP_SLEEP: DISABLED
        GFX_5:
            CLK: 2108 MHz
            MIN_CLK: 500 MHz
            MAX_CLK: 2100 MHz
            CLK_LOCKED: DISABLED
            DEEP_SLEEP: DISABLED
        GFX_6:
            CLK: 2096 MHz
            MIN_CLK: 500 MHz
            MAX_CLK: 2100 MHz
            CLK_LOCKED: DISABLED
            DEEP_SLEEP: DISABLED
        GFX_7:
            CLK: 2106 MHz
            MIN_CLK: 500 MHz
            MAX_CLK: 2100 MHz
            CLK_LOCKED: DISABLED
            DEEP_SLEEP: DISABLED
        MEM_0:
            CLK: 900 MHz
            MIN_CLK: 900 MHz
            MAX_CLK: 1300 MHz
            DEEP_SLEEP: DISABLED
        VCLK_0:
            CLK: 29 MHz
            MIN_CLK: 914 MHz
            MAX_CLK: 1333 MHz
            DEEP_SLEEP: ENABLED
        VCLK_1:
            CLK: 29 MHz
            MIN_CLK: 914 MHz
            MAX_CLK: 1333 MHz
            DEEP_SLEEP: ENABLED
        VCLK_2:
            CLK: 29 MHz
            MIN_CLK: 914 MHz
            MAX_CLK: 1333 MHz
            DEEP_SLEEP: ENABLED
        VCLK_3:
            CLK: 29 MHz
            MIN_CLK: 914 MHz
            MAX_CLK: 1333 MHz
            DEEP_SLEEP: ENABLED
        DCLK_0:
            CLK: 22 MHz
            MIN_CLK: 711 MHz
            MAX_CLK: 1143 MHz
            DEEP_SLEEP: ENABLED
        DCLK_1:
            CLK: 22 MHz
            MIN_CLK: 711 MHz
            MAX_CLK: 1143 MHz
            DEEP_SLEEP: ENABLED
        DCLK_2:
            CLK: 22 MHz
            MIN_CLK: 711 MHz
            MAX_CLK: 1143 MHz
            DEEP_SLEEP: ENABLED
        DCLK_3:
            CLK: 22 MHz
            MIN_CLK: 711 MHz
            MAX_CLK: 1143 MHz
            DEEP_SLEEP: ENABLED
        FCLK_0:
            CLK: 1300 MHz
            MIN_CLK: 1300 MHz
            MAX_CLK: 1800 MHz
            DEEP_SLEEP: DISABLED
        SOCCLK_0:
            CLK: 30 MHz
            MIN_CLK: 889 MHz
            MAX_CLK: 1143 MHz
            DEEP_SLEEP: ENABLED

### 2026-09-18T06:51:47Z
GPU: 0
    CLOCK:
        GFX_0:
            CLK: 2101 MHz
            MIN_CLK: 500 MHz
            MAX_CLK: 2100 MHz
            CLK_LOCKED: DISABLED
            DEEP_SLEEP: DISABLED
        GFX_1:
            CLK: 2111 MHz
            MIN_CLK: 500 MHz
            MAX_CLK: 2100 MHz
            CLK_LOCKED: DISABLED
            DEEP_SLEEP: DISABLED
        GFX_2:
            CLK: 2102 MHz
            MIN_CLK: 500 MHz
            MAX_CLK: 2100 MHz
            CLK_LOCKED: DISABLED
            DEEP_SLEEP: DISABLED
        GFX_3:
            CLK: 2107 MHz
            MIN_CLK: 500 MHz
            MAX_CLK: 2100 MHz
            CLK_LOCKED: DISABLED
            DEEP_SLEEP: DISABLED
        GFX_4:
            CLK: 2104 MHz
            MIN_CLK: 500 MHz
            MAX_CLK: 2100 MHz
            CLK_LOCKED: DISABLED
            DEEP_SLEEP: DISABLED
        GFX_5:
            CLK: 2108 MHz
            MIN_CLK: 500 MHz
            MAX_CLK: 2100 MHz
            CLK_LOCKED: DISABLED
            DEEP_SLEEP: DISABLED
        GFX_6:
            CLK: 2096 MHz
            MIN_CLK: 500 MHz
            MAX_CLK: 2100 MHz
            CLK_LOCKED: DISABLED
            DEEP_SLEEP: DISABLED
        GFX_7:
            CLK: 2107 MHz
            MIN_CLK: 500 MHz
            MAX_CLK: 2100 MHz
            CLK_LOCKED: DISABLED
            DEEP_SLEEP: DISABLED
        MEM_0:
            CLK: 900 MHz
            MIN_CLK: 900 MHz
            MAX_CLK: 1300 MHz
            DEEP_SLEEP: DISABLED
        VCLK_0:
            CLK: 29 MHz
            MIN_CLK: 914 MHz
            MAX_CLK: 1333 MHz
            DEEP_SLEEP: ENABLED
        VCLK_1:
            CLK: 29 MHz
            MIN_CLK: 914 MHz
            MAX_CLK: 1333 MHz
            DEEP_SLEEP: ENABLED
        VCLK_2:
            CLK: 29 MHz
            MIN_CLK: 914 MHz
            MAX_CLK: 1333 MHz
            DEEP_SLEEP: ENABLED
        VCLK_3:
            CLK: 29 MHz
            MIN_CLK: 914 MHz
            MAX_CLK: 1333 MHz
            DEEP_SLEEP: ENABLED
        DCLK_0:
            CLK: 22 MHz
            MIN_CLK: 711 MHz
            MAX_CLK: 1143 MHz
            DEEP_SLEEP: ENABLED
        DCLK_1:
            CLK: 22 MHz
            MIN_CLK: 711 MHz
            MAX_CLK: 1143 MHz
            DEEP_SLEEP: ENABLED
        DCLK_2:
            CLK: 22 MHz
            MIN_CLK: 711 MHz
            MAX_CLK: 1143 MHz
            DEEP_SLEEP: ENABLED
        DCLK_3:
            CLK: 22 MHz
            MIN_CLK: 711 MHz
            MAX_CLK: 1143 MHz
            DEEP_SLEEP: ENABLED
        FCLK_0:
            CLK: 1300 MHz
            MIN_CLK: 1300 MHz
            MAX_CLK: 1800 MHz
            DEEP_SLEEP: DISABLED
        SOCCLK_0:
            CLK: 32 MHz
            MIN_CLK: 889 MHz
            MAX_CLK: 1143 MHz
            DEEP_SLEEP: ENABLED

### 2026-09-18T06:51:49Z
GPU: 0
    CLOCK:
        GFX_0:
            CLK: 2101 MHz
            MIN_CLK: 500 MHz
            MAX_CLK: 2100 MHz
            CLK_LOCKED: DISABLED
            DEEP_SLEEP: DISABLED
        GFX_1:
            CLK: 2111 MHz
            MIN_CLK: 500 MHz
            MAX_CLK: 2100 MHz
            CLK_LOCKED: DISABLED
            DEEP_SLEEP: DISABLED
        GFX_2:
            CLK: 2102 MHz
            MIN_CLK: 500 MHz
            MAX_CLK: 2100 MHz
            CLK_LOCKED: DISABLED
            DEEP_SLEEP: DISABLED
        GFX_3:
            CLK: 2107 MHz
            MIN_CLK: 500 MHz
            MAX_CLK: 2100 MHz
            CLK_LOCKED: DISABLED
            DEEP_SLEEP: DISABLED
        GFX_4:
            CLK: 2103 MHz
            MIN_CLK: 500 MHz
            MAX_CLK: 2100 MHz
            CLK_LOCKED: DISABLED
            DEEP_SLEEP: DISABLED
        GFX_5:
            CLK: 2108 MHz
            MIN_CLK: 500 MHz
            MAX_CLK: 2100 MHz
            CLK_LOCKED: DISABLED
            DEEP_SLEEP: DISABLED
        GFX_6:
            CLK: 2097 MHz
            MIN_CLK: 500 MHz
            MAX_CLK: 2100 MHz
            CLK_LOCKED: DISABLED
            DEEP_SLEEP: DISABLED
        GFX_7:
            CLK: 2107 MHz
            MIN_CLK: 500 MHz
            MAX_CLK: 2100 MHz
            CLK_LOCKED: DISABLED
            DEEP_SLEEP: DISABLED
        MEM_0:
            CLK: 900 MHz
            MIN_CLK: 900 MHz
            MAX_CLK: 1300 MHz
            DEEP_SLEEP: DISABLED
        VCLK_0:
            CLK: 29 MHz
            MIN_CLK: 914 MHz
            MAX_CLK: 1333 MHz
            DEEP_SLEEP: ENABLED
        VCLK_1:
            CLK: 29 MHz
            MIN_CLK: 914 MHz
            MAX_CLK: 1333 MHz
            DEEP_SLEEP: ENABLED
        VCLK_2:
            CLK: 29 MHz
            MIN_CLK: 914 MHz
            MAX_CLK: 1333 MHz
            DEEP_SLEEP: ENABLED
        VCLK_3:
            CLK: 29 MHz
            MIN_CLK: 914 MHz
            MAX_CLK: 1333 MHz
            DEEP_SLEEP: ENABLED
        DCLK_0:
            CLK: 22 MHz
            MIN_CLK: 711 MHz
            MAX_CLK: 1143 MHz
            DEEP_SLEEP: ENABLED
        DCLK_1:
            CLK: 22 MHz
            MIN_CLK: 711 MHz
            MAX_CLK: 1143 MHz
            DEEP_SLEEP: ENABLED
        DCLK_2:
            CLK: 22 MHz
            MIN_CLK: 711 MHz
            MAX_CLK: 1143 MHz
            DEEP_SLEEP: ENABLED
        DCLK_3:
            CLK: 22 MHz
            MIN_CLK: 711 MHz
            MAX_CLK: 1143 MHz
            DEEP_SLEEP: ENABLED
        FCLK_0:
            CLK: 1300 MHz
            MIN_CLK: 1300 MHz
            MAX_CLK: 1800 MHz
            DEEP_SLEEP: DISABLED
        SOCCLK_0:
            CLK: 30 MHz
            MIN_CLK: 889 MHz
            MAX_CLK: 1143 MHz
            DEEP_SLEEP: ENABLED

### 2026-09-18T06:51:50Z
GPU: 0
    CLOCK:
        GFX_0:
            CLK: 2100 MHz
            MIN_CLK: 500 MHz
            MAX_CLK: 2100 MHz
            CLK_LOCKED: DISABLED
            DEEP_SLEEP: DISABLED
        GFX_1:
            CLK: 2111 MHz
            MIN_CLK: 500 MHz
            MAX_CLK: 2100 MHz
            CLK_LOCKED: DISABLED
            DEEP_SLEEP: DISABLED
        GFX_2:
            CLK: 2101 MHz
            MIN_CLK: 500 MHz
            MAX_CLK: 2100 MHz
            CLK_LOCKED: DISABLED
            DEEP_SLEEP: DISABLED
        GFX_3:
            CLK: 2107 MHz
            MIN_CLK: 500 MHz
            MAX_CLK: 2100 MHz
            CLK_LOCKED: DISABLED
            DEEP_SLEEP: DISABLED
        GFX_4:
            CLK: 2103 MHz
            MIN_CLK: 500 MHz
            MAX_CLK: 2100 MHz
            CLK_LOCKED: DISABLED
            DEEP_SLEEP: DISABLED
        GFX_5:
            CLK: 2108 MHz
            MIN_CLK: 500 MHz
            MAX_CLK: 2100 MHz
            CLK_LOCKED: DISABLED
            DEEP_SLEEP: DISABLED
        GFX_6:
            CLK: 2096 MHz
            MIN_CLK: 500 MHz
            MAX_CLK: 2100 MHz
            CLK_LOCKED: DISABLED
            DEEP_SLEEP: DISABLED
        GFX_7:
            CLK: 2107 MHz
            MIN_CLK: 500 MHz
            MAX_CLK: 2100 MHz
            CLK_LOCKED: DISABLED
            DEEP_SLEEP: DISABLED
        MEM_0:
            CLK: 900 MHz
            MIN_CLK: 900 MHz
            MAX_CLK: 1300 MHz
            DEEP_SLEEP: DISABLED
        VCLK_0:
            CLK: 29 MHz
            MIN_CLK: 914 MHz
            MAX_CLK: 1333 MHz
            DEEP_SLEEP: ENABLED
        VCLK_1:
            CLK: 29 MHz
            MIN_CLK: 914 MHz
            MAX_CLK: 1333 MHz
            DEEP_SLEEP: ENABLED
        VCLK_2:
            CLK: 29 MHz
            MIN_CLK: 914 MHz
            MAX_CLK: 1333 MHz
            DEEP_SLEEP: ENABLED
        VCLK_3:
            CLK: 29 MHz
            MIN_CLK: 914 MHz
            MAX_CLK: 1333 MHz
            DEEP_SLEEP: ENABLED
        DCLK_0:
            CLK: 22 MHz
            MIN_CLK: 711 MHz
            MAX_CLK: 1143 MHz
            DEEP_SLEEP: ENABLED
        DCLK_1:
            CLK: 22 MHz
            MIN_CLK: 711 MHz
            MAX_CLK: 1143 MHz
            DEEP_SLEEP: ENABLED
        DCLK_2:
            CLK: 22 MHz
            MIN_CLK: 711 MHz
            MAX_CLK: 1143 MHz
            DEEP_SLEEP: ENABLED
        DCLK_3:
            CLK: 22 MHz
            MIN_CLK: 711 MHz
            MAX_CLK: 1143 MHz
            DEEP_SLEEP: ENABLED
        FCLK_0:
            CLK: 1300 MHz
            MIN_CLK: 1300 MHz
            MAX_CLK: 1800 MHz
            DEEP_SLEEP: DISABLED
        SOCCLK_0:
            CLK: 30 MHz
            MIN_CLK: 889 MHz
            MAX_CLK: 1143 MHz
            DEEP_SLEEP: ENABLED

### 2026-09-18T06:51:51Z
GPU: 0
    CLOCK:
        GFX_0:
            CLK: 2100 MHz
            MIN_CLK: 500 MHz
            MAX_CLK: 2100 MHz
            CLK_LOCKED: DISABLED
            DEEP_SLEEP: DISABLED
        GFX_1:
            CLK: 2110 MHz
            MIN_CLK: 500 MHz
            MAX_CLK: 2100 MHz
            CLK_LOCKED: DISABLED
            DEEP_SLEEP: DISABLED
        GFX_2:
            CLK: 2101 MHz
            MIN_CLK: 500 MHz
            MAX_CLK: 2100 MHz
            CLK_LOCKED: DISABLED
            DEEP_SLEEP: DISABLED
        GFX_3:
            CLK: 2107 MHz
            MIN_CLK: 500 MHz
            MAX_CLK: 2100 MHz
            CLK_LOCKED: DISABLED
            DEEP_SLEEP: DISABLED
        GFX_4:
            CLK: 2103 MHz
            MIN_CLK: 500 MHz
            MAX_CLK: 2100 MHz
            CLK_LOCKED: DISABLED
            DEEP_SLEEP: DISABLED
        GFX_5:
            CLK: 2108 MHz
            MIN_CLK: 500 MHz
            MAX_CLK: 2100 MHz
            CLK_LOCKED: DISABLED
            DEEP_SLEEP: DISABLED
        GFX_6:
            CLK: 2096 MHz
            MIN_CLK: 500 MHz
            MAX_CLK: 2100 MHz
            CLK_LOCKED: DISABLED
            DEEP_SLEEP: DISABLED
        GFX_7:
            CLK: 2107 MHz
            MIN_CLK: 500 MHz
            MAX_CLK: 2100 MHz
            CLK_LOCKED: DISABLED
            DEEP_SLEEP: DISABLED
        MEM_0:
            CLK: 900 MHz
            MIN_CLK: 900 MHz
            MAX_CLK: 1300 MHz
            DEEP_SLEEP: DISABLED
        VCLK_0:
            CLK: 29 MHz
            MIN_CLK: 914 MHz
            MAX_CLK: 1333 MHz
            DEEP_SLEEP: ENABLED
        VCLK_1:
            CLK: 29 MHz
            MIN_CLK: 914 MHz
            MAX_CLK: 1333 MHz
            DEEP_SLEEP: ENABLED
        VCLK_2:
            CLK: 29 MHz
            MIN_CLK: 914 MHz
            MAX_CLK: 1333 MHz
            DEEP_SLEEP: ENABLED
        VCLK_3:
            CLK: 29 MHz
            MIN_CLK: 914 MHz
            MAX_CLK: 1333 MHz
            DEEP_SLEEP: ENABLED
        DCLK_0:
            CLK: 22 MHz
            MIN_CLK: 711 MHz
            MAX_CLK: 1143 MHz
            DEEP_SLEEP: ENABLED
        DCLK_1:
            CLK: 22 MHz
            MIN_CLK: 711 MHz
            MAX_CLK: 1143 MHz
            DEEP_SLEEP: ENABLED
        DCLK_2:
            CLK: 22 MHz
            MIN_CLK: 711 MHz
            MAX_CLK: 1143 MHz
            DEEP_SLEEP: ENABLED
        DCLK_3:
            CLK: 22 MHz
            MIN_CLK: 711 MHz
            MAX_CLK: 1143 MHz
            DEEP_SLEEP: ENABLED
        FCLK_0:
            CLK: 1300 MHz
            MIN_CLK: 1300 MHz
            MAX_CLK: 1800 MHz
            DEEP_SLEEP: DISABLED
        SOCCLK_0:
            CLK: 30 MHz
            MIN_CLK: 889 MHz
            MAX_CLK: 1143 MHz
            DEEP_SLEEP: ENABLED

### 2026-09-18T06:51:53Z
GPU: 0
    CLOCK:
        GFX_0:
            CLK: 2101 MHz
            MIN_CLK: 500 MHz
            MAX_CLK: 2100 MHz
            CLK_LOCKED: DISABLED
            DEEP_SLEEP: DISABLED
        GFX_1:
            CLK: 2110 MHz
            MIN_CLK: 500 MHz
            MAX_CLK: 2100 MHz
            CLK_LOCKED: DISABLED
            DEEP_SLEEP: DISABLED
        GFX_2:
            CLK: 2101 MHz
            MIN_CLK: 500 MHz
            MAX_CLK: 2100 MHz
            CLK_LOCKED: DISABLED
            DEEP_SLEEP: DISABLED
        GFX_3:
            CLK: 2107 MHz
            MIN_CLK: 500 MHz
            MAX_CLK: 2100 MHz
            CLK_LOCKED: DISABLED
            DEEP_SLEEP: DISABLED
        GFX_4:
            CLK: 2104 MHz
            MIN_CLK: 500 MHz
            MAX_CLK: 2100 MHz
            CLK_LOCKED: DISABLED
            DEEP_SLEEP: DISABLED
        GFX_5:
            CLK: 2108 MHz
            MIN_CLK: 500 MHz
            MAX_CLK: 2100 MHz
            CLK_LOCKED: DISABLED
            DEEP_SLEEP: DISABLED
        GFX_6:
            CLK: 2096 MHz
            MIN_CLK: 500 MHz
            MAX_CLK: 2100 MHz
            CLK_LOCKED: DISABLED
            DEEP_SLEEP: DISABLED
        GFX_7:
            CLK: 2107 MHz
            MIN_CLK: 500 MHz
            MAX_CLK: 2100 MHz
            CLK_LOCKED: DISABLED
            DEEP_SLEEP: DISABLED
        MEM_0:
            CLK: 900 MHz
            MIN_CLK: 900 MHz
            MAX_CLK: 1300 MHz
            DEEP_SLEEP: DISABLED
        VCLK_0:
            CLK: 29 MHz
            MIN_CLK: 914 MHz
            MAX_CLK: 1333 MHz
            DEEP_SLEEP: ENABLED
        VCLK_1:
            CLK: 29 MHz
            MIN_CLK: 914 MHz
            MAX_CLK: 1333 MHz
            DEEP_SLEEP: ENABLED
        VCLK_2:
            CLK: 29 MHz
            MIN_CLK: 914 MHz
            MAX_CLK: 1333 MHz
            DEEP_SLEEP: ENABLED
        VCLK_3:
            CLK: 29 MHz
            MIN_CLK: 914 MHz
            MAX_CLK: 1333 MHz
            DEEP_SLEEP: ENABLED
        DCLK_0:
            CLK: 22 MHz
            MIN_CLK: 711 MHz
            MAX_CLK: 1143 MHz
            DEEP_SLEEP: ENABLED
        DCLK_1:
            CLK: 22 MHz
            MIN_CLK: 711 MHz
            MAX_CLK: 1143 MHz
            DEEP_SLEEP: ENABLED
        DCLK_2:
            CLK: 22 MHz
            MIN_CLK: 711 MHz
            MAX_CLK: 1143 MHz
            DEEP_SLEEP: ENABLED
        DCLK_3:
            CLK: 22 MHz
            MIN_CLK: 711 MHz
            MAX_CLK: 1143 MHz
            DEEP_SLEEP: ENABLED
        FCLK_0:
            CLK: 1300 MHz
            MIN_CLK: 1300 MHz
            MAX_CLK: 1800 MHz
            DEEP_SLEEP: DISABLED
        SOCCLK_0:
            CLK: 30 MHz
            MIN_CLK: 889 MHz
            MAX_CLK: 1143 MHz
            DEEP_SLEEP: ENABLED

### 2026-09-18T06:51:54Z
GPU: 0
    CLOCK:
        GFX_0:
            CLK: 2100 MHz
            MIN_CLK: 500 MHz
            MAX_CLK: 2100 MHz
            CLK_LOCKED: DISABLED
            DEEP_SLEEP: DISABLED
        GFX_1:
            CLK: 2110 MHz
            MIN_CLK: 500 MHz
            MAX_CLK: 2100 MHz
            CLK_LOCKED: DISABLED
            DEEP_SLEEP: DISABLED
        GFX_2:
            CLK: 2102 MHz
            MIN_CLK: 500 MHz
            MAX_CLK: 2100 MHz
            CLK_LOCKED: DISABLED
            DEEP_SLEEP: DISABLED
        GFX_3:
            CLK: 2106 MHz
            MIN_CLK: 500 MHz
            MAX_CLK: 2100 MHz
            CLK_LOCKED: DISABLED
            DEEP_SLEEP: DISABLED
        GFX_4:
            CLK: 2103 MHz
            MIN_CLK: 500 MHz
            MAX_CLK: 2100 MHz
            CLK_LOCKED: DISABLED
            DEEP_SLEEP: DISABLED
        GFX_5:
            CLK: 2108 MHz
            MIN_CLK: 500 MHz
            MAX_CLK: 2100 MHz
            CLK_LOCKED: DISABLED
            DEEP_SLEEP: DISABLED
        GFX_6:
            CLK: 2096 MHz
            MIN_CLK: 500 MHz
            MAX_CLK: 2100 MHz
            CLK_LOCKED: DISABLED
            DEEP_SLEEP: DISABLED
        GFX_7:
            CLK: 2107 MHz
            MIN_CLK: 500 MHz
            MAX_CLK: 2100 MHz
            CLK_LOCKED: DISABLED
            DEEP_SLEEP: DISABLED
        MEM_0:
            CLK: 900 MHz
            MIN_CLK: 900 MHz
            MAX_CLK: 1300 MHz
            DEEP_SLEEP: DISABLED
        VCLK_0:
            CLK: 29 MHz
            MIN_CLK: 914 MHz
            MAX_CLK: 1333 MHz
            DEEP_SLEEP: ENABLED
        VCLK_1:
            CLK: 29 MHz
            MIN_CLK: 914 MHz
            MAX_CLK: 1333 MHz
            DEEP_SLEEP: ENABLED
        VCLK_2:
            CLK: 29 MHz
            MIN_CLK: 914 MHz
            MAX_CLK: 1333 MHz
            DEEP_SLEEP: ENABLED
        VCLK_3:
            CLK: 29 MHz
            MIN_CLK: 914 MHz
            MAX_CLK: 1333 MHz
            DEEP_SLEEP: ENABLED
        DCLK_0:
            CLK: 22 MHz
            MIN_CLK: 711 MHz
            MAX_CLK: 1143 MHz
            DEEP_SLEEP: ENABLED
        DCLK_1:
            CLK: 22 MHz
            MIN_CLK: 711 MHz
            MAX_CLK: 1143 MHz
            DEEP_SLEEP: ENABLED
        DCLK_2:
            CLK: 22 MHz
            MIN_CLK: 711 MHz
            MAX_CLK: 1143 MHz
            DEEP_SLEEP: ENABLED
        DCLK_3:
            CLK: 22 MHz
            MIN_CLK: 711 MHz
            MAX_CLK: 1143 MHz
            DEEP_SLEEP: ENABLED
        FCLK_0:
            CLK: 1300 MHz
            MIN_CLK: 1300 MHz
            MAX_CLK: 1800 MHz
            DEEP_SLEEP: DISABLED
        SOCCLK_0:
            CLK: 30 MHz
            MIN_CLK: 889 MHz
            MAX_CLK: 1143 MHz
            DEEP_SLEEP: ENABLED

### 2026-09-18T06:51:55Z
GPU: 0
    CLOCK:
        GFX_0:
            CLK: 2101 MHz
            MIN_CLK: 500 MHz
            MAX_CLK: 2100 MHz
            CLK_LOCKED: DISABLED
            DEEP_SLEEP: DISABLED
        GFX_1:
            CLK: 2111 MHz
            MIN_CLK: 500 MHz
            MAX_CLK: 2100 MHz
            CLK_LOCKED: DISABLED
            DEEP_SLEEP: DISABLED
        GFX_2:
            CLK: 2101 MHz
            MIN_CLK: 500 MHz
            MAX_CLK: 2100 MHz
            CLK_LOCKED: DISABLED
            DEEP_SLEEP: DISABLED
        GFX_3:
            CLK: 2107 MHz
            MIN_CLK: 500 MHz
            MAX_CLK: 2100 MHz
            CLK_LOCKED: DISABLED
            DEEP_SLEEP: DISABLED
        GFX_4:
            CLK: 2102 MHz
            MIN_CLK: 500 MHz
            MAX_CLK: 2100 MHz
            CLK_LOCKED: DISABLED
            DEEP_SLEEP: DISABLED
        GFX_5:
            CLK: 2108 MHz
            MIN_CLK: 500 MHz
            MAX_CLK: 2100 MHz
            CLK_LOCKED: DISABLED
            DEEP_SLEEP: DISABLED
        GFX_6:
            CLK: 2096 MHz
            MIN_CLK: 500 MHz
            MAX_CLK: 2100 MHz
            CLK_LOCKED: DISABLED
            DEEP_SLEEP: DISABLED
        GFX_7:
            CLK: 2107 MHz
            MIN_CLK: 500 MHz
            MAX_CLK: 2100 MHz
            CLK_LOCKED: DISABLED
            DEEP_SLEEP: DISABLED
        MEM_0:
            CLK: 900 MHz
            MIN_CLK: 900 MHz
            MAX_CLK: 1300 MHz
            DEEP_SLEEP: DISABLED
        VCLK_0:
            CLK: 29 MHz
            MIN_CLK: 914 MHz
            MAX_CLK: 1333 MHz
            DEEP_SLEEP: ENABLED
        VCLK_1:
            CLK: 29 MHz
            MIN_CLK: 914 MHz
            MAX_CLK: 1333 MHz
            DEEP_SLEEP: ENABLED
        VCLK_2:
            CLK: 29 MHz
            MIN_CLK: 914 MHz
            MAX_CLK: 1333 MHz
            DEEP_SLEEP: ENABLED
        VCLK_3:
            CLK: 29 MHz
            MIN_CLK: 914 MHz
            MAX_CLK: 1333 MHz
            DEEP_SLEEP: ENABLED
        DCLK_0:
            CLK: 22 MHz
            MIN_CLK: 711 MHz
            MAX_CLK: 1143 MHz
            DEEP_SLEEP: ENABLED
        DCLK_1:
            CLK: 22 MHz
            MIN_CLK: 711 MHz
            MAX_CLK: 1143 MHz
            DEEP_SLEEP: ENABLED
        DCLK_2:
            CLK: 22 MHz
            MIN_CLK: 711 MHz
            MAX_CLK: 1143 MHz
            DEEP_SLEEP: ENABLED
        DCLK_3:
            CLK: 22 MHz
            MIN_CLK: 711 MHz
            MAX_CLK: 1143 MHz
            DEEP_SLEEP: ENABLED
        FCLK_0:
            CLK: 1300 MHz
            MIN_CLK: 1300 MHz
            MAX_CLK: 1800 MHz
            DEEP_SLEEP: DISABLED
        SOCCLK_0:
            CLK: 30 MHz
            MIN_CLK: 889 MHz
            MAX_CLK: 1143 MHz
            DEEP_SLEEP: ENABLED

### 2026-09-18T06:51:56Z
GPU: 0
    CLOCK:
        GFX_0:
            CLK: 2100 MHz
            MIN_CLK: 500 MHz
            MAX_CLK: 2100 MHz
            CLK_LOCKED: DISABLED
            DEEP_SLEEP: DISABLED
        GFX_1:
            CLK: 2111 MHz
            MIN_CLK: 500 MHz
            MAX_CLK: 2100 MHz
            CLK_LOCKED: DISABLED
            DEEP_SLEEP: DISABLED
        GFX_2:
            CLK: 2101 MHz
            MIN_CLK: 500 MHz
            MAX_CLK: 2100 MHz
            CLK_LOCKED: DISABLED
            DEEP_SLEEP: DISABLED
        GFX_3:
            CLK: 2107 MHz
            MIN_CLK: 500 MHz
            MAX_CLK: 2100 MHz
            CLK_LOCKED: DISABLED
            DEEP_SLEEP: DISABLED
        GFX_4:
            CLK: 2103 MHz
            MIN_CLK: 500 MHz
            MAX_CLK: 2100 MHz
            CLK_LOCKED: DISABLED
            DEEP_SLEEP: DISABLED
        GFX_5:
            CLK: 2108 MHz
            MIN_CLK: 500 MHz
            MAX_CLK: 2100 MHz
            CLK_LOCKED: DISABLED
            DEEP_SLEEP: DISABLED
        GFX_6:
            CLK: 2096 MHz
            MIN_CLK: 500 MHz
            MAX_CLK: 2100 MHz
            CLK_LOCKED: DISABLED
            DEEP_SLEEP: DISABLED
        GFX_7:
            CLK: 2107 MHz
            MIN_CLK: 500 MHz
            MAX_CLK: 2100 MHz
            CLK_LOCKED: DISABLED
            DEEP_SLEEP: DISABLED
        MEM_0:
            CLK: 900 MHz
            MIN_CLK: 900 MHz
            MAX_CLK: 1300 MHz
            DEEP_SLEEP: DISABLED
        VCLK_0:
            CLK: 29 MHz
            MIN_CLK: 914 MHz
            MAX_CLK: 1333 MHz
            DEEP_SLEEP: ENABLED
        VCLK_1:
            CLK: 29 MHz
            MIN_CLK: 914 MHz
            MAX_CLK: 1333 MHz
            DEEP_SLEEP: ENABLED
        VCLK_2:
            CLK: 29 MHz
            MIN_CLK: 914 MHz
            MAX_CLK: 1333 MHz
            DEEP_SLEEP: ENABLED
        VCLK_3:
            CLK: 29 MHz
            MIN_CLK: 914 MHz
            MAX_CLK: 1333 MHz
            DEEP_SLEEP: ENABLED
        DCLK_0:
            CLK: 22 MHz
            MIN_CLK: 711 MHz
            MAX_CLK: 1143 MHz
            DEEP_SLEEP: ENABLED
        DCLK_1:
            CLK: 22 MHz
            MIN_CLK: 711 MHz
            MAX_CLK: 1143 MHz
            DEEP_SLEEP: ENABLED
        DCLK_2:
            CLK: 22 MHz
            MIN_CLK: 711 MHz
            MAX_CLK: 1143 MHz
            DEEP_SLEEP: ENABLED
        DCLK_3:
            CLK: 22 MHz
            MIN_CLK: 711 MHz
            MAX_CLK: 1143 MHz
            DEEP_SLEEP: ENABLED
        FCLK_0:
            CLK: 1300 MHz
            MIN_CLK: 1300 MHz
            MAX_CLK: 1800 MHz
            DEEP_SLEEP: DISABLED
        SOCCLK_0:
            CLK: 30 MHz
            MIN_CLK: 889 MHz
            MAX_CLK: 1143 MHz
            DEEP_SLEEP: ENABLED

### 2026-09-18T06:51:58Z
GPU: 0
    CLOCK:
        GFX_0:
            CLK: 2100 MHz
            MIN_CLK: 500 MHz
            MAX_CLK: 2100 MHz
            CLK_LOCKED: DISABLED
            DEEP_SLEEP: DISABLED
        GFX_1:
            CLK: 2111 MHz
            MIN_CLK: 500 MHz
            MAX_CLK: 2100 MHz
            CLK_LOCKED: DISABLED
            DEEP_SLEEP: DISABLED
        GFX_2:
            CLK: 2101 MHz
            MIN_CLK: 500 MHz
            MAX_CLK: 2100 MHz
            CLK_LOCKED: DISABLED
            DEEP_SLEEP: DISABLED
        GFX_3:
            CLK: 2107 MHz
            MIN_CLK: 500 MHz
            MAX_CLK: 2100 MHz
            CLK_LOCKED: DISABLED
            DEEP_SLEEP: DISABLED
        GFX_4:
            CLK: 2103 MHz
            MIN_CLK: 500 MHz
            MAX_CLK: 2100 MHz
            CLK_LOCKED: DISABLED
            DEEP_SLEEP: DISABLED
        GFX_5:
            CLK: 2108 MHz
            MIN_CLK: 500 MHz
            MAX_CLK: 2100 MHz
            CLK_LOCKED: DISABLED
            DEEP_SLEEP: DISABLED
        GFX_6:
            CLK: 2096 MHz
            MIN_CLK: 500 MHz
            MAX_CLK: 2100 MHz
            CLK_LOCKED: DISABLED
            DEEP_SLEEP: DISABLED
        GFX_7:
            CLK: 2107 MHz
            MIN_CLK: 500 MHz
            MAX_CLK: 2100 MHz
            CLK_LOCKED: DISABLED
            DEEP_SLEEP: DISABLED
        MEM_0:
            CLK: 900 MHz
            MIN_CLK: 900 MHz
            MAX_CLK: 1300 MHz
            DEEP_SLEEP: DISABLED
        VCLK_0:
            CLK: 29 MHz
            MIN_CLK: 914 MHz
            MAX_CLK: 1333 MHz
            DEEP_SLEEP: ENABLED
        VCLK_1:
            CLK: 29 MHz
            MIN_CLK: 914 MHz
            MAX_CLK: 1333 MHz
            DEEP_SLEEP: ENABLED
        VCLK_2:
            CLK: 29 MHz
            MIN_CLK: 914 MHz
            MAX_CLK: 1333 MHz
            DEEP_SLEEP: ENABLED
        VCLK_3:
            CLK: 29 MHz
            MIN_CLK: 914 MHz
            MAX_CLK: 1333 MHz
            DEEP_SLEEP: ENABLED
        DCLK_0:
            CLK: 22 MHz
            MIN_CLK: 711 MHz
            MAX_CLK: 1143 MHz
            DEEP_SLEEP: ENABLED
        DCLK_1:
            CLK: 22 MHz
            MIN_CLK: 711 MHz
            MAX_CLK: 1143 MHz
            DEEP_SLEEP: ENABLED
        DCLK_2:
            CLK: 22 MHz
            MIN_CLK: 711 MHz
            MAX_CLK: 1143 MHz
            DEEP_SLEEP: ENABLED
        DCLK_3:
            CLK: 22 MHz
            MIN_CLK: 711 MHz
            MAX_CLK: 1143 MHz
            DEEP_SLEEP: ENABLED
        FCLK_0:
            CLK: 1300 MHz
            MIN_CLK: 1300 MHz
            MAX_CLK: 1800 MHz
            DEEP_SLEEP: DISABLED
        SOCCLK_0:
            CLK: 39 MHz
            MIN_CLK: 889 MHz
            MAX_CLK: 1143 MHz
            DEEP_SLEEP: ENABLED

### 2026-09-18T06:51:59Z
GPU: 0
    CLOCK:
        GFX_0:
            CLK: 2101 MHz
            MIN_CLK: 500 MHz
            MAX_CLK: 2100 MHz
            CLK_LOCKED: DISABLED
            DEEP_SLEEP: DISABLED
        GFX_1:
            CLK: 2111 MHz
            MIN_CLK: 500 MHz
            MAX_CLK: 2100 MHz
            CLK_LOCKED: DISABLED
            DEEP_SLEEP: DISABLED
        GFX_2:
            CLK: 2101 MHz
            MIN_CLK: 500 MHz
            MAX_CLK: 2100 MHz
            CLK_LOCKED: DISABLED
            DEEP_SLEEP: DISABLED
        GFX_3:
            CLK: 2107 MHz
            MIN_CLK: 500 MHz
            MAX_CLK: 2100 MHz
            CLK_LOCKED: DISABLED
            DEEP_SLEEP: DISABLED
        GFX_4:
            CLK: 2103 MHz
            MIN_CLK: 500 MHz
            MAX_CLK: 2100 MHz
            CLK_LOCKED: DISABLED
            DEEP_SLEEP: DISABLED
        GFX_5:
            CLK: 2108 MHz
            MIN_CLK: 500 MHz
            MAX_CLK: 2100 MHz
            CLK_LOCKED: DISABLED
            DEEP_SLEEP: DISABLED
        GFX_6:
            CLK: 2096 MHz
            MIN_CLK: 500 MHz
            MAX_CLK: 2100 MHz
            CLK_LOCKED: DISABLED
            DEEP_SLEEP: DISABLED
        GFX_7:
            CLK: 2107 MHz
            MIN_CLK: 500 MHz
            MAX_CLK: 2100 MHz
            CLK_LOCKED: DISABLED
            DEEP_SLEEP: DISABLED
        MEM_0:
            CLK: 900 MHz
            MIN_CLK: 900 MHz
            MAX_CLK: 1300 MHz
            DEEP_SLEEP: DISABLED
        VCLK_0:
            CLK: 29 MHz
            MIN_CLK: 914 MHz
            MAX_CLK: 1333 MHz
            DEEP_SLEEP: ENABLED
        VCLK_1:
            CLK: 29 MHz
            MIN_CLK: 914 MHz
            MAX_CLK: 1333 MHz
            DEEP_SLEEP: ENABLED
        VCLK_2:
            CLK: 29 MHz
            MIN_CLK: 914 MHz
            MAX_CLK: 1333 MHz
            DEEP_SLEEP: ENABLED
        VCLK_3:
            CLK: 29 MHz
            MIN_CLK: 914 MHz
            MAX_CLK: 1333 MHz
            DEEP_SLEEP: ENABLED
        DCLK_0:
            CLK: 22 MHz
            MIN_CLK: 711 MHz
            MAX_CLK: 1143 MHz
            DEEP_SLEEP: ENABLED
        DCLK_1:
            CLK: 22 MHz
            MIN_CLK: 711 MHz
            MAX_CLK: 1143 MHz
            DEEP_SLEEP: ENABLED
        DCLK_2:
            CLK: 22 MHz
            MIN_CLK: 711 MHz
            MAX_CLK: 1143 MHz
            DEEP_SLEEP: ENABLED
        DCLK_3:
            CLK: 22 MHz
            MIN_CLK: 711 MHz
            MAX_CLK: 1143 MHz
            DEEP_SLEEP: ENABLED
        FCLK_0:
            CLK: 1300 MHz
            MIN_CLK: 1300 MHz
            MAX_CLK: 1800 MHz
            DEEP_SLEEP: DISABLED
        SOCCLK_0:
            CLK: 30 MHz
            MIN_CLK: 889 MHz
            MAX_CLK: 1143 MHz
            DEEP_SLEEP: ENABLED

### 2026-09-18T06:52:00Z
GPU: 0
    CLOCK:
        GFX_0:
            CLK: 2101 MHz
            MIN_CLK: 500 MHz
            MAX_CLK: 2100 MHz
            CLK_LOCKED: DISABLED
            DEEP_SLEEP: DISABLED
        GFX_1:
            CLK: 2110 MHz
            MIN_CLK: 500 MHz
            MAX_CLK: 2100 MHz
            CLK_LOCKED: DISABLED
            DEEP_SLEEP: DISABLED
        GFX_2:
            CLK: 2102 MHz
            MIN_CLK: 500 MHz
            MAX_CLK: 2100 MHz
            CLK_LOCKED: DISABLED
            DEEP_SLEEP: DISABLED
        GFX_3:
            CLK: 2106 MHz
            MIN_CLK: 500 MHz
            MAX_CLK: 2100 MHz
            CLK_LOCKED: DISABLED
            DEEP_SLEEP: DISABLED
        GFX_4:
            CLK: 2103 MHz
            MIN_CLK: 500 MHz
            MAX_CLK: 2100 MHz
            CLK_LOCKED: DISABLED
            DEEP_SLEEP: DISABLED
        GFX_5:
            CLK: 2108 MHz
            MIN_CLK: 500 MHz
            MAX_CLK: 2100 MHz
            CLK_LOCKED: DISABLED
            DEEP_SLEEP: DISABLED
        GFX_6:
            CLK: 2096 MHz
            MIN_CLK: 500 MHz
            MAX_CLK: 2100 MHz
            CLK_LOCKED: DISABLED
            DEEP_SLEEP: DISABLED
        GFX_7:
            CLK: 2107 MHz
            MIN_CLK: 500 MHz
            MAX_CLK: 2100 MHz
            CLK_LOCKED: DISABLED
            DEEP_SLEEP: DISABLED
        MEM_0:
            CLK: 900 MHz
            MIN_CLK: 900 MHz
            MAX_CLK: 1300 MHz
            DEEP_SLEEP: DISABLED
        VCLK_0:
            CLK: 29 MHz
            MIN_CLK: 914 MHz
            MAX_CLK: 1333 MHz
            DEEP_SLEEP: ENABLED
        VCLK_1:
            CLK: 29 MHz
            MIN_CLK: 914 MHz
            MAX_CLK: 1333 MHz
            DEEP_SLEEP: ENABLED
        VCLK_2:
            CLK: 29 MHz
            MIN_CLK: 914 MHz
            MAX_CLK: 1333 MHz
            DEEP_SLEEP: ENABLED
        VCLK_3:
            CLK: 29 MHz
            MIN_CLK: 914 MHz
            MAX_CLK: 1333 MHz
            DEEP_SLEEP: ENABLED
        DCLK_0:
            CLK: 22 MHz
            MIN_CLK: 711 MHz
            MAX_CLK: 1143 MHz
            DEEP_SLEEP: ENABLED
        DCLK_1:
            CLK: 22 MHz
            MIN_CLK: 711 MHz
            MAX_CLK: 1143 MHz
            DEEP_SLEEP: ENABLED
        DCLK_2:
            CLK: 22 MHz
            MIN_CLK: 711 MHz
            MAX_CLK: 1143 MHz
            DEEP_SLEEP: ENABLED
        DCLK_3:
            CLK: 22 MHz
            MIN_CLK: 711 MHz
            MAX_CLK: 1143 MHz
            DEEP_SLEEP: ENABLED
        FCLK_0:
            CLK: 1300 MHz
            MIN_CLK: 1300 MHz
            MAX_CLK: 1800 MHz
            DEEP_SLEEP: DISABLED
        SOCCLK_0:
            CLK: 30 MHz
            MIN_CLK: 889 MHz
            MAX_CLK: 1143 MHz
            DEEP_SLEEP: ENABLED

### 2026-09-18T06:52:01Z
GPU: 0
    CLOCK:
        GFX_0:
            CLK: 2101 MHz
            MIN_CLK: 500 MHz
            MAX_CLK: 2100 MHz
            CLK_LOCKED: DISABLED
            DEEP_SLEEP: DISABLED
        GFX_1:
            CLK: 2110 MHz
            MIN_CLK: 500 MHz
            MAX_CLK: 2100 MHz
            CLK_LOCKED: DISABLED
            DEEP_SLEEP: DISABLED
        GFX_2:
            CLK: 2101 MHz
            MIN_CLK: 500 MHz
            MAX_CLK: 2100 MHz
            CLK_LOCKED: DISABLED
            DEEP_SLEEP: DISABLED
        GFX_3:
            CLK: 2106 MHz
            MIN_CLK: 500 MHz
            MAX_CLK: 2100 MHz
            CLK_LOCKED: DISABLED
            DEEP_SLEEP: DISABLED
        GFX_4:
            CLK: 2103 MHz
            MIN_CLK: 500 MHz
            MAX_CLK: 2100 MHz
            CLK_LOCKED: DISABLED
            DEEP_SLEEP: DISABLED
        GFX_5:
            CLK: 2108 MHz
            MIN_CLK: 500 MHz
            MAX_CLK: 2100 MHz
            CLK_LOCKED: DISABLED
            DEEP_SLEEP: DISABLED
        GFX_6:
            CLK: 2096 MHz
            MIN_CLK: 500 MHz
            MAX_CLK: 2100 MHz
            CLK_LOCKED: DISABLED
            DEEP_SLEEP: DISABLED
        GFX_7:
            CLK: 2108 MHz
            MIN_CLK: 500 MHz
            MAX_CLK: 2100 MHz
            CLK_LOCKED: DISABLED
            DEEP_SLEEP: DISABLED
        MEM_0:
            CLK: 900 MHz
            MIN_CLK: 900 MHz
            MAX_CLK: 1300 MHz
            DEEP_SLEEP: DISABLED
        VCLK_0:
            CLK: 29 MHz
            MIN_CLK: 914 MHz
            MAX_CLK: 1333 MHz
            DEEP_SLEEP: ENABLED
        VCLK_1:
            CLK: 29 MHz
            MIN_CLK: 914 MHz
            MAX_CLK: 1333 MHz
            DEEP_SLEEP: ENABLED
        VCLK_2:
            CLK: 29 MHz
            MIN_CLK: 914 MHz
            MAX_CLK: 1333 MHz
            DEEP_SLEEP: ENABLED
        VCLK_3:
            CLK: 29 MHz
            MIN_CLK: 914 MHz
            MAX_CLK: 1333 MHz
            DEEP_SLEEP: ENABLED
        DCLK_0:
            CLK: 22 MHz
            MIN_CLK: 711 MHz
            MAX_CLK: 1143 MHz
            DEEP_SLEEP: ENABLED
        DCLK_1:
            CLK: 22 MHz
            MIN_CLK: 711 MHz
            MAX_CLK: 1143 MHz
            DEEP_SLEEP: ENABLED
        DCLK_2:
            CLK: 22 MHz
            MIN_CLK: 711 MHz
            MAX_CLK: 1143 MHz
            DEEP_SLEEP: ENABLED
        DCLK_3:
            CLK: 22 MHz
            MIN_CLK: 711 MHz
            MAX_CLK: 1143 MHz
            DEEP_SLEEP: ENABLED
        FCLK_0:
            CLK: 1300 MHz
            MIN_CLK: 1300 MHz
            MAX_CLK: 1800 MHz
            DEEP_SLEEP: DISABLED
        SOCCLK_0:
            CLK: 30 MHz
            MIN_CLK: 889 MHz
            MAX_CLK: 1143 MHz
            DEEP_SLEEP: ENABLED

### 2026-09-18T06:52:02Z
GPU: 0
    CLOCK:
        GFX_0:
            CLK: 2101 MHz
            MIN_CLK: 500 MHz
            MAX_CLK: 2100 MHz
            CLK_LOCKED: DISABLED
            DEEP_SLEEP: DISABLED
        GFX_1:
            CLK: 2110 MHz
            MIN_CLK: 500 MHz
            MAX_CLK: 2100 MHz
            CLK_LOCKED: DISABLED
            DEEP_SLEEP: DISABLED
        GFX_2:
            CLK: 2102 MHz
            MIN_CLK: 500 MHz
            MAX_CLK: 2100 MHz
            CLK_LOCKED: DISABLED
            DEEP_SLEEP: DISABLED
        GFX_3:
            CLK: 2107 MHz
            MIN_CLK: 500 MHz
            MAX_CLK: 2100 MHz
            CLK_LOCKED: DISABLED
            DEEP_SLEEP: DISABLED
        GFX_4:
            CLK: 2103 MHz
            MIN_CLK: 500 MHz
            MAX_CLK: 2100 MHz
            CLK_LOCKED: DISABLED
            DEEP_SLEEP: DISABLED
        GFX_5:
            CLK: 2108 MHz
            MIN_CLK: 500 MHz
            MAX_CLK: 2100 MHz
            CLK_LOCKED: DISABLED
            DEEP_SLEEP: DISABLED
        GFX_6:
            CLK: 2096 MHz
            MIN_CLK: 500 MHz
            MAX_CLK: 2100 MHz
            CLK_LOCKED: DISABLED
            DEEP_SLEEP: DISABLED
        GFX_7:
            CLK: 2108 MHz
            MIN_CLK: 500 MHz
            MAX_CLK: 2100 MHz
            CLK_LOCKED: DISABLED
            DEEP_SLEEP: DISABLED
        MEM_0:
            CLK: 900 MHz
            MIN_CLK: 900 MHz
            MAX_CLK: 1300 MHz
            DEEP_SLEEP: DISABLED
        VCLK_0:
            CLK: 29 MHz
            MIN_CLK: 914 MHz
            MAX_CLK: 1333 MHz
            DEEP_SLEEP: ENABLED
        VCLK_1:
            CLK: 29 MHz
            MIN_CLK: 914 MHz
            MAX_CLK: 1333 MHz
            DEEP_SLEEP: ENABLED
        VCLK_2:
            CLK: 29 MHz
            MIN_CLK: 914 MHz
            MAX_CLK: 1333 MHz
            DEEP_SLEEP: ENABLED
        VCLK_3:
            CLK: 29 MHz
            MIN_CLK: 914 MHz
            MAX_CLK: 1333 MHz
            DEEP_SLEEP: ENABLED
        DCLK_0:
            CLK: 22 MHz
            MIN_CLK: 711 MHz
            MAX_CLK: 1143 MHz
            DEEP_SLEEP: ENABLED
        DCLK_1:
            CLK: 22 MHz
            MIN_CLK: 711 MHz
            MAX_CLK: 1143 MHz
            DEEP_SLEEP: ENABLED
        DCLK_2:
            CLK: 22 MHz
            MIN_CLK: 711 MHz
            MAX_CLK: 1143 MHz
            DEEP_SLEEP: ENABLED
        DCLK_3:
            CLK: 22 MHz
            MIN_CLK: 711 MHz
            MAX_CLK: 1143 MHz
            DEEP_SLEEP: ENABLED
        FCLK_0:
            CLK: 1300 MHz
            MIN_CLK: 1300 MHz
            MAX_CLK: 1800 MHz
            DEEP_SLEEP: DISABLED
        SOCCLK_0:
            CLK: 30 MHz
            MIN_CLK: 889 MHz
            MAX_CLK: 1143 MHz
            DEEP_SLEEP: ENABLED

### 2026-09-18T06:52:04Z
GPU: 0
    CLOCK:
        GFX_0:
            CLK: 2101 MHz
            MIN_CLK: 500 MHz
            MAX_CLK: 2100 MHz
            CLK_LOCKED: DISABLED
            DEEP_SLEEP: DISABLED
        GFX_1:
            CLK: 2111 MHz
            MIN_CLK: 500 MHz
            MAX_CLK: 2100 MHz
            CLK_LOCKED: DISABLED
            DEEP_SLEEP: DISABLED
        GFX_2:
            CLK: 2102 MHz
            MIN_CLK: 500 MHz
            MAX_CLK: 2100 MHz
            CLK_LOCKED: DISABLED
            DEEP_SLEEP: DISABLED
        GFX_3:
            CLK: 2107 MHz
            MIN_CLK: 500 MHz
            MAX_CLK: 2100 MHz
            CLK_LOCKED: DISABLED
            DEEP_SLEEP: DISABLED
        GFX_4:
            CLK: 2103 MHz
            MIN_CLK: 500 MHz
            MAX_CLK: 2100 MHz
            CLK_LOCKED: DISABLED
            DEEP_SLEEP: DISABLED
        GFX_5:
            CLK: 2108 MHz
            MIN_CLK: 500 MHz
            MAX_CLK: 2100 MHz
            CLK_LOCKED: DISABLED
            DEEP_SLEEP: DISABLED
        GFX_6:
            CLK: 2097 MHz
            MIN_CLK: 500 MHz
            MAX_CLK: 2100 MHz
            CLK_LOCKED: DISABLED
            DEEP_SLEEP: DISABLED
        GFX_7:
            CLK: 2107 MHz
            MIN_CLK: 500 MHz
            MAX_CLK: 2100 MHz
            CLK_LOCKED: DISABLED
            DEEP_SLEEP: DISABLED
        MEM_0:
            CLK: 900 MHz
            MIN_CLK: 900 MHz
            MAX_CLK: 1300 MHz
            DEEP_SLEEP: DISABLED
        VCLK_0:
            CLK: 29 MHz
            MIN_CLK: 914 MHz
            MAX_CLK: 1333 MHz
            DEEP_SLEEP: ENABLED
        VCLK_1:
            CLK: 29 MHz
            MIN_CLK: 914 MHz
            MAX_CLK: 1333 MHz
            DEEP_SLEEP: ENABLED
        VCLK_2:
            CLK: 29 MHz
            MIN_CLK: 914 MHz
            MAX_CLK: 1333 MHz
            DEEP_SLEEP: ENABLED
        VCLK_3:
            CLK: 29 MHz
            MIN_CLK: 914 MHz
            MAX_CLK: 1333 MHz
            DEEP_SLEEP: ENABLED
        DCLK_0:
            CLK: 22 MHz
            MIN_CLK: 711 MHz
            MAX_CLK: 1143 MHz
            DEEP_SLEEP: ENABLED
        DCLK_1:
            CLK: 22 MHz
            MIN_CLK: 711 MHz
            MAX_CLK: 1143 MHz
            DEEP_SLEEP: ENABLED
        DCLK_2:
            CLK: 22 MHz
            MIN_CLK: 711 MHz
            MAX_CLK: 1143 MHz
            DEEP_SLEEP: ENABLED
        DCLK_3:
            CLK: 22 MHz
            MIN_CLK: 711 MHz
            MAX_CLK: 1143 MHz
            DEEP_SLEEP: ENABLED
        FCLK_0:
            CLK: 1300 MHz
            MIN_CLK: 1300 MHz
            MAX_CLK: 1800 MHz
            DEEP_SLEEP: DISABLED
        SOCCLK_0:
            CLK: 33 MHz
            MIN_CLK: 889 MHz
            MAX_CLK: 1143 MHz
            DEEP_SLEEP: ENABLED

### 2026-09-18T06:52:05Z
GPU: 0
    CLOCK:
        GFX_0:
            CLK: 2101 MHz
            MIN_CLK: 500 MHz
            MAX_CLK: 2100 MHz
            CLK_LOCKED: DISABLED
            DEEP_SLEEP: DISABLED
        GFX_1:
            CLK: 2111 MHz
            MIN_CLK: 500 MHz
            MAX_CLK: 2100 MHz
            CLK_LOCKED: DISABLED
            DEEP_SLEEP: DISABLED
        GFX_2:
            CLK: 2102 MHz
            MIN_CLK: 500 MHz
            MAX_CLK: 2100 MHz
            CLK_LOCKED: DISABLED
            DEEP_SLEEP: DISABLED
        GFX_3:
            CLK: 2107 MHz
            MIN_CLK: 500 MHz
            MAX_CLK: 2100 MHz
            CLK_LOCKED: DISABLED
            DEEP_SLEEP: DISABLED
        GFX_4:
            CLK: 2103 MHz
            MIN_CLK: 500 MHz
            MAX_CLK: 2100 MHz
            CLK_LOCKED: DISABLED
            DEEP_SLEEP: DISABLED
        GFX_5:
            CLK: 2108 MHz
            MIN_CLK: 500 MHz
            MAX_CLK: 2100 MHz
            CLK_LOCKED: DISABLED
            DEEP_SLEEP: DISABLED
        GFX_6:
            CLK: 2096 MHz
            MIN_CLK: 500 MHz
            MAX_CLK: 2100 MHz
            CLK_LOCKED: DISABLED
            DEEP_SLEEP: DISABLED
        GFX_7:
            CLK: 2107 MHz
            MIN_CLK: 500 MHz
            MAX_CLK: 2100 MHz
            CLK_LOCKED: DISABLED
            DEEP_SLEEP: DISABLED
        MEM_0:
            CLK: 900 MHz
            MIN_CLK: 900 MHz
            MAX_CLK: 1300 MHz
            DEEP_SLEEP: DISABLED
        VCLK_0:
            CLK: 29 MHz
            MIN_CLK: 914 MHz
            MAX_CLK: 1333 MHz
            DEEP_SLEEP: ENABLED
        VCLK_1:
            CLK: 29 MHz
            MIN_CLK: 914 MHz
            MAX_CLK: 1333 MHz
            DEEP_SLEEP: ENABLED
        VCLK_2:
            CLK: 29 MHz
            MIN_CLK: 914 MHz
            MAX_CLK: 1333 MHz
            DEEP_SLEEP: ENABLED
        VCLK_3:
            CLK: 29 MHz
            MIN_CLK: 914 MHz
            MAX_CLK: 1333 MHz
            DEEP_SLEEP: ENABLED
        DCLK_0:
            CLK: 22 MHz
            MIN_CLK: 711 MHz
            MAX_CLK: 1143 MHz
            DEEP_SLEEP: ENABLED
        DCLK_1:
            CLK: 22 MHz
            MIN_CLK: 711 MHz
            MAX_CLK: 1143 MHz
            DEEP_SLEEP: ENABLED
        DCLK_2:
            CLK: 22 MHz
            MIN_CLK: 711 MHz
            MAX_CLK: 1143 MHz
            DEEP_SLEEP: ENABLED
        DCLK_3:
            CLK: 22 MHz
            MIN_CLK: 711 MHz
            MAX_CLK: 1143 MHz
            DEEP_SLEEP: ENABLED
        FCLK_0:
            CLK: 1300 MHz
            MIN_CLK: 1300 MHz
            MAX_CLK: 1800 MHz
            DEEP_SLEEP: DISABLED
        SOCCLK_0:
            CLK: 30 MHz
            MIN_CLK: 889 MHz
            MAX_CLK: 1143 MHz
            DEEP_SLEEP: ENABLED

### 2026-09-18T06:52:06Z
GPU: 0
    CLOCK:
        GFX_0:
            CLK: 2101 MHz
            MIN_CLK: 500 MHz
            MAX_CLK: 2100 MHz
            CLK_LOCKED: DISABLED
            DEEP_SLEEP: DISABLED
        GFX_1:
            CLK: 2111 MHz
            MIN_CLK: 500 MHz
            MAX_CLK: 2100 MHz
            CLK_LOCKED: DISABLED
            DEEP_SLEEP: DISABLED
        GFX_2:
            CLK: 2102 MHz
            MIN_CLK: 500 MHz
            MAX_CLK: 2100 MHz
            CLK_LOCKED: DISABLED
            DEEP_SLEEP: DISABLED
        GFX_3:
            CLK: 2107 MHz
            MIN_CLK: 500 MHz
            MAX_CLK: 2100 MHz
            CLK_LOCKED: DISABLED
            DEEP_SLEEP: DISABLED
        GFX_4:
            CLK: 2104 MHz
            MIN_CLK: 500 MHz
            MAX_CLK: 2100 MHz
            CLK_LOCKED: DISABLED
            DEEP_SLEEP: DISABLED
        GFX_5:
            CLK: 2108 MHz
            MIN_CLK: 500 MHz
            MAX_CLK: 2100 MHz
            CLK_LOCKED: DISABLED
            DEEP_SLEEP: DISABLED
        GFX_6:
            CLK: 2096 MHz
            MIN_CLK: 500 MHz
            MAX_CLK: 2100 MHz
            CLK_LOCKED: DISABLED
            DEEP_SLEEP: DISABLED
        GFX_7:
            CLK: 2107 MHz
            MIN_CLK: 500 MHz
            MAX_CLK: 2100 MHz
            CLK_LOCKED: DISABLED
            DEEP_SLEEP: DISABLED
        MEM_0:
            CLK: 900 MHz
            MIN_CLK: 900 MHz
            MAX_CLK: 1300 MHz
            DEEP_SLEEP: DISABLED
        VCLK_0:
            CLK: 29 MHz
            MIN_CLK: 914 MHz
            MAX_CLK: 1333 MHz
            DEEP_SLEEP: ENABLED
        VCLK_1:
            CLK: 29 MHz
            MIN_CLK: 914 MHz
            MAX_CLK: 1333 MHz
            DEEP_SLEEP: ENABLED
        VCLK_2:
            CLK: 29 MHz
            MIN_CLK: 914 MHz
            MAX_CLK: 1333 MHz
            DEEP_SLEEP: ENABLED
        VCLK_3:
            CLK: 29 MHz
            MIN_CLK: 914 MHz
            MAX_CLK: 1333 MHz
            DEEP_SLEEP: ENABLED
        DCLK_0:
            CLK: 22 MHz
            MIN_CLK: 711 MHz
            MAX_CLK: 1143 MHz
            DEEP_SLEEP: ENABLED
        DCLK_1:
            CLK: 22 MHz
            MIN_CLK: 711 MHz
            MAX_CLK: 1143 MHz
            DEEP_SLEEP: ENABLED
        DCLK_2:
            CLK: 22 MHz
            MIN_CLK: 711 MHz
            MAX_CLK: 1143 MHz
            DEEP_SLEEP: ENABLED
        DCLK_3:
            CLK: 22 MHz
            MIN_CLK: 711 MHz
            MAX_CLK: 1143 MHz
            DEEP_SLEEP: ENABLED
        FCLK_0:
            CLK: 1300 MHz
            MIN_CLK: 1300 MHz
            MAX_CLK: 1800 MHz
            DEEP_SLEEP: DISABLED
        SOCCLK_0:
            CLK: 30 MHz
            MIN_CLK: 889 MHz
            MAX_CLK: 1143 MHz
            DEEP_SLEEP: ENABLED

### 2026-09-18T06:52:08Z
GPU: 0
    CLOCK:
        GFX_0:
            CLK: 2101 MHz
            MIN_CLK: 500 MHz
            MAX_CLK: 2100 MHz
            CLK_LOCKED: DISABLED
            DEEP_SLEEP: DISABLED
        GFX_1:
            CLK: 2110 MHz
            MIN_CLK: 500 MHz
            MAX_CLK: 2100 MHz
            CLK_LOCKED: DISABLED
            DEEP_SLEEP: DISABLED
        GFX_2:
            CLK: 2102 MHz
            MIN_CLK: 500 MHz
            MAX_CLK: 2100 MHz
            CLK_LOCKED: DISABLED
            DEEP_SLEEP: DISABLED
        GFX_3:
            CLK: 2107 MHz
            MIN_CLK: 500 MHz
            MAX_CLK: 2100 MHz
            CLK_LOCKED: DISABLED
            DEEP_SLEEP: DISABLED
        GFX_4:
            CLK: 2103 MHz
            MIN_CLK: 500 MHz
            MAX_CLK: 2100 MHz
            CLK_LOCKED: DISABLED
            DEEP_SLEEP: DISABLED
        GFX_5:
            CLK: 2108 MHz
            MIN_CLK: 500 MHz
            MAX_CLK: 2100 MHz
            CLK_LOCKED: DISABLED
            DEEP_SLEEP: DISABLED
        GFX_6:
            CLK: 2096 MHz
            MIN_CLK: 500 MHz
            MAX_CLK: 2100 MHz
            CLK_LOCKED: DISABLED
            DEEP_SLEEP: DISABLED
        GFX_7:
            CLK: 2107 MHz
            MIN_CLK: 500 MHz
            MAX_CLK: 2100 MHz
            CLK_LOCKED: DISABLED
            DEEP_SLEEP: DISABLED
        MEM_0:
            CLK: 900 MHz
            MIN_CLK: 900 MHz
            MAX_CLK: 1300 MHz
            DEEP_SLEEP: DISABLED
        VCLK_0:
            CLK: 29 MHz
            MIN_CLK: 914 MHz
            MAX_CLK: 1333 MHz
            DEEP_SLEEP: ENABLED
        VCLK_1:
            CLK: 29 MHz
            MIN_CLK: 914 MHz
            MAX_CLK: 1333 MHz
            DEEP_SLEEP: ENABLED
        VCLK_2:
            CLK: 29 MHz
            MIN_CLK: 914 MHz
            MAX_CLK: 1333 MHz
            DEEP_SLEEP: ENABLED
        VCLK_3:
            CLK: 29 MHz
            MIN_CLK: 914 MHz
            MAX_CLK: 1333 MHz
            DEEP_SLEEP: ENABLED
        DCLK_0:
            CLK: 22 MHz
            MIN_CLK: 711 MHz
            MAX_CLK: 1143 MHz
            DEEP_SLEEP: ENABLED
        DCLK_1:
            CLK: 22 MHz
            MIN_CLK: 711 MHz
            MAX_CLK: 1143 MHz
            DEEP_SLEEP: ENABLED
        DCLK_2:
            CLK: 22 MHz
            MIN_CLK: 711 MHz
            MAX_CLK: 1143 MHz
            DEEP_SLEEP: ENABLED
        DCLK_3:
            CLK: 22 MHz
            MIN_CLK: 711 MHz
            MAX_CLK: 1143 MHz
            DEEP_SLEEP: ENABLED
        FCLK_0:
            CLK: 1300 MHz
            MIN_CLK: 1300 MHz
            MAX_CLK: 1800 MHz
            DEEP_SLEEP: DISABLED
        SOCCLK_0:
            CLK: 30 MHz
            MIN_CLK: 889 MHz
            MAX_CLK: 1143 MHz
            DEEP_SLEEP: ENABLED

### 2026-09-18T06:52:09Z
GPU: 0
    CLOCK:
        GFX_0:
            CLK: 2101 MHz
            MIN_CLK: 500 MHz
            MAX_CLK: 2100 MHz
            CLK_LOCKED: DISABLED
            DEEP_SLEEP: DISABLED
        GFX_1:
            CLK: 2111 MHz
            MIN_CLK: 500 MHz
            MAX_CLK: 2100 MHz
            CLK_LOCKED: DISABLED
            DEEP_SLEEP: DISABLED
        GFX_2:
            CLK: 2102 MHz
            MIN_CLK: 500 MHz
            MAX_CLK: 2100 MHz
            CLK_LOCKED: DISABLED
            DEEP_SLEEP: DISABLED
        GFX_3:
            CLK: 2107 MHz
            MIN_CLK: 500 MHz
            MAX_CLK: 2100 MHz
            CLK_LOCKED: DISABLED
            DEEP_SLEEP: DISABLED
        GFX_4:
            CLK: 2103 MHz
            MIN_CLK: 500 MHz
            MAX_CLK: 2100 MHz
            CLK_LOCKED: DISABLED
            DEEP_SLEEP: DISABLED
        GFX_5:
            CLK: 2108 MHz
            MIN_CLK: 500 MHz
            MAX_CLK: 2100 MHz
            CLK_LOCKED: DISABLED
            DEEP_SLEEP: DISABLED
        GFX_6:
            CLK: 2097 MHz
            MIN_CLK: 500 MHz
            MAX_CLK: 2100 MHz
            CLK_LOCKED: DISABLED
            DEEP_SLEEP: DISABLED
        GFX_7:
            CLK: 2106 MHz
            MIN_CLK: 500 MHz
            MAX_CLK: 2100 MHz
            CLK_LOCKED: DISABLED
            DEEP_SLEEP: DISABLED
        MEM_0:
            CLK: 900 MHz
            MIN_CLK: 900 MHz
            MAX_CLK: 1300 MHz
            DEEP_SLEEP: DISABLED
        VCLK_0:
            CLK: 29 MHz
            MIN_CLK: 914 MHz
            MAX_CLK: 1333 MHz
            DEEP_SLEEP: ENABLED
        VCLK_1:
            CLK: 29 MHz
            MIN_CLK: 914 MHz
            MAX_CLK: 1333 MHz
            DEEP_SLEEP: ENABLED
        VCLK_2:
            CLK: 29 MHz
            MIN_CLK: 914 MHz
            MAX_CLK: 1333 MHz
            DEEP_SLEEP: ENABLED
        VCLK_3:
            CLK: 29 MHz
            MIN_CLK: 914 MHz
            MAX_CLK: 1333 MHz
            DEEP_SLEEP: ENABLED
        DCLK_0:
            CLK: 22 MHz
            MIN_CLK: 711 MHz
            MAX_CLK: 1143 MHz
            DEEP_SLEEP: ENABLED
        DCLK_1:
            CLK: 22 MHz
            MIN_CLK: 711 MHz
            MAX_CLK: 1143 MHz
            DEEP_SLEEP: ENABLED
        DCLK_2:
            CLK: 22 MHz
            MIN_CLK: 711 MHz
            MAX_CLK: 1143 MHz
            DEEP_SLEEP: ENABLED
        DCLK_3:
            CLK: 22 MHz
            MIN_CLK: 711 MHz
            MAX_CLK: 1143 MHz
            DEEP_SLEEP: ENABLED
        FCLK_0:
            CLK: 1300 MHz
            MIN_CLK: 1300 MHz
            MAX_CLK: 1800 MHz
            DEEP_SLEEP: DISABLED
        SOCCLK_0:
            CLK: 30 MHz
            MIN_CLK: 889 MHz
            MAX_CLK: 1143 MHz
            DEEP_SLEEP: ENABLED

### 2026-09-18T06:52:10Z
GPU: 0
    CLOCK:
        GFX_0:
            CLK: 2101 MHz
            MIN_CLK: 500 MHz
            MAX_CLK: 2100 MHz
            CLK_LOCKED: DISABLED
            DEEP_SLEEP: DISABLED
        GFX_1:
            CLK: 2111 MHz
            MIN_CLK: 500 MHz
            MAX_CLK: 2100 MHz
            CLK_LOCKED: DISABLED
            DEEP_SLEEP: DISABLED
        GFX_2:
            CLK: 2102 MHz
            MIN_CLK: 500 MHz
            MAX_CLK: 2100 MHz
            CLK_LOCKED: DISABLED
            DEEP_SLEEP: DISABLED
        GFX_3:
            CLK: 2107 MHz
            MIN_CLK: 500 MHz
            MAX_CLK: 2100 MHz
            CLK_LOCKED: DISABLED
            DEEP_SLEEP: DISABLED
        GFX_4:
            CLK: 2104 MHz
            MIN_CLK: 500 MHz
            MAX_CLK: 2100 MHz
            CLK_LOCKED: DISABLED
            DEEP_SLEEP: DISABLED
        GFX_5:
            CLK: 2108 MHz
            MIN_CLK: 500 MHz
            MAX_CLK: 2100 MHz
            CLK_LOCKED: DISABLED
            DEEP_SLEEP: DISABLED
        GFX_6:
            CLK: 2096 MHz
            MIN_CLK: 500 MHz
            MAX_CLK: 2100 MHz
            CLK_LOCKED: DISABLED
            DEEP_SLEEP: DISABLED
        GFX_7:
            CLK: 2106 MHz
            MIN_CLK: 500 MHz
            MAX_CLK: 2100 MHz
            CLK_LOCKED: DISABLED
            DEEP_SLEEP: DISABLED
        MEM_0:
            CLK: 900 MHz
            MIN_CLK: 900 MHz
            MAX_CLK: 1300 MHz
            DEEP_SLEEP: DISABLED
        VCLK_0:
            CLK: 29 MHz
            MIN_CLK: 914 MHz
            MAX_CLK: 1333 MHz
            DEEP_SLEEP: ENABLED
        VCLK_1:
            CLK: 29 MHz
            MIN_CLK: 914 MHz
            MAX_CLK: 1333 MHz
            DEEP_SLEEP: ENABLED
        VCLK_2:
            CLK: 29 MHz
            MIN_CLK: 914 MHz
            MAX_CLK: 1333 MHz
            DEEP_SLEEP: ENABLED
        VCLK_3:
            CLK: 29 MHz
            MIN_CLK: 914 MHz
            MAX_CLK: 1333 MHz
            DEEP_SLEEP: ENABLED
        DCLK_0:
            CLK: 22 MHz
            MIN_CLK: 711 MHz
            MAX_CLK: 1143 MHz
            DEEP_SLEEP: ENABLED
        DCLK_1:
            CLK: 22 MHz
            MIN_CLK: 711 MHz
            MAX_CLK: 1143 MHz
            DEEP_SLEEP: ENABLED
        DCLK_2:
            CLK: 22 MHz
            MIN_CLK: 711 MHz
            MAX_CLK: 1143 MHz
            DEEP_SLEEP: ENABLED
        DCLK_3:
            CLK: 22 MHz
            MIN_CLK: 711 MHz
            MAX_CLK: 1143 MHz
            DEEP_SLEEP: ENABLED
        FCLK_0:
            CLK: 1300 MHz
            MIN_CLK: 1300 MHz
            MAX_CLK: 1800 MHz
            DEEP_SLEEP: DISABLED
        SOCCLK_0:
            CLK: 30 MHz
            MIN_CLK: 889 MHz
            MAX_CLK: 1143 MHz
            DEEP_SLEEP: ENABLED

### 2026-09-18T06:52:11Z
GPU: 0
    CLOCK:
        GFX_0:
            CLK: 2100 MHz
            MIN_CLK: 500 MHz
            MAX_CLK: 2100 MHz
            CLK_LOCKED: DISABLED
            DEEP_SLEEP: DISABLED
        GFX_1:
            CLK: 2111 MHz
            MIN_CLK: 500 MHz
            MAX_CLK: 2100 MHz
            CLK_LOCKED: DISABLED
            DEEP_SLEEP: DISABLED
        GFX_2:
            CLK: 2102 MHz
            MIN_CLK: 500 MHz
            MAX_CLK: 2100 MHz
            CLK_LOCKED: DISABLED
            DEEP_SLEEP: DISABLED
        GFX_3:
            CLK: 2108 MHz
            MIN_CLK: 500 MHz
            MAX_CLK: 2100 MHz
            CLK_LOCKED: DISABLED
            DEEP_SLEEP: DISABLED
        GFX_4:
            CLK: 2103 MHz
            MIN_CLK: 500 MHz
            MAX_CLK: 2100 MHz
            CLK_LOCKED: DISABLED
            DEEP_SLEEP: DISABLED
        GFX_5:
            CLK: 2108 MHz
            MIN_CLK: 500 MHz
            MAX_CLK: 2100 MHz
            CLK_LOCKED: DISABLED
            DEEP_SLEEP: DISABLED
        GFX_6:
            CLK: 2096 MHz
            MIN_CLK: 500 MHz
            MAX_CLK: 2100 MHz
            CLK_LOCKED: DISABLED
            DEEP_SLEEP: DISABLED
        GFX_7:
            CLK: 2107 MHz
            MIN_CLK: 500 MHz
            MAX_CLK: 2100 MHz
            CLK_LOCKED: DISABLED
            DEEP_SLEEP: DISABLED
        MEM_0:
            CLK: 900 MHz
            MIN_CLK: 900 MHz
            MAX_CLK: 1300 MHz
            DEEP_SLEEP: DISABLED
        VCLK_0:
            CLK: 29 MHz
            MIN_CLK: 914 MHz
            MAX_CLK: 1333 MHz
            DEEP_SLEEP: ENABLED
        VCLK_1:
            CLK: 29 MHz
            MIN_CLK: 914 MHz
            MAX_CLK: 1333 MHz
            DEEP_SLEEP: ENABLED
        VCLK_2:
            CLK: 29 MHz
            MIN_CLK: 914 MHz
            MAX_CLK: 1333 MHz
            DEEP_SLEEP: ENABLED
        VCLK_3:
            CLK: 29 MHz
            MIN_CLK: 914 MHz
            MAX_CLK: 1333 MHz
            DEEP_SLEEP: ENABLED
        DCLK_0:
            CLK: 22 MHz
            MIN_CLK: 711 MHz
            MAX_CLK: 1143 MHz
            DEEP_SLEEP: ENABLED
        DCLK_1:
            CLK: 22 MHz
            MIN_CLK: 711 MHz
            MAX_CLK: 1143 MHz
            DEEP_SLEEP: ENABLED
        DCLK_2:
            CLK: 22 MHz
            MIN_CLK: 711 MHz
            MAX_CLK: 1143 MHz
            DEEP_SLEEP: ENABLED
        DCLK_3:
            CLK: 22 MHz
            MIN_CLK: 711 MHz
            MAX_CLK: 1143 MHz
            DEEP_SLEEP: ENABLED
        FCLK_0:
            CLK: 1300 MHz
            MIN_CLK: 1300 MHz
            MAX_CLK: 1800 MHz
            DEEP_SLEEP: DISABLED
        SOCCLK_0:
            CLK: 30 MHz
            MIN_CLK: 889 MHz
            MAX_CLK: 1143 MHz
            DEEP_SLEEP: ENABLED

### 2026-09-18T06:52:13Z
GPU: 0
    CLOCK:
        GFX_0:
            CLK: 2101 MHz
            MIN_CLK: 500 MHz
            MAX_CLK: 2100 MHz
            CLK_LOCKED: DISABLED
            DEEP_SLEEP: DISABLED
        GFX_1:
            CLK: 2111 MHz
            MIN_CLK: 500 MHz
            MAX_CLK: 2100 MHz
            CLK_LOCKED: DISABLED
            DEEP_SLEEP: DISABLED
        GFX_2:
            CLK: 2102 MHz
            MIN_CLK: 500 MHz
            MAX_CLK: 2100 MHz
            CLK_LOCKED: DISABLED
            DEEP_SLEEP: DISABLED
        GFX_3:
            CLK: 2107 MHz
            MIN_CLK: 500 MHz
            MAX_CLK: 2100 MHz
            CLK_LOCKED: DISABLED
            DEEP_SLEEP: DISABLED
        GFX_4:
            CLK: 2103 MHz
            MIN_CLK: 500 MHz
            MAX_CLK: 2100 MHz
            CLK_LOCKED: DISABLED
            DEEP_SLEEP: DISABLED
        GFX_5:
            CLK: 2108 MHz
            MIN_CLK: 500 MHz
            MAX_CLK: 2100 MHz
            CLK_LOCKED: DISABLED
            DEEP_SLEEP: DISABLED
        GFX_6:
            CLK: 2096 MHz
            MIN_CLK: 500 MHz
            MAX_CLK: 2100 MHz
            CLK_LOCKED: DISABLED
            DEEP_SLEEP: DISABLED
        GFX_7:
            CLK: 2107 MHz
            MIN_CLK: 500 MHz
            MAX_CLK: 2100 MHz
            CLK_LOCKED: DISABLED
            DEEP_SLEEP: DISABLED
        MEM_0:
            CLK: 900 MHz
            MIN_CLK: 900 MHz
            MAX_CLK: 1300 MHz
            DEEP_SLEEP: DISABLED
        VCLK_0:
            CLK: 29 MHz
            MIN_CLK: 914 MHz
            MAX_CLK: 1333 MHz
            DEEP_SLEEP: ENABLED
        VCLK_1:
            CLK: 29 MHz
            MIN_CLK: 914 MHz
            MAX_CLK: 1333 MHz
            DEEP_SLEEP: ENABLED
        VCLK_2:
            CLK: 29 MHz
            MIN_CLK: 914 MHz
            MAX_CLK: 1333 MHz
            DEEP_SLEEP: ENABLED
        VCLK_3:
            CLK: 29 MHz
            MIN_CLK: 914 MHz
            MAX_CLK: 1333 MHz
            DEEP_SLEEP: ENABLED
        DCLK_0:
            CLK: 22 MHz
            MIN_CLK: 711 MHz
            MAX_CLK: 1143 MHz
            DEEP_SLEEP: ENABLED
        DCLK_1:
            CLK: 22 MHz
            MIN_CLK: 711 MHz
            MAX_CLK: 1143 MHz
            DEEP_SLEEP: ENABLED
        DCLK_2:
            CLK: 22 MHz
            MIN_CLK: 711 MHz
            MAX_CLK: 1143 MHz
            DEEP_SLEEP: ENABLED
        DCLK_3:
            CLK: 22 MHz
            MIN_CLK: 711 MHz
            MAX_CLK: 1143 MHz
            DEEP_SLEEP: ENABLED
        FCLK_0:
            CLK: 1300 MHz
            MIN_CLK: 1300 MHz
            MAX_CLK: 1800 MHz
            DEEP_SLEEP: DISABLED
        SOCCLK_0:
            CLK: 30 MHz
            MIN_CLK: 889 MHz
            MAX_CLK: 1143 MHz
            DEEP_SLEEP: ENABLED

### 2026-09-18T06:52:14Z
GPU: 0
    CLOCK:
        GFX_0:
            CLK: 2101 MHz
            MIN_CLK: 500 MHz
            MAX_CLK: 2100 MHz
            CLK_LOCKED: DISABLED
            DEEP_SLEEP: DISABLED
        GFX_1:
            CLK: 2110 MHz
            MIN_CLK: 500 MHz
            MAX_CLK: 2100 MHz
            CLK_LOCKED: DISABLED
            DEEP_SLEEP: DISABLED
        GFX_2:
            CLK: 2102 MHz
            MIN_CLK: 500 MHz
            MAX_CLK: 2100 MHz
            CLK_LOCKED: DISABLED
            DEEP_SLEEP: DISABLED
        GFX_3:
            CLK: 2107 MHz
            MIN_CLK: 500 MHz
            MAX_CLK: 2100 MHz
            CLK_LOCKED: DISABLED
            DEEP_SLEEP: DISABLED
        GFX_4:
            CLK: 2103 MHz
            MIN_CLK: 500 MHz
            MAX_CLK: 2100 MHz
            CLK_LOCKED: DISABLED
            DEEP_SLEEP: DISABLED
        GFX_5:
            CLK: 2108 MHz
            MIN_CLK: 500 MHz
            MAX_CLK: 2100 MHz
            CLK_LOCKED: DISABLED
            DEEP_SLEEP: DISABLED
        GFX_6:
            CLK: 2096 MHz
            MIN_CLK: 500 MHz
            MAX_CLK: 2100 MHz
            CLK_LOCKED: DISABLED
            DEEP_SLEEP: DISABLED
        GFX_7:
            CLK: 2106 MHz
            MIN_CLK: 500 MHz
            MAX_CLK: 2100 MHz
            CLK_LOCKED: DISABLED
            DEEP_SLEEP: DISABLED
        MEM_0:
            CLK: 900 MHz
            MIN_CLK: 900 MHz
            MAX_CLK: 1300 MHz
            DEEP_SLEEP: DISABLED
        VCLK_0:
            CLK: 29 MHz
            MIN_CLK: 914 MHz
            MAX_CLK: 1333 MHz
            DEEP_SLEEP: ENABLED
        VCLK_1:
            CLK: 29 MHz
            MIN_CLK: 914 MHz
            MAX_CLK: 1333 MHz
            DEEP_SLEEP: ENABLED
        VCLK_2:
            CLK: 29 MHz
            MIN_CLK: 914 MHz
            MAX_CLK: 1333 MHz
            DEEP_SLEEP: ENABLED
        VCLK_3:
            CLK: 29 MHz
            MIN_CLK: 914 MHz
            MAX_CLK: 1333 MHz
            DEEP_SLEEP: ENABLED
        DCLK_0:
            CLK: 22 MHz
            MIN_CLK: 711 MHz
            MAX_CLK: 1143 MHz
            DEEP_SLEEP: ENABLED
        DCLK_1:
            CLK: 22 MHz
            MIN_CLK: 711 MHz
            MAX_CLK: 1143 MHz
            DEEP_SLEEP: ENABLED
        DCLK_2:
            CLK: 22 MHz
            MIN_CLK: 711 MHz
            MAX_CLK: 1143 MHz
            DEEP_SLEEP: ENABLED
        DCLK_3:
            CLK: 22 MHz
            MIN_CLK: 711 MHz
            MAX_CLK: 1143 MHz
            DEEP_SLEEP: ENABLED
        FCLK_0:
            CLK: 1300 MHz
            MIN_CLK: 1300 MHz
            MAX_CLK: 1800 MHz
            DEEP_SLEEP: DISABLED
        SOCCLK_0:
            CLK: 40 MHz
            MIN_CLK: 889 MHz
            MAX_CLK: 1143 MHz
            DEEP_SLEEP: ENABLED

### 2026-09-18T06:52:15Z
GPU: 0
    CLOCK:
        GFX_0:
            CLK: 2101 MHz
            MIN_CLK: 500 MHz
            MAX_CLK: 2100 MHz
            CLK_LOCKED: DISABLED
            DEEP_SLEEP: DISABLED
        GFX_1:
            CLK: 2111 MHz
            MIN_CLK: 500 MHz
            MAX_CLK: 2100 MHz
            CLK_LOCKED: DISABLED
            DEEP_SLEEP: DISABLED
        GFX_2:
            CLK: 2101 MHz
            MIN_CLK: 500 MHz
            MAX_CLK: 2100 MHz
            CLK_LOCKED: DISABLED
            DEEP_SLEEP: DISABLED
        GFX_3:
            CLK: 2107 MHz
            MIN_CLK: 500 MHz
            MAX_CLK: 2100 MHz
            CLK_LOCKED: DISABLED
            DEEP_SLEEP: DISABLED
        GFX_4:
            CLK: 2103 MHz
            MIN_CLK: 500 MHz
            MAX_CLK: 2100 MHz
            CLK_LOCKED: DISABLED
            DEEP_SLEEP: DISABLED
        GFX_5:
            CLK: 2108 MHz
            MIN_CLK: 500 MHz
            MAX_CLK: 2100 MHz
            CLK_LOCKED: DISABLED
            DEEP_SLEEP: DISABLED
        GFX_6:
            CLK: 2096 MHz
            MIN_CLK: 500 MHz
            MAX_CLK: 2100 MHz
            CLK_LOCKED: DISABLED
            DEEP_SLEEP: DISABLED
        GFX_7:
            CLK: 2107 MHz
            MIN_CLK: 500 MHz
            MAX_CLK: 2100 MHz
            CLK_LOCKED: DISABLED
            DEEP_SLEEP: DISABLED
        MEM_0:
            CLK: 900 MHz
            MIN_CLK: 900 MHz
            MAX_CLK: 1300 MHz
            DEEP_SLEEP: DISABLED
        VCLK_0:
            CLK: 29 MHz
            MIN_CLK: 914 MHz
            MAX_CLK: 1333 MHz
            DEEP_SLEEP: ENABLED
        VCLK_1:
            CLK: 29 MHz
            MIN_CLK: 914 MHz
            MAX_CLK: 1333 MHz
            DEEP_SLEEP: ENABLED
        VCLK_2:
            CLK: 29 MHz
            MIN_CLK: 914 MHz
            MAX_CLK: 1333 MHz
            DEEP_SLEEP: ENABLED
        VCLK_3:
            CLK: 29 MHz
            MIN_CLK: 914 MHz
            MAX_CLK: 1333 MHz
            DEEP_SLEEP: ENABLED
        DCLK_0:
            CLK: 22 MHz
            MIN_CLK: 711 MHz
            MAX_CLK: 1143 MHz
            DEEP_SLEEP: ENABLED
        DCLK_1:
            CLK: 22 MHz
            MIN_CLK: 711 MHz
            MAX_CLK: 1143 MHz
            DEEP_SLEEP: ENABLED
        DCLK_2:
            CLK: 22 MHz
            MIN_CLK: 711 MHz
            MAX_CLK: 1143 MHz
            DEEP_SLEEP: ENABLED
        DCLK_3:
            CLK: 22 MHz
            MIN_CLK: 711 MHz
            MAX_CLK: 1143 MHz
            DEEP_SLEEP: ENABLED
        FCLK_0:
            CLK: 1300 MHz
            MIN_CLK: 1300 MHz
            MAX_CLK: 1800 MHz
            DEEP_SLEEP: DISABLED
        SOCCLK_0:
            CLK: 30 MHz
            MIN_CLK: 889 MHz
            MAX_CLK: 1143 MHz
            DEEP_SLEEP: ENABLED

### 2026-09-18T06:52:16Z
GPU: 0
    CLOCK:
        GFX_0:
            CLK: 2101 MHz
            MIN_CLK: 500 MHz
            MAX_CLK: 2100 MHz
            CLK_LOCKED: DISABLED
            DEEP_SLEEP: DISABLED
        GFX_1:
            CLK: 2111 MHz
            MIN_CLK: 500 MHz
            MAX_CLK: 2100 MHz
            CLK_LOCKED: DISABLED
            DEEP_SLEEP: DISABLED
        GFX_2:
            CLK: 2101 MHz
            MIN_CLK: 500 MHz
            MAX_CLK: 2100 MHz
            CLK_LOCKED: DISABLED
            DEEP_SLEEP: DISABLED
        GFX_3:
            CLK: 2107 MHz
            MIN_CLK: 500 MHz
            MAX_CLK: 2100 MHz
            CLK_LOCKED: DISABLED
            DEEP_SLEEP: DISABLED
        GFX_4:
            CLK: 2103 MHz
            MIN_CLK: 500 MHz
            MAX_CLK: 2100 MHz
            CLK_LOCKED: DISABLED
            DEEP_SLEEP: DISABLED
        GFX_5:
            CLK: 2108 MHz
            MIN_CLK: 500 MHz
            MAX_CLK: 2100 MHz
            CLK_LOCKED: DISABLED
            DEEP_SLEEP: DISABLED
        GFX_6:
            CLK: 2096 MHz
            MIN_CLK: 500 MHz
            MAX_CLK: 2100 MHz
            CLK_LOCKED: DISABLED
            DEEP_SLEEP: DISABLED
        GFX_7:
            CLK: 2107 MHz
            MIN_CLK: 500 MHz
            MAX_CLK: 2100 MHz
            CLK_LOCKED: DISABLED
            DEEP_SLEEP: DISABLED
        MEM_0:
            CLK: 900 MHz
            MIN_CLK: 900 MHz
            MAX_CLK: 1300 MHz
            DEEP_SLEEP: DISABLED
        VCLK_0:
            CLK: 29 MHz
            MIN_CLK: 914 MHz
            MAX_CLK: 1333 MHz
            DEEP_SLEEP: ENABLED
        VCLK_1:
            CLK: 29 MHz
            MIN_CLK: 914 MHz
            MAX_CLK: 1333 MHz
            DEEP_SLEEP: ENABLED
        VCLK_2:
            CLK: 29 MHz
            MIN_CLK: 914 MHz
            MAX_CLK: 1333 MHz
            DEEP_SLEEP: ENABLED
        VCLK_3:
            CLK: 29 MHz
            MIN_CLK: 914 MHz
            MAX_CLK: 1333 MHz
            DEEP_SLEEP: ENABLED
        DCLK_0:
            CLK: 22 MHz
            MIN_CLK: 711 MHz
            MAX_CLK: 1143 MHz
            DEEP_SLEEP: ENABLED
        DCLK_1:
            CLK: 22 MHz
            MIN_CLK: 711 MHz
            MAX_CLK: 1143 MHz
            DEEP_SLEEP: ENABLED
        DCLK_2:
            CLK: 22 MHz
            MIN_CLK: 711 MHz
            MAX_CLK: 1143 MHz
            DEEP_SLEEP: ENABLED
        DCLK_3:
            CLK: 22 MHz
            MIN_CLK: 711 MHz
            MAX_CLK: 1143 MHz
            DEEP_SLEEP: ENABLED
        FCLK_0:
            CLK: 1300 MHz
            MIN_CLK: 1300 MHz
            MAX_CLK: 1800 MHz
            DEEP_SLEEP: DISABLED
        SOCCLK_0:
            CLK: 30 MHz
            MIN_CLK: 889 MHz
            MAX_CLK: 1143 MHz
            DEEP_SLEEP: ENABLED

### 2026-09-18T06:52:18Z
GPU: 0
    CLOCK:
        GFX_0:
            CLK: 1996 MHz
            MIN_CLK: 500 MHz
            MAX_CLK: 2100 MHz
            CLK_LOCKED: DISABLED
            DEEP_SLEEP: DISABLED
        GFX_1:
            CLK: 1992 MHz
            MIN_CLK: 500 MHz
            MAX_CLK: 2100 MHz
            CLK_LOCKED: DISABLED
            DEEP_SLEEP: DISABLED
        GFX_2:
            CLK: 1987 MHz
            MIN_CLK: 500 MHz
            MAX_CLK: 2100 MHz
            CLK_LOCKED: DISABLED
            DEEP_SLEEP: DISABLED
        GFX_3:
            CLK: 1991 MHz
            MIN_CLK: 500 MHz
            MAX_CLK: 2100 MHz
            CLK_LOCKED: DISABLED
            DEEP_SLEEP: DISABLED
        GFX_4:
            CLK: 1988 MHz
            MIN_CLK: 500 MHz
            MAX_CLK: 2100 MHz
            CLK_LOCKED: DISABLED
            DEEP_SLEEP: DISABLED
        GFX_5:
            CLK: 1992 MHz
            MIN_CLK: 500 MHz
            MAX_CLK: 2100 MHz
            CLK_LOCKED: DISABLED
            DEEP_SLEEP: DISABLED
        GFX_6:
            CLK: 1982 MHz
            MIN_CLK: 500 MHz
            MAX_CLK: 2100 MHz
            CLK_LOCKED: DISABLED
            DEEP_SLEEP: DISABLED
        GFX_7:
            CLK: 1990 MHz
            MIN_CLK: 500 MHz
            MAX_CLK: 2100 MHz
            CLK_LOCKED: DISABLED
            DEEP_SLEEP: DISABLED
        MEM_0:
            CLK: 1089 MHz
            MIN_CLK: 900 MHz
            MAX_CLK: 1300 MHz
            DEEP_SLEEP: DISABLED
        VCLK_0:
            CLK: 35 MHz
            MIN_CLK: 914 MHz
            MAX_CLK: 1333 MHz
            DEEP_SLEEP: ENABLED
        VCLK_1:
            CLK: 35 MHz
            MIN_CLK: 914 MHz
            MAX_CLK: 1333 MHz
            DEEP_SLEEP: ENABLED
        VCLK_2:
            CLK: 35 MHz
            MIN_CLK: 914 MHz
            MAX_CLK: 1333 MHz
            DEEP_SLEEP: ENABLED
        VCLK_3:
            CLK: 35 MHz
            MIN_CLK: 914 MHz
            MAX_CLK: 1333 MHz
            DEEP_SLEEP: ENABLED
        DCLK_0:
            CLK: 29 MHz
            MIN_CLK: 711 MHz
            MAX_CLK: 1143 MHz
            DEEP_SLEEP: ENABLED
        DCLK_1:
            CLK: 29 MHz
            MIN_CLK: 711 MHz
            MAX_CLK: 1143 MHz
            DEEP_SLEEP: ENABLED
        DCLK_2:
            CLK: 29 MHz
            MIN_CLK: 711 MHz
            MAX_CLK: 1143 MHz
            DEEP_SLEEP: ENABLED
        DCLK_3:
            CLK: 29 MHz
            MIN_CLK: 711 MHz
            MAX_CLK: 1143 MHz
            DEEP_SLEEP: ENABLED
        FCLK_0:
            CLK: 1550 MHz
            MIN_CLK: 1300 MHz
            MAX_CLK: 1800 MHz
            DEEP_SLEEP: DISABLED
        SOCCLK_0:
            CLK: 55 MHz
            MIN_CLK: 889 MHz
            MAX_CLK: 1143 MHz
            DEEP_SLEEP: ENABLED

