### 2026-09-17T10:00:43Z
GPU: 0
    CLOCK:
        GFX_0:
            CLK: 131 MHz
            MIN_CLK: 500 MHz
            MAX_CLK: 2100 MHz
            CLK_LOCKED: DISABLED
            DEEP_SLEEP: ENABLED
        GFX_1:
            CLK: 132 MHz
            MIN_CLK: 500 MHz
            MAX_CLK: 2100 MHz
            CLK_LOCKED: DISABLED
            DEEP_SLEEP: ENABLED
        GFX_2:
            CLK: 131 MHz
            MIN_CLK: 500 MHz
            MAX_CLK: 2100 MHz
            CLK_LOCKED: DISABLED
            DEEP_SLEEP: ENABLED
        GFX_3:
            CLK: 132 MHz
            MIN_CLK: 500 MHz
            MAX_CLK: 2100 MHz
            CLK_LOCKED: DISABLED
            DEEP_SLEEP: ENABLED
        GFX_4:
            CLK: 132 MHz
            MIN_CLK: 500 MHz
            MAX_CLK: 2100 MHz
            CLK_LOCKED: DISABLED
            DEEP_SLEEP: ENABLED
        GFX_5:
            CLK: 131 MHz
            MIN_CLK: 500 MHz
            MAX_CLK: 2100 MHz
            CLK_LOCKED: DISABLED
            DEEP_SLEEP: ENABLED
        GFX_6:
            CLK: 132 MHz
            MIN_CLK: 500 MHz
            MAX_CLK: 2100 MHz
            CLK_LOCKED: DISABLED
            DEEP_SLEEP: ENABLED
        GFX_7:
            CLK: 132 MHz
            MIN_CLK: 500 MHz
            MAX_CLK: 2100 MHz
            CLK_LOCKED: DISABLED
            DEEP_SLEEP: ENABLED
        MEM_0:
            CLK: 900 MHz
            MIN_CLK: 900 MHz
            MAX_CLK: 1300 MHz
            DEEP_SLEEP: DISABLED
        VCLK_0:
            CLK: 29 MHz
            MIN_CLK: 914 MHz
            MAX_CLK: 1333 MHz
            DEEP_SLEEP: ENABLED
        VCLK_1:
            CLK: 29 MHz
            MIN_CLK: 914 MHz
            MAX_CLK: 1333 MHz
            DEEP_SLEEP: ENABLED
        VCLK_2:
            CLK: 29 MHz
            MIN_CLK: 914 MHz
            MAX_CLK: 1333 MHz
            DEEP_SLEEP: ENABLED
        VCLK_3:
            CLK: 29 MHz
            MIN_CLK: 914 MHz
            MAX_CLK: 1333 MHz
            DEEP_SLEEP: ENABLED
        DCLK_0:
            CLK: 22 MHz
            MIN_CLK: 711 MHz
            MAX_CLK: 1143 MHz
            DEEP_SLEEP: ENABLED
        DCLK_1:
            CLK: 22 MHz
            MIN_CLK: 711 MHz
            MAX_CLK: 1143 MHz
            DEEP_SLEEP: ENABLED
        DCLK_2:
            CLK: 22 MHz
            MIN_CLK: 711 MHz
            MAX_CLK: 1143 MHz
            DEEP_SLEEP: ENABLED
        DCLK_3:
            CLK: 22 MHz
            MIN_CLK: 711 MHz
            MAX_CLK: 1143 MHz
            DEEP_SLEEP: ENABLED
        FCLK_0:
            CLK: 1300 MHz
            MIN_CLK: 1300 MHz
            MAX_CLK: 1800 MHz
            DEEP_SLEEP: DISABLED
        SOCCLK_0:
            CLK: 30 MHz
            MIN_CLK: 889 MHz
            MAX_CLK: 1143 MHz
            DEEP_SLEEP: ENABLED

### 2026-09-17T10:00:44Z
GPU: 0
    CLOCK:
        GFX_0:
            CLK: 131 MHz
            MIN_CLK: 500 MHz
            MAX_CLK: 2100 MHz
            CLK_LOCKED: DISABLED
            DEEP_SLEEP: ENABLED
        GFX_1:
            CLK: 132 MHz
            MIN_CLK: 500 MHz
            MAX_CLK: 2100 MHz
            CLK_LOCKED: DISABLED
            DEEP_SLEEP: ENABLED
        GFX_2:
            CLK: 131 MHz
            MIN_CLK: 500 MHz
            MAX_CLK: 2100 MHz
            CLK_LOCKED: DISABLED
            DEEP_SLEEP: ENABLED
        GFX_3:
            CLK: 132 MHz
            MIN_CLK: 500 MHz
            MAX_CLK: 2100 MHz
            CLK_LOCKED: DISABLED
            DEEP_SLEEP: ENABLED
        GFX_4:
            CLK: 132 MHz
            MIN_CLK: 500 MHz
            MAX_CLK: 2100 MHz
            CLK_LOCKED: DISABLED
            DEEP_SLEEP: ENABLED
        GFX_5:
            CLK: 131 MHz
            MIN_CLK: 500 MHz
            MAX_CLK: 2100 MHz
            CLK_LOCKED: DISABLED
            DEEP_SLEEP: ENABLED
        GFX_6:
            CLK: 132 MHz
            MIN_CLK: 500 MHz
            MAX_CLK: 2100 MHz
            CLK_LOCKED: DISABLED
            DEEP_SLEEP: ENABLED
        GFX_7:
            CLK: 132 MHz
            MIN_CLK: 500 MHz
            MAX_CLK: 2100 MHz
            CLK_LOCKED: DISABLED
            DEEP_SLEEP: ENABLED
        MEM_0:
            CLK: 900 MHz
            MIN_CLK: 900 MHz
            MAX_CLK: 1300 MHz
            DEEP_SLEEP: DISABLED
        VCLK_0:
            CLK: 29 MHz
            MIN_CLK: 914 MHz
            MAX_CLK: 1333 MHz
            DEEP_SLEEP: ENABLED
        VCLK_1:
            CLK: 29 MHz
            MIN_CLK: 914 MHz
            MAX_CLK: 1333 MHz
            DEEP_SLEEP: ENABLED
        VCLK_2:
            CLK: 29 MHz
            MIN_CLK: 914 MHz
            MAX_CLK: 1333 MHz
            DEEP_SLEEP: ENABLED
        VCLK_3:
            CLK: 29 MHz
            MIN_CLK: 914 MHz
            MAX_CLK: 1333 MHz
            DEEP_SLEEP: ENABLED
        DCLK_0:
            CLK: 22 MHz
            MIN_CLK: 711 MHz
            MAX_CLK: 1143 MHz
            DEEP_SLEEP: ENABLED
        DCLK_1:
            CLK: 22 MHz
            MIN_CLK: 711 MHz
            MAX_CLK: 1143 MHz
            DEEP_SLEEP: ENABLED
        DCLK_2:
            CLK: 22 MHz
            MIN_CLK: 711 MHz
            MAX_CLK: 1143 MHz
            DEEP_SLEEP: ENABLED
        DCLK_3:
            CLK: 22 MHz
            MIN_CLK: 711 MHz
            MAX_CLK: 1143 MHz
            DEEP_SLEEP: ENABLED
        FCLK_0:
            CLK: 1300 MHz
            MIN_CLK: 1300 MHz
            MAX_CLK: 1800 MHz
            DEEP_SLEEP: DISABLED
        SOCCLK_0:
            CLK: 30 MHz
            MIN_CLK: 889 MHz
            MAX_CLK: 1143 MHz
            DEEP_SLEEP: ENABLED

### 2026-09-17T10:00:45Z
GPU: 0
    CLOCK:
        GFX_0:
            CLK: 2099 MHz
            MIN_CLK: 500 MHz
            MAX_CLK: 2100 MHz
            CLK_LOCKED: DISABLED
            DEEP_SLEEP: DISABLED
        GFX_1:
            CLK: 2103 MHz
            MIN_CLK: 500 MHz
            MAX_CLK: 2100 MHz
            CLK_LOCKED: DISABLED
            DEEP_SLEEP: DISABLED
        GFX_2:
            CLK: 2097 MHz
            MIN_CLK: 500 MHz
            MAX_CLK: 2100 MHz
            CLK_LOCKED: DISABLED
            DEEP_SLEEP: DISABLED
        GFX_3:
            CLK: 2105 MHz
            MIN_CLK: 500 MHz
            MAX_CLK: 2100 MHz
            CLK_LOCKED: DISABLED
            DEEP_SLEEP: DISABLED
        GFX_4:
            CLK: 2102 MHz
            MIN_CLK: 500 MHz
            MAX_CLK: 2100 MHz
            CLK_LOCKED: DISABLED
            DEEP_SLEEP: DISABLED
        GFX_5:
            CLK: 2092 MHz
            MIN_CLK: 500 MHz
            MAX_CLK: 2100 MHz
            CLK_LOCKED: DISABLED
            DEEP_SLEEP: DISABLED
        GFX_6:
            CLK: 2107 MHz
            MIN_CLK: 500 MHz
            MAX_CLK: 2100 MHz
            CLK_LOCKED: DISABLED
            DEEP_SLEEP: DISABLED
        GFX_7:
            CLK: 2108 MHz
            MIN_CLK: 500 MHz
            MAX_CLK: 2100 MHz
            CLK_LOCKED: DISABLED
            DEEP_SLEEP: DISABLED
        MEM_0:
            CLK: 906 MHz
            MIN_CLK: 900 MHz
            MAX_CLK: 1300 MHz
            DEEP_SLEEP: DISABLED
        VCLK_0:
            CLK: 29 MHz
            MIN_CLK: 914 MHz
            MAX_CLK: 1333 MHz
            DEEP_SLEEP: ENABLED
        VCLK_1:
            CLK: 29 MHz
            MIN_CLK: 914 MHz
            MAX_CLK: 1333 MHz
            DEEP_SLEEP: ENABLED
        VCLK_2:
            CLK: 29 MHz
            MIN_CLK: 914 MHz
            MAX_CLK: 1333 MHz
            DEEP_SLEEP: ENABLED
        VCLK_3:
            CLK: 29 MHz
            MIN_CLK: 914 MHz
            MAX_CLK: 1333 MHz
            DEEP_SLEEP: ENABLED
        DCLK_0:
            CLK: 22 MHz
            MIN_CLK: 711 MHz
            MAX_CLK: 1143 MHz
            DEEP_SLEEP: ENABLED
        DCLK_1:
            CLK: 22 MHz
            MIN_CLK: 711 MHz
            MAX_CLK: 1143 MHz
            DEEP_SLEEP: ENABLED
        DCLK_2:
            CLK: 22 MHz
            MIN_CLK: 711 MHz
            MAX_CLK: 1143 MHz
            DEEP_SLEEP: ENABLED
        DCLK_3:
            CLK: 22 MHz
            MIN_CLK: 711 MHz
            MAX_CLK: 1143 MHz
            DEEP_SLEEP: ENABLED
        FCLK_0:
            CLK: 1300 MHz
            MIN_CLK: 1300 MHz
            MAX_CLK: 1800 MHz
            DEEP_SLEEP: DISABLED
        SOCCLK_0:
            CLK: 31 MHz
            MIN_CLK: 889 MHz
            MAX_CLK: 1143 MHz
            DEEP_SLEEP: ENABLED

### 2026-09-17T10:00:47Z
GPU: 0
    CLOCK:
        GFX_0:
            CLK: 2100 MHz
            MIN_CLK: 500 MHz
            MAX_CLK: 2100 MHz
            CLK_LOCKED: DISABLED
            DEEP_SLEEP: DISABLED
        GFX_1:
            CLK: 2103 MHz
            MIN_CLK: 500 MHz
            MAX_CLK: 2100 MHz
            CLK_LOCKED: DISABLED
            DEEP_SLEEP: DISABLED
        GFX_2:
            CLK: 2098 MHz
            MIN_CLK: 500 MHz
            MAX_CLK: 2100 MHz
            CLK_LOCKED: DISABLED
            DEEP_SLEEP: DISABLED
        GFX_3:
            CLK: 2105 MHz
            MIN_CLK: 500 MHz
            MAX_CLK: 2100 MHz
            CLK_LOCKED: DISABLED
            DEEP_SLEEP: DISABLED
        GFX_4:
            CLK: 2103 MHz
            MIN_CLK: 500 MHz
            MAX_CLK: 2100 MHz
            CLK_LOCKED: DISABLED
            DEEP_SLEEP: DISABLED
        GFX_5:
            CLK: 2092 MHz
            MIN_CLK: 500 MHz
            MAX_CLK: 2100 MHz
            CLK_LOCKED: DISABLED
            DEEP_SLEEP: DISABLED
        GFX_6:
            CLK: 2107 MHz
            MIN_CLK: 500 MHz
            MAX_CLK: 2100 MHz
            CLK_LOCKED: DISABLED
            DEEP_SLEEP: DISABLED
        GFX_7:
            CLK: 2108 MHz
            MIN_CLK: 500 MHz
            MAX_CLK: 2100 MHz
            CLK_LOCKED: DISABLED
            DEEP_SLEEP: DISABLED
        MEM_0:
            CLK: 900 MHz
            MIN_CLK: 900 MHz
            MAX_CLK: 1300 MHz
            DEEP_SLEEP: DISABLED
        VCLK_0:
            CLK: 29 MHz
            MIN_CLK: 914 MHz
            MAX_CLK: 1333 MHz
            DEEP_SLEEP: ENABLED
        VCLK_1:
            CLK: 29 MHz
            MIN_CLK: 914 MHz
            MAX_CLK: 1333 MHz
            DEEP_SLEEP: ENABLED
        VCLK_2:
            CLK: 29 MHz
            MIN_CLK: 914 MHz
            MAX_CLK: 1333 MHz
            DEEP_SLEEP: ENABLED
        VCLK_3:
            CLK: 29 MHz
            MIN_CLK: 914 MHz
            MAX_CLK: 1333 MHz
            DEEP_SLEEP: ENABLED
        DCLK_0:
            CLK: 22 MHz
            MIN_CLK: 711 MHz
            MAX_CLK: 1143 MHz
            DEEP_SLEEP: ENABLED
        DCLK_1:
            CLK: 22 MHz
            MIN_CLK: 711 MHz
            MAX_CLK: 1143 MHz
            DEEP_SLEEP: ENABLED
        DCLK_2:
            CLK: 22 MHz
            MIN_CLK: 711 MHz
            MAX_CLK: 1143 MHz
            DEEP_SLEEP: ENABLED
        DCLK_3:
            CLK: 22 MHz
            MIN_CLK: 711 MHz
            MAX_CLK: 1143 MHz
            DEEP_SLEEP: ENABLED
        FCLK_0:
            CLK: 1300 MHz
            MIN_CLK: 1300 MHz
            MAX_CLK: 1800 MHz
            DEEP_SLEEP: DISABLED
        SOCCLK_0:
            CLK: 30 MHz
            MIN_CLK: 889 MHz
            MAX_CLK: 1143 MHz
            DEEP_SLEEP: ENABLED

### 2026-09-17T10:00:48Z
GPU: 0
    CLOCK:
        GFX_0:
            CLK: 2099 MHz
            MIN_CLK: 500 MHz
            MAX_CLK: 2100 MHz
            CLK_LOCKED: DISABLED
            DEEP_SLEEP: DISABLED
        GFX_1:
            CLK: 2103 MHz
            MIN_CLK: 500 MHz
            MAX_CLK: 2100 MHz
            CLK_LOCKED: DISABLED
            DEEP_SLEEP: DISABLED
        GFX_2:
            CLK: 2098 MHz
            MIN_CLK: 500 MHz
            MAX_CLK: 2100 MHz
            CLK_LOCKED: DISABLED
            DEEP_SLEEP: DISABLED
        GFX_3:
            CLK: 2105 MHz
            MIN_CLK: 500 MHz
            MAX_CLK: 2100 MHz
            CLK_LOCKED: DISABLED
            DEEP_SLEEP: DISABLED
        GFX_4:
            CLK: 2103 MHz
            MIN_CLK: 500 MHz
            MAX_CLK: 2100 MHz
            CLK_LOCKED: DISABLED
            DEEP_SLEEP: DISABLED
        GFX_5:
            CLK: 2092 MHz
            MIN_CLK: 500 MHz
            MAX_CLK: 2100 MHz
            CLK_LOCKED: DISABLED
            DEEP_SLEEP: DISABLED
        GFX_6:
            CLK: 2107 MHz
            MIN_CLK: 500 MHz
            MAX_CLK: 2100 MHz
            CLK_LOCKED: DISABLED
            DEEP_SLEEP: DISABLED
        GFX_7:
            CLK: 2107 MHz
            MIN_CLK: 500 MHz
            MAX_CLK: 2100 MHz
            CLK_LOCKED: DISABLED
            DEEP_SLEEP: DISABLED
        MEM_0:
            CLK: 900 MHz
            MIN_CLK: 900 MHz
            MAX_CLK: 1300 MHz
            DEEP_SLEEP: DISABLED
        VCLK_0:
            CLK: 29 MHz
            MIN_CLK: 914 MHz
            MAX_CLK: 1333 MHz
            DEEP_SLEEP: ENABLED
        VCLK_1:
            CLK: 29 MHz
            MIN_CLK: 914 MHz
            MAX_CLK: 1333 MHz
            DEEP_SLEEP: ENABLED
        VCLK_2:
            CLK: 29 MHz
            MIN_CLK: 914 MHz
            MAX_CLK: 1333 MHz
            DEEP_SLEEP: ENABLED
        VCLK_3:
            CLK: 29 MHz
            MIN_CLK: 914 MHz
            MAX_CLK: 1333 MHz
            DEEP_SLEEP: ENABLED
        DCLK_0:
            CLK: 22 MHz
            MIN_CLK: 711 MHz
            MAX_CLK: 1143 MHz
            DEEP_SLEEP: ENABLED
        DCLK_1:
            CLK: 22 MHz
            MIN_CLK: 711 MHz
            MAX_CLK: 1143 MHz
            DEEP_SLEEP: ENABLED
        DCLK_2:
            CLK: 22 MHz
            MIN_CLK: 711 MHz
            MAX_CLK: 1143 MHz
            DEEP_SLEEP: ENABLED
        DCLK_3:
            CLK: 22 MHz
            MIN_CLK: 711 MHz
            MAX_CLK: 1143 MHz
            DEEP_SLEEP: ENABLED
        FCLK_0:
            CLK: 1300 MHz
            MIN_CLK: 1300 MHz
            MAX_CLK: 1800 MHz
            DEEP_SLEEP: DISABLED
        SOCCLK_0:
            CLK: 30 MHz
            MIN_CLK: 889 MHz
            MAX_CLK: 1143 MHz
            DEEP_SLEEP: ENABLED

### 2026-09-17T10:00:49Z
GPU: 0
    CLOCK:
        GFX_0:
            CLK: 2099 MHz
            MIN_CLK: 500 MHz
            MAX_CLK: 2100 MHz
            CLK_LOCKED: DISABLED
            DEEP_SLEEP: DISABLED
        GFX_1:
            CLK: 2102 MHz
            MIN_CLK: 500 MHz
            MAX_CLK: 2100 MHz
            CLK_LOCKED: DISABLED
            DEEP_SLEEP: DISABLED
        GFX_2:
            CLK: 2097 MHz
            MIN_CLK: 500 MHz
            MAX_CLK: 2100 MHz
            CLK_LOCKED: DISABLED
            DEEP_SLEEP: DISABLED
        GFX_3:
            CLK: 2105 MHz
            MIN_CLK: 500 MHz
            MAX_CLK: 2100 MHz
            CLK_LOCKED: DISABLED
            DEEP_SLEEP: DISABLED
        GFX_4:
            CLK: 2103 MHz
            MIN_CLK: 500 MHz
            MAX_CLK: 2100 MHz
            CLK_LOCKED: DISABLED
            DEEP_SLEEP: DISABLED
        GFX_5:
            CLK: 2092 MHz
            MIN_CLK: 500 MHz
            MAX_CLK: 2100 MHz
            CLK_LOCKED: DISABLED
            DEEP_SLEEP: DISABLED
        GFX_6:
            CLK: 2107 MHz
            MIN_CLK: 500 MHz
            MAX_CLK: 2100 MHz
            CLK_LOCKED: DISABLED
            DEEP_SLEEP: DISABLED
        GFX_7:
            CLK: 2108 MHz
            MIN_CLK: 500 MHz
            MAX_CLK: 2100 MHz
            CLK_LOCKED: DISABLED
            DEEP_SLEEP: DISABLED
        MEM_0:
            CLK: 900 MHz
            MIN_CLK: 900 MHz
            MAX_CLK: 1300 MHz
            DEEP_SLEEP: DISABLED
        VCLK_0:
            CLK: 29 MHz
            MIN_CLK: 914 MHz
            MAX_CLK: 1333 MHz
            DEEP_SLEEP: ENABLED
        VCLK_1:
            CLK: 29 MHz
            MIN_CLK: 914 MHz
            MAX_CLK: 1333 MHz
            DEEP_SLEEP: ENABLED
        VCLK_2:
            CLK: 29 MHz
            MIN_CLK: 914 MHz
            MAX_CLK: 1333 MHz
            DEEP_SLEEP: ENABLED
        VCLK_3:
            CLK: 29 MHz
            MIN_CLK: 914 MHz
            MAX_CLK: 1333 MHz
            DEEP_SLEEP: ENABLED
        DCLK_0:
            CLK: 22 MHz
            MIN_CLK: 711 MHz
            MAX_CLK: 1143 MHz
            DEEP_SLEEP: ENABLED
        DCLK_1:
            CLK: 22 MHz
            MIN_CLK: 711 MHz
            MAX_CLK: 1143 MHz
            DEEP_SLEEP: ENABLED
        DCLK_2:
            CLK: 22 MHz
            MIN_CLK: 711 MHz
            MAX_CLK: 1143 MHz
            DEEP_SLEEP: ENABLED
        DCLK_3:
            CLK: 22 MHz
            MIN_CLK: 711 MHz
            MAX_CLK: 1143 MHz
            DEEP_SLEEP: ENABLED
        FCLK_0:
            CLK: 1300 MHz
            MIN_CLK: 1300 MHz
            MAX_CLK: 1800 MHz
            DEEP_SLEEP: DISABLED
        SOCCLK_0:
            CLK: 30 MHz
            MIN_CLK: 889 MHz
            MAX_CLK: 1143 MHz
            DEEP_SLEEP: ENABLED

### 2026-09-17T10:00:50Z
GPU: 0
    CLOCK:
        GFX_0:
            CLK: 2098 MHz
            MIN_CLK: 500 MHz
            MAX_CLK: 2100 MHz
            CLK_LOCKED: DISABLED
            DEEP_SLEEP: DISABLED
        GFX_1:
            CLK: 2102 MHz
            MIN_CLK: 500 MHz
            MAX_CLK: 2100 MHz
            CLK_LOCKED: DISABLED
            DEEP_SLEEP: DISABLED
        GFX_2:
            CLK: 2098 MHz
            MIN_CLK: 500 MHz
            MAX_CLK: 2100 MHz
            CLK_LOCKED: DISABLED
            DEEP_SLEEP: DISABLED
        GFX_3:
            CLK: 2105 MHz
            MIN_CLK: 500 MHz
            MAX_CLK: 2100 MHz
            CLK_LOCKED: DISABLED
            DEEP_SLEEP: DISABLED
        GFX_4:
            CLK: 2103 MHz
            MIN_CLK: 500 MHz
            MAX_CLK: 2100 MHz
            CLK_LOCKED: DISABLED
            DEEP_SLEEP: DISABLED
        GFX_5:
            CLK: 2093 MHz
            MIN_CLK: 500 MHz
            MAX_CLK: 2100 MHz
            CLK_LOCKED: DISABLED
            DEEP_SLEEP: DISABLED
        GFX_6:
            CLK: 2107 MHz
            MIN_CLK: 500 MHz
            MAX_CLK: 2100 MHz
            CLK_LOCKED: DISABLED
            DEEP_SLEEP: DISABLED
        GFX_7:
            CLK: 2107 MHz
            MIN_CLK: 500 MHz
            MAX_CLK: 2100 MHz
            CLK_LOCKED: DISABLED
            DEEP_SLEEP: DISABLED
        MEM_0:
            CLK: 900 MHz
            MIN_CLK: 900 MHz
            MAX_CLK: 1300 MHz
            DEEP_SLEEP: DISABLED
        VCLK_0:
            CLK: 29 MHz
            MIN_CLK: 914 MHz
            MAX_CLK: 1333 MHz
            DEEP_SLEEP: ENABLED
        VCLK_1:
            CLK: 29 MHz
            MIN_CLK: 914 MHz
            MAX_CLK: 1333 MHz
            DEEP_SLEEP: ENABLED
        VCLK_2:
            CLK: 29 MHz
            MIN_CLK: 914 MHz
            MAX_CLK: 1333 MHz
            DEEP_SLEEP: ENABLED
        VCLK_3:
            CLK: 29 MHz
            MIN_CLK: 914 MHz
            MAX_CLK: 1333 MHz
            DEEP_SLEEP: ENABLED
        DCLK_0:
            CLK: 22 MHz
            MIN_CLK: 711 MHz
            MAX_CLK: 1143 MHz
            DEEP_SLEEP: ENABLED
        DCLK_1:
            CLK: 22 MHz
            MIN_CLK: 711 MHz
            MAX_CLK: 1143 MHz
            DEEP_SLEEP: ENABLED
        DCLK_2:
            CLK: 22 MHz
            MIN_CLK: 711 MHz
            MAX_CLK: 1143 MHz
            DEEP_SLEEP: ENABLED
        DCLK_3:
            CLK: 22 MHz
            MIN_CLK: 711 MHz
            MAX_CLK: 1143 MHz
            DEEP_SLEEP: ENABLED
        FCLK_0:
            CLK: 1300 MHz
            MIN_CLK: 1300 MHz
            MAX_CLK: 1800 MHz
            DEEP_SLEEP: DISABLED
        SOCCLK_0:
            CLK: 30 MHz
            MIN_CLK: 889 MHz
            MAX_CLK: 1143 MHz
            DEEP_SLEEP: ENABLED

### 2026-09-17T10:00:52Z
GPU: 0
    CLOCK:
        GFX_0:
            CLK: 2098 MHz
            MIN_CLK: 500 MHz
            MAX_CLK: 2100 MHz
            CLK_LOCKED: DISABLED
            DEEP_SLEEP: DISABLED
        GFX_1:
            CLK: 2102 MHz
            MIN_CLK: 500 MHz
            MAX_CLK: 2100 MHz
            CLK_LOCKED: DISABLED
            DEEP_SLEEP: DISABLED
        GFX_2:
            CLK: 2098 MHz
            MIN_CLK: 500 MHz
            MAX_CLK: 2100 MHz
            CLK_LOCKED: DISABLED
            DEEP_SLEEP: DISABLED
        GFX_3:
            CLK: 2105 MHz
            MIN_CLK: 500 MHz
            MAX_CLK: 2100 MHz
            CLK_LOCKED: DISABLED
            DEEP_SLEEP: DISABLED
        GFX_4:
            CLK: 2103 MHz
            MIN_CLK: 500 MHz
            MAX_CLK: 2100 MHz
            CLK_LOCKED: DISABLED
            DEEP_SLEEP: DISABLED
        GFX_5:
            CLK: 2092 MHz
            MIN_CLK: 500 MHz
            MAX_CLK: 2100 MHz
            CLK_LOCKED: DISABLED
            DEEP_SLEEP: DISABLED
        GFX_6:
            CLK: 2107 MHz
            MIN_CLK: 500 MHz
            MAX_CLK: 2100 MHz
            CLK_LOCKED: DISABLED
            DEEP_SLEEP: DISABLED
        GFX_7:
            CLK: 2108 MHz
            MIN_CLK: 500 MHz
            MAX_CLK: 2100 MHz
            CLK_LOCKED: DISABLED
            DEEP_SLEEP: DISABLED
        MEM_0:
            CLK: 900 MHz
            MIN_CLK: 900 MHz
            MAX_CLK: 1300 MHz
            DEEP_SLEEP: DISABLED
        VCLK_0:
            CLK: 29 MHz
            MIN_CLK: 914 MHz
            MAX_CLK: 1333 MHz
            DEEP_SLEEP: ENABLED
        VCLK_1:
            CLK: 29 MHz
            MIN_CLK: 914 MHz
            MAX_CLK: 1333 MHz
            DEEP_SLEEP: ENABLED
        VCLK_2:
            CLK: 29 MHz
            MIN_CLK: 914 MHz
            MAX_CLK: 1333 MHz
            DEEP_SLEEP: ENABLED
        VCLK_3:
            CLK: 29 MHz
            MIN_CLK: 914 MHz
            MAX_CLK: 1333 MHz
            DEEP_SLEEP: ENABLED
        DCLK_0:
            CLK: 22 MHz
            MIN_CLK: 711 MHz
            MAX_CLK: 1143 MHz
            DEEP_SLEEP: ENABLED
        DCLK_1:
            CLK: 22 MHz
            MIN_CLK: 711 MHz
            MAX_CLK: 1143 MHz
            DEEP_SLEEP: ENABLED
        DCLK_2:
            CLK: 22 MHz
            MIN_CLK: 711 MHz
            MAX_CLK: 1143 MHz
            DEEP_SLEEP: ENABLED
        DCLK_3:
            CLK: 22 MHz
            MIN_CLK: 711 MHz
            MAX_CLK: 1143 MHz
            DEEP_SLEEP: ENABLED
        FCLK_0:
            CLK: 1300 MHz
            MIN_CLK: 1300 MHz
            MAX_CLK: 1800 MHz
            DEEP_SLEEP: DISABLED
        SOCCLK_0:
            CLK: 38 MHz
            MIN_CLK: 889 MHz
            MAX_CLK: 1143 MHz
            DEEP_SLEEP: ENABLED

### 2026-09-17T10:00:53Z
GPU: 0
    CLOCK:
        GFX_0:
            CLK: 2098 MHz
            MIN_CLK: 500 MHz
            MAX_CLK: 2100 MHz
            CLK_LOCKED: DISABLED
            DEEP_SLEEP: DISABLED
        GFX_1:
            CLK: 2102 MHz
            MIN_CLK: 500 MHz
            MAX_CLK: 2100 MHz
            CLK_LOCKED: DISABLED
            DEEP_SLEEP: DISABLED
        GFX_2:
            CLK: 2098 MHz
            MIN_CLK: 500 MHz
            MAX_CLK: 2100 MHz
            CLK_LOCKED: DISABLED
            DEEP_SLEEP: DISABLED
        GFX_3:
            CLK: 2105 MHz
            MIN_CLK: 500 MHz
            MAX_CLK: 2100 MHz
            CLK_LOCKED: DISABLED
            DEEP_SLEEP: DISABLED
        GFX_4:
            CLK: 2102 MHz
            MIN_CLK: 500 MHz
            MAX_CLK: 2100 MHz
            CLK_LOCKED: DISABLED
            DEEP_SLEEP: DISABLED
        GFX_5:
            CLK: 2093 MHz
            MIN_CLK: 500 MHz
            MAX_CLK: 2100 MHz
            CLK_LOCKED: DISABLED
            DEEP_SLEEP: DISABLED
        GFX_6:
            CLK: 2107 MHz
            MIN_CLK: 500 MHz
            MAX_CLK: 2100 MHz
            CLK_LOCKED: DISABLED
            DEEP_SLEEP: DISABLED
        GFX_7:
            CLK: 2107 MHz
            MIN_CLK: 500 MHz
            MAX_CLK: 2100 MHz
            CLK_LOCKED: DISABLED
            DEEP_SLEEP: DISABLED
        MEM_0:
            CLK: 900 MHz
            MIN_CLK: 900 MHz
            MAX_CLK: 1300 MHz
            DEEP_SLEEP: DISABLED
        VCLK_0:
            CLK: 29 MHz
            MIN_CLK: 914 MHz
            MAX_CLK: 1333 MHz
            DEEP_SLEEP: ENABLED
        VCLK_1:
            CLK: 29 MHz
            MIN_CLK: 914 MHz
            MAX_CLK: 1333 MHz
            DEEP_SLEEP: ENABLED
        VCLK_2:
            CLK: 29 MHz
            MIN_CLK: 914 MHz
            MAX_CLK: 1333 MHz
            DEEP_SLEEP: ENABLED
        VCLK_3:
            CLK: 29 MHz
            MIN_CLK: 914 MHz
            MAX_CLK: 1333 MHz
            DEEP_SLEEP: ENABLED
        DCLK_0:
            CLK: 22 MHz
            MIN_CLK: 711 MHz
            MAX_CLK: 1143 MHz
            DEEP_SLEEP: ENABLED
        DCLK_1:
            CLK: 22 MHz
            MIN_CLK: 711 MHz
            MAX_CLK: 1143 MHz
            DEEP_SLEEP: ENABLED
        DCLK_2:
            CLK: 22 MHz
            MIN_CLK: 711 MHz
            MAX_CLK: 1143 MHz
            DEEP_SLEEP: ENABLED
        DCLK_3:
            CLK: 22 MHz
            MIN_CLK: 711 MHz
            MAX_CLK: 1143 MHz
            DEEP_SLEEP: ENABLED
        FCLK_0:
            CLK: 1300 MHz
            MIN_CLK: 1300 MHz
            MAX_CLK: 1800 MHz
            DEEP_SLEEP: DISABLED
        SOCCLK_0:
            CLK: 30 MHz
            MIN_CLK: 889 MHz
            MAX_CLK: 1143 MHz
            DEEP_SLEEP: ENABLED

### 2026-09-17T10:00:54Z
GPU: 0
    CLOCK:
        GFX_0:
            CLK: 2099 MHz
            MIN_CLK: 500 MHz
            MAX_CLK: 2100 MHz
            CLK_LOCKED: DISABLED
            DEEP_SLEEP: DISABLED
        GFX_1:
            CLK: 2102 MHz
            MIN_CLK: 500 MHz
            MAX_CLK: 2100 MHz
            CLK_LOCKED: DISABLED
            DEEP_SLEEP: DISABLED
        GFX_2:
            CLK: 2098 MHz
            MIN_CLK: 500 MHz
            MAX_CLK: 2100 MHz
            CLK_LOCKED: DISABLED
            DEEP_SLEEP: DISABLED
        GFX_3:
            CLK: 2105 MHz
            MIN_CLK: 500 MHz
            MAX_CLK: 2100 MHz
            CLK_LOCKED: DISABLED
            DEEP_SLEEP: DISABLED
        GFX_4:
            CLK: 2103 MHz
            MIN_CLK: 500 MHz
            MAX_CLK: 2100 MHz
            CLK_LOCKED: DISABLED
            DEEP_SLEEP: DISABLED
        GFX_5:
            CLK: 2092 MHz
            MIN_CLK: 500 MHz
            MAX_CLK: 2100 MHz
            CLK_LOCKED: DISABLED
            DEEP_SLEEP: DISABLED
        GFX_6:
            CLK: 2107 MHz
            MIN_CLK: 500 MHz
            MAX_CLK: 2100 MHz
            CLK_LOCKED: DISABLED
            DEEP_SLEEP: DISABLED
        GFX_7:
            CLK: 2107 MHz
            MIN_CLK: 500 MHz
            MAX_CLK: 2100 MHz
            CLK_LOCKED: DISABLED
            DEEP_SLEEP: DISABLED
        MEM_0:
            CLK: 900 MHz
            MIN_CLK: 900 MHz
            MAX_CLK: 1300 MHz
            DEEP_SLEEP: DISABLED
        VCLK_0:
            CLK: 29 MHz
            MIN_CLK: 914 MHz
            MAX_CLK: 1333 MHz
            DEEP_SLEEP: ENABLED
        VCLK_1:
            CLK: 29 MHz
            MIN_CLK: 914 MHz
            MAX_CLK: 1333 MHz
            DEEP_SLEEP: ENABLED
        VCLK_2:
            CLK: 29 MHz
            MIN_CLK: 914 MHz
            MAX_CLK: 1333 MHz
            DEEP_SLEEP: ENABLED
        VCLK_3:
            CLK: 29 MHz
            MIN_CLK: 914 MHz
            MAX_CLK: 1333 MHz
            DEEP_SLEEP: ENABLED
        DCLK_0:
            CLK: 22 MHz
            MIN_CLK: 711 MHz
            MAX_CLK: 1143 MHz
            DEEP_SLEEP: ENABLED
        DCLK_1:
            CLK: 22 MHz
            MIN_CLK: 711 MHz
            MAX_CLK: 1143 MHz
            DEEP_SLEEP: ENABLED
        DCLK_2:
            CLK: 22 MHz
            MIN_CLK: 711 MHz
            MAX_CLK: 1143 MHz
            DEEP_SLEEP: ENABLED
        DCLK_3:
            CLK: 22 MHz
            MIN_CLK: 711 MHz
            MAX_CLK: 1143 MHz
            DEEP_SLEEP: ENABLED
        FCLK_0:
            CLK: 1300 MHz
            MIN_CLK: 1300 MHz
            MAX_CLK: 1800 MHz
            DEEP_SLEEP: DISABLED
        SOCCLK_0:
            CLK: 30 MHz
            MIN_CLK: 889 MHz
            MAX_CLK: 1143 MHz
            DEEP_SLEEP: ENABLED

### 2026-09-17T10:00:55Z
GPU: 0
    CLOCK:
        GFX_0:
            CLK: 2098 MHz
            MIN_CLK: 500 MHz
            MAX_CLK: 2100 MHz
            CLK_LOCKED: DISABLED
            DEEP_SLEEP: DISABLED
        GFX_1:
            CLK: 2102 MHz
            MIN_CLK: 500 MHz
            MAX_CLK: 2100 MHz
            CLK_LOCKED: DISABLED
            DEEP_SLEEP: DISABLED
        GFX_2:
            CLK: 2098 MHz
            MIN_CLK: 500 MHz
            MAX_CLK: 2100 MHz
            CLK_LOCKED: DISABLED
            DEEP_SLEEP: DISABLED
        GFX_3:
            CLK: 2105 MHz
            MIN_CLK: 500 MHz
            MAX_CLK: 2100 MHz
            CLK_LOCKED: DISABLED
            DEEP_SLEEP: DISABLED
        GFX_4:
            CLK: 2103 MHz
            MIN_CLK: 500 MHz
            MAX_CLK: 2100 MHz
            CLK_LOCKED: DISABLED
            DEEP_SLEEP: DISABLED
        GFX_5:
            CLK: 2093 MHz
            MIN_CLK: 500 MHz
            MAX_CLK: 2100 MHz
            CLK_LOCKED: DISABLED
            DEEP_SLEEP: DISABLED
        GFX_6:
            CLK: 2107 MHz
            MIN_CLK: 500 MHz
            MAX_CLK: 2100 MHz
            CLK_LOCKED: DISABLED
            DEEP_SLEEP: DISABLED
        GFX_7:
            CLK: 2108 MHz
            MIN_CLK: 500 MHz
            MAX_CLK: 2100 MHz
            CLK_LOCKED: DISABLED
            DEEP_SLEEP: DISABLED
        MEM_0:
            CLK: 900 MHz
            MIN_CLK: 900 MHz
            MAX_CLK: 1300 MHz
            DEEP_SLEEP: DISABLED
        VCLK_0:
            CLK: 29 MHz
            MIN_CLK: 914 MHz
            MAX_CLK: 1333 MHz
            DEEP_SLEEP: ENABLED
        VCLK_1:
            CLK: 29 MHz
            MIN_CLK: 914 MHz
            MAX_CLK: 1333 MHz
            DEEP_SLEEP: ENABLED
        VCLK_2:
            CLK: 29 MHz
            MIN_CLK: 914 MHz
            MAX_CLK: 1333 MHz
            DEEP_SLEEP: ENABLED
        VCLK_3:
            CLK: 29 MHz
            MIN_CLK: 914 MHz
            MAX_CLK: 1333 MHz
            DEEP_SLEEP: ENABLED
        DCLK_0:
            CLK: 22 MHz
            MIN_CLK: 711 MHz
            MAX_CLK: 1143 MHz
            DEEP_SLEEP: ENABLED
        DCLK_1:
            CLK: 22 MHz
            MIN_CLK: 711 MHz
            MAX_CLK: 1143 MHz
            DEEP_SLEEP: ENABLED
        DCLK_2:
            CLK: 22 MHz
            MIN_CLK: 711 MHz
            MAX_CLK: 1143 MHz
            DEEP_SLEEP: ENABLED
        DCLK_3:
            CLK: 22 MHz
            MIN_CLK: 711 MHz
            MAX_CLK: 1143 MHz
            DEEP_SLEEP: ENABLED
        FCLK_0:
            CLK: 1300 MHz
            MIN_CLK: 1300 MHz
            MAX_CLK: 1800 MHz
            DEEP_SLEEP: DISABLED
        SOCCLK_0:
            CLK: 30 MHz
            MIN_CLK: 889 MHz
            MAX_CLK: 1143 MHz
            DEEP_SLEEP: ENABLED

### 2026-09-17T10:00:57Z
GPU: 0
    CLOCK:
        GFX_0:
            CLK: 2098 MHz
            MIN_CLK: 500 MHz
            MAX_CLK: 2100 MHz
            CLK_LOCKED: DISABLED
            DEEP_SLEEP: DISABLED
        GFX_1:
            CLK: 2103 MHz
            MIN_CLK: 500 MHz
            MAX_CLK: 2100 MHz
            CLK_LOCKED: DISABLED
            DEEP_SLEEP: DISABLED
        GFX_2:
            CLK: 2097 MHz
            MIN_CLK: 500 MHz
            MAX_CLK: 2100 MHz
            CLK_LOCKED: DISABLED
            DEEP_SLEEP: DISABLED
        GFX_3:
            CLK: 2105 MHz
            MIN_CLK: 500 MHz
            MAX_CLK: 2100 MHz
            CLK_LOCKED: DISABLED
            DEEP_SLEEP: DISABLED
        GFX_4:
            CLK: 2102 MHz
            MIN_CLK: 500 MHz
            MAX_CLK: 2100 MHz
            CLK_LOCKED: DISABLED
            DEEP_SLEEP: DISABLED
        GFX_5:
            CLK: 2092 MHz
            MIN_CLK: 500 MHz
            MAX_CLK: 2100 MHz
            CLK_LOCKED: DISABLED
            DEEP_SLEEP: DISABLED
        GFX_6:
            CLK: 2107 MHz
            MIN_CLK: 500 MHz
            MAX_CLK: 2100 MHz
            CLK_LOCKED: DISABLED
            DEEP_SLEEP: DISABLED
        GFX_7:
            CLK: 2108 MHz
            MIN_CLK: 500 MHz
            MAX_CLK: 2100 MHz
            CLK_LOCKED: DISABLED
            DEEP_SLEEP: DISABLED
        MEM_0:
            CLK: 900 MHz
            MIN_CLK: 900 MHz
            MAX_CLK: 1300 MHz
            DEEP_SLEEP: DISABLED
        VCLK_0:
            CLK: 29 MHz
            MIN_CLK: 914 MHz
            MAX_CLK: 1333 MHz
            DEEP_SLEEP: ENABLED
        VCLK_1:
            CLK: 29 MHz
            MIN_CLK: 914 MHz
            MAX_CLK: 1333 MHz
            DEEP_SLEEP: ENABLED
        VCLK_2:
            CLK: 29 MHz
            MIN_CLK: 914 MHz
            MAX_CLK: 1333 MHz
            DEEP_SLEEP: ENABLED
        VCLK_3:
            CLK: 29 MHz
            MIN_CLK: 914 MHz
            MAX_CLK: 1333 MHz
            DEEP_SLEEP: ENABLED
        DCLK_0:
            CLK: 22 MHz
            MIN_CLK: 711 MHz
            MAX_CLK: 1143 MHz
            DEEP_SLEEP: ENABLED
        DCLK_1:
            CLK: 22 MHz
            MIN_CLK: 711 MHz
            MAX_CLK: 1143 MHz
            DEEP_SLEEP: ENABLED
        DCLK_2:
            CLK: 22 MHz
            MIN_CLK: 711 MHz
            MAX_CLK: 1143 MHz
            DEEP_SLEEP: ENABLED
        DCLK_3:
            CLK: 22 MHz
            MIN_CLK: 711 MHz
            MAX_CLK: 1143 MHz
            DEEP_SLEEP: ENABLED
        FCLK_0:
            CLK: 1300 MHz
            MIN_CLK: 1300 MHz
            MAX_CLK: 1800 MHz
            DEEP_SLEEP: DISABLED
        SOCCLK_0:
            CLK: 30 MHz
            MIN_CLK: 889 MHz
            MAX_CLK: 1143 MHz
            DEEP_SLEEP: ENABLED

### 2026-09-17T10:00:58Z
GPU: 0
    CLOCK:
        GFX_0:
            CLK: 2098 MHz
            MIN_CLK: 500 MHz
            MAX_CLK: 2100 MHz
            CLK_LOCKED: DISABLED
            DEEP_SLEEP: DISABLED
        GFX_1:
            CLK: 2103 MHz
            MIN_CLK: 500 MHz
            MAX_CLK: 2100 MHz
            CLK_LOCKED: DISABLED
            DEEP_SLEEP: DISABLED
        GFX_2:
            CLK: 2098 MHz
            MIN_CLK: 500 MHz
            MAX_CLK: 2100 MHz
            CLK_LOCKED: DISABLED
            DEEP_SLEEP: DISABLED
        GFX_3:
            CLK: 2105 MHz
            MIN_CLK: 500 MHz
            MAX_CLK: 2100 MHz
            CLK_LOCKED: DISABLED
            DEEP_SLEEP: DISABLED
        GFX_4:
            CLK: 2103 MHz
            MIN_CLK: 500 MHz
            MAX_CLK: 2100 MHz
            CLK_LOCKED: DISABLED
            DEEP_SLEEP: DISABLED
        GFX_5:
            CLK: 2092 MHz
            MIN_CLK: 500 MHz
            MAX_CLK: 2100 MHz
            CLK_LOCKED: DISABLED
            DEEP_SLEEP: DISABLED
        GFX_6:
            CLK: 2107 MHz
            MIN_CLK: 500 MHz
            MAX_CLK: 2100 MHz
            CLK_LOCKED: DISABLED
            DEEP_SLEEP: DISABLED
        GFX_7:
            CLK: 2108 MHz
            MIN_CLK: 500 MHz
            MAX_CLK: 2100 MHz
            CLK_LOCKED: DISABLED
            DEEP_SLEEP: DISABLED
        MEM_0:
            CLK: 900 MHz
            MIN_CLK: 900 MHz
            MAX_CLK: 1300 MHz
            DEEP_SLEEP: DISABLED
        VCLK_0:
            CLK: 29 MHz
            MIN_CLK: 914 MHz
            MAX_CLK: 1333 MHz
            DEEP_SLEEP: ENABLED
        VCLK_1:
            CLK: 29 MHz
            MIN_CLK: 914 MHz
            MAX_CLK: 1333 MHz
            DEEP_SLEEP: ENABLED
        VCLK_2:
            CLK: 29 MHz
            MIN_CLK: 914 MHz
            MAX_CLK: 1333 MHz
            DEEP_SLEEP: ENABLED
        VCLK_3:
            CLK: 29 MHz
            MIN_CLK: 914 MHz
            MAX_CLK: 1333 MHz
            DEEP_SLEEP: ENABLED
        DCLK_0:
            CLK: 22 MHz
            MIN_CLK: 711 MHz
            MAX_CLK: 1143 MHz
            DEEP_SLEEP: ENABLED
        DCLK_1:
            CLK: 22 MHz
            MIN_CLK: 711 MHz
            MAX_CLK: 1143 MHz
            DEEP_SLEEP: ENABLED
        DCLK_2:
            CLK: 22 MHz
            MIN_CLK: 711 MHz
            MAX_CLK: 1143 MHz
            DEEP_SLEEP: ENABLED
        DCLK_3:
            CLK: 22 MHz
            MIN_CLK: 711 MHz
            MAX_CLK: 1143 MHz
            DEEP_SLEEP: ENABLED
        FCLK_0:
            CLK: 1300 MHz
            MIN_CLK: 1300 MHz
            MAX_CLK: 1800 MHz
            DEEP_SLEEP: DISABLED
        SOCCLK_0:
            CLK: 31 MHz
            MIN_CLK: 889 MHz
            MAX_CLK: 1143 MHz
            DEEP_SLEEP: ENABLED

### 2026-09-17T10:00:59Z
GPU: 0
    CLOCK:
        GFX_0:
            CLK: 2098 MHz
            MIN_CLK: 500 MHz
            MAX_CLK: 2100 MHz
            CLK_LOCKED: DISABLED
            DEEP_SLEEP: DISABLED
        GFX_1:
            CLK: 2103 MHz
            MIN_CLK: 500 MHz
            MAX_CLK: 2100 MHz
            CLK_LOCKED: DISABLED
            DEEP_SLEEP: DISABLED
        GFX_2:
            CLK: 2098 MHz
            MIN_CLK: 500 MHz
            MAX_CLK: 2100 MHz
            CLK_LOCKED: DISABLED
            DEEP_SLEEP: DISABLED
        GFX_3:
            CLK: 2105 MHz
            MIN_CLK: 500 MHz
            MAX_CLK: 2100 MHz
            CLK_LOCKED: DISABLED
            DEEP_SLEEP: DISABLED
        GFX_4:
            CLK: 2102 MHz
            MIN_CLK: 500 MHz
            MAX_CLK: 2100 MHz
            CLK_LOCKED: DISABLED
            DEEP_SLEEP: DISABLED
        GFX_5:
            CLK: 2092 MHz
            MIN_CLK: 500 MHz
            MAX_CLK: 2100 MHz
            CLK_LOCKED: DISABLED
            DEEP_SLEEP: DISABLED
        GFX_6:
            CLK: 2107 MHz
            MIN_CLK: 500 MHz
            MAX_CLK: 2100 MHz
            CLK_LOCKED: DISABLED
            DEEP_SLEEP: DISABLED
        GFX_7:
            CLK: 2108 MHz
            MIN_CLK: 500 MHz
            MAX_CLK: 2100 MHz
            CLK_LOCKED: DISABLED
            DEEP_SLEEP: DISABLED
        MEM_0:
            CLK: 900 MHz
            MIN_CLK: 900 MHz
            MAX_CLK: 1300 MHz
            DEEP_SLEEP: DISABLED
        VCLK_0:
            CLK: 29 MHz
            MIN_CLK: 914 MHz
            MAX_CLK: 1333 MHz
            DEEP_SLEEP: ENABLED
        VCLK_1:
            CLK: 29 MHz
            MIN_CLK: 914 MHz
            MAX_CLK: 1333 MHz
            DEEP_SLEEP: ENABLED
        VCLK_2:
            CLK: 29 MHz
            MIN_CLK: 914 MHz
            MAX_CLK: 1333 MHz
            DEEP_SLEEP: ENABLED
        VCLK_3:
            CLK: 29 MHz
            MIN_CLK: 914 MHz
            MAX_CLK: 1333 MHz
            DEEP_SLEEP: ENABLED
        DCLK_0:
            CLK: 22 MHz
            MIN_CLK: 711 MHz
            MAX_CLK: 1143 MHz
            DEEP_SLEEP: ENABLED
        DCLK_1:
            CLK: 22 MHz
            MIN_CLK: 711 MHz
            MAX_CLK: 1143 MHz
            DEEP_SLEEP: ENABLED
        DCLK_2:
            CLK: 22 MHz
            MIN_CLK: 711 MHz
            MAX_CLK: 1143 MHz
            DEEP_SLEEP: ENABLED
        DCLK_3:
            CLK: 22 MHz
            MIN_CLK: 711 MHz
            MAX_CLK: 1143 MHz
            DEEP_SLEEP: ENABLED
        FCLK_0:
            CLK: 1300 MHz
            MIN_CLK: 1300 MHz
            MAX_CLK: 1800 MHz
            DEEP_SLEEP: DISABLED
        SOCCLK_0:
            CLK: 30 MHz
            MIN_CLK: 889 MHz
            MAX_CLK: 1143 MHz
            DEEP_SLEEP: ENABLED

### 2026-09-17T10:01:00Z
GPU: 0
    CLOCK:
        GFX_0:
            CLK: 2098 MHz
            MIN_CLK: 500 MHz
            MAX_CLK: 2100 MHz
            CLK_LOCKED: DISABLED
            DEEP_SLEEP: DISABLED
        GFX_1:
            CLK: 2103 MHz
            MIN_CLK: 500 MHz
            MAX_CLK: 2100 MHz
            CLK_LOCKED: DISABLED
            DEEP_SLEEP: DISABLED
        GFX_2:
            CLK: 2098 MHz
            MIN_CLK: 500 MHz
            MAX_CLK: 2100 MHz
            CLK_LOCKED: DISABLED
            DEEP_SLEEP: DISABLED
        GFX_3:
            CLK: 2105 MHz
            MIN_CLK: 500 MHz
            MAX_CLK: 2100 MHz
            CLK_LOCKED: DISABLED
            DEEP_SLEEP: DISABLED
        GFX_4:
            CLK: 2103 MHz
            MIN_CLK: 500 MHz
            MAX_CLK: 2100 MHz
            CLK_LOCKED: DISABLED
            DEEP_SLEEP: DISABLED
        GFX_5:
            CLK: 2093 MHz
            MIN_CLK: 500 MHz
            MAX_CLK: 2100 MHz
            CLK_LOCKED: DISABLED
            DEEP_SLEEP: DISABLED
        GFX_6:
            CLK: 2107 MHz
            MIN_CLK: 500 MHz
            MAX_CLK: 2100 MHz
            CLK_LOCKED: DISABLED
            DEEP_SLEEP: DISABLED
        GFX_7:
            CLK: 2107 MHz
            MIN_CLK: 500 MHz
            MAX_CLK: 2100 MHz
            CLK_LOCKED: DISABLED
            DEEP_SLEEP: DISABLED
        MEM_0:
            CLK: 900 MHz
            MIN_CLK: 900 MHz
            MAX_CLK: 1300 MHz
            DEEP_SLEEP: DISABLED
        VCLK_0:
            CLK: 29 MHz
            MIN_CLK: 914 MHz
            MAX_CLK: 1333 MHz
            DEEP_SLEEP: ENABLED
        VCLK_1:
            CLK: 29 MHz
            MIN_CLK: 914 MHz
            MAX_CLK: 1333 MHz
            DEEP_SLEEP: ENABLED
        VCLK_2:
            CLK: 29 MHz
            MIN_CLK: 914 MHz
            MAX_CLK: 1333 MHz
            DEEP_SLEEP: ENABLED
        VCLK_3:
            CLK: 29 MHz
            MIN_CLK: 914 MHz
            MAX_CLK: 1333 MHz
            DEEP_SLEEP: ENABLED
        DCLK_0:
            CLK: 22 MHz
            MIN_CLK: 711 MHz
            MAX_CLK: 1143 MHz
            DEEP_SLEEP: ENABLED
        DCLK_1:
            CLK: 22 MHz
            MIN_CLK: 711 MHz
            MAX_CLK: 1143 MHz
            DEEP_SLEEP: ENABLED
        DCLK_2:
            CLK: 22 MHz
            MIN_CLK: 711 MHz
            MAX_CLK: 1143 MHz
            DEEP_SLEEP: ENABLED
        DCLK_3:
            CLK: 22 MHz
            MIN_CLK: 711 MHz
            MAX_CLK: 1143 MHz
            DEEP_SLEEP: ENABLED
        FCLK_0:
            CLK: 1300 MHz
            MIN_CLK: 1300 MHz
            MAX_CLK: 1800 MHz
            DEEP_SLEEP: DISABLED
        SOCCLK_0:
            CLK: 30 MHz
            MIN_CLK: 889 MHz
            MAX_CLK: 1143 MHz
            DEEP_SLEEP: ENABLED

### 2026-09-17T10:01:02Z
GPU: 0
    CLOCK:
        GFX_0:
            CLK: 2098 MHz
            MIN_CLK: 500 MHz
            MAX_CLK: 2100 MHz
            CLK_LOCKED: DISABLED
            DEEP_SLEEP: DISABLED
        GFX_1:
            CLK: 2103 MHz
            MIN_CLK: 500 MHz
            MAX_CLK: 2100 MHz
            CLK_LOCKED: DISABLED
            DEEP_SLEEP: DISABLED
        GFX_2:
            CLK: 2098 MHz
            MIN_CLK: 500 MHz
            MAX_CLK: 2100 MHz
            CLK_LOCKED: DISABLED
            DEEP_SLEEP: DISABLED
        GFX_3:
            CLK: 2105 MHz
            MIN_CLK: 500 MHz
            MAX_CLK: 2100 MHz
            CLK_LOCKED: DISABLED
            DEEP_SLEEP: DISABLED
        GFX_4:
            CLK: 2103 MHz
            MIN_CLK: 500 MHz
            MAX_CLK: 2100 MHz
            CLK_LOCKED: DISABLED
            DEEP_SLEEP: DISABLED
        GFX_5:
            CLK: 2092 MHz
            MIN_CLK: 500 MHz
            MAX_CLK: 2100 MHz
            CLK_LOCKED: DISABLED
            DEEP_SLEEP: DISABLED
        GFX_6:
            CLK: 2107 MHz
            MIN_CLK: 500 MHz
            MAX_CLK: 2100 MHz
            CLK_LOCKED: DISABLED
            DEEP_SLEEP: DISABLED
        GFX_7:
            CLK: 2108 MHz
            MIN_CLK: 500 MHz
            MAX_CLK: 2100 MHz
            CLK_LOCKED: DISABLED
            DEEP_SLEEP: DISABLED
        MEM_0:
            CLK: 900 MHz
            MIN_CLK: 900 MHz
            MAX_CLK: 1300 MHz
            DEEP_SLEEP: DISABLED
        VCLK_0:
            CLK: 29 MHz
            MIN_CLK: 914 MHz
            MAX_CLK: 1333 MHz
            DEEP_SLEEP: ENABLED
        VCLK_1:
            CLK: 29 MHz
            MIN_CLK: 914 MHz
            MAX_CLK: 1333 MHz
            DEEP_SLEEP: ENABLED
        VCLK_2:
            CLK: 29 MHz
            MIN_CLK: 914 MHz
            MAX_CLK: 1333 MHz
            DEEP_SLEEP: ENABLED
        VCLK_3:
            CLK: 29 MHz
            MIN_CLK: 914 MHz
            MAX_CLK: 1333 MHz
            DEEP_SLEEP: ENABLED
        DCLK_0:
            CLK: 22 MHz
            MIN_CLK: 711 MHz
            MAX_CLK: 1143 MHz
            DEEP_SLEEP: ENABLED
        DCLK_1:
            CLK: 22 MHz
            MIN_CLK: 711 MHz
            MAX_CLK: 1143 MHz
            DEEP_SLEEP: ENABLED
        DCLK_2:
            CLK: 22 MHz
            MIN_CLK: 711 MHz
            MAX_CLK: 1143 MHz
            DEEP_SLEEP: ENABLED
        DCLK_3:
            CLK: 22 MHz
            MIN_CLK: 711 MHz
            MAX_CLK: 1143 MHz
            DEEP_SLEEP: ENABLED
        FCLK_0:
            CLK: 1300 MHz
            MIN_CLK: 1300 MHz
            MAX_CLK: 1800 MHz
            DEEP_SLEEP: DISABLED
        SOCCLK_0:
            CLK: 30 MHz
            MIN_CLK: 889 MHz
            MAX_CLK: 1143 MHz
            DEEP_SLEEP: ENABLED

### 2026-09-17T10:01:03Z
GPU: 0
    CLOCK:
        GFX_0:
            CLK: 2098 MHz
            MIN_CLK: 500 MHz
            MAX_CLK: 2100 MHz
            CLK_LOCKED: DISABLED
            DEEP_SLEEP: DISABLED
        GFX_1:
            CLK: 2102 MHz
            MIN_CLK: 500 MHz
            MAX_CLK: 2100 MHz
            CLK_LOCKED: DISABLED
            DEEP_SLEEP: DISABLED
        GFX_2:
            CLK: 2098 MHz
            MIN_CLK: 500 MHz
            MAX_CLK: 2100 MHz
            CLK_LOCKED: DISABLED
            DEEP_SLEEP: DISABLED
        GFX_3:
            CLK: 2105 MHz
            MIN_CLK: 500 MHz
            MAX_CLK: 2100 MHz
            CLK_LOCKED: DISABLED
            DEEP_SLEEP: DISABLED
        GFX_4:
            CLK: 2102 MHz
            MIN_CLK: 500 MHz
            MAX_CLK: 2100 MHz
            CLK_LOCKED: DISABLED
            DEEP_SLEEP: DISABLED
        GFX_5:
            CLK: 2093 MHz
            MIN_CLK: 500 MHz
            MAX_CLK: 2100 MHz
            CLK_LOCKED: DISABLED
            DEEP_SLEEP: DISABLED
        GFX_6:
            CLK: 2107 MHz
            MIN_CLK: 500 MHz
            MAX_CLK: 2100 MHz
            CLK_LOCKED: DISABLED
            DEEP_SLEEP: DISABLED
        GFX_7:
            CLK: 2107 MHz
            MIN_CLK: 500 MHz
            MAX_CLK: 2100 MHz
            CLK_LOCKED: DISABLED
            DEEP_SLEEP: DISABLED
        MEM_0:
            CLK: 900 MHz
            MIN_CLK: 900 MHz
            MAX_CLK: 1300 MHz
            DEEP_SLEEP: DISABLED
        VCLK_0:
            CLK: 29 MHz
            MIN_CLK: 914 MHz
            MAX_CLK: 1333 MHz
            DEEP_SLEEP: ENABLED
        VCLK_1:
            CLK: 29 MHz
            MIN_CLK: 914 MHz
            MAX_CLK: 1333 MHz
            DEEP_SLEEP: ENABLED
        VCLK_2:
            CLK: 29 MHz
            MIN_CLK: 914 MHz
            MAX_CLK: 1333 MHz
            DEEP_SLEEP: ENABLED
        VCLK_3:
            CLK: 29 MHz
            MIN_CLK: 914 MHz
            MAX_CLK: 1333 MHz
            DEEP_SLEEP: ENABLED
        DCLK_0:
            CLK: 22 MHz
            MIN_CLK: 711 MHz
            MAX_CLK: 1143 MHz
            DEEP_SLEEP: ENABLED
        DCLK_1:
            CLK: 22 MHz
            MIN_CLK: 711 MHz
            MAX_CLK: 1143 MHz
            DEEP_SLEEP: ENABLED
        DCLK_2:
            CLK: 22 MHz
            MIN_CLK: 711 MHz
            MAX_CLK: 1143 MHz
            DEEP_SLEEP: ENABLED
        DCLK_3:
            CLK: 22 MHz
            MIN_CLK: 711 MHz
            MAX_CLK: 1143 MHz
            DEEP_SLEEP: ENABLED
        FCLK_0:
            CLK: 1300 MHz
            MIN_CLK: 1300 MHz
            MAX_CLK: 1800 MHz
            DEEP_SLEEP: DISABLED
        SOCCLK_0:
            CLK: 30 MHz
            MIN_CLK: 889 MHz
            MAX_CLK: 1143 MHz
            DEEP_SLEEP: ENABLED

### 2026-09-17T10:01:04Z
GPU: 0
    CLOCK:
        GFX_0:
            CLK: 2099 MHz
            MIN_CLK: 500 MHz
            MAX_CLK: 2100 MHz
            CLK_LOCKED: DISABLED
            DEEP_SLEEP: DISABLED
        GFX_1:
            CLK: 2102 MHz
            MIN_CLK: 500 MHz
            MAX_CLK: 2100 MHz
            CLK_LOCKED: DISABLED
            DEEP_SLEEP: DISABLED
        GFX_2:
            CLK: 2098 MHz
            MIN_CLK: 500 MHz
            MAX_CLK: 2100 MHz
            CLK_LOCKED: DISABLED
            DEEP_SLEEP: DISABLED
        GFX_3:
            CLK: 2105 MHz
            MIN_CLK: 500 MHz
            MAX_CLK: 2100 MHz
            CLK_LOCKED: DISABLED
            DEEP_SLEEP: DISABLED
        GFX_4:
            CLK: 2102 MHz
            MIN_CLK: 500 MHz
            MAX_CLK: 2100 MHz
            CLK_LOCKED: DISABLED
            DEEP_SLEEP: DISABLED
        GFX_5:
            CLK: 2093 MHz
            MIN_CLK: 500 MHz
            MAX_CLK: 2100 MHz
            CLK_LOCKED: DISABLED
            DEEP_SLEEP: DISABLED
        GFX_6:
            CLK: 2107 MHz
            MIN_CLK: 500 MHz
            MAX_CLK: 2100 MHz
            CLK_LOCKED: DISABLED
            DEEP_SLEEP: DISABLED
        GFX_7:
            CLK: 2108 MHz
            MIN_CLK: 500 MHz
            MAX_CLK: 2100 MHz
            CLK_LOCKED: DISABLED
            DEEP_SLEEP: DISABLED
        MEM_0:
            CLK: 900 MHz
            MIN_CLK: 900 MHz
            MAX_CLK: 1300 MHz
            DEEP_SLEEP: DISABLED
        VCLK_0:
            CLK: 29 MHz
            MIN_CLK: 914 MHz
            MAX_CLK: 1333 MHz
            DEEP_SLEEP: ENABLED
        VCLK_1:
            CLK: 29 MHz
            MIN_CLK: 914 MHz
            MAX_CLK: 1333 MHz
            DEEP_SLEEP: ENABLED
        VCLK_2:
            CLK: 29 MHz
            MIN_CLK: 914 MHz
            MAX_CLK: 1333 MHz
            DEEP_SLEEP: ENABLED
        VCLK_3:
            CLK: 29 MHz
            MIN_CLK: 914 MHz
            MAX_CLK: 1333 MHz
            DEEP_SLEEP: ENABLED
        DCLK_0:
            CLK: 22 MHz
            MIN_CLK: 711 MHz
            MAX_CLK: 1143 MHz
            DEEP_SLEEP: ENABLED
        DCLK_1:
            CLK: 22 MHz
            MIN_CLK: 711 MHz
            MAX_CLK: 1143 MHz
            DEEP_SLEEP: ENABLED
        DCLK_2:
            CLK: 22 MHz
            MIN_CLK: 711 MHz
            MAX_CLK: 1143 MHz
            DEEP_SLEEP: ENABLED
        DCLK_3:
            CLK: 22 MHz
            MIN_CLK: 711 MHz
            MAX_CLK: 1143 MHz
            DEEP_SLEEP: ENABLED
        FCLK_0:
            CLK: 1300 MHz
            MIN_CLK: 1300 MHz
            MAX_CLK: 1800 MHz
            DEEP_SLEEP: DISABLED
        SOCCLK_0:
            CLK: 30 MHz
            MIN_CLK: 889 MHz
            MAX_CLK: 1143 MHz
            DEEP_SLEEP: ENABLED

### 2026-09-17T10:01:06Z
GPU: 0
    CLOCK:
        GFX_0:
            CLK: 2099 MHz
            MIN_CLK: 500 MHz
            MAX_CLK: 2100 MHz
            CLK_LOCKED: DISABLED
            DEEP_SLEEP: DISABLED
        GFX_1:
            CLK: 2103 MHz
            MIN_CLK: 500 MHz
            MAX_CLK: 2100 MHz
            CLK_LOCKED: DISABLED
            DEEP_SLEEP: DISABLED
        GFX_2:
            CLK: 2098 MHz
            MIN_CLK: 500 MHz
            MAX_CLK: 2100 MHz
            CLK_LOCKED: DISABLED
            DEEP_SLEEP: DISABLED
        GFX_3:
            CLK: 2105 MHz
            MIN_CLK: 500 MHz
            MAX_CLK: 2100 MHz
            CLK_LOCKED: DISABLED
            DEEP_SLEEP: DISABLED
        GFX_4:
            CLK: 2102 MHz
            MIN_CLK: 500 MHz
            MAX_CLK: 2100 MHz
            CLK_LOCKED: DISABLED
            DEEP_SLEEP: DISABLED
        GFX_5:
            CLK: 2093 MHz
            MIN_CLK: 500 MHz
            MAX_CLK: 2100 MHz
            CLK_LOCKED: DISABLED
            DEEP_SLEEP: DISABLED
        GFX_6:
            CLK: 2107 MHz
            MIN_CLK: 500 MHz
            MAX_CLK: 2100 MHz
            CLK_LOCKED: DISABLED
            DEEP_SLEEP: DISABLED
        GFX_7:
            CLK: 2108 MHz
            MIN_CLK: 500 MHz
            MAX_CLK: 2100 MHz
            CLK_LOCKED: DISABLED
            DEEP_SLEEP: DISABLED
        MEM_0:
            CLK: 900 MHz
            MIN_CLK: 900 MHz
            MAX_CLK: 1300 MHz
            DEEP_SLEEP: DISABLED
        VCLK_0:
            CLK: 29 MHz
            MIN_CLK: 914 MHz
            MAX_CLK: 1333 MHz
            DEEP_SLEEP: ENABLED
        VCLK_1:
            CLK: 29 MHz
            MIN_CLK: 914 MHz
            MAX_CLK: 1333 MHz
            DEEP_SLEEP: ENABLED
        VCLK_2:
            CLK: 29 MHz
            MIN_CLK: 914 MHz
            MAX_CLK: 1333 MHz
            DEEP_SLEEP: ENABLED
        VCLK_3:
            CLK: 29 MHz
            MIN_CLK: 914 MHz
            MAX_CLK: 1333 MHz
            DEEP_SLEEP: ENABLED
        DCLK_0:
            CLK: 22 MHz
            MIN_CLK: 711 MHz
            MAX_CLK: 1143 MHz
            DEEP_SLEEP: ENABLED
        DCLK_1:
            CLK: 22 MHz
            MIN_CLK: 711 MHz
            MAX_CLK: 1143 MHz
            DEEP_SLEEP: ENABLED
        DCLK_2:
            CLK: 22 MHz
            MIN_CLK: 711 MHz
            MAX_CLK: 1143 MHz
            DEEP_SLEEP: ENABLED
        DCLK_3:
            CLK: 22 MHz
            MIN_CLK: 711 MHz
            MAX_CLK: 1143 MHz
            DEEP_SLEEP: ENABLED
        FCLK_0:
            CLK: 1300 MHz
            MIN_CLK: 1300 MHz
            MAX_CLK: 1800 MHz
            DEEP_SLEEP: DISABLED
        SOCCLK_0:
            CLK: 30 MHz
            MIN_CLK: 889 MHz
            MAX_CLK: 1143 MHz
            DEEP_SLEEP: ENABLED

### 2026-09-17T10:01:07Z
GPU: 0
    CLOCK:
        GFX_0:
            CLK: 2099 MHz
            MIN_CLK: 500 MHz
            MAX_CLK: 2100 MHz
            CLK_LOCKED: DISABLED
            DEEP_SLEEP: DISABLED
        GFX_1:
            CLK: 2103 MHz
            MIN_CLK: 500 MHz
            MAX_CLK: 2100 MHz
            CLK_LOCKED: DISABLED
            DEEP_SLEEP: DISABLED
        GFX_2:
            CLK: 2098 MHz
            MIN_CLK: 500 MHz
            MAX_CLK: 2100 MHz
            CLK_LOCKED: DISABLED
            DEEP_SLEEP: DISABLED
        GFX_3:
            CLK: 2105 MHz
            MIN_CLK: 500 MHz
            MAX_CLK: 2100 MHz
            CLK_LOCKED: DISABLED
            DEEP_SLEEP: DISABLED
        GFX_4:
            CLK: 2102 MHz
            MIN_CLK: 500 MHz
            MAX_CLK: 2100 MHz
            CLK_LOCKED: DISABLED
            DEEP_SLEEP: DISABLED
        GFX_5:
            CLK: 2093 MHz
            MIN_CLK: 500 MHz
            MAX_CLK: 2100 MHz
            CLK_LOCKED: DISABLED
            DEEP_SLEEP: DISABLED
        GFX_6:
            CLK: 2107 MHz
            MIN_CLK: 500 MHz
            MAX_CLK: 2100 MHz
            CLK_LOCKED: DISABLED
            DEEP_SLEEP: DISABLED
        GFX_7:
            CLK: 2107 MHz
            MIN_CLK: 500 MHz
            MAX_CLK: 2100 MHz
            CLK_LOCKED: DISABLED
            DEEP_SLEEP: DISABLED
        MEM_0:
            CLK: 900 MHz
            MIN_CLK: 900 MHz
            MAX_CLK: 1300 MHz
            DEEP_SLEEP: DISABLED
        VCLK_0:
            CLK: 29 MHz
            MIN_CLK: 914 MHz
            MAX_CLK: 1333 MHz
            DEEP_SLEEP: ENABLED
        VCLK_1:
            CLK: 29 MHz
            MIN_CLK: 914 MHz
            MAX_CLK: 1333 MHz
            DEEP_SLEEP: ENABLED
        VCLK_2:
            CLK: 29 MHz
            MIN_CLK: 914 MHz
            MAX_CLK: 1333 MHz
            DEEP_SLEEP: ENABLED
        VCLK_3:
            CLK: 29 MHz
            MIN_CLK: 914 MHz
            MAX_CLK: 1333 MHz
            DEEP_SLEEP: ENABLED
        DCLK_0:
            CLK: 22 MHz
            MIN_CLK: 711 MHz
            MAX_CLK: 1143 MHz
            DEEP_SLEEP: ENABLED
        DCLK_1:
            CLK: 22 MHz
            MIN_CLK: 711 MHz
            MAX_CLK: 1143 MHz
            DEEP_SLEEP: ENABLED
        DCLK_2:
            CLK: 22 MHz
            MIN_CLK: 711 MHz
            MAX_CLK: 1143 MHz
            DEEP_SLEEP: ENABLED
        DCLK_3:
            CLK: 22 MHz
            MIN_CLK: 711 MHz
            MAX_CLK: 1143 MHz
            DEEP_SLEEP: ENABLED
        FCLK_0:
            CLK: 1300 MHz
            MIN_CLK: 1300 MHz
            MAX_CLK: 1800 MHz
            DEEP_SLEEP: DISABLED
        SOCCLK_0:
            CLK: 30 MHz
            MIN_CLK: 889 MHz
            MAX_CLK: 1143 MHz
            DEEP_SLEEP: ENABLED

### 2026-09-17T10:01:08Z
GPU: 0
    CLOCK:
        GFX_0:
            CLK: 2098 MHz
            MIN_CLK: 500 MHz
            MAX_CLK: 2100 MHz
            CLK_LOCKED: DISABLED
            DEEP_SLEEP: DISABLED
        GFX_1:
            CLK: 2103 MHz
            MIN_CLK: 500 MHz
            MAX_CLK: 2100 MHz
            CLK_LOCKED: DISABLED
            DEEP_SLEEP: DISABLED
        GFX_2:
            CLK: 2098 MHz
            MIN_CLK: 500 MHz
            MAX_CLK: 2100 MHz
            CLK_LOCKED: DISABLED
            DEEP_SLEEP: DISABLED
        GFX_3:
            CLK: 2105 MHz
            MIN_CLK: 500 MHz
            MAX_CLK: 2100 MHz
            CLK_LOCKED: DISABLED
            DEEP_SLEEP: DISABLED
        GFX_4:
            CLK: 2102 MHz
            MIN_CLK: 500 MHz
            MAX_CLK: 2100 MHz
            CLK_LOCKED: DISABLED
            DEEP_SLEEP: DISABLED
        GFX_5:
            CLK: 2093 MHz
            MIN_CLK: 500 MHz
            MAX_CLK: 2100 MHz
            CLK_LOCKED: DISABLED
            DEEP_SLEEP: DISABLED
        GFX_6:
            CLK: 2107 MHz
            MIN_CLK: 500 MHz
            MAX_CLK: 2100 MHz
            CLK_LOCKED: DISABLED
            DEEP_SLEEP: DISABLED
        GFX_7:
            CLK: 2108 MHz
            MIN_CLK: 500 MHz
            MAX_CLK: 2100 MHz
            CLK_LOCKED: DISABLED
            DEEP_SLEEP: DISABLED
        MEM_0:
            CLK: 900 MHz
            MIN_CLK: 900 MHz
            MAX_CLK: 1300 MHz
            DEEP_SLEEP: DISABLED
        VCLK_0:
            CLK: 29 MHz
            MIN_CLK: 914 MHz
            MAX_CLK: 1333 MHz
            DEEP_SLEEP: ENABLED
        VCLK_1:
            CLK: 29 MHz
            MIN_CLK: 914 MHz
            MAX_CLK: 1333 MHz
            DEEP_SLEEP: ENABLED
        VCLK_2:
            CLK: 29 MHz
            MIN_CLK: 914 MHz
            MAX_CLK: 1333 MHz
            DEEP_SLEEP: ENABLED
        VCLK_3:
            CLK: 29 MHz
            MIN_CLK: 914 MHz
            MAX_CLK: 1333 MHz
            DEEP_SLEEP: ENABLED
        DCLK_0:
            CLK: 22 MHz
            MIN_CLK: 711 MHz
            MAX_CLK: 1143 MHz
            DEEP_SLEEP: ENABLED
        DCLK_1:
            CLK: 22 MHz
            MIN_CLK: 711 MHz
            MAX_CLK: 1143 MHz
            DEEP_SLEEP: ENABLED
        DCLK_2:
            CLK: 22 MHz
            MIN_CLK: 711 MHz
            MAX_CLK: 1143 MHz
            DEEP_SLEEP: ENABLED
        DCLK_3:
            CLK: 22 MHz
            MIN_CLK: 711 MHz
            MAX_CLK: 1143 MHz
            DEEP_SLEEP: ENABLED
        FCLK_0:
            CLK: 1300 MHz
            MIN_CLK: 1300 MHz
            MAX_CLK: 1800 MHz
            DEEP_SLEEP: DISABLED
        SOCCLK_0:
            CLK: 35 MHz
            MIN_CLK: 889 MHz
            MAX_CLK: 1143 MHz
            DEEP_SLEEP: ENABLED

### 2026-09-17T10:01:09Z
GPU: 0
    CLOCK:
        GFX_0:
            CLK: 2099 MHz
            MIN_CLK: 500 MHz
            MAX_CLK: 2100 MHz
            CLK_LOCKED: DISABLED
            DEEP_SLEEP: DISABLED
        GFX_1:
            CLK: 2103 MHz
            MIN_CLK: 500 MHz
            MAX_CLK: 2100 MHz
            CLK_LOCKED: DISABLED
            DEEP_SLEEP: DISABLED
        GFX_2:
            CLK: 2098 MHz
            MIN_CLK: 500 MHz
            MAX_CLK: 2100 MHz
            CLK_LOCKED: DISABLED
            DEEP_SLEEP: DISABLED
        GFX_3:
            CLK: 2105 MHz
            MIN_CLK: 500 MHz
            MAX_CLK: 2100 MHz
            CLK_LOCKED: DISABLED
            DEEP_SLEEP: DISABLED
        GFX_4:
            CLK: 2103 MHz
            MIN_CLK: 500 MHz
            MAX_CLK: 2100 MHz
            CLK_LOCKED: DISABLED
            DEEP_SLEEP: DISABLED
        GFX_5:
            CLK: 2093 MHz
            MIN_CLK: 500 MHz
            MAX_CLK: 2100 MHz
            CLK_LOCKED: DISABLED
            DEEP_SLEEP: DISABLED
        GFX_6:
            CLK: 2107 MHz
            MIN_CLK: 500 MHz
            MAX_CLK: 2100 MHz
            CLK_LOCKED: DISABLED
            DEEP_SLEEP: DISABLED
        GFX_7:
            CLK: 2107 MHz
            MIN_CLK: 500 MHz
            MAX_CLK: 2100 MHz
            CLK_LOCKED: DISABLED
            DEEP_SLEEP: DISABLED
        MEM_0:
            CLK: 900 MHz
            MIN_CLK: 900 MHz
            MAX_CLK: 1300 MHz
            DEEP_SLEEP: DISABLED
        VCLK_0:
            CLK: 29 MHz
            MIN_CLK: 914 MHz
            MAX_CLK: 1333 MHz
            DEEP_SLEEP: ENABLED
        VCLK_1:
            CLK: 29 MHz
            MIN_CLK: 914 MHz
            MAX_CLK: 1333 MHz
            DEEP_SLEEP: ENABLED
        VCLK_2:
            CLK: 29 MHz
            MIN_CLK: 914 MHz
            MAX_CLK: 1333 MHz
            DEEP_SLEEP: ENABLED
        VCLK_3:
            CLK: 29 MHz
            MIN_CLK: 914 MHz
            MAX_CLK: 1333 MHz
            DEEP_SLEEP: ENABLED
        DCLK_0:
            CLK: 22 MHz
            MIN_CLK: 711 MHz
            MAX_CLK: 1143 MHz
            DEEP_SLEEP: ENABLED
        DCLK_1:
            CLK: 22 MHz
            MIN_CLK: 711 MHz
            MAX_CLK: 1143 MHz
            DEEP_SLEEP: ENABLED
        DCLK_2:
            CLK: 22 MHz
            MIN_CLK: 711 MHz
            MAX_CLK: 1143 MHz
            DEEP_SLEEP: ENABLED
        DCLK_3:
            CLK: 22 MHz
            MIN_CLK: 711 MHz
            MAX_CLK: 1143 MHz
            DEEP_SLEEP: ENABLED
        FCLK_0:
            CLK: 1300 MHz
            MIN_CLK: 1300 MHz
            MAX_CLK: 1800 MHz
            DEEP_SLEEP: DISABLED
        SOCCLK_0:
            CLK: 30 MHz
            MIN_CLK: 889 MHz
            MAX_CLK: 1143 MHz
            DEEP_SLEEP: ENABLED

### 2026-09-17T10:01:11Z
GPU: 0
    CLOCK:
        GFX_0:
            CLK: 2098 MHz
            MIN_CLK: 500 MHz
            MAX_CLK: 2100 MHz
            CLK_LOCKED: DISABLED
            DEEP_SLEEP: DISABLED
        GFX_1:
            CLK: 2103 MHz
            MIN_CLK: 500 MHz
            MAX_CLK: 2100 MHz
            CLK_LOCKED: DISABLED
            DEEP_SLEEP: DISABLED
        GFX_2:
            CLK: 2097 MHz
            MIN_CLK: 500 MHz
            MAX_CLK: 2100 MHz
            CLK_LOCKED: DISABLED
            DEEP_SLEEP: DISABLED
        GFX_3:
            CLK: 2104 MHz
            MIN_CLK: 500 MHz
            MAX_CLK: 2100 MHz
            CLK_LOCKED: DISABLED
            DEEP_SLEEP: DISABLED
        GFX_4:
            CLK: 2102 MHz
            MIN_CLK: 500 MHz
            MAX_CLK: 2100 MHz
            CLK_LOCKED: DISABLED
            DEEP_SLEEP: DISABLED
        GFX_5:
            CLK: 2092 MHz
            MIN_CLK: 500 MHz
            MAX_CLK: 2100 MHz
            CLK_LOCKED: DISABLED
            DEEP_SLEEP: DISABLED
        GFX_6:
            CLK: 2107 MHz
            MIN_CLK: 500 MHz
            MAX_CLK: 2100 MHz
            CLK_LOCKED: DISABLED
            DEEP_SLEEP: DISABLED
        GFX_7:
            CLK: 2108 MHz
            MIN_CLK: 500 MHz
            MAX_CLK: 2100 MHz
            CLK_LOCKED: DISABLED
            DEEP_SLEEP: DISABLED
        MEM_0:
            CLK: 900 MHz
            MIN_CLK: 900 MHz
            MAX_CLK: 1300 MHz
            DEEP_SLEEP: DISABLED
        VCLK_0:
            CLK: 29 MHz
            MIN_CLK: 914 MHz
            MAX_CLK: 1333 MHz
            DEEP_SLEEP: ENABLED
        VCLK_1:
            CLK: 29 MHz
            MIN_CLK: 914 MHz
            MAX_CLK: 1333 MHz
            DEEP_SLEEP: ENABLED
        VCLK_2:
            CLK: 29 MHz
            MIN_CLK: 914 MHz
            MAX_CLK: 1333 MHz
            DEEP_SLEEP: ENABLED
        VCLK_3:
            CLK: 29 MHz
            MIN_CLK: 914 MHz
            MAX_CLK: 1333 MHz
            DEEP_SLEEP: ENABLED
        DCLK_0:
            CLK: 22 MHz
            MIN_CLK: 711 MHz
            MAX_CLK: 1143 MHz
            DEEP_SLEEP: ENABLED
        DCLK_1:
            CLK: 22 MHz
            MIN_CLK: 711 MHz
            MAX_CLK: 1143 MHz
            DEEP_SLEEP: ENABLED
        DCLK_2:
            CLK: 22 MHz
            MIN_CLK: 711 MHz
            MAX_CLK: 1143 MHz
            DEEP_SLEEP: ENABLED
        DCLK_3:
            CLK: 22 MHz
            MIN_CLK: 711 MHz
            MAX_CLK: 1143 MHz
            DEEP_SLEEP: ENABLED
        FCLK_0:
            CLK: 1300 MHz
            MIN_CLK: 1300 MHz
            MAX_CLK: 1800 MHz
            DEEP_SLEEP: DISABLED
        SOCCLK_0:
            CLK: 30 MHz
            MIN_CLK: 889 MHz
            MAX_CLK: 1143 MHz
            DEEP_SLEEP: ENABLED

### 2026-09-17T10:01:12Z
GPU: 0
    CLOCK:
        GFX_0:
            CLK: 2098 MHz
            MIN_CLK: 500 MHz
            MAX_CLK: 2100 MHz
            CLK_LOCKED: DISABLED
            DEEP_SLEEP: DISABLED
        GFX_1:
            CLK: 2103 MHz
            MIN_CLK: 500 MHz
            MAX_CLK: 2100 MHz
            CLK_LOCKED: DISABLED
            DEEP_SLEEP: DISABLED
        GFX_2:
            CLK: 2098 MHz
            MIN_CLK: 500 MHz
            MAX_CLK: 2100 MHz
            CLK_LOCKED: DISABLED
            DEEP_SLEEP: DISABLED
        GFX_3:
            CLK: 2105 MHz
            MIN_CLK: 500 MHz
            MAX_CLK: 2100 MHz
            CLK_LOCKED: DISABLED
            DEEP_SLEEP: DISABLED
        GFX_4:
            CLK: 2103 MHz
            MIN_CLK: 500 MHz
            MAX_CLK: 2100 MHz
            CLK_LOCKED: DISABLED
            DEEP_SLEEP: DISABLED
        GFX_5:
            CLK: 2093 MHz
            MIN_CLK: 500 MHz
            MAX_CLK: 2100 MHz
            CLK_LOCKED: DISABLED
            DEEP_SLEEP: DISABLED
        GFX_6:
            CLK: 2107 MHz
            MIN_CLK: 500 MHz
            MAX_CLK: 2100 MHz
            CLK_LOCKED: DISABLED
            DEEP_SLEEP: DISABLED
        GFX_7:
            CLK: 2108 MHz
            MIN_CLK: 500 MHz
            MAX_CLK: 2100 MHz
            CLK_LOCKED: DISABLED
            DEEP_SLEEP: DISABLED
        MEM_0:
            CLK: 900 MHz
            MIN_CLK: 900 MHz
            MAX_CLK: 1300 MHz
            DEEP_SLEEP: DISABLED
        VCLK_0:
            CLK: 29 MHz
            MIN_CLK: 914 MHz
            MAX_CLK: 1333 MHz
            DEEP_SLEEP: ENABLED
        VCLK_1:
            CLK: 29 MHz
            MIN_CLK: 914 MHz
            MAX_CLK: 1333 MHz
            DEEP_SLEEP: ENABLED
        VCLK_2:
            CLK: 29 MHz
            MIN_CLK: 914 MHz
            MAX_CLK: 1333 MHz
            DEEP_SLEEP: ENABLED
        VCLK_3:
            CLK: 29 MHz
            MIN_CLK: 914 MHz
            MAX_CLK: 1333 MHz
            DEEP_SLEEP: ENABLED
        DCLK_0:
            CLK: 22 MHz
            MIN_CLK: 711 MHz
            MAX_CLK: 1143 MHz
            DEEP_SLEEP: ENABLED
        DCLK_1:
            CLK: 22 MHz
            MIN_CLK: 711 MHz
            MAX_CLK: 1143 MHz
            DEEP_SLEEP: ENABLED
        DCLK_2:
            CLK: 22 MHz
            MIN_CLK: 711 MHz
            MAX_CLK: 1143 MHz
            DEEP_SLEEP: ENABLED
        DCLK_3:
            CLK: 22 MHz
            MIN_CLK: 711 MHz
            MAX_CLK: 1143 MHz
            DEEP_SLEEP: ENABLED
        FCLK_0:
            CLK: 1300 MHz
            MIN_CLK: 1300 MHz
            MAX_CLK: 1800 MHz
            DEEP_SLEEP: DISABLED
        SOCCLK_0:
            CLK: 30 MHz
            MIN_CLK: 889 MHz
            MAX_CLK: 1143 MHz
            DEEP_SLEEP: ENABLED

### 2026-09-17T10:01:13Z
GPU: 0
    CLOCK:
        GFX_0:
            CLK: 2098 MHz
            MIN_CLK: 500 MHz
            MAX_CLK: 2100 MHz
            CLK_LOCKED: DISABLED
            DEEP_SLEEP: DISABLED
        GFX_1:
            CLK: 2103 MHz
            MIN_CLK: 500 MHz
            MAX_CLK: 2100 MHz
            CLK_LOCKED: DISABLED
            DEEP_SLEEP: DISABLED
        GFX_2:
            CLK: 2098 MHz
            MIN_CLK: 500 MHz
            MAX_CLK: 2100 MHz
            CLK_LOCKED: DISABLED
            DEEP_SLEEP: DISABLED
        GFX_3:
            CLK: 2105 MHz
            MIN_CLK: 500 MHz
            MAX_CLK: 2100 MHz
            CLK_LOCKED: DISABLED
            DEEP_SLEEP: DISABLED
        GFX_4:
            CLK: 2103 MHz
            MIN_CLK: 500 MHz
            MAX_CLK: 2100 MHz
            CLK_LOCKED: DISABLED
            DEEP_SLEEP: DISABLED
        GFX_5:
            CLK: 2093 MHz
            MIN_CLK: 500 MHz
            MAX_CLK: 2100 MHz
            CLK_LOCKED: DISABLED
            DEEP_SLEEP: DISABLED
        GFX_6:
            CLK: 2107 MHz
            MIN_CLK: 500 MHz
            MAX_CLK: 2100 MHz
            CLK_LOCKED: DISABLED
            DEEP_SLEEP: DISABLED
        GFX_7:
            CLK: 2108 MHz
            MIN_CLK: 500 MHz
            MAX_CLK: 2100 MHz
            CLK_LOCKED: DISABLED
            DEEP_SLEEP: DISABLED
        MEM_0:
            CLK: 900 MHz
            MIN_CLK: 900 MHz
            MAX_CLK: 1300 MHz
            DEEP_SLEEP: DISABLED
        VCLK_0:
            CLK: 29 MHz
            MIN_CLK: 914 MHz
            MAX_CLK: 1333 MHz
            DEEP_SLEEP: ENABLED
        VCLK_1:
            CLK: 29 MHz
            MIN_CLK: 914 MHz
            MAX_CLK: 1333 MHz
            DEEP_SLEEP: ENABLED
        VCLK_2:
            CLK: 29 MHz
            MIN_CLK: 914 MHz
            MAX_CLK: 1333 MHz
            DEEP_SLEEP: ENABLED
        VCLK_3:
            CLK: 29 MHz
            MIN_CLK: 914 MHz
            MAX_CLK: 1333 MHz
            DEEP_SLEEP: ENABLED
        DCLK_0:
            CLK: 22 MHz
            MIN_CLK: 711 MHz
            MAX_CLK: 1143 MHz
            DEEP_SLEEP: ENABLED
        DCLK_1:
            CLK: 22 MHz
            MIN_CLK: 711 MHz
            MAX_CLK: 1143 MHz
            DEEP_SLEEP: ENABLED
        DCLK_2:
            CLK: 22 MHz
            MIN_CLK: 711 MHz
            MAX_CLK: 1143 MHz
            DEEP_SLEEP: ENABLED
        DCLK_3:
            CLK: 22 MHz
            MIN_CLK: 711 MHz
            MAX_CLK: 1143 MHz
            DEEP_SLEEP: ENABLED
        FCLK_0:
            CLK: 1300 MHz
            MIN_CLK: 1300 MHz
            MAX_CLK: 1800 MHz
            DEEP_SLEEP: DISABLED
        SOCCLK_0:
            CLK: 30 MHz
            MIN_CLK: 889 MHz
            MAX_CLK: 1143 MHz
            DEEP_SLEEP: ENABLED

### 2026-09-17T10:01:14Z
GPU: 0
    CLOCK:
        GFX_0:
            CLK: 2098 MHz
            MIN_CLK: 500 MHz
            MAX_CLK: 2100 MHz
            CLK_LOCKED: DISABLED
            DEEP_SLEEP: DISABLED
        GFX_1:
            CLK: 2102 MHz
            MIN_CLK: 500 MHz
            MAX_CLK: 2100 MHz
            CLK_LOCKED: DISABLED
            DEEP_SLEEP: DISABLED
        GFX_2:
            CLK: 2097 MHz
            MIN_CLK: 500 MHz
            MAX_CLK: 2100 MHz
            CLK_LOCKED: DISABLED
            DEEP_SLEEP: DISABLED
        GFX_3:
            CLK: 2105 MHz
            MIN_CLK: 500 MHz
            MAX_CLK: 2100 MHz
            CLK_LOCKED: DISABLED
            DEEP_SLEEP: DISABLED
        GFX_4:
            CLK: 2102 MHz
            MIN_CLK: 500 MHz
            MAX_CLK: 2100 MHz
            CLK_LOCKED: DISABLED
            DEEP_SLEEP: DISABLED
        GFX_5:
            CLK: 2093 MHz
            MIN_CLK: 500 MHz
            MAX_CLK: 2100 MHz
            CLK_LOCKED: DISABLED
            DEEP_SLEEP: DISABLED
        GFX_6:
            CLK: 2107 MHz
            MIN_CLK: 500 MHz
            MAX_CLK: 2100 MHz
            CLK_LOCKED: DISABLED
            DEEP_SLEEP: DISABLED
        GFX_7:
            CLK: 2108 MHz
            MIN_CLK: 500 MHz
            MAX_CLK: 2100 MHz
            CLK_LOCKED: DISABLED
            DEEP_SLEEP: DISABLED
        MEM_0:
            CLK: 900 MHz
            MIN_CLK: 900 MHz
            MAX_CLK: 1300 MHz
            DEEP_SLEEP: DISABLED
        VCLK_0:
            CLK: 29 MHz
            MIN_CLK: 914 MHz
            MAX_CLK: 1333 MHz
            DEEP_SLEEP: ENABLED
        VCLK_1:
            CLK: 29 MHz
            MIN_CLK: 914 MHz
            MAX_CLK: 1333 MHz
            DEEP_SLEEP: ENABLED
        VCLK_2:
            CLK: 29 MHz
            MIN_CLK: 914 MHz
            MAX_CLK: 1333 MHz
            DEEP_SLEEP: ENABLED
        VCLK_3:
            CLK: 29 MHz
            MIN_CLK: 914 MHz
            MAX_CLK: 1333 MHz
            DEEP_SLEEP: ENABLED
        DCLK_0:
            CLK: 22 MHz
            MIN_CLK: 711 MHz
            MAX_CLK: 1143 MHz
            DEEP_SLEEP: ENABLED
        DCLK_1:
            CLK: 22 MHz
            MIN_CLK: 711 MHz
            MAX_CLK: 1143 MHz
            DEEP_SLEEP: ENABLED
        DCLK_2:
            CLK: 22 MHz
            MIN_CLK: 711 MHz
            MAX_CLK: 1143 MHz
            DEEP_SLEEP: ENABLED
        DCLK_3:
            CLK: 22 MHz
            MIN_CLK: 711 MHz
            MAX_CLK: 1143 MHz
            DEEP_SLEEP: ENABLED
        FCLK_0:
            CLK: 1300 MHz
            MIN_CLK: 1300 MHz
            MAX_CLK: 1800 MHz
            DEEP_SLEEP: DISABLED
        SOCCLK_0:
            CLK: 31 MHz
            MIN_CLK: 889 MHz
            MAX_CLK: 1143 MHz
            DEEP_SLEEP: ENABLED

### 2026-09-17T10:01:16Z
GPU: 0
    CLOCK:
        GFX_0:
            CLK: 2098 MHz
            MIN_CLK: 500 MHz
            MAX_CLK: 2100 MHz
            CLK_LOCKED: DISABLED
            DEEP_SLEEP: DISABLED
        GFX_1:
            CLK: 2103 MHz
            MIN_CLK: 500 MHz
            MAX_CLK: 2100 MHz
            CLK_LOCKED: DISABLED
            DEEP_SLEEP: DISABLED
        GFX_2:
            CLK: 2098 MHz
            MIN_CLK: 500 MHz
            MAX_CLK: 2100 MHz
            CLK_LOCKED: DISABLED
            DEEP_SLEEP: DISABLED
        GFX_3:
            CLK: 2105 MHz
            MIN_CLK: 500 MHz
            MAX_CLK: 2100 MHz
            CLK_LOCKED: DISABLED
            DEEP_SLEEP: DISABLED
        GFX_4:
            CLK: 2102 MHz
            MIN_CLK: 500 MHz
            MAX_CLK: 2100 MHz
            CLK_LOCKED: DISABLED
            DEEP_SLEEP: DISABLED
        GFX_5:
            CLK: 2093 MHz
            MIN_CLK: 500 MHz
            MAX_CLK: 2100 MHz
            CLK_LOCKED: DISABLED
            DEEP_SLEEP: DISABLED
        GFX_6:
            CLK: 2107 MHz
            MIN_CLK: 500 MHz
            MAX_CLK: 2100 MHz
            CLK_LOCKED: DISABLED
            DEEP_SLEEP: DISABLED
        GFX_7:
            CLK: 2108 MHz
            MIN_CLK: 500 MHz
            MAX_CLK: 2100 MHz
            CLK_LOCKED: DISABLED
            DEEP_SLEEP: DISABLED
        MEM_0:
            CLK: 900 MHz
            MIN_CLK: 900 MHz
            MAX_CLK: 1300 MHz
            DEEP_SLEEP: DISABLED
        VCLK_0:
            CLK: 29 MHz
            MIN_CLK: 914 MHz
            MAX_CLK: 1333 MHz
            DEEP_SLEEP: ENABLED
        VCLK_1:
            CLK: 29 MHz
            MIN_CLK: 914 MHz
            MAX_CLK: 1333 MHz
            DEEP_SLEEP: ENABLED
        VCLK_2:
            CLK: 29 MHz
            MIN_CLK: 914 MHz
            MAX_CLK: 1333 MHz
            DEEP_SLEEP: ENABLED
        VCLK_3:
            CLK: 29 MHz
            MIN_CLK: 914 MHz
            MAX_CLK: 1333 MHz
            DEEP_SLEEP: ENABLED
        DCLK_0:
            CLK: 22 MHz
            MIN_CLK: 711 MHz
            MAX_CLK: 1143 MHz
            DEEP_SLEEP: ENABLED
        DCLK_1:
            CLK: 22 MHz
            MIN_CLK: 711 MHz
            MAX_CLK: 1143 MHz
            DEEP_SLEEP: ENABLED
        DCLK_2:
            CLK: 22 MHz
            MIN_CLK: 711 MHz
            MAX_CLK: 1143 MHz
            DEEP_SLEEP: ENABLED
        DCLK_3:
            CLK: 22 MHz
            MIN_CLK: 711 MHz
            MAX_CLK: 1143 MHz
            DEEP_SLEEP: ENABLED
        FCLK_0:
            CLK: 1300 MHz
            MIN_CLK: 1300 MHz
            MAX_CLK: 1800 MHz
            DEEP_SLEEP: DISABLED
        SOCCLK_0:
            CLK: 30 MHz
            MIN_CLK: 889 MHz
            MAX_CLK: 1143 MHz
            DEEP_SLEEP: ENABLED

### 2026-09-17T10:01:17Z
GPU: 0
    CLOCK:
        GFX_0:
            CLK: 2099 MHz
            MIN_CLK: 500 MHz
            MAX_CLK: 2100 MHz
            CLK_LOCKED: DISABLED
            DEEP_SLEEP: DISABLED
        GFX_1:
            CLK: 2102 MHz
            MIN_CLK: 500 MHz
            MAX_CLK: 2100 MHz
            CLK_LOCKED: DISABLED
            DEEP_SLEEP: DISABLED
        GFX_2:
            CLK: 2097 MHz
            MIN_CLK: 500 MHz
            MAX_CLK: 2100 MHz
            CLK_LOCKED: DISABLED
            DEEP_SLEEP: DISABLED
        GFX_3:
            CLK: 2104 MHz
            MIN_CLK: 500 MHz
            MAX_CLK: 2100 MHz
            CLK_LOCKED: DISABLED
            DEEP_SLEEP: DISABLED
        GFX_4:
            CLK: 2103 MHz
            MIN_CLK: 500 MHz
            MAX_CLK: 2100 MHz
            CLK_LOCKED: DISABLED
            DEEP_SLEEP: DISABLED
        GFX_5:
            CLK: 2093 MHz
            MIN_CLK: 500 MHz
            MAX_CLK: 2100 MHz
            CLK_LOCKED: DISABLED
            DEEP_SLEEP: DISABLED
        GFX_6:
            CLK: 2107 MHz
            MIN_CLK: 500 MHz
            MAX_CLK: 2100 MHz
            CLK_LOCKED: DISABLED
            DEEP_SLEEP: DISABLED
        GFX_7:
            CLK: 2108 MHz
            MIN_CLK: 500 MHz
            MAX_CLK: 2100 MHz
            CLK_LOCKED: DISABLED
            DEEP_SLEEP: DISABLED
        MEM_0:
            CLK: 900 MHz
            MIN_CLK: 900 MHz
            MAX_CLK: 1300 MHz
            DEEP_SLEEP: DISABLED
        VCLK_0:
            CLK: 29 MHz
            MIN_CLK: 914 MHz
            MAX_CLK: 1333 MHz
            DEEP_SLEEP: ENABLED
        VCLK_1:
            CLK: 29 MHz
            MIN_CLK: 914 MHz
            MAX_CLK: 1333 MHz
            DEEP_SLEEP: ENABLED
        VCLK_2:
            CLK: 29 MHz
            MIN_CLK: 914 MHz
            MAX_CLK: 1333 MHz
            DEEP_SLEEP: ENABLED
        VCLK_3:
            CLK: 29 MHz
            MIN_CLK: 914 MHz
            MAX_CLK: 1333 MHz
            DEEP_SLEEP: ENABLED
        DCLK_0:
            CLK: 22 MHz
            MIN_CLK: 711 MHz
            MAX_CLK: 1143 MHz
            DEEP_SLEEP: ENABLED
        DCLK_1:
            CLK: 22 MHz
            MIN_CLK: 711 MHz
            MAX_CLK: 1143 MHz
            DEEP_SLEEP: ENABLED
        DCLK_2:
            CLK: 22 MHz
            MIN_CLK: 711 MHz
            MAX_CLK: 1143 MHz
            DEEP_SLEEP: ENABLED
        DCLK_3:
            CLK: 22 MHz
            MIN_CLK: 711 MHz
            MAX_CLK: 1143 MHz
            DEEP_SLEEP: ENABLED
        FCLK_0:
            CLK: 1300 MHz
            MIN_CLK: 1300 MHz
            MAX_CLK: 1800 MHz
            DEEP_SLEEP: DISABLED
        SOCCLK_0:
            CLK: 30 MHz
            MIN_CLK: 889 MHz
            MAX_CLK: 1143 MHz
            DEEP_SLEEP: ENABLED

### 2026-09-17T10:01:18Z
GPU: 0
    CLOCK:
        GFX_0:
            CLK: 2098 MHz
            MIN_CLK: 500 MHz
            MAX_CLK: 2100 MHz
            CLK_LOCKED: DISABLED
            DEEP_SLEEP: DISABLED
        GFX_1:
            CLK: 2102 MHz
            MIN_CLK: 500 MHz
            MAX_CLK: 2100 MHz
            CLK_LOCKED: DISABLED
            DEEP_SLEEP: DISABLED
        GFX_2:
            CLK: 2097 MHz
            MIN_CLK: 500 MHz
            MAX_CLK: 2100 MHz
            CLK_LOCKED: DISABLED
            DEEP_SLEEP: DISABLED
        GFX_3:
            CLK: 2105 MHz
            MIN_CLK: 500 MHz
            MAX_CLK: 2100 MHz
            CLK_LOCKED: DISABLED
            DEEP_SLEEP: DISABLED
        GFX_4:
            CLK: 2103 MHz
            MIN_CLK: 500 MHz
            MAX_CLK: 2100 MHz
            CLK_LOCKED: DISABLED
            DEEP_SLEEP: DISABLED
        GFX_5:
            CLK: 2093 MHz
            MIN_CLK: 500 MHz
            MAX_CLK: 2100 MHz
            CLK_LOCKED: DISABLED
            DEEP_SLEEP: DISABLED
        GFX_6:
            CLK: 2107 MHz
            MIN_CLK: 500 MHz
            MAX_CLK: 2100 MHz
            CLK_LOCKED: DISABLED
            DEEP_SLEEP: DISABLED
        GFX_7:
            CLK: 2108 MHz
            MIN_CLK: 500 MHz
            MAX_CLK: 2100 MHz
            CLK_LOCKED: DISABLED
            DEEP_SLEEP: DISABLED
        MEM_0:
            CLK: 900 MHz
            MIN_CLK: 900 MHz
            MAX_CLK: 1300 MHz
            DEEP_SLEEP: DISABLED
        VCLK_0:
            CLK: 29 MHz
            MIN_CLK: 914 MHz
            MAX_CLK: 1333 MHz
            DEEP_SLEEP: ENABLED
        VCLK_1:
            CLK: 29 MHz
            MIN_CLK: 914 MHz
            MAX_CLK: 1333 MHz
            DEEP_SLEEP: ENABLED
        VCLK_2:
            CLK: 29 MHz
            MIN_CLK: 914 MHz
            MAX_CLK: 1333 MHz
            DEEP_SLEEP: ENABLED
        VCLK_3:
            CLK: 29 MHz
            MIN_CLK: 914 MHz
            MAX_CLK: 1333 MHz
            DEEP_SLEEP: ENABLED
        DCLK_0:
            CLK: 22 MHz
            MIN_CLK: 711 MHz
            MAX_CLK: 1143 MHz
            DEEP_SLEEP: ENABLED
        DCLK_1:
            CLK: 22 MHz
            MIN_CLK: 711 MHz
            MAX_CLK: 1143 MHz
            DEEP_SLEEP: ENABLED
        DCLK_2:
            CLK: 22 MHz
            MIN_CLK: 711 MHz
            MAX_CLK: 1143 MHz
            DEEP_SLEEP: ENABLED
        DCLK_3:
            CLK: 22 MHz
            MIN_CLK: 711 MHz
            MAX_CLK: 1143 MHz
            DEEP_SLEEP: ENABLED
        FCLK_0:
            CLK: 1300 MHz
            MIN_CLK: 1300 MHz
            MAX_CLK: 1800 MHz
            DEEP_SLEEP: DISABLED
        SOCCLK_0:
            CLK: 30 MHz
            MIN_CLK: 889 MHz
            MAX_CLK: 1143 MHz
            DEEP_SLEEP: ENABLED

### 2026-09-17T10:01:19Z
GPU: 0
    CLOCK:
        GFX_0:
            CLK: 2098 MHz
            MIN_CLK: 500 MHz
            MAX_CLK: 2100 MHz
            CLK_LOCKED: DISABLED
            DEEP_SLEEP: DISABLED
        GFX_1:
            CLK: 2102 MHz
            MIN_CLK: 500 MHz
            MAX_CLK: 2100 MHz
            CLK_LOCKED: DISABLED
            DEEP_SLEEP: DISABLED
        GFX_2:
            CLK: 2097 MHz
            MIN_CLK: 500 MHz
            MAX_CLK: 2100 MHz
            CLK_LOCKED: DISABLED
            DEEP_SLEEP: DISABLED
        GFX_3:
            CLK: 2105 MHz
            MIN_CLK: 500 MHz
            MAX_CLK: 2100 MHz
            CLK_LOCKED: DISABLED
            DEEP_SLEEP: DISABLED
        GFX_4:
            CLK: 2103 MHz
            MIN_CLK: 500 MHz
            MAX_CLK: 2100 MHz
            CLK_LOCKED: DISABLED
            DEEP_SLEEP: DISABLED
        GFX_5:
            CLK: 2093 MHz
            MIN_CLK: 500 MHz
            MAX_CLK: 2100 MHz
            CLK_LOCKED: DISABLED
            DEEP_SLEEP: DISABLED
        GFX_6:
            CLK: 2107 MHz
            MIN_CLK: 500 MHz
            MAX_CLK: 2100 MHz
            CLK_LOCKED: DISABLED
            DEEP_SLEEP: DISABLED
        GFX_7:
            CLK: 2108 MHz
            MIN_CLK: 500 MHz
            MAX_CLK: 2100 MHz
            CLK_LOCKED: DISABLED
            DEEP_SLEEP: DISABLED
        MEM_0:
            CLK: 900 MHz
            MIN_CLK: 900 MHz
            MAX_CLK: 1300 MHz
            DEEP_SLEEP: DISABLED
        VCLK_0:
            CLK: 29 MHz
            MIN_CLK: 914 MHz
            MAX_CLK: 1333 MHz
            DEEP_SLEEP: ENABLED
        VCLK_1:
            CLK: 29 MHz
            MIN_CLK: 914 MHz
            MAX_CLK: 1333 MHz
            DEEP_SLEEP: ENABLED
        VCLK_2:
            CLK: 29 MHz
            MIN_CLK: 914 MHz
            MAX_CLK: 1333 MHz
            DEEP_SLEEP: ENABLED
        VCLK_3:
            CLK: 29 MHz
            MIN_CLK: 914 MHz
            MAX_CLK: 1333 MHz
            DEEP_SLEEP: ENABLED
        DCLK_0:
            CLK: 22 MHz
            MIN_CLK: 711 MHz
            MAX_CLK: 1143 MHz
            DEEP_SLEEP: ENABLED
        DCLK_1:
            CLK: 22 MHz
            MIN_CLK: 711 MHz
            MAX_CLK: 1143 MHz
            DEEP_SLEEP: ENABLED
        DCLK_2:
            CLK: 22 MHz
            MIN_CLK: 711 MHz
            MAX_CLK: 1143 MHz
            DEEP_SLEEP: ENABLED
        DCLK_3:
            CLK: 22 MHz
            MIN_CLK: 711 MHz
            MAX_CLK: 1143 MHz
            DEEP_SLEEP: ENABLED
        FCLK_0:
            CLK: 1300 MHz
            MIN_CLK: 1300 MHz
            MAX_CLK: 1800 MHz
            DEEP_SLEEP: DISABLED
        SOCCLK_0:
            CLK: 30 MHz
            MIN_CLK: 889 MHz
            MAX_CLK: 1143 MHz
            DEEP_SLEEP: ENABLED

### 2026-09-17T10:01:21Z
GPU: 0
    CLOCK:
        GFX_0:
            CLK: 2098 MHz
            MIN_CLK: 500 MHz
            MAX_CLK: 2100 MHz
            CLK_LOCKED: DISABLED
            DEEP_SLEEP: DISABLED
        GFX_1:
            CLK: 2102 MHz
            MIN_CLK: 500 MHz
            MAX_CLK: 2100 MHz
            CLK_LOCKED: DISABLED
            DEEP_SLEEP: DISABLED
        GFX_2:
            CLK: 2097 MHz
            MIN_CLK: 500 MHz
            MAX_CLK: 2100 MHz
            CLK_LOCKED: DISABLED
            DEEP_SLEEP: DISABLED
        GFX_3:
            CLK: 2105 MHz
            MIN_CLK: 500 MHz
            MAX_CLK: 2100 MHz
            CLK_LOCKED: DISABLED
            DEEP_SLEEP: DISABLED
        GFX_4:
            CLK: 2102 MHz
            MIN_CLK: 500 MHz
            MAX_CLK: 2100 MHz
            CLK_LOCKED: DISABLED
            DEEP_SLEEP: DISABLED
        GFX_5:
            CLK: 2093 MHz
            MIN_CLK: 500 MHz
            MAX_CLK: 2100 MHz
            CLK_LOCKED: DISABLED
            DEEP_SLEEP: DISABLED
        GFX_6:
            CLK: 2107 MHz
            MIN_CLK: 500 MHz
            MAX_CLK: 2100 MHz
            CLK_LOCKED: DISABLED
            DEEP_SLEEP: DISABLED
        GFX_7:
            CLK: 2107 MHz
            MIN_CLK: 500 MHz
            MAX_CLK: 2100 MHz
            CLK_LOCKED: DISABLED
            DEEP_SLEEP: DISABLED
        MEM_0:
            CLK: 900 MHz
            MIN_CLK: 900 MHz
            MAX_CLK: 1300 MHz
            DEEP_SLEEP: DISABLED
        VCLK_0:
            CLK: 29 MHz
            MIN_CLK: 914 MHz
            MAX_CLK: 1333 MHz
            DEEP_SLEEP: ENABLED
        VCLK_1:
            CLK: 29 MHz
            MIN_CLK: 914 MHz
            MAX_CLK: 1333 MHz
            DEEP_SLEEP: ENABLED
        VCLK_2:
            CLK: 29 MHz
            MIN_CLK: 914 MHz
            MAX_CLK: 1333 MHz
            DEEP_SLEEP: ENABLED
        VCLK_3:
            CLK: 29 MHz
            MIN_CLK: 914 MHz
            MAX_CLK: 1333 MHz
            DEEP_SLEEP: ENABLED
        DCLK_0:
            CLK: 22 MHz
            MIN_CLK: 711 MHz
            MAX_CLK: 1143 MHz
            DEEP_SLEEP: ENABLED
        DCLK_1:
            CLK: 22 MHz
            MIN_CLK: 711 MHz
            MAX_CLK: 1143 MHz
            DEEP_SLEEP: ENABLED
        DCLK_2:
            CLK: 22 MHz
            MIN_CLK: 711 MHz
            MAX_CLK: 1143 MHz
            DEEP_SLEEP: ENABLED
        DCLK_3:
            CLK: 22 MHz
            MIN_CLK: 711 MHz
            MAX_CLK: 1143 MHz
            DEEP_SLEEP: ENABLED
        FCLK_0:
            CLK: 1300 MHz
            MIN_CLK: 1300 MHz
            MAX_CLK: 1800 MHz
            DEEP_SLEEP: DISABLED
        SOCCLK_0:
            CLK: 30 MHz
            MIN_CLK: 889 MHz
            MAX_CLK: 1143 MHz
            DEEP_SLEEP: ENABLED

### 2026-09-17T10:01:22Z
GPU: 0
    CLOCK:
        GFX_0:
            CLK: 2099 MHz
            MIN_CLK: 500 MHz
            MAX_CLK: 2100 MHz
            CLK_LOCKED: DISABLED
            DEEP_SLEEP: DISABLED
        GFX_1:
            CLK: 2102 MHz
            MIN_CLK: 500 MHz
            MAX_CLK: 2100 MHz
            CLK_LOCKED: DISABLED
            DEEP_SLEEP: DISABLED
        GFX_2:
            CLK: 2097 MHz
            MIN_CLK: 500 MHz
            MAX_CLK: 2100 MHz
            CLK_LOCKED: DISABLED
            DEEP_SLEEP: DISABLED
        GFX_3:
            CLK: 2104 MHz
            MIN_CLK: 500 MHz
            MAX_CLK: 2100 MHz
            CLK_LOCKED: DISABLED
            DEEP_SLEEP: DISABLED
        GFX_4:
            CLK: 2102 MHz
            MIN_CLK: 500 MHz
            MAX_CLK: 2100 MHz
            CLK_LOCKED: DISABLED
            DEEP_SLEEP: DISABLED
        GFX_5:
            CLK: 2093 MHz
            MIN_CLK: 500 MHz
            MAX_CLK: 2100 MHz
            CLK_LOCKED: DISABLED
            DEEP_SLEEP: DISABLED
        GFX_6:
            CLK: 2107 MHz
            MIN_CLK: 500 MHz
            MAX_CLK: 2100 MHz
            CLK_LOCKED: DISABLED
            DEEP_SLEEP: DISABLED
        GFX_7:
            CLK: 2108 MHz
            MIN_CLK: 500 MHz
            MAX_CLK: 2100 MHz
            CLK_LOCKED: DISABLED
            DEEP_SLEEP: DISABLED
        MEM_0:
            CLK: 900 MHz
            MIN_CLK: 900 MHz
            MAX_CLK: 1300 MHz
            DEEP_SLEEP: DISABLED
        VCLK_0:
            CLK: 29 MHz
            MIN_CLK: 914 MHz
            MAX_CLK: 1333 MHz
            DEEP_SLEEP: ENABLED
        VCLK_1:
            CLK: 29 MHz
            MIN_CLK: 914 MHz
            MAX_CLK: 1333 MHz
            DEEP_SLEEP: ENABLED
        VCLK_2:
            CLK: 29 MHz
            MIN_CLK: 914 MHz
            MAX_CLK: 1333 MHz
            DEEP_SLEEP: ENABLED
        VCLK_3:
            CLK: 29 MHz
            MIN_CLK: 914 MHz
            MAX_CLK: 1333 MHz
            DEEP_SLEEP: ENABLED
        DCLK_0:
            CLK: 22 MHz
            MIN_CLK: 711 MHz
            MAX_CLK: 1143 MHz
            DEEP_SLEEP: ENABLED
        DCLK_1:
            CLK: 22 MHz
            MIN_CLK: 711 MHz
            MAX_CLK: 1143 MHz
            DEEP_SLEEP: ENABLED
        DCLK_2:
            CLK: 22 MHz
            MIN_CLK: 711 MHz
            MAX_CLK: 1143 MHz
            DEEP_SLEEP: ENABLED
        DCLK_3:
            CLK: 22 MHz
            MIN_CLK: 711 MHz
            MAX_CLK: 1143 MHz
            DEEP_SLEEP: ENABLED
        FCLK_0:
            CLK: 1300 MHz
            MIN_CLK: 1300 MHz
            MAX_CLK: 1800 MHz
            DEEP_SLEEP: DISABLED
        SOCCLK_0:
            CLK: 30 MHz
            MIN_CLK: 889 MHz
            MAX_CLK: 1143 MHz
            DEEP_SLEEP: ENABLED

### 2026-09-17T10:01:23Z
GPU: 0
    CLOCK:
        GFX_0:
            CLK: 2098 MHz
            MIN_CLK: 500 MHz
            MAX_CLK: 2100 MHz
            CLK_LOCKED: DISABLED
            DEEP_SLEEP: DISABLED
        GFX_1:
            CLK: 2102 MHz
            MIN_CLK: 500 MHz
            MAX_CLK: 2100 MHz
            CLK_LOCKED: DISABLED
            DEEP_SLEEP: DISABLED
        GFX_2:
            CLK: 2098 MHz
            MIN_CLK: 500 MHz
            MAX_CLK: 2100 MHz
            CLK_LOCKED: DISABLED
            DEEP_SLEEP: DISABLED
        GFX_3:
            CLK: 2104 MHz
            MIN_CLK: 500 MHz
            MAX_CLK: 2100 MHz
            CLK_LOCKED: DISABLED
            DEEP_SLEEP: DISABLED
        GFX_4:
            CLK: 2103 MHz
            MIN_CLK: 500 MHz
            MAX_CLK: 2100 MHz
            CLK_LOCKED: DISABLED
            DEEP_SLEEP: DISABLED
        GFX_5:
            CLK: 2093 MHz
            MIN_CLK: 500 MHz
            MAX_CLK: 2100 MHz
            CLK_LOCKED: DISABLED
            DEEP_SLEEP: DISABLED
        GFX_6:
            CLK: 2107 MHz
            MIN_CLK: 500 MHz
            MAX_CLK: 2100 MHz
            CLK_LOCKED: DISABLED
            DEEP_SLEEP: DISABLED
        GFX_7:
            CLK: 2108 MHz
            MIN_CLK: 500 MHz
            MAX_CLK: 2100 MHz
            CLK_LOCKED: DISABLED
            DEEP_SLEEP: DISABLED
        MEM_0:
            CLK: 900 MHz
            MIN_CLK: 900 MHz
            MAX_CLK: 1300 MHz
            DEEP_SLEEP: DISABLED
        VCLK_0:
            CLK: 29 MHz
            MIN_CLK: 914 MHz
            MAX_CLK: 1333 MHz
            DEEP_SLEEP: ENABLED
        VCLK_1:
            CLK: 29 MHz
            MIN_CLK: 914 MHz
            MAX_CLK: 1333 MHz
            DEEP_SLEEP: ENABLED
        VCLK_2:
            CLK: 29 MHz
            MIN_CLK: 914 MHz
            MAX_CLK: 1333 MHz
            DEEP_SLEEP: ENABLED
        VCLK_3:
            CLK: 29 MHz
            MIN_CLK: 914 MHz
            MAX_CLK: 1333 MHz
            DEEP_SLEEP: ENABLED
        DCLK_0:
            CLK: 22 MHz
            MIN_CLK: 711 MHz
            MAX_CLK: 1143 MHz
            DEEP_SLEEP: ENABLED
        DCLK_1:
            CLK: 22 MHz
            MIN_CLK: 711 MHz
            MAX_CLK: 1143 MHz
            DEEP_SLEEP: ENABLED
        DCLK_2:
            CLK: 22 MHz
            MIN_CLK: 711 MHz
            MAX_CLK: 1143 MHz
            DEEP_SLEEP: ENABLED
        DCLK_3:
            CLK: 22 MHz
            MIN_CLK: 711 MHz
            MAX_CLK: 1143 MHz
            DEEP_SLEEP: ENABLED
        FCLK_0:
            CLK: 1300 MHz
            MIN_CLK: 1300 MHz
            MAX_CLK: 1800 MHz
            DEEP_SLEEP: DISABLED
        SOCCLK_0:
            CLK: 30 MHz
            MIN_CLK: 889 MHz
            MAX_CLK: 1143 MHz
            DEEP_SLEEP: ENABLED

### 2026-09-17T10:01:24Z
GPU: 0
    CLOCK:
        GFX_0:
            CLK: 2098 MHz
            MIN_CLK: 500 MHz
            MAX_CLK: 2100 MHz
            CLK_LOCKED: DISABLED
            DEEP_SLEEP: DISABLED
        GFX_1:
            CLK: 2103 MHz
            MIN_CLK: 500 MHz
            MAX_CLK: 2100 MHz
            CLK_LOCKED: DISABLED
            DEEP_SLEEP: DISABLED
        GFX_2:
            CLK: 2097 MHz
            MIN_CLK: 500 MHz
            MAX_CLK: 2100 MHz
            CLK_LOCKED: DISABLED
            DEEP_SLEEP: DISABLED
        GFX_3:
            CLK: 2104 MHz
            MIN_CLK: 500 MHz
            MAX_CLK: 2100 MHz
            CLK_LOCKED: DISABLED
            DEEP_SLEEP: DISABLED
        GFX_4:
            CLK: 2103 MHz
            MIN_CLK: 500 MHz
            MAX_CLK: 2100 MHz
            CLK_LOCKED: DISABLED
            DEEP_SLEEP: DISABLED
        GFX_5:
            CLK: 2092 MHz
            MIN_CLK: 500 MHz
            MAX_CLK: 2100 MHz
            CLK_LOCKED: DISABLED
            DEEP_SLEEP: DISABLED
        GFX_6:
            CLK: 2107 MHz
            MIN_CLK: 500 MHz
            MAX_CLK: 2100 MHz
            CLK_LOCKED: DISABLED
            DEEP_SLEEP: DISABLED
        GFX_7:
            CLK: 2107 MHz
            MIN_CLK: 500 MHz
            MAX_CLK: 2100 MHz
            CLK_LOCKED: DISABLED
            DEEP_SLEEP: DISABLED
        MEM_0:
            CLK: 900 MHz
            MIN_CLK: 900 MHz
            MAX_CLK: 1300 MHz
            DEEP_SLEEP: DISABLED
        VCLK_0:
            CLK: 29 MHz
            MIN_CLK: 914 MHz
            MAX_CLK: 1333 MHz
            DEEP_SLEEP: ENABLED
        VCLK_1:
            CLK: 29 MHz
            MIN_CLK: 914 MHz
            MAX_CLK: 1333 MHz
            DEEP_SLEEP: ENABLED
        VCLK_2:
            CLK: 29 MHz
            MIN_CLK: 914 MHz
            MAX_CLK: 1333 MHz
            DEEP_SLEEP: ENABLED
        VCLK_3:
            CLK: 29 MHz
            MIN_CLK: 914 MHz
            MAX_CLK: 1333 MHz
            DEEP_SLEEP: ENABLED
        DCLK_0:
            CLK: 22 MHz
            MIN_CLK: 711 MHz
            MAX_CLK: 1143 MHz
            DEEP_SLEEP: ENABLED
        DCLK_1:
            CLK: 22 MHz
            MIN_CLK: 711 MHz
            MAX_CLK: 1143 MHz
            DEEP_SLEEP: ENABLED
        DCLK_2:
            CLK: 22 MHz
            MIN_CLK: 711 MHz
            MAX_CLK: 1143 MHz
            DEEP_SLEEP: ENABLED
        DCLK_3:
            CLK: 22 MHz
            MIN_CLK: 711 MHz
            MAX_CLK: 1143 MHz
            DEEP_SLEEP: ENABLED
        FCLK_0:
            CLK: 1300 MHz
            MIN_CLK: 1300 MHz
            MAX_CLK: 1800 MHz
            DEEP_SLEEP: DISABLED
        SOCCLK_0:
            CLK: 33 MHz
            MIN_CLK: 889 MHz
            MAX_CLK: 1143 MHz
            DEEP_SLEEP: ENABLED

### 2026-09-17T10:01:26Z
GPU: 0
    CLOCK:
        GFX_0:
            CLK: 2098 MHz
            MIN_CLK: 500 MHz
            MAX_CLK: 2100 MHz
            CLK_LOCKED: DISABLED
            DEEP_SLEEP: DISABLED
        GFX_1:
            CLK: 2102 MHz
            MIN_CLK: 500 MHz
            MAX_CLK: 2100 MHz
            CLK_LOCKED: DISABLED
            DEEP_SLEEP: DISABLED
        GFX_2:
            CLK: 2097 MHz
            MIN_CLK: 500 MHz
            MAX_CLK: 2100 MHz
            CLK_LOCKED: DISABLED
            DEEP_SLEEP: DISABLED
        GFX_3:
            CLK: 2104 MHz
            MIN_CLK: 500 MHz
            MAX_CLK: 2100 MHz
            CLK_LOCKED: DISABLED
            DEEP_SLEEP: DISABLED
        GFX_4:
            CLK: 2103 MHz
            MIN_CLK: 500 MHz
            MAX_CLK: 2100 MHz
            CLK_LOCKED: DISABLED
            DEEP_SLEEP: DISABLED
        GFX_5:
            CLK: 2093 MHz
            MIN_CLK: 500 MHz
            MAX_CLK: 2100 MHz
            CLK_LOCKED: DISABLED
            DEEP_SLEEP: DISABLED
        GFX_6:
            CLK: 2107 MHz
            MIN_CLK: 500 MHz
            MAX_CLK: 2100 MHz
            CLK_LOCKED: DISABLED
            DEEP_SLEEP: DISABLED
        GFX_7:
            CLK: 2108 MHz
            MIN_CLK: 500 MHz
            MAX_CLK: 2100 MHz
            CLK_LOCKED: DISABLED
            DEEP_SLEEP: DISABLED
        MEM_0:
            CLK: 900 MHz
            MIN_CLK: 900 MHz
            MAX_CLK: 1300 MHz
            DEEP_SLEEP: DISABLED
        VCLK_0:
            CLK: 29 MHz
            MIN_CLK: 914 MHz
            MAX_CLK: 1333 MHz
            DEEP_SLEEP: ENABLED
        VCLK_1:
            CLK: 29 MHz
            MIN_CLK: 914 MHz
            MAX_CLK: 1333 MHz
            DEEP_SLEEP: ENABLED
        VCLK_2:
            CLK: 29 MHz
            MIN_CLK: 914 MHz
            MAX_CLK: 1333 MHz
            DEEP_SLEEP: ENABLED
        VCLK_3:
            CLK: 29 MHz
            MIN_CLK: 914 MHz
            MAX_CLK: 1333 MHz
            DEEP_SLEEP: ENABLED
        DCLK_0:
            CLK: 22 MHz
            MIN_CLK: 711 MHz
            MAX_CLK: 1143 MHz
            DEEP_SLEEP: ENABLED
        DCLK_1:
            CLK: 22 MHz
            MIN_CLK: 711 MHz
            MAX_CLK: 1143 MHz
            DEEP_SLEEP: ENABLED
        DCLK_2:
            CLK: 22 MHz
            MIN_CLK: 711 MHz
            MAX_CLK: 1143 MHz
            DEEP_SLEEP: ENABLED
        DCLK_3:
            CLK: 22 MHz
            MIN_CLK: 711 MHz
            MAX_CLK: 1143 MHz
            DEEP_SLEEP: ENABLED
        FCLK_0:
            CLK: 1300 MHz
            MIN_CLK: 1300 MHz
            MAX_CLK: 1800 MHz
            DEEP_SLEEP: DISABLED
        SOCCLK_0:
            CLK: 30 MHz
            MIN_CLK: 889 MHz
            MAX_CLK: 1143 MHz
            DEEP_SLEEP: ENABLED

### 2026-09-17T10:01:27Z
GPU: 0
    CLOCK:
        GFX_0:
            CLK: 2098 MHz
            MIN_CLK: 500 MHz
            MAX_CLK: 2100 MHz
            CLK_LOCKED: DISABLED
            DEEP_SLEEP: DISABLED
        GFX_1:
            CLK: 2102 MHz
            MIN_CLK: 500 MHz
            MAX_CLK: 2100 MHz
            CLK_LOCKED: DISABLED
            DEEP_SLEEP: DISABLED
        GFX_2:
            CLK: 2097 MHz
            MIN_CLK: 500 MHz
            MAX_CLK: 2100 MHz
            CLK_LOCKED: DISABLED
            DEEP_SLEEP: DISABLED
        GFX_3:
            CLK: 2104 MHz
            MIN_CLK: 500 MHz
            MAX_CLK: 2100 MHz
            CLK_LOCKED: DISABLED
            DEEP_SLEEP: DISABLED
        GFX_4:
            CLK: 2102 MHz
            MIN_CLK: 500 MHz
            MAX_CLK: 2100 MHz
            CLK_LOCKED: DISABLED
            DEEP_SLEEP: DISABLED
        GFX_5:
            CLK: 2092 MHz
            MIN_CLK: 500 MHz
            MAX_CLK: 2100 MHz
            CLK_LOCKED: DISABLED
            DEEP_SLEEP: DISABLED
        GFX_6:
            CLK: 2107 MHz
            MIN_CLK: 500 MHz
            MAX_CLK: 2100 MHz
            CLK_LOCKED: DISABLED
            DEEP_SLEEP: DISABLED
        GFX_7:
            CLK: 2108 MHz
            MIN_CLK: 500 MHz
            MAX_CLK: 2100 MHz
            CLK_LOCKED: DISABLED
            DEEP_SLEEP: DISABLED
        MEM_0:
            CLK: 900 MHz
            MIN_CLK: 900 MHz
            MAX_CLK: 1300 MHz
            DEEP_SLEEP: DISABLED
        VCLK_0:
            CLK: 29 MHz
            MIN_CLK: 914 MHz
            MAX_CLK: 1333 MHz
            DEEP_SLEEP: ENABLED
        VCLK_1:
            CLK: 29 MHz
            MIN_CLK: 914 MHz
            MAX_CLK: 1333 MHz
            DEEP_SLEEP: ENABLED
        VCLK_2:
            CLK: 29 MHz
            MIN_CLK: 914 MHz
            MAX_CLK: 1333 MHz
            DEEP_SLEEP: ENABLED
        VCLK_3:
            CLK: 29 MHz
            MIN_CLK: 914 MHz
            MAX_CLK: 1333 MHz
            DEEP_SLEEP: ENABLED
        DCLK_0:
            CLK: 22 MHz
            MIN_CLK: 711 MHz
            MAX_CLK: 1143 MHz
            DEEP_SLEEP: ENABLED
        DCLK_1:
            CLK: 22 MHz
            MIN_CLK: 711 MHz
            MAX_CLK: 1143 MHz
            DEEP_SLEEP: ENABLED
        DCLK_2:
            CLK: 22 MHz
            MIN_CLK: 711 MHz
            MAX_CLK: 1143 MHz
            DEEP_SLEEP: ENABLED
        DCLK_3:
            CLK: 22 MHz
            MIN_CLK: 711 MHz
            MAX_CLK: 1143 MHz
            DEEP_SLEEP: ENABLED
        FCLK_0:
            CLK: 1300 MHz
            MIN_CLK: 1300 MHz
            MAX_CLK: 1800 MHz
            DEEP_SLEEP: DISABLED
        SOCCLK_0:
            CLK: 30 MHz
            MIN_CLK: 889 MHz
            MAX_CLK: 1143 MHz
            DEEP_SLEEP: ENABLED

### 2026-09-17T10:01:28Z
GPU: 0
    CLOCK:
        GFX_0:
            CLK: 2091 MHz
            MIN_CLK: 500 MHz
            MAX_CLK: 2100 MHz
            CLK_LOCKED: DISABLED
            DEEP_SLEEP: DISABLED
        GFX_1:
            CLK: 2093 MHz
            MIN_CLK: 500 MHz
            MAX_CLK: 2100 MHz
            CLK_LOCKED: DISABLED
            DEEP_SLEEP: DISABLED
        GFX_2:
            CLK: 2091 MHz
            MIN_CLK: 500 MHz
            MAX_CLK: 2100 MHz
            CLK_LOCKED: DISABLED
            DEEP_SLEEP: DISABLED
        GFX_3:
            CLK: 2095 MHz
            MIN_CLK: 500 MHz
            MAX_CLK: 2100 MHz
            CLK_LOCKED: DISABLED
            DEEP_SLEEP: DISABLED
        GFX_4:
            CLK: 2096 MHz
            MIN_CLK: 500 MHz
            MAX_CLK: 2100 MHz
            CLK_LOCKED: DISABLED
            DEEP_SLEEP: DISABLED
        GFX_5:
            CLK: 2084 MHz
            MIN_CLK: 500 MHz
            MAX_CLK: 2100 MHz
            CLK_LOCKED: DISABLED
            DEEP_SLEEP: DISABLED
        GFX_6:
            CLK: 2102 MHz
            MIN_CLK: 500 MHz
            MAX_CLK: 2100 MHz
            CLK_LOCKED: DISABLED
            DEEP_SLEEP: DISABLED
        GFX_7:
            CLK: 2099 MHz
            MIN_CLK: 500 MHz
            MAX_CLK: 2100 MHz
            CLK_LOCKED: DISABLED
            DEEP_SLEEP: DISABLED
        MEM_0:
            CLK: 1299 MHz
            MIN_CLK: 900 MHz
            MAX_CLK: 1300 MHz
            DEEP_SLEEP: DISABLED
        VCLK_0:
            CLK: 42 MHz
            MIN_CLK: 914 MHz
            MAX_CLK: 1333 MHz
            DEEP_SLEEP: ENABLED
        VCLK_1:
            CLK: 42 MHz
            MIN_CLK: 914 MHz
            MAX_CLK: 1333 MHz
            DEEP_SLEEP: ENABLED
        VCLK_2:
            CLK: 42 MHz
            MIN_CLK: 914 MHz
            MAX_CLK: 1333 MHz
            DEEP_SLEEP: ENABLED
        VCLK_3:
            CLK: 42 MHz
            MIN_CLK: 914 MHz
            MAX_CLK: 1333 MHz
            DEEP_SLEEP: ENABLED
        DCLK_0:
            CLK: 36 MHz
            MIN_CLK: 711 MHz
            MAX_CLK: 1143 MHz
            DEEP_SLEEP: ENABLED
        DCLK_1:
            CLK: 36 MHz
            MIN_CLK: 711 MHz
            MAX_CLK: 1143 MHz
            DEEP_SLEEP: ENABLED
        DCLK_2:
            CLK: 36 MHz
            MIN_CLK: 711 MHz
            MAX_CLK: 1143 MHz
            DEEP_SLEEP: ENABLED
        DCLK_3:
            CLK: 36 MHz
            MIN_CLK: 711 MHz
            MAX_CLK: 1143 MHz
            DEEP_SLEEP: ENABLED
        FCLK_0:
            CLK: 1800 MHz
            MIN_CLK: 1300 MHz
            MAX_CLK: 1800 MHz
            DEEP_SLEEP: DISABLED
        SOCCLK_0:
            CLK: 250 MHz
            MIN_CLK: 889 MHz
            MAX_CLK: 1143 MHz
            DEEP_SLEEP: ENABLED

### 2026-09-17T10:01:30Z
GPU: 0
    CLOCK:
        GFX_0:
            CLK: 2097 MHz
            MIN_CLK: 500 MHz
            MAX_CLK: 2100 MHz
            CLK_LOCKED: DISABLED
            DEEP_SLEEP: DISABLED
        GFX_1:
            CLK: 2101 MHz
            MIN_CLK: 500 MHz
            MAX_CLK: 2100 MHz
            CLK_LOCKED: DISABLED
            DEEP_SLEEP: DISABLED
        GFX_2:
            CLK: 2092 MHz
            MIN_CLK: 500 MHz
            MAX_CLK: 2100 MHz
            CLK_LOCKED: DISABLED
            DEEP_SLEEP: DISABLED
        GFX_3:
            CLK: 2096 MHz
            MIN_CLK: 500 MHz
            MAX_CLK: 2100 MHz
            CLK_LOCKED: DISABLED
            DEEP_SLEEP: DISABLED
        GFX_4:
            CLK: 2096 MHz
            MIN_CLK: 500 MHz
            MAX_CLK: 2100 MHz
            CLK_LOCKED: DISABLED
            DEEP_SLEEP: DISABLED
        GFX_5:
            CLK: 2084 MHz
            MIN_CLK: 500 MHz
            MAX_CLK: 2100 MHz
            CLK_LOCKED: DISABLED
            DEEP_SLEEP: DISABLED
        GFX_6:
            CLK: 2107 MHz
            MIN_CLK: 500 MHz
            MAX_CLK: 2100 MHz
            CLK_LOCKED: DISABLED
            DEEP_SLEEP: DISABLED
        GFX_7:
            CLK: 2106 MHz
            MIN_CLK: 500 MHz
            MAX_CLK: 2100 MHz
            CLK_LOCKED: DISABLED
            DEEP_SLEEP: DISABLED
        MEM_0:
            CLK: 1300 MHz
            MIN_CLK: 900 MHz
            MAX_CLK: 1300 MHz
            DEEP_SLEEP: DISABLED
        VCLK_0:
            CLK: 42 MHz
            MIN_CLK: 914 MHz
            MAX_CLK: 1333 MHz
            DEEP_SLEEP: ENABLED
        VCLK_1:
            CLK: 42 MHz
            MIN_CLK: 914 MHz
            MAX_CLK: 1333 MHz
            DEEP_SLEEP: ENABLED
        VCLK_2:
            CLK: 42 MHz
            MIN_CLK: 914 MHz
            MAX_CLK: 1333 MHz
            DEEP_SLEEP: ENABLED
        VCLK_3:
            CLK: 42 MHz
            MIN_CLK: 914 MHz
            MAX_CLK: 1333 MHz
            DEEP_SLEEP: ENABLED
        DCLK_0:
            CLK: 36 MHz
            MIN_CLK: 711 MHz
            MAX_CLK: 1143 MHz
            DEEP_SLEEP: ENABLED
        DCLK_1:
            CLK: 36 MHz
            MIN_CLK: 711 MHz
            MAX_CLK: 1143 MHz
            DEEP_SLEEP: ENABLED
        DCLK_2:
            CLK: 36 MHz
            MIN_CLK: 711 MHz
            MAX_CLK: 1143 MHz
            DEEP_SLEEP: ENABLED
        DCLK_3:
            CLK: 36 MHz
            MIN_CLK: 711 MHz
            MAX_CLK: 1143 MHz
            DEEP_SLEEP: ENABLED
        FCLK_0:
            CLK: 1800 MHz
            MIN_CLK: 1300 MHz
            MAX_CLK: 1800 MHz
            DEEP_SLEEP: DISABLED
        SOCCLK_0:
            CLK: 183 MHz
            MIN_CLK: 889 MHz
            MAX_CLK: 1143 MHz
            DEEP_SLEEP: ENABLED

