First tasks: 1
Number of all events: 24
Number of all tasks: 496
Number of triggered events: 22
Number of executed tasks: 494
[EVENT_TIMING] Allocated buffer for 2400 entries (24 events x 100 iters)
[WORKER_XCD] worker_id=18 block=18 xcd=7
[WORKER_XCD] worker_id=169 block=169 xcd=6
[WORKER_XCD] worker_id=162 block=162 xcd=7
[WORKER_XCD] worker_id=145 block=145 xcd=6
[WORKER_XCD] worker_id=106 block=106 xcd=7
[WORKER_XCD] worker_id=58 block=58 xcd=7
[WORKER_XCD] worker_id=161 block=161 xcd=6
[WORKER_XCD] worker_id=273 block=273 xcd=6
[WORKER_XCD] worker_id=114 block=114 xcd=7
[WORKER_XCD] worker_id=97 block=97 xcd=6
[WORKER_XCD] worker_id=82 block=82 xcd=7
[WORKER_XCD] worker_id=201 block=201 xcd=6
[WORKER_XCD] worker_id=2 block=2 xcd=7
[WORKER_XCD] worker_id=193 block=193 xcd=6
[WORKER_XCD] worker_id=249 block=249 xcd=6
[WORKER_XCD] worker_id=98 block=98 xcd=7
[WORKER_XCD] worker_id=242 block=242 xcd=7
[WORKER_XCD] worker_id=26 block=26 xcd=7
[WORKER_XCD] worker_id=10 block=10 xcd=7
[WORKER_XCD] worker_id=170 block=170 xcd=7
[WORKER_XCD] worker_id=65 block=65 xcd=6
[WORKER_XCD] worker_id=91 block=91 xcd=0
[WORKER_XCD] worker_id=146 block=146 xcd=7
[WORKER_XCD] worker_id=129 block=129 xcd=6
[WORKER_XCD] worker_id=75 block=75 xcd=0
[WORKER_XCD] worker_id=195 block=195 xcd=0
[WORKER_XCD] worker_id=11 block=11 xcd=0
[WORKER_XCD] worker_id=172 block=172 xcd=1
[WORKER_XCD] worker_id=186 block=186 xcd=7
[WORKER_XCD] worker_id=68 block=68 xcd=1
[WORKER_XCD] worker_id=107 block=107 xcd=0
[WORKER_XCD] worker_id=235 block=235 xcd=0
[WORKER_XCD] worker_id=267 block=267 xcd=0
[WORKER_XCD] worker_id=155 block=155 xcd=0
[WORKER_XCD] worker_id=171 block=171 xcd=0
[WORKER_XCD] worker_id=217 block=217 xcd=6
[WORKER_XCD] worker_id=164 block=164 xcd=1
[WORKER_XCD] worker_id=274 block=274 xcd=7
[WORKER_XCD] worker_id=35 block=35 xcd=0
[WORKER_XCD] worker_id=116 block=116 xcd=1
[WORKER_XCD] worker_id=115 block=115 xcd=0
[WORKER_XCD] worker_id=284 block=284 xcd=1
[WORKER_XCD] worker_id=204 block=204 xcd=1
[WORKER_XCD] worker_id=44 block=44 xcd=1
[WORKER_XCD] worker_id=51 block=51 xcd=0
[WORKER_XCD] worker_id=50 block=50 xcd=7
[WORKER_XCD] worker_id=76 block=76 xcd=1
[WORKER_XCD] worker_id=43 block=43 xcd=0
[WORKER_XCD] worker_id=194 block=194 xcd=7
[WORKER_XCD] worker_id=236 block=236 xcd=1
[WORKER_XCD] worker_id=20 block=20 xcd=1
[WORKER_XCD] worker_id=233 block=233 xcd=6
[WORKER_XCD] worker_id=220 block=220 xcd=1
[WORKER_XCD] worker_id=276 block=276 xcd=1
[WORKER_XCD] worker_id=188 block=188 xcd=1
[WORKER_XCD] worker_id=148 block=148 xcd=1
[WORKER_XCD] worker_id=163 block=163 xcd=0
[WORKER_XCD] worker_id=4 block=4 xcd=1
[WORKER_XCD] worker_id=60 block=60 xcd=1
[WORKER_XCD] worker_id=265 block=265 xcd=6
[WORKER_XCD] worker_id=219 block=219 xcd=0
[WORKER_XCD] worker_id=227 block=227 xcd=0
[WORKER_XCD] worker_id=281 block=281 xcd=6
[WORKER_XCD] worker_id=292 block=292 xcd=1
[WORKER_XCD] worker_id=156 block=156 xcd=1
[WORKER_XCD] worker_id=19 block=19 xcd=0
[WORKER_XCD] worker_id=196 block=196 xcd=1
[WORKER_XCD] worker_id=66 block=66 xcd=7
[WORKER_XCD] worker_id=42 block=42 xcd=7
[WORKER_XCD] worker_id=177 block=177 xcd=6
[WORKER_XCD] worker_id=283 block=283 xcd=0
[WORKER_XCD] worker_id=291 block=291 xcd=0
[WORKER_XCD] worker_id=250 block=250 xcd=7
[WORKER_XCD] worker_id=154 block=154 xcd=7
[WORKER_XCD] worker_id=92 block=92 xcd=1
[WORKER_XCD] worker_id=202 block=202 xcd=7
[WORKER_XCD] worker_id=99 block=99 xcd=0
[WORKER_XCD] worker_id=275 block=275 xcd=0
[WORKER_XCD] worker_id=28 block=28 xcd=1
[WORKER_XCD] worker_id=226 block=226 xcd=7
[WORKER_XCD] worker_id=282 block=282 xcd=7
[WORKER_XCD] worker_id=59 block=59 xcd=0
[WORKER_XCD] worker_id=17 block=17 xcd=6
[WORKER_XCD] worker_id=73 block=73 xcd=6
[WORKER_XCD] worker_id=210 block=210 xcd=7
[WORKER_XCD] worker_id=179 block=179 xcd=0
[WORKER_XCD] worker_id=187 block=187 xcd=0
[WORKER_XCD] worker_id=121 block=121 xcd=6
[WORKER_XCD] worker_id=52 block=52 xcd=1
[WORKER_XCD] worker_id=105 block=105 xcd=6
[WORKER_XCD] worker_id=123 block=123 xcd=0
[WORKER_XCD] worker_id=218 block=218 xcd=7
[WORKER_XCD] worker_id=241 block=241 xcd=6
[WORKER_XCD] worker_id=290 block=290 xcd=7
[WORKER_XCD] worker_id=260 block=260 xcd=1
[WORKER_XCD] worker_id=90 block=90 xcd=7
[WORKER_XCD] worker_id=243 block=243 xcd=0
[WORKER_XCD] worker_id=178 block=178 xcd=7
[WORKER_XCD] worker_id=89 block=89 xcd=6
[WORKER_XCD] worker_id=209 block=209 xcd=6
[WORKER_XCD] worker_id=130 block=130 xcd=7
[WORKER_XCD] worker_id=185 block=185 xcd=6
[WORKER_XCD] worker_id=27 block=27 xcd=0
[WORKER_XCD] worker_id=67 block=67 xcd=0
[WORKER_XCD] worker_id=34 block=34 xcd=7
[WORKER_XCD] worker_id=49 block=49 xcd=6
[WORKER_XCD] worker_id=244 block=244 xcd=1
[WORKER_XCD] worker_id=41 block=41 xcd=6
[WORKER_XCD] worker_id=147 block=147 xcd=0
[WORKER_XCD] worker_id=203 block=203 xcd=0
[WORKER_XCD] worker_id=81 block=81 xcd=6
[WORKER_XCD] worker_id=258 block=258 xcd=7
[WORKER_XCD] worker_id=33 block=33 xcd=6
[WORKER_XCD] worker_id=140 block=140 xcd=1
[WORKER_XCD] worker_id=36 block=36 xcd=1
[WORKER_XCD] worker_id=211 block=211 xcd=0
[WORKER_XCD] worker_id=137 block=137 xcd=6
[WORKER_XCD] worker_id=153 block=153 xcd=6
[WORKER_XCD] worker_id=12 block=12 xcd=1
[WORKER_XCD] worker_id=124 block=124 xcd=1
[WORKER_XCD] worker_id=25 block=25 xcd=6
[WORKER_XCD] worker_id=228 block=228 xcd=1
[WORKER_XCD] worker_id=259 block=259 xcd=0
[WORKER_XCD] worker_id=1 block=1 xcd=6
[WORKER_XCD] worker_id=9 block=9 xcd=6
[WORKER_XCD] worker_id=100 block=100 xcd=1
[WORKER_XCD] worker_id=180 block=180 xcd=1
[WORKER_XCD] worker_id=83 block=83 xcd=0
[WORKER_XCD] worker_id=74 block=74 xcd=7
[WORKER_XCD] worker_id=3 block=3 xcd=0
[WORKER_XCD] worker_id=257 block=257 xcd=6
[WORKER_XCD] worker_id=251 block=251 xcd=0
[WORKER_XCD] worker_id=84 block=84 xcd=1
[WORKER_XCD] worker_id=108 block=108 xcd=1
[WORKER_XCD] worker_id=289 block=289 xcd=6
[WORKER_XCD] worker_id=225 block=225 xcd=6
[WORKER_XCD] worker_id=268 block=268 xcd=1
[WORKER_XCD] worker_id=57 block=57 xcd=6
[WORKER_XCD] worker_id=252 block=252 xcd=1
[WORKER_XCD] worker_id=138 block=138 xcd=7
[WORKER_XCD] worker_id=113 block=113 xcd=6
[WORKER_XCD] worker_id=131 block=131 xcd=0
[WORKER_XCD] worker_id=212 block=212 xcd=1
[WORKER_XCD] worker_id=139 block=139 xcd=0
[WORKER_XCD] worker_id=122 block=122 xcd=7
[WORKER_XCD] worker_id=234 block=234 xcd=7
[WORKER_XCD] worker_id=132 block=132 xcd=1
[WORKER_XCD] worker_id=266 block=266 xcd=7
[WORKER_XCD] worker_id=214 block=214 xcd=3
[WORKER_XCD] worker_id=78 block=78 xcd=3
[WORKER_XCD] worker_id=86 block=86 xcd=3
[WORKER_XCD] worker_id=206 block=206 xcd=3
[WORKER_XCD] worker_id=166 block=166 xcd=3
[WORKER_XCD] worker_id=262 block=262 xcd=3
[WORKER_XCD] worker_id=198 block=198 xcd=3
[WORKER_XCD] worker_id=126 block=126 xcd=3
[WORKER_XCD] worker_id=14 block=14 xcd=3
[WORKER_XCD] worker_id=30 block=30 xcd=3
[WORKER_XCD] worker_id=246 block=246 xcd=3
[WORKER_XCD] worker_id=294 block=294 xcd=3
[WORKER_XCD] worker_id=55 block=55 xcd=4
[WORKER_XCD] worker_id=102 block=102 xcd=3
[WORKER_XCD] worker_id=270 block=270 xcd=3
[WORKER_XCD] worker_id=7 block=7 xcd=4
[WORKER_XCD] worker_id=205 block=205 xcd=2
[WORKER_XCD] worker_id=295 block=295 xcd=4
[WORKER_XCD] worker_id=158 block=158 xcd=3
[WORKER_XCD] worker_id=118 block=118 xcd=3
[WORKER_XCD] worker_id=38 block=38 xcd=3
[WORKER_XCD] worker_id=208 block=208 xcd=5
[WORKER_XCD] worker_id=22 block=22 xcd=3
[WORKER_XCD] worker_id=286 block=286 xcd=3
[WORKER_XCD] worker_id=150 block=150 xcd=3
[WORKER_XCD] worker_id=134 block=134 xcd=3
[WORKER_XCD] worker_id=230 block=230 xcd=3
[WORKER_XCD] worker_id=94 block=94 xcd=3
[WORKER_XCD] worker_id=110 block=110 xcd=3
[WORKER_XCD] worker_id=135 block=135 xcd=4
[WORKER_XCD] worker_id=62 block=62 xcd=3
[WORKER_XCD] worker_id=182 block=182 xcd=3
[WORKER_XCD] worker_id=222 block=222 xcd=3
[WORKER_XCD] worker_id=240 block=240 xcd=5
[WORKER_XCD] worker_id=254 block=254 xcd=3
[WORKER_XCD] worker_id=190 block=190 xcd=3
[WORKER_XCD] worker_id=70 block=70 xcd=3
[WORKER_XCD] worker_id=142 block=142 xcd=3
[WORKER_XCD] worker_id=151 block=151 xcd=4
[WORKER_XCD] worker_id=232 block=232 xcd=5
[WORKER_XCD] worker_id=223 block=223 xcd=4
[WORKER_XCD] worker_id=6 block=6 xcd=3
[WORKER_XCD] worker_id=46 block=46 xcd=3
[WORKER_XCD] worker_id=174 block=174 xcd=3
[WORKER_XCD] worker_id=278 block=278 xcd=3
[WORKER_XCD] worker_id=200 block=200 xcd=5
[WORKER_XCD] worker_id=54 block=54 xcd=3
[WORKER_XCD] worker_id=31 block=31 xcd=4
[WORKER_XCD] worker_id=280 block=280 xcd=5
[WORKER_XCD] worker_id=237 block=237 xcd=2
[WORKER_XCD] worker_id=72 block=72 xcd=5
[WORKER_XCD] worker_id=64 block=64 xcd=5
[WORKER_XCD] worker_id=144 block=144 xcd=5
[WORKER_XCD] worker_id=256 block=256 xcd=5
[WORKER_XCD] worker_id=272 block=272 xcd=5
[WORKER_XCD] worker_id=152 block=152 xcd=5
[WORKER_XCD] worker_id=77 block=77 xcd=2
[WORKER_XCD] worker_id=32 block=32 xcd=5
[WORKER_XCD] worker_id=128 block=128 xcd=5
[WORKER_XCD] worker_id=149 block=149 xcd=2
[WORKER_XCD] worker_id=79 block=79 xcd=4
[WORKER_XCD] worker_id=87 block=87 xcd=4
[WORKER_XCD] worker_id=160 block=160 xcd=5
[WORKER_XCD] worker_id=216 block=216 xcd=5
[WORKER_XCD] worker_id=56 block=56 xcd=5
[WORKER_XCD] worker_id=21 block=21 xcd=2
[WORKER_XCD] worker_id=143 block=143 xcd=4
[WORKER_XCD] worker_id=93 block=93 xcd=2
[WORKER_XCD] worker_id=103 block=103 xcd=4
[WORKER_XCD] worker_id=238 block=238 xcd=3
[WORKER_XCD] worker_id=95 block=95 xcd=4
[WORKER_XCD] worker_id=224 block=224 xcd=5
[WORKER_XCD] worker_id=293 block=293 xcd=2
[WORKER_XCD] worker_id=287 block=287 xcd=4
[WORKER_XCD] worker_id=159 block=159 xcd=4
[WORKER_XCD] worker_id=288 block=288 xcd=5
[WORKER_XCD] worker_id=127 block=127 xcd=4
[WORKER_XCD] worker_id=173 block=173 xcd=2
[WORKER_XCD] worker_id=207 block=207 xcd=4
[WORKER_XCD] worker_id=176 block=176 xcd=5
[WORKER_XCD] worker_id=167 block=167 xcd=4
[WORKER_XCD] worker_id=136 block=136 xcd=5
[WORKER_XCD] worker_id=215 block=215 xcd=4
[WORKER_XCD] worker_id=24 block=24 xcd=5
[WORKER_XCD] worker_id=191 block=191 xcd=4
[WORKER_XCD] worker_id=181 block=181 xcd=2
[WORKER_XCD] worker_id=112 block=112 xcd=5
[WORKER_XCD] worker_id=183 block=183 xcd=4
[WORKER_XCD] worker_id=40 block=40 xcd=5
[WORKER_XCD] worker_id=271 block=271 xcd=4
[WORKER_XCD] worker_id=199 block=199 xcd=4
[WORKER_XCD] worker_id=13 block=13 xcd=2
[WORKER_XCD] worker_id=69 block=69 xcd=2
[WORKER_XCD] worker_id=184 block=184 xcd=5
[WORKER_XCD] worker_id=269 block=269 xcd=2
[WORKER_XCD] worker_id=80 block=80 xcd=5
[WORKER_XCD] worker_id=16 block=16 xcd=5
[WORKER_XCD] worker_id=104 block=104 xcd=5
[WORKER_XCD] worker_id=96 block=96 xcd=5
[WORKER_XCD] worker_id=279 block=279 xcd=4
[WORKER_XCD] worker_id=175 block=175 xcd=4
[WORKER_XCD] worker_id=88 block=88 xcd=5
[WORKER_XCD] worker_id=71 block=71 xcd=4
[WORKER_XCD] worker_id=192 block=192 xcd=5
[WORKER_XCD] worker_id=48 block=48 xcd=5
[WORKER_XCD] worker_id=264 block=264 xcd=5
[WORKER_XCD] worker_id=117 block=117 xcd=2
[WORKER_XCD] worker_id=63 block=63 xcd=4
[WORKER_XCD] worker_id=255 block=255 xcd=4
[WORKER_XCD] worker_id=23 block=23 xcd=4
[WORKER_XCD] worker_id=39 block=39 xcd=4
[WORKER_XCD] worker_id=168 block=168 xcd=5
[WORKER_XCD] worker_id=15 block=15 xcd=4
[WORKER_XCD] worker_id=0 block=0 xcd=5
[WORKER_XCD] worker_id=119 block=119 xcd=4
[WORKER_XCD] worker_id=141 block=141 xcd=2
[WORKER_XCD] worker_id=47 block=47 xcd=4
[WORKER_XCD] worker_id=120 block=120 xcd=5
[WORKER_XCD] worker_id=248 block=248 xcd=5
[WORKER_XCD] worker_id=285 block=285 xcd=2
[WORKER_XCD] worker_id=239 block=239 xcd=4
[WORKER_XCD] worker_id=247 block=247 xcd=4
[WORKER_XCD] worker_id=231 block=231 xcd=4
[WORKER_XCD] worker_id=263 block=263 xcd=4
[WORKER_XCD] worker_id=8 block=8 xcd=5
[WORKER_XCD] worker_id=45 block=45 xcd=2
[WORKER_XCD] worker_id=213 block=213 xcd=2
[WORKER_XCD] worker_id=221 block=221 xcd=2
[WORKER_XCD] worker_id=37 block=37 xcd=2
[WORKER_XCD] worker_id=133 block=133 xcd=2
[WORKER_XCD] worker_id=29 block=29 xcd=2
[WORKER_XCD] worker_id=5 block=5 xcd=2
[WORKER_XCD] worker_id=85 block=85 xcd=2
[WORKER_XCD] worker_id=109 block=109 xcd=2
[WORKER_XCD] worker_id=125 block=125 xcd=2
[WORKER_XCD] worker_id=61 block=61 xcd=2
[WORKER_XCD] worker_id=261 block=261 xcd=2
[WORKER_XCD] worker_id=111 block=111 xcd=4
[WORKER_XCD] worker_id=197 block=197 xcd=2
[WORKER_XCD] worker_id=53 block=53 xcd=2
[WORKER_XCD] worker_id=245 block=245 xcd=2
[WORKER_XCD] worker_id=229 block=229 xcd=2
[WORKER_XCD] worker_id=277 block=277 xcd=2
[WORKER_XCD] worker_id=189 block=189 xcd=2
[WORKER_XCD] worker_id=157 block=157 xcd=2
[WORKER_XCD] worker_id=101 block=101 xcd=2
[WORKER_XCD] worker_id=253 block=253 xcd=2
[WORKER_XCD] worker_id=165 block=165 xcd=2
[SCHED_XCD] sched_id=1 xcd=1 workers_on_xcd=37 block=3
[SCHED_XCD] sched_id=2 xcd=2 workers_on_xcd=37 block=4
[SCHED_XCD] sched_id=0 xcd=0 workers_on_xcd=37 block=2
[SCHED_XCD] sched_id=6 xcd=6 workers_on_xcd=37 block=0
[SCHED_XCD] sched_id=3 xcd=3 workers_on_xcd=37 block=5
[SCHED_XCD] sched_id=5 xcd=5 workers_on_xcd=37 block=7
[SCHED_XCD] sched_id=4 xcd=4 workers_on_xcd=37 block=6
[SCHED_XCD] sched_id=7 xcd=7 workers_on_xcd=37 block=1
[FWD_PASS] iter=1 time_ms=1.343 num_active_tokens=1
[FWD_PASS] iter=1 time_ms=1.175 num_active_tokens=1
[FWD_PASS] iter=2 time_ms=1.831 num_active_tokens=1
[FWD_PASS] iter=3 time_ms=0.657 num_active_tokens=1
[FWD_PASS] iter=2 time_ms=2.982 num_active_tokens=1
[FWD_PASS] iter=1 time_ms=2.976 num_active_tokens=1
[FWD_PASS] iter=2 time_ms=0.664 num_active_tokens=1
[FWD_PASS] iter=1 time_ms=2.983 num_active_tokens=1
[FWD_PASS] iter=2 time_ms=0.660 num_active_tokens=1
[FWD_PASS] iter=1 time_ms=1.817 num_active_tokens=1
[FWD_PASS] iter=4 time_ms=5.630 num_active_tokens=1
[FWD_PASS] iter=2 time_ms=1.321 num_active_tokens=1
[FWD_PASS] iter=3 time_ms=6.290 num_active_tokens=1
[FWD_PASS] iter=3 time_ms=5.647 num_active_tokens=1
[FWD_PASS] iter=4 time_ms=1.354 num_active_tokens=1
[FWD_PASS] iter=5 time_ms=0.671 num_active_tokens=1
[FWD_PASS] iter=3 time_ms=5.837 num_active_tokens=1
[FWD_PASS] iter=4 time_ms=0.673 num_active_tokens=1
[FWD_PASS] iter=3 time_ms=5.196 num_active_tokens=1
[FWD_PASS] iter=1 time_ms=5.193 num_active_tokens=1
[FWD_PASS] iter=5 time_ms=7.184 num_active_tokens=1
[FWD_PASS] iter=2 time_ms=1.831 num_active_tokens=1
[FWD_PASS] iter=4 time_ms=6.519 num_active_tokens=1
[FWD_PASS] iter=3 time_ms=1.839 num_active_tokens=1
[FWD_PASS] iter=1 time_ms=3.011 num_active_tokens=1
[TIMING] worker=131 tasks=144 poll_iters=59294 dep_iters=10511 poll_cycles=151878848 dep_cycles=22257972 exec_cycles=5310540 signal_cycles=311396
[TIMING] worker=67 tasks=144 poll_iters=66615 dep_iters=10551 poll_cycles=170620700 dep_cycles=22348836 exec_cycles=5388736 signal_cycles=306912
[TIMING] worker=19 tasks=208 poll_iters=76108 dep_iters=7291 poll_cycles=194803152 dep_cycles=15465256 exec_cycles=13510504 signal_cycles=400688
[TIMING] worker=107 tasks=144 poll_iters=93203 dep_iters=10764 poll_cycles=238611572 dep_cycles=22785988 exec_cycles=5012960 signal_cycles=294432
[TIMING] worker=73 tasks=144 poll_iters=69768 dep_iters=10705 poll_cycles=178708524 dep_cycles=22682352 exec_cycles=5433708 signal_cycles=295464
[TIMING] worker=75 tasks=144 poll_iters=93838 dep_iters=10640 poll_cycles=240326240 dep_cycles=22526588 exec_cycles=5251316 signal_cycles=308068
[TIMING] worker=137 tasks=144 poll_iters=64094 dep_iters=10575 poll_cycles=164180152 dep_cycles=22397120 exec_cycles=5561120 signal_cycles=299848
[TIMING] worker=233 tasks=111 poll_iters=76852 dep_iters=10982 poll_cycles=196865248 dep_cycles=23243824 exec_cycles=3441200 signal_cycles=240464
[TIMING] worker=267 tasks=111 poll_iters=95162 dep_iters=10987 poll_cycles=243754600 dep_cycles=23250040 exec_cycles=2822172 signal_cycles=235804
[TIMING] worker=49 tasks=144 poll_iters=66143 dep_iters=10228 poll_cycles=169420108 dep_cycles=21677660 exec_cycles=6470844 signal_cycles=293468
[TIMING] worker=242 tasks=111 poll_iters=67897 dep_iters=10958 poll_cycles=173933284 dep_cycles=23185460 exec_cycles=3243820 signal_cycles=229848
[TIMING] worker=283 tasks=111 poll_iters=79312 dep_iters=10860 poll_cycles=203147852 dep_cycles=22976472 exec_cycles=2916184 signal_cycles=244748
[TIMING] worker=179 tasks=112 poll_iters=68536 dep_iters=10294 poll_cycles=175744692 dep_cycles=21783952 exec_cycles=4130344 signal_cycles=237512
[TIMING] worker=178 tasks=112 poll_iters=69312 dep_iters=9979 poll_cycles=177565528 dep_cycles=21122676 exec_cycles=4245084 signal_cycles=216260
[TIMING] worker=60 tasks=144 poll_iters=79800 dep_iters=10795 poll_cycles=201093728 dep_cycles=22864220 exec_cycles=5260428 signal_cycles=306968
[TIMING] worker=100 tasks=144 poll_iters=62560 dep_iters=10822 poll_cycles=156988012 dep_cycles=22923640 exec_cycles=5120720 signal_cycles=305172
[TIMING] worker=171 tasks=144 poll_iters=92722 dep_iters=10089 poll_cycles=237680040 dep_cycles=21369280 exec_cycles=5776044 signal_cycles=295572
[TIMING] worker=59 tasks=144 poll_iters=69591 dep_iters=10482 poll_cycles=178237952 dep_cycles=22202456 exec_cycles=5582220 signal_cycles=302904
[TIMING] worker=115 tasks=144 poll_iters=60250 dep_iters=10713 poll_cycles=154318256 dep_cycles=22681660 exec_cycles=5039844 signal_cycles=299972
[TASK_TIME] worker=107 linear=2201452/54 linear_res=451892/18 attn=0/0 rms=0/0 silu=4720/2 fused=0/0
[TIMING] worker=65 tasks=144 poll_iters=103199 dep_iters=10668 poll_cycles=264300804 dep_cycles=22594440 exec_cycles=5536796 signal_cycles=286436
[TIMING] worker=17 tasks=208 poll_iters=71294 dep_iters=7150 poll_cycles=182629164 dep_cycles=15201144 exec_cycles=13793984 signal_cycles=426176
[TASK_TIME] worker=267 linear=478172/23 linear_res=744044/21 attn=0/0 rms=0/0 silu=2400/1 fused=0/0
[TIMING] worker=34 tasks=208 poll_iters=64865 dep_iters=8930 poll_cycles=166166288 dep_cycles=18952540 exec_cycles=9288208 signal_cycles=441404
[TIMING] worker=3 tasks=272 poll_iters=61368 dep_iters=5917 poll_cycles=157190528 dep_cycles=12609032 exec_cycles=15903092 signal_cycles=775124
[TASK_TIME] worker=19 linear=2170652/57 linear_res=1187000/20 attn=0/0 rms=3580/1 silu=0/0 fused=0/0
[TIMING] worker=210 tasks=111 poll_iters=72395 dep_iters=10311 poll_cycles=185423304 dep_cycles=21822576 exec_cycles=3842772 signal_cycles=229044
[TIMING] worker=140 tasks=144 poll_iters=64023 dep_iters=10307 poll_cycles=163988948 dep_cycles=21837624 exec_cycles=5877708 signal_cycles=298316
[TIMING] worker=90 tasks=144 poll_iters=64798 dep_iters=10588 poll_cycles=166005800 dep_cycles=22427964 exec_cycles=4890448 signal_cycles=300332
[TIMING] worker=25 tasks=208 poll_iters=63247 dep_iters=7153 poll_cycles=162008220 dep_cycles=15197804 exec_cycles=13768864 signal_cycles=394168
[TIMING] worker=99 tasks=144 poll_iters=62329 dep_iters=10862 poll_cycles=159641664 dep_cycles=22999884 exec_cycles=4823536 signal_cycles=308228
[TIMING] worker=196 tasks=112 poll_iters=65997 dep_iters=10578 poll_cycles=169028788 dep_cycles=22385924 exec_cycles=3960012 signal_cycles=247368
[TIMING] worker=273 tasks=111 poll_iters=126586 dep_iters=11129 poll_cycles=324196816 dep_cycles=23552180 exec_cycles=2918536 signal_cycles=250300
[TIMING] worker=105 tasks=144 poll_iters=65525 dep_iters=10873 poll_cycles=167841968 dep_cycles=23024128 exec_cycles=5108344 signal_cycles=286520
[TIMING] worker=106 tasks=144 poll_iters=134509 dep_iters=10635 poll_cycles=344453020 dep_cycles=22517972 exec_cycles=4800688 signal_cycles=277348
[TIMING] worker=138 tasks=144 poll_iters=59399 dep_iters=10253 poll_cycles=152187708 dep_cycles=21714792 exec_cycles=5396944 signal_cycles=272504
[TIMING] worker=89 tasks=144 poll_iters=66433 dep_iters=10925 poll_cycles=170163756 dep_cycles=23135328 exec_cycles=5091452 signal_cycles=300976
[TIMING] worker=163 tasks=144 poll_iters=78569 dep_iters=10152 poll_cycles=201438800 dep_cycles=21503248 exec_cycles=5764992 signal_cycles=302292
[TIMING] worker=33 tasks=208 poll_iters=64637 dep_iters=10375 poll_cycles=165569028 dep_cycles=21994672 exec_cycles=6887180 signal_cycles=423728
[TIMING] worker=41 tasks=144 poll_iters=66829 dep_iters=10192 poll_cycles=171209768 dep_cycles=21593000 exec_cycles=6625576 signal_cycles=288800
[TIMING] worker=81 tasks=144 poll_iters=64417 dep_iters=10822 poll_cycles=164996884 dep_cycles=22929520 exec_cycles=5251496 signal_cycles=297788
[TIMING] worker=97 tasks=144 poll_iters=123043 dep_iters=10980 poll_cycles=307296932 dep_cycles=23249212 exec_cycles=4985512 signal_cycles=275540
[TIMING] worker=290 tasks=111 poll_iters=69638 dep_iters=10472 poll_cycles=178404264 dep_cycles=22165956 exec_cycles=3166760 signal_cycles=231860
[TIMING] worker=123 tasks=144 poll_iters=70185 dep_iters=10569 poll_cycles=179772004 dep_cycles=22379336 exec_cycles=5231284 signal_cycles=299604
[TIMING] worker=154 tasks=144 poll_iters=70246 dep_iters=9933 poll_cycles=179962880 dep_cycles=21037316 exec_cycles=5729832 signal_cycles=313520
[TIMING] worker=148 tasks=144 poll_iters=80587 dep_iters=10215 poll_cycles=206402472 dep_cycles=21636412 exec_cycles=5981388 signal_cycles=307104
[TIMING] worker=91 tasks=144 poll_iters=93110 dep_iters=10710 poll_cycles=238474868 dep_cycles=22677312 exec_cycles=5121620 signal_cycles=316828
[TASK_TIME] worker=3 linear=2146992/56 linear_res=997524/18 attn=0/0 rms=0/0 silu=0/0 fused=0/0
[TIMING] worker=234 tasks=111 poll_iters=59605 dep_iters=10806 poll_cycles=152706032 dep_cycles=22865548 exec_cycles=3309824 signal_cycles=211332
[TIMING] worker=252 tasks=111 poll_iters=61939 dep_iters=11222 poll_cycles=158642156 dep_cycles=23737676 exec_cycles=3319608 signal_cycles=236476
[TASK_TIME] worker=67 linear=1927488/48 linear_res=1111960/24 attn=0/0 rms=3412/1 silu=2316/1 fused=0/0
[TIMING] worker=98 tasks=144 poll_iters=105351 dep_iters=10653 poll_cycles=269844472 dep_cycles=22557716 exec_cycles=4775228 signal_cycles=306848
[TIMING] worker=161 tasks=144 poll_iters=125886 dep_iters=10235 poll_cycles=318196360 dep_cycles=21672472 exec_cycles=5929648 signal_cycles=283144
[TIMING] worker=129 tasks=144 poll_iters=88144 dep_iters=10662 poll_cycles=225696984 dep_cycles=22585052 exec_cycles=5398780 signal_cycles=307824
[TIMING] worker=36 tasks=208 poll_iters=62651 dep_iters=9311 poll_cycles=160474476 dep_cycles=19746584 exec_cycles=9065892 signal_cycles=445860
[TIMING] worker=12 tasks=272 poll_iters=62839 dep_iters=5826 poll_cycles=160963624 dep_cycles=12453164 exec_cycles=16256408 signal_cycles=594604
[TASK_TIME] worker=233 linear=391924/19 linear_res=647120/20 attn=0/0 rms=3876/1 silu=4700/2 fused=0/0
[TIMING] worker=20 tasks=208 poll_iters=83351 dep_iters=7130 poll_cycles=213483640 dep_cycles=15145144 exec_cycles=13800208 signal_cycles=434680
[TASK_TIME2] worker=267 prep=0/0 attend=0/0 merge=0/0 router=0/0 copy=0/0 w2silu=0/0 lnorm=0/0 prefetch=0/0
[TIMING] worker=162 tasks=144 poll_iters=132700 dep_iters=9809 poll_cycles=339883700 dep_cycles=20782096 exec_cycles=5895024 signal_cycles=282764
[TIMING] worker=68 tasks=144 poll_iters=93732 dep_iters=10837 poll_cycles=240048548 dep_cycles=22951768 exec_cycles=5192860 signal_cycles=293968
[TASK_TIME] worker=106 linear=2171964/56 linear_res=430704/17 attn=0/0 rms=3764/1 silu=4376/2 fused=0/0
[TIMING] worker=226 tasks=111 poll_iters=70693 dep_iters=10663 poll_cycles=182208484 dep_cycles=22573884 exec_cycles=3428196 signal_cycles=241064
[TASK_TIME] worker=25 linear=2113592/54 linear_res=1362988/21 attn=0/0 rms=0/0 silu=0/0 fused=0/0
[TIMING] worker=74 tasks=144 poll_iters=61788 dep_iters=10538 poll_cycles=158301532 dep_cycles=22319716 exec_cycles=4984764 signal_cycles=290488
[TASK_TIME] worker=140 linear=2301656/56 linear_res=1285124/21 attn=0/0 rms=0/0 silu=0/0 fused=0/0
[TASK_TIME] worker=179 linear=434852/21 linear_res=1283784/21 attn=0/0 rms=3936/1 silu=0/0 fused=0/0
[TASK_TIME] worker=97 linear=2174744/54 linear_res=376252/18 attn=0/0 rms=4200/1 silu=2312/1 fused=0/0
[TIMING] worker=2 tasks=272 poll_iters=119538 dep_iters=5700 poll_cycles=306178640 dep_cycles=12168540 exec_cycles=16038620 signal_cycles=711048
[TIMING] worker=113 tasks=144 poll_iters=60165 dep_iters=10798 poll_cycles=154110308 dep_cycles=22869328 exec_cycles=5215396 signal_cycles=308188
[TIMING] worker=185 tasks=112 poll_iters=67033 dep_iters=10351 poll_cycles=171712384 dep_cycles=21908484 exec_cycles=4293096 signal_cycles=219224
[TASK_TIME] worker=123 linear=2201892/55 linear_res=744456/21 attn=0/0 rms=0/0 silu=2316/1 fused=0/0
[TIMING] worker=225 tasks=111 poll_iters=61875 dep_iters=10811 poll_cycles=158463288 dep_cycles=22876200 exec_cycles=3704184 signal_cycles=229972
[TASK_TIME2] worker=233 prep=61436/4 attend=0/0 merge=0/0 router=0/0 copy=0/0 w2silu=0/0 lnorm=0/0 prefetch=0/0
[TIMING] worker=84 tasks=144 poll_iters=61051 dep_iters=10912 poll_cycles=156365648 dep_cycles=23111752 exec_cycles=5023536 signal_cycles=317244
[TIMING] worker=193 tasks=112 poll_iters=119543 dep_iters=10404 poll_cycles=306160316 dep_cycles=22015740 exec_cycles=4250028 signal_cycles=222636
[TIMING] worker=156 tasks=144 poll_iters=76689 dep_iters=10175 poll_cycles=196411156 dep_cycles=21547336 exec_cycles=5960580 signal_cycles=309064
[TASK_TIME2] worker=3 prep=46712/3 attend=7213532/64 merge=2444592/64 router=0/0 copy=0/0 w2silu=0/0 lnorm=0/0 prefetch=0/0
[TASK_TIME] worker=148 linear=2277436/54 linear_res=1383060/22 attn=0/0 rms=0/0 silu=0/0 fused=0/0
[TIMING] worker=268 tasks=111 poll_iters=62137 dep_iters=11047 poll_cycles=159157572 dep_cycles=23383960 exec_cycles=2965808 signal_cycles=242520
[TASK_TIME2] worker=25 prep=77836/5 attend=7166448/64 merge=0/0 router=0/0 copy=0/0 w2silu=0/0 lnorm=0/0 prefetch=0/0
[TASK_TIME] worker=154 linear=2220564/56 linear_res=1242724/19 attn=0/0 rms=7248/2 silu=0/0 fused=0/0
[TIMING] worker=220 tasks=111 poll_iters=84592 dep_iters=11059 poll_cycles=216648068 dep_cycles=23398204 exec_cycles=3405648 signal_cycles=236576
[TIMING] worker=139 tasks=144 poll_iters=59921 dep_iters=10427 poll_cycles=153491688 dep_cycles=22080308 exec_cycles=5381664 signal_cycles=311140
[TIMING] worker=28 tasks=208 poll_iters=65490 dep_iters=7136 poll_cycles=167708952 dep_cycles=15149480 exec_cycles=13742664 signal_cycles=416652
[TIMING] worker=258 tasks=111 poll_iters=65160 dep_iters=10957 poll_cycles=166932936 dep_cycles=23189584 exec_cycles=2652300 signal_cycles=248168
[TASK_TIME2] worker=179 prep=79336/5 attend=0/0 merge=0/0 router=0/0 copy=0/0 w2silu=0/0 lnorm=0/0 prefetch=0/0
[TIMING] worker=116 tasks=144 poll_iters=84793 dep_iters=10696 poll_cycles=217172576 dep_cycles=22651764 exec_cycles=5359832 signal_cycles=298884
[TASK_TIME2] worker=123 prep=15804/1 attend=0/0 merge=0/0 router=0/0 copy=0/0 w2silu=0/0 lnorm=0/0 prefetch=0/0
[TIMING] worker=58 tasks=144 poll_iters=129879 dep_iters=10336 poll_cycles=332725352 dep_cycles=21899952 exec_cycles=5337508 signal_cycles=289240
[TASK_TIME] worker=185 linear=351452/17 linear_res=1403928/23 attn=0/0 rms=0/0 silu=0/0 fused=0/0
[TASK_TIME] worker=100 linear=2276880/54 linear_res=508956/17 attn=0/0 rms=3868/1 silu=2440/1 fused=0/0
[TIMING] worker=147 tasks=144 poll_iters=66951 dep_iters=10373 poll_cycles=171437556 dep_cycles=21962168 exec_cycles=5442700 signal_cycles=290700
[TIMING] worker=218 tasks=111 poll_iters=68221 dep_iters=10494 poll_cycles=174773776 dep_cycles=22210496 exec_cycles=3558176 signal_cycles=242096
[TIMING] worker=164 tasks=144 poll_iters=90653 dep_iters=10121 poll_cycles=230149316 dep_cycles=21427400 exec_cycles=5988616 signal_cycles=317180
[TIMING] worker=241 tasks=111 poll_iters=70678 dep_iters=11101 poll_cycles=181043520 dep_cycles=23492756 exec_cycles=3326264 signal_cycles=228532
[TIMING] worker=235 tasks=111 poll_iters=95720 dep_iters=10640 poll_cycles=245149492 dep_cycles=22513200 exec_cycles=3519340 signal_cycles=233076
[TASK_TIME2] worker=106 prep=16848/1 attend=0/0 merge=0/0 router=0/0 copy=0/0 w2silu=0/0 lnorm=0/0 prefetch=0/0
[TIMING] worker=289 tasks=111 poll_iters=61975 dep_iters=10831 poll_cycles=158774388 dep_cycles=22913156 exec_cycles=3275264 signal_cycles=242944
[TIMING] worker=10 tasks=272 poll_iters=96345 dep_iters=5732 poll_cycles=246764724 dep_cycles=12218480 exec_cycles=16064040 signal_cycles=535228
[TIMING] worker=146 tasks=144 poll_iters=96667 dep_iters=10181 poll_cycles=246207256 dep_cycles=21563052 exec_cycles=5460984 signal_cycles=275136
[TASK_TIME] worker=115 linear=2182904/55 linear_res=549676/19 attn=0/0 rms=0/0 silu=2364/1 fused=0/0
[TASK_TIME] worker=34 linear=1998132/50 linear_res=1525060/25 attn=0/0 rms=0/0 silu=0/0 fused=0/0
[TIMING] worker=194 tasks=112 poll_iters=81396 dep_iters=10063 poll_cycles=208514608 dep_cycles=21301112 exec_cycles=4048196 signal_cycles=246572
[TIMING] worker=145 tasks=144 poll_iters=130798 dep_iters=10492 poll_cycles=335000232 dep_cycles=22222152 exec_cycles=5674816 signal_cycles=284156
[TASK_TIME] worker=137 linear=2225692/56 linear_res=934788/19 attn=0/0 rms=7448/2 silu=0/0 fused=0/0
[TASK_TIME] worker=252 linear=454432/22 linear_res=585012/17 attn=0/0 rms=3916/1 silu=2224/1 fused=0/0
[TIMING] worker=52 tasks=144 poll_iters=69323 dep_iters=10326 poll_cycles=177583636 dep_cycles=21870900 exec_cycles=6157916 signal_cycles=311764
[TIMING] worker=27 tasks=208 poll_iters=62631 dep_iters=7224 poll_cycles=160428784 dep_cycles=15334608 exec_cycles=13545476 signal_cycles=435824
[TIMING] worker=249 tasks=111 poll_iters=120182 dep_iters=11220 poll_cycles=307799980 dep_cycles=23745448 exec_cycles=3346292 signal_cycles=212904
[TASK_TIME] worker=75 linear=1931328/48 linear_res=959172/24 attn=0/0 rms=7224/2 silu=4968/2 fused=0/0
[TIMING] worker=92 tasks=144 poll_iters=72991 dep_iters=10888 poll_cycles=186939296 dep_cycles=23067984 exec_cycles=5043600 signal_cycles=309892
[TASK_TIME] worker=20 linear=2171316/52 linear_res=1428740/24 attn=0/0 rms=0/0 silu=0/0 fused=0/0
[TIMING] worker=292 tasks=111 poll_iters=79401 dep_iters=10516 poll_cycles=203380944 dep_cycles=22252196 exec_cycles=3539084 signal_cycles=237188
[TASK_TIME] worker=49 linear=2035144/49 linear_res=1270428/24 attn=0/0 rms=0/0 silu=4592/2 fused=0/0
[TASK_TIME2] worker=148 prep=78460/4 attend=0/0 merge=0/0 router=0/0 copy=0/0 w2silu=0/0 lnorm=0/0 prefetch=0/0
[TIMING] worker=276 tasks=111 poll_iters=84762 dep_iters=10940 poll_cycles=217090284 dep_cycles=23149492 exec_cycles=3054516 signal_cycles=247060
[TIMING] worker=236 tasks=111 poll_iters=85419 dep_iters=11226 poll_cycles=218765192 dep_cycles=23751664 exec_cycles=3224900 signal_cycles=252524
[TASK_TIME2] worker=185 prep=123636/8 attend=0/0 merge=0/0 router=0/0 copy=0/0 w2silu=0/0 lnorm=0/0 prefetch=0/0
[TASK_TIME2] worker=154 prep=46196/3 attend=0/0 merge=0/0 router=0/0 copy=0/0 w2silu=0/0 lnorm=0/0 prefetch=0/0
[TASK_TIME] worker=196 linear=329564/16 linear_res=1235020/26 attn=0/0 rms=3580/1 silu=2220/1 fused=0/0
[TASK_TIME] worker=131 linear=2208456/56 linear_res=779536/19 attn=0/0 rms=0/0 silu=4668/2 fused=0/0
[TASK_TIME] worker=12 linear=2207580/53 linear_res=1366180/21 attn=0/0 rms=0/0 silu=0/0 fused=0/0
[TIMING] worker=188 tasks=112 poll_iters=81312 dep_iters=10488 poll_cycles=208249928 dep_cycles=22196604 exec_cycles=4038260 signal_cycles=232288
[TIMING] worker=57 tasks=144 poll_iters=61131 dep_iters=10658 poll_cycles=152684292 dep_cycles=22584184 exec_cycles=5596024 signal_cycles=281304
[TASK_TIME] worker=146 linear=2216436/57 linear_res=948940/16 attn=0/0 rms=10476/3 silu=0/0 fused=0/0
[TASK_TIME] worker=36 linear=2139824/50 linear_res=1274376/24 attn=0/0 rms=4004/1 silu=0/0 fused=0/0
[TASK_TIME] worker=91 linear=2038984/52 linear_res=782864/23 attn=0/0 rms=3788/1 silu=2324/1 fused=0/0
[TIMING] worker=259 tasks=111 poll_iters=68190 dep_iters=10908 poll_cycles=174664124 dep_cycles=23086380 exec_cycles=2643952 signal_cycles=245168
[TASK_TIME2] worker=100 prep=55368/3 attend=0/0 merge=0/0 router=0/0 copy=0/0 w2silu=0/0 lnorm=0/0 prefetch=0/0
[TIMING] worker=275 tasks=111 poll_iters=77460 dep_iters=10909 poll_cycles=198410932 dep_cycles=23081668 exec_cycles=2904212 signal_cycles=239460
[TASK_TIME] worker=73 linear=2072100/50 linear_res=962252/24 attn=0/0 rms=7020/2 silu=2292/1 fused=0/0
[TASK_TIME] worker=220 linear=371344/18 linear_res=690400/22 attn=0/0 rms=3632/1 silu=2232/1 fused=0/0
[TIMING] worker=130 tasks=144 poll_iters=63994 dep_iters=10328 poll_cycles=163950376 dep_cycles=21880968 exec_cycles=5306300 signal_cycles=285916
[TIMING] worker=114 tasks=144 poll_iters=126590 dep_iters=10586 poll_cycles=324223300 dep_cycles=22419360 exec_cycles=4916160 signal_cycles=282660
[TIMING] worker=82 tasks=144 poll_iters=121975 dep_iters=10571 poll_cycles=312353244 dep_cycles=22394316 exec_cycles=4934976 signal_cycles=280852
[TASK_TIME] worker=92 linear=2300320/55 linear_res=430376/17 attn=0/0 rms=3576/1 silu=8864/4 fused=0/0
[TIMING] worker=281 tasks=111 poll_iters=76170 dep_iters=11047 poll_cycles=195123488 dep_cycles=23374964 exec_cycles=3003068 signal_cycles=226368
[TASK_TIME] worker=89 linear=2196640/54 linear_res=451628/18 attn=0/0 rms=3872/1 silu=2328/1 fused=0/0
[TASK_TIME2] worker=67 prep=76788/5 attend=0/0 merge=0/0 router=0/0 copy=0/0 w2silu=0/0 lnorm=0/0 prefetch=0/0
[TIMING] worker=260 tasks=111 poll_iters=69904 dep_iters=11116 poll_cycles=179043992 dep_cycles=23520872 exec_cycles=2938104 signal_cycles=252380
[TIMING] worker=124 tasks=144 poll_iters=61814 dep_iters=10620 poll_cycles=154514492 dep_cycles=22489180 exec_cycles=5457144 signal_cycles=292904
[TIMING] worker=76 tasks=144 poll_iters=83070 dep_iters=10837 poll_cycles=212762772 dep_cycles=22959372 exec_cycles=5138920 signal_cycles=303652
[TIMING] worker=26 tasks=208 poll_iters=110269 dep_iters=6918 poll_cycles=282450416 dep_cycles=14686992 exec_cycles=13665292 signal_cycles=424828
[TIMING] worker=44 tasks=144 poll_iters=85068 dep_iters=10226 poll_cycles=217921216 dep_cycles=21660236 exec_cycles=6446968 signal_cycles=305260
[TIMING] worker=122 tasks=144 poll_iters=59237 dep_iters=10549 poll_cycles=151779296 dep_cycles=22341208 exec_cycles=4957192 signal_cycles=300800
[TASK_TIME2] worker=20 prep=69128/4 attend=7160724/64 merge=0/0 router=0/0 copy=0/0 w2silu=0/0 lnorm=0/0 prefetch=0/0
[TASK_TIME] worker=59 linear=2019396/48 linear_res=1171128/23 attn=0/0 rms=3844/1 silu=2344/1 fused=0/0
[TASK_TIME] worker=268 linear=518632/25 linear_res=817292/17 attn=0/0 rms=4152/1 silu=2228/1 fused=0/0
[TASK_TIME2] worker=36 prep=84932/5 attend=2533596/64 merge=0/0 router=0/0 copy=0/0 w2silu=0/0 lnorm=0/0 prefetch=0/0
[TIMING] worker=66 tasks=144 poll_iters=75693 dep_iters=10425 poll_cycles=193903648 dep_cycles=22083124 exec_cycles=5210312 signal_cycles=303452
[TIMING] worker=219 tasks=111 poll_iters=78189 dep_iters=10465 poll_cycles=200266356 dep_cycles=22152428 exec_cycles=3719820 signal_cycles=250444
[TASK_TIME] worker=163 linear=2220076/57 linear_res=1206948/21 attn=0/0 rms=0/0 silu=0/0 fused=0/0
[TASK_TIME] worker=105 linear=2181784/54 linear_res=530376/18 attn=0/0 rms=7592/2 silu=4576/2 fused=0/0
[TASK_TIME2] worker=92 prep=32560/2 attend=0/0 merge=0/0 router=0/0 copy=0/0 w2silu=0/0 lnorm=0/0 prefetch=0/0
[TIMING] worker=227 tasks=111 poll_iters=75622 dep_iters=10551 poll_cycles=193686260 dep_cycles=22326448 exec_cycles=3626964 signal_cycles=253760
[TIMING] worker=243 tasks=111 poll_iters=68488 dep_iters=10824 poll_cycles=175426056 dep_cycles=22898716 exec_cycles=3385600 signal_cycles=240976
[TIMING] worker=43 tasks=144 poll_iters=81883 dep_iters=10114 poll_cycles=204515672 dep_cycles=21415144 exec_cycles=6558188 signal_cycles=288104
[TIMING] worker=257 tasks=111 poll_iters=64198 dep_iters=11191 poll_cycles=164443636 dep_cycles=23679844 exec_cycles=2826856 signal_cycles=239844
[TASK_TIME] worker=116 linear=2326776/57 linear_res=761148/18 attn=0/0 rms=3940/1 silu=2196/1 fused=0/0
[TIMING] worker=108 tasks=144 poll_iters=59752 dep_iters=10813 poll_cycles=153051100 dep_cycles=22900456 exec_cycles=5193612 signal_cycles=302024
[TIMING] worker=1 tasks=272 poll_iters=61308 dep_iters=5876 poll_cycles=157037088 dep_cycles=12547660 exec_cycles=16196220 signal_cycles=699064
[TIMING] worker=195 tasks=112 poll_iters=99228 dep_iters=10218 poll_cycles=254151176 dep_cycles=21623424 exec_cycles=4154320 signal_cycles=250168
[TIMING] worker=9 tasks=272 poll_iters=61546 dep_iters=5929 poll_cycles=157672636 dep_cycles=12662208 exec_cycles=16084088 signal_cycles=580808
[TIMING] worker=244 tasks=111 poll_iters=68275 dep_iters=11258 poll_cycles=174861024 dep_cycles=23819044 exec_cycles=3231416 signal_cycles=248948
[TIMING] worker=274 tasks=111 poll_iters=76642 dep_iters=10768 poll_cycles=196344120 dep_cycles=22784120 exec_cycles=2898024 signal_cycles=229092
[TIMING] worker=203 tasks=112 poll_iters=68409 dep_iters=10331 poll_cycles=175225100 dep_cycles=21861404 exec_cycles=4011796 signal_cycles=242424
[TIMING] worker=132 tasks=144 poll_iters=58232 dep_iters=10510 poll_cycles=149123008 dep_cycles=22251800 exec_cycles=5594268 signal_cycles=319820
[TIMING] worker=291 tasks=111 poll_iters=79430 dep_iters=10773 poll_cycles=203450512 dep_cycles=22791752 exec_cycles=3077700 signal_cycles=257024
[TASK_TIME2] worker=252 prep=36628/2 attend=0/0 merge=0/0 router=0/0 copy=0/0 w2silu=0/0 lnorm=0/0 prefetch=0/0
[TASK_TIME2] worker=12 prep=99872/6 attend=7180800/64 merge=2425336/64 router=0/0 copy=0/0 w2silu=0/0 lnorm=0/0 prefetch=0/0
[TASK_TIME2] worker=146 prep=61084/4 attend=0/0 merge=0/0 router=0/0 copy=0/0 w2silu=0/0 lnorm=0/0 prefetch=0/0
[TIMING] worker=170 tasks=144 poll_iters=94340 dep_iters=9764 poll_cycles=241650308 dep_cycles=20684452 exec_cycles=5893900 signal_cycles=286252
[TASK_TIME2] worker=196 prep=48176/3 attend=0/0 merge=0/0 router=0/0 copy=0/0 w2silu=0/0 lnorm=0/0 prefetch=0/0
[TASK_TIME] worker=260 linear=519268/25 linear_res=741932/17 attn=0/0 rms=4332/1 silu=2240/1 fused=0/0
[TIMING] worker=284 tasks=111 poll_iters=88147 dep_iters=10732 poll_cycles=225781468 dep_cycles=22712460 exec_cycles=3313732 signal_cycles=228208
[TIMING] worker=42 tasks=144 poll_iters=77642 dep_iters=9897 poll_cycles=193988084 dep_cycles=20964844 exec_cycles=6431716 signal_cycles=280876
[TASK_TIME2] worker=268 prep=37748/2 attend=0/0 merge=0/0 router=0/0 copy=0/0 w2silu=0/0 lnorm=0/0 prefetch=0/0
[TASK_TIME] worker=44 linear=2173588/49 linear_res=1198192/24 attn=0/0 rms=3948/1 silu=2456/1 fused=0/0
[TIMING] worker=204 tasks=111 poll_iters=85642 dep_iters=10798 poll_cycles=219349484 dep_cycles=22856432 exec_cycles=3564540 signal_cycles=245592
[TIMING] worker=18 tasks=208 poll_iters=148221 dep_iters=6959 poll_cycles=379558528 dep_cycles=14773956 exec_cycles=13716668 signal_cycles=407800
[TIMING] worker=83 tasks=144 poll_iters=59805 dep_iters=10673 poll_cycles=153146828 dep_cycles=22597096 exec_cycles=5178100 signal_cycles=294772
[TIMING] worker=172 tasks=144 poll_iters=90189 dep_iters=10091 poll_cycles=230994484 dep_cycles=21377516 exec_cycles=5953248 signal_cycles=317652
[TIMING] worker=51 tasks=144 poll_iters=85432 dep_iters=10148 poll_cycles=213779064 dep_cycles=21488440 exec_cycles=6408616 signal_cycles=285236
[TASK_TIME] worker=171 linear=2215536/55 linear_res=1208212/21 attn=0/0 rms=3880/1 silu=0/0 fused=0/0
[TASK_TIME2] worker=220 prep=46664/3 attend=0/0 merge=0/0 router=0/0 copy=0/0 w2silu=0/0 lnorm=0/0 prefetch=0/0
[TASK_TIME] worker=90 linear=2122444/53 linear_res=532896/22 attn=0/0 rms=0/0 silu=2192/1 fused=0/0
[TIMING] worker=209 tasks=111 poll_iters=65709 dep_iters=10568 poll_cycles=168319880 dep_cycles=22369100 exec_cycles=3946344 signal_cycles=237332
[TASK_TIME2] worker=116 prep=36984/2 attend=0/0 merge=0/0 router=0/0 copy=0/0 w2silu=0/0 lnorm=0/0 prefetch=0/0
[TIMING] worker=153 tasks=144 poll_iters=62580 dep_iters=10396 poll_cycles=160305228 dep_cycles=22018596 exec_cycles=5751824 signal_cycles=271816
[TIMING] worker=265 tasks=111 poll_iters=78691 dep_iters=11222 poll_cycles=201560772 dep_cycles=23747288 exec_cycles=2826632 signal_cycles=245388
[TIMING] worker=155 tasks=144 poll_iters=91673 dep_iters=10266 poll_cycles=234802072 dep_cycles=21742500 exec_cycles=5666896 signal_cycles=300928
[TIMING] worker=187 tasks=112 poll_iters=64480 dep_iters=10205 poll_cycles=165373624 dep_cycles=21597852 exec_cycles=4188044 signal_cycles=252280
[TIMING] worker=180 tasks=112 poll_iters=61387 dep_iters=10457 poll_cycles=157236580 dep_cycles=22132736 exec_cycles=4100680 signal_cycles=243560
[TASK_TIME] worker=290 linear=519560/25 linear_res=949340/16 attn=0/0 rms=7344/2 silu=0/0 fused=0/0
[TIMING] worker=11 tasks=272 poll_iters=94901 dep_iters=5979 poll_cycles=242918472 dep_cycles=12738160 exec_cycles=15985964 signal_cycles=584336
[TIMING] worker=250 tasks=111 poll_iters=74446 dep_iters=10989 poll_cycles=190717920 dep_cycles=23258736 exec_cycles=3192896 signal_cycles=231132
[TASK_TIME] worker=273 linear=457176/22 linear_res=717520/16 attn=0/0 rms=7464/2 silu=2312/1 fused=0/0
[TASK_TIME] worker=99 linear=2098148/52 linear_res=393744/19 attn=0/0 rms=14508/4 silu=2564/1 fused=0/0
[TASK_TIME] worker=84 linear=2274792/54 linear_res=451872/18 attn=0/0 rms=14732/4 silu=2464/1 fused=0/0
[TIMING] worker=186 tasks=112 poll_iters=79415 dep_iters=9960 poll_cycles=203450556 dep_cycles=21085944 exec_cycles=4264476 signal_cycles=226492
[TASK_TIME2] worker=19 prep=31712/2 attend=7129828/64 merge=0/0 router=0/0 copy=0/0 w2silu=0/0 lnorm=0/0 prefetch=0/0
[TIMING] worker=4 tasks=272 poll_iters=73812 dep_iters=5743 poll_cycles=189041804 dep_cycles=12260444 exec_cycles=16387024 signal_cycles=752084
[TASK_TIME] worker=156 linear=2213596/52 linear_res=1385120/22 attn=0/0 rms=0/0 silu=0/0 fused=0/0
[TIMING] worker=177 tasks=112 poll_iters=76137 dep_iters=10373 poll_cycles=195035044 dep_cycles=21955592 exec_cycles=4221812 signal_cycles=224332
[TASK_TIME] worker=145 linear=2243892/57 linear_res=1033956/20 attn=0/0 rms=3860/1 silu=0/0 fused=0/0
[TASK_TIME] worker=10 linear=2115396/56 linear_res=1342888/20 attn=0/0 rms=7164/2 silu=0/0 fused=0/0
[TASK_TIME] worker=164 linear=2185428/51 linear_res=1423616/24 attn=0/0 rms=0/0 silu=0/0 fused=0/0
[TIMING] worker=228 tasks=111 poll_iters=64450 dep_iters=11169 poll_cycles=165031316 dep_cycles=23633576 exec_cycles=3289800 signal_cycles=240916
[TIMING] worker=35 tasks=208 poll_iters=86621 dep_iters=10337 poll_cycles=222733424 dep_cycles=21922156 exec_cycles=6792392 signal_cycles=508228
[TASK_TIME2] worker=44 prep=85696/5 attend=0/0 merge=0/0 router=0/0 copy=0/0 w2silu=0/0 lnorm=0/0 prefetch=0/0
[TASK_TIME2] worker=260 prep=37732/2 attend=0/0 merge=0/0 router=0/0 copy=0/0 w2silu=0/0 lnorm=0/0 prefetch=0/0
[TASK_TIME] worker=60 linear=2165176/50 linear_res=748032/21 attn=0/0 rms=7836/2 silu=2224/1 fused=0/0
[TASK_TIME] worker=235 linear=350008/17 linear_res=861568/23 attn=0/0 rms=3824/1 silu=2376/1 fused=0/0
[TIMING] worker=169 tasks=144 poll_iters=125212 dep_iters=10173 poll_cycles=320696076 dep_cycles=21554092 exec_cycles=5880428 signal_cycles=289316
[TASK_TIME] worker=139 linear=2236764/55 linear_res=816212/17 attn=0/0 rms=0/0 silu=7396/3 fused=0/0
[TASK_TIME] worker=27 linear=2145208/55 linear_res=1186984/20 attn=0/0 rms=3520/1 silu=0/0 fused=0/0
[TIMING] worker=121 tasks=144 poll_iters=68854 dep_iters=10748 poll_cycles=176342732 dep_cycles=22757304 exec_cycles=5287128 signal_cycles=274956
[TASK_TIME] worker=242 linear=435216/21 linear_res=494556/20 attn=0/0 rms=3764/1 silu=4424/2 fused=0/0
[TASK_TIME] worker=147 linear=2196860/55 linear_res=915068/18 attn=0/0 rms=0/0 silu=0/0 fused=0/0
[TIMING] worker=251 tasks=111 poll_iters=66161 dep_iters=10971 poll_cycles=169469356 dep_cycles=23213400 exec_cycles=3174336 signal_cycles=250860
[TASK_TIME] worker=129 linear=2200188/54 linear_res=738712/17 attn=0/0 rms=11204/3 silu=2680/1 fused=0/0
[TIMING] worker=217 tasks=111 poll_iters=68540 dep_iters=10641 poll_cycles=175568660 dep_cycles=22518736 exec_cycles=3851604 signal_cycles=227028
[TASK_TIME2] worker=107 prep=78344/5 attend=0/0 merge=0/0 router=0/0 copy=0/0 w2silu=0/0 lnorm=0/0 prefetch=0/0
[TASK_TIME2] worker=90 prep=37272/2 attend=0/0 merge=0/0 router=0/0 copy=0/0 w2silu=0/0 lnorm=0/0 prefetch=0/0
[TASK_TIME2] worker=10 prep=31068/2 attend=7188948/64 merge=2422296/64 router=0/0 copy=0/0 w2silu=0/0 lnorm=0/0 prefetch=0/0
[TIMING] worker=211 tasks=112 poll_iters=67457 dep_iters=10397 poll_cycles=172737836 dep_cycles=22001220 exec_cycles=3905312 signal_cycles=235908
[TASK_TIME] worker=65 linear=2044720/49 linear_res=1039476/24 attn=0/0 rms=3768/1 silu=2312/1 fused=0/0
[TASK_TIME] worker=292 linear=497840/24 linear_res=1367432/21 attn=0/0 rms=0/0 silu=0/0 fused=0/0
[TASK_TIME2] worker=273 prep=48052/3 attend=0/0 merge=0/0 router=0/0 copy=0/0 w2silu=0/0 lnorm=0/0 prefetch=0/0
[TASK_TIME] worker=18 linear=2045020/53 linear_res=1439864/21 attn=0/0 rms=3740/1 silu=0/0 fused=0/0
[TASK_TIME] worker=283 linear=498172/24 linear_res=794864/16 attn=0/0 rms=0/0 silu=9436/4 fused=0/0
[TIMING] worker=212 tasks=111 poll_iters=60721 dep_iters=10900 poll_cycles=155528100 dep_cycles=23063388 exec_cycles=3443576 signal_cycles=249268
[TASK_TIME2] worker=145 prep=31664/2 attend=0/0 merge=0/0 router=0/0 copy=0/0 w2silu=0/0 lnorm=0/0 prefetch=0/0
[TASK_TIME2] worker=75 prep=47668/3 attend=0/0 merge=0/0 router=0/0 copy=0/0 w2silu=0/0 lnorm=0/0 prefetch=0/0
[TIMING] worker=134 tasks=143 poll_iters=32019 dep_iters=10298 poll_cycles=82033556 dep_cycles=21806136 exec_cycles=5550348 signal_cycles=271012
[TASK_TIME] worker=162 linear=2079100/53 linear_res=1460536/22 attn=0/0 rms=3832/1 silu=0/0 fused=0/0
[TASK_TIME] worker=28 linear=2170204/52 linear_res=1350960/24 attn=0/0 rms=0/0 silu=0/0 fused=0/0
[TASK_TIME] worker=236 linear=434120/21 linear_res=529168/18 attn=0/0 rms=7584/2 silu=6616/3 fused=0/0
[TASK_TIME] worker=226 linear=351124/17 linear_res=689212/22 attn=0/0 rms=0/0 silu=4392/2 fused=0/0
[TASK_TIME2] worker=18 prep=81584/5 attend=7152288/64 merge=0/0 router=0/0 copy=0/0 w2silu=0/0 lnorm=0/0 prefetch=0/0
[TASK_TIME] worker=113 linear=2204976/55 linear_res=608200/18 attn=0/0 rms=3868/1 silu=4712/2 fused=0/0
[TASK_TIME] worker=41 linear=2124100/50 linear_res=1349400/24 attn=0/0 rms=0/0 silu=0/0 fused=0/0
[TASK_TIME] worker=172 linear=2167352/50 linear_res=1468280/26 attn=0/0 rms=0/0 silu=0/0 fused=0/0
[TASK_TIME] worker=193 linear=330192/16 linear_res=1388180/26 attn=0/0 rms=0/0 silu=2332/1 fused=0/0
[TASK_TIME] worker=178 linear=351440/17 linear_res=1500540/24 attn=0/0 rms=4084/1 silu=0/0 fused=0/0
[TIMING] worker=50 tasks=144 poll_iters=76282 dep_iters=10002 poll_cycles=190637008 dep_cycles=21182032 exec_cycles=6144988 signal_cycles=273620
[TASK_TIME] worker=26 linear=1994232/51 linear_res=1438880/21 attn=0/0 rms=4040/1 silu=0/0 fused=0/0
[TASK_TIME] worker=169 linear=2197480/55 linear_res=1306576/22 attn=0/0 rms=0/0 silu=0/0 fused=0/0
[TASK_TIME] worker=265 linear=456748/22 linear_res=661000/17 attn=0/0 rms=4120/1 silu=5116/2 fused=0/0
[TASK_TIME2] worker=91 prep=31248/2 attend=0/0 merge=0/0 router=0/0 copy=0/0 w2silu=0/0 lnorm=0/0 prefetch=0/0
[TASK_TIME] worker=68 linear=2209824/51 linear_res=647628/20 attn=0/0 rms=3560/1 silu=4420/2 fused=0/0
[TIMING] worker=266 tasks=111 poll_iters=58629 dep_iters=10908 poll_cycles=150235580 dep_cycles=23084392 exec_cycles=2739228 signal_cycles=222912
[TASK_TIME] worker=138 linear=2237620/58 linear_res=894020/17 attn=0/0 rms=3424/1 silu=0/0 fused=0/0
[TASK_TIME] worker=124 linear=2315900/56 linear_res=837144/18 attn=0/0 rms=3980/1 silu=2452/1 fused=0/0
[TASK_TIME] worker=284 linear=497748/24 linear_res=1170144/19 attn=0/0 rms=0/0 silu=0/0 fused=0/0
[TASK_TIME] worker=234 linear=372600/18 linear_res=611752/22 attn=0/0 rms=0/0 silu=2196/1 fused=0/0
[TASK_TIME] worker=57 linear=2026116/49 linear_res=1117372/24 attn=0/0 rms=0/0 silu=2340/1 fused=0/0
[TASK_TIME2] worker=292 prep=37420/2 attend=0/0 merge=0/0 router=0/0 copy=0/0 w2silu=0/0 lnorm=0/0 prefetch=0/0
[TASK_TIME] worker=76 linear=2234492/52 linear_res=612920/22 attn=0/0 rms=3572/1 silu=2196/1 fused=0/0
[TIMING] worker=201 tasks=112 poll_iters=115639 dep_iters=10525 poll_cycles=296198184 dep_cycles=22279532 exec_cycles=4017396 signal_cycles=236372
[TASK_TIME] worker=52 linear=2193760/51 linear_res=943824/23 attn=0/0 rms=4104/1 silu=2452/1 fused=0/0
[TASK_TIME] worker=33 linear=2111744/52 linear_res=1363412/21 attn=0/0 rms=0/0 silu=0/0 fused=0/0
[TASK_TIME] worker=2 linear=2143372/57 linear_res=1126588/17 attn=0/0 rms=7520/2 silu=0/0 fused=0/0
[TASK_TIME] worker=210 linear=289612/14 linear_res=1199216/28 attn=0/0 rms=0/0 silu=2220/1 fused=0/0
[TASK_TIME] worker=244 linear=457836/22 linear_res=507784/17 attn=0/0 rms=3956/1 silu=4424/2 fused=0/0
[TASK_TIME] worker=204 linear=353720/17 linear_res=844932/22 attn=0/0 rms=7408/2 silu=2212/1 fused=0/0
[TASK_TIME2] worker=26 prep=112704/7 attend=7188528/64 merge=0/0 router=0/0 copy=0/0 w2silu=0/0 lnorm=0/0 prefetch=0/0
[TASK_TIME2] worker=140 prep=36860/2 attend=0/0 merge=0/0 router=0/0 copy=0/0 w2silu=0/0 lnorm=0/0 prefetch=0/0
[TASK_TIME2] worker=97 prep=61532/4 attend=0/0 merge=0/0 router=0/0 copy=0/0 w2silu=0/0 lnorm=0/0 prefetch=0/0
[TIMING] worker=202 tasks=112 poll_iters=74186 dep_iters=10191 poll_cycles=190051692 dep_cycles=21568692 exec_cycles=3943636 signal_cycles=220196
[TASK_TIME] worker=58 linear=1894472/48 linear_res=1180468/27 attn=0/0 rms=0/0 silu=2196/1 fused=0/0
[TASK_TIME2] worker=115 prep=47788/3 attend=0/0 merge=0/0 router=0/0 copy=0/0 w2silu=0/0 lnorm=0/0 prefetch=0/0
[TASK_TIME2] worker=169 prep=48008/3 attend=0/0 merge=0/0 router=0/0 copy=0/0 w2silu=0/0 lnorm=0/0 prefetch=0/0
[TASK_TIME] worker=108 linear=2310256/56 linear_res=586168/17 attn=0/0 rms=4064/1 silu=2436/1 fused=0/0
[TASK_TIME] worker=82 linear=2052456/51 linear_res=610744/22 attn=0/0 rms=0/0 silu=2204/1 fused=0/0
[TASK_TIME] worker=276 linear=497216/24 linear_res=915192/18 attn=0/0 rms=0/0 silu=2208/1 fused=0/0
[TIMING] worker=112 tasks=144 poll_iters=11814 dep_iters=10395 poll_cycles=30407140 dep_cycles=22015724 exec_cycles=5092068 signal_cycles=270428
[TASK_TIME] worker=203 linear=310268/15 linear_res=1267808/24 attn=0/0 rms=3436/1 silu=2376/1 fused=0/0
[TASK_TIME2] worker=27 prep=62416/4 attend=7152388/64 merge=0/0 router=0/0 copy=0/0 w2silu=0/0 lnorm=0/0 prefetch=0/0
[TIMING] worker=282 tasks=111 poll_iters=72466 dep_iters=10610 poll_cycles=185647268 dep_cycles=22455008 exec_cycles=3070280 signal_cycles=223448
[TASK_TIME2] worker=147 prep=46656/3 attend=0/0 merge=0/0 router=0/0 copy=0/0 w2silu=0/0 lnorm=0/0 prefetch=0/0
[TASK_TIME] worker=132 linear=2302012/56 linear_res=936144/19 attn=0/0 rms=0/0 silu=2468/1 fused=0/0
[TASK_TIME] worker=289 linear=498352/24 linear_res=1012252/19 attn=0/0 rms=7764/2 silu=0/0 fused=0/0
[TASK_TIME] worker=98 linear=2186312/55 linear_res=374880/18 attn=0/0 rms=3940/1 silu=6520/3 fused=0/0
[TASK_TIME] worker=249 linear=434052/21 linear_res=471648/19 attn=0/0 rms=8064/2 silu=2336/1 fused=0/0
[TASK_TIME] worker=74 linear=1923260/49 linear_res=765740/22 attn=0/0 rms=0/0 silu=6560/3 fused=0/0
[TASK_TIME2] worker=265 prep=31408/2 attend=0/0 merge=0/0 router=0/0 copy=0/0 w2silu=0/0 lnorm=0/0 prefetch=0/0
[TASK_TIME] worker=43 linear=2177248/53 linear_res=1283044/21 attn=0/0 rms=3856/1 silu=0/0 fused=0/0
[TASK_TIME] worker=228 linear=392772/19 linear_res=568764/20 attn=0/0 rms=11304/3 silu=2216/1 fused=0/0
[TASK_TIME] worker=291 linear=479240/23 linear_res=893792/17 attn=0/0 rms=0/0 silu=0/0 fused=0/0
[TASK_TIME] worker=281 linear=477324/23 linear_res=836236/18 attn=0/0 rms=7468/2 silu=0/0 fused=0/0
[TASK_TIME] worker=241 linear=412812/20 linear_res=451320/18 attn=0/0 rms=3892/1 silu=2420/1 fused=0/0
[TASK_TIME] worker=188 linear=331576/16 linear_res=1293948/25 attn=0/0 rms=3984/1 silu=2244/1 fused=0/0
[TASK_TIME] worker=11 linear=2185340/58 linear_res=1185700/20 attn=0/0 rms=0/0 silu=0/0 fused=0/0
[TASK_TIME2] worker=60 prep=77940/5 attend=0/0 merge=0/0 router=0/0 copy=0/0 w2silu=0/0 lnorm=0/0 prefetch=0/0
[TASK_TIME] worker=17 linear=2164128/56 linear_res=1384864/22 attn=0/0 rms=0/0 silu=0/0 fused=0/0
[TASK_TIME2] worker=99 prep=46960/3 attend=0/0 merge=0/0 router=0/0 copy=0/0 w2silu=0/0 lnorm=0/0 prefetch=0/0
[TASK_TIME] worker=194 linear=311232/15 linear_res=1311284/26 attn=0/0 rms=0/0 silu=2204/1 fused=0/0
[TASK_TIME2] worker=163 prep=30776/2 attend=0/0 merge=0/0 router=0/0 copy=0/0 w2silu=0/0 lnorm=0/0 prefetch=0/0
[TASK_TIME] worker=81 linear=2174844/53 linear_res=648540/20 attn=0/0 rms=3900/1 silu=4632/2 fused=0/0
[TASK_TIME2] worker=89 prep=61612/4 attend=0/0 merge=0/0 router=0/0 copy=0/0 w2silu=0/0 lnorm=0/0 prefetch=0/0
[TASK_TIME2] worker=131 prep=31248/2 attend=0/0 merge=0/0 router=0/0 copy=0/0 w2silu=0/0 lnorm=0/0 prefetch=0/0
[TASK_TIME] worker=212 linear=351036/17 linear_res=749304/21 attn=0/0 rms=3640/1 silu=4460/2 fused=0/0
[TASK_TIME] worker=275 linear=498180/24 linear_res=799456/20 attn=0/0 rms=0/0 silu=2376/1 fused=0/0
[TASK_TIME] worker=211 linear=310640/15 linear_res=1191800/24 attn=0/0 rms=3768/1 silu=2404/1 fused=0/0
[TASK_TIME2] worker=41 prep=89724/6 attend=0/0 merge=0/0 router=0/0 copy=0/0 w2silu=0/0 lnorm=0/0 prefetch=0/0
[TASK_TIME] worker=161 linear=2199224/55 linear_res=1305080/22 attn=0/0 rms=0/0 silu=0/0 fused=0/0
[TASK_TIME2] worker=139 prep=46864/3 attend=0/0 merge=0/0 router=0/0 copy=0/0 w2silu=0/0 lnorm=0/0 prefetch=0/0
[TASK_TIME2] worker=65 prep=46128/3 attend=0/0 merge=0/0 router=0/0 copy=0/0 w2silu=0/0 lnorm=0/0 prefetch=0/0
[TASK_TIME] worker=114 linear=2142200/57 linear_res=507624/17 attn=0/0 rms=3812/1 silu=2188/1 fused=0/0
[TASK_TIME2] worker=105 prep=46912/3 attend=0/0 merge=0/0 router=0/0 copy=0/0 w2silu=0/0 lnorm=0/0 prefetch=0/0
[TASK_TIME] worker=155 linear=2258876/58 linear_res=1109716/20 attn=0/0 rms=0/0 silu=0/0 fused=0/0
[TASK_TIME] worker=180 linear=351144/17 linear_res=1369008/25 attn=0/0 rms=4136/1 silu=0/0 fused=0/0
[TASK_TIME] worker=218 linear=330472/16 linear_res=883952/24 attn=0/0 rms=0/0 silu=4424/2 fused=0/0
[TASK_TIME] worker=1 linear=2190928/56 linear_res=1112520/20 attn=0/0 rms=7508/1 silu=0/0 fused=0/0
[TASK_TIME] worker=51 linear=2080944/51 linear_res=1228804/22 attn=0/0 rms=3904/1 silu=0/0 fused=0/0
[TASK_TIME2] worker=59 prep=108600/7 attend=0/0 merge=0/0 router=0/0 copy=0/0 w2silu=0/0 lnorm=0/0 prefetch=0/0
[TASK_TIME2] worker=235 prep=46152/3 attend=0/0 merge=0/0 router=0/0 copy=0/0 w2silu=0/0 lnorm=0/0 prefetch=0/0
[TASK_TIME2] worker=34 prep=85328/5 attend=2691956/64 merge=0/0 router=0/0 copy=0/0 w2silu=0/0 lnorm=0/0 prefetch=0/0
[TASK_TIME] worker=4 linear=2239812/54 linear_res=1368648/21 attn=0/0 rms=0/0 silu=0/0 fused=0/0
[TASK_TIME] worker=195 linear=392092/19 linear_res=1323404/23 attn=0/0 rms=3436/1 silu=0/0 fused=0/0
[TASK_TIME2] worker=68 prep=79036/5 attend=0/0 merge=0/0 router=0/0 copy=0/0 w2silu=0/0 lnorm=0/0 prefetch=0/0
[TASK_TIME] worker=187 linear=392708/19 linear_res=1359988/21 attn=0/0 rms=7556/2 silu=0/0 fused=0/0
[TASK_TIME] worker=153 linear=2226988/56 linear_res=1129452/21 attn=0/0 rms=0/0 silu=0/0 fused=0/0
[TASK_TIME2] worker=172 prep=69132/4 attend=0/0 merge=0/0 router=0/0 copy=0/0 w2silu=0/0 lnorm=0/0 prefetch=0/0
[TASK_TIME2] worker=164 prep=83792/5 attend=0/0 merge=0/0 router=0/0 copy=0/0 w2silu=0/0 lnorm=0/0 prefetch=0/0
[TASK_TIME2] worker=137 prep=31060/2 attend=0/0 merge=0/0 router=0/0 copy=0/0 w2silu=0/0 lnorm=0/0 prefetch=0/0
[TASK_TIME2] worker=108 prep=53444/3 attend=0/0 merge=0/0 router=0/0 copy=0/0 w2silu=0/0 lnorm=0/0 prefetch=0/0
[TASK_TIME] worker=219 linear=309168/15 linear_res=1057344/25 attn=0/0 rms=7060/2 silu=4680/2 fused=0/0
[TASK_TIME2] worker=242 prep=37324/2 attend=0/0 merge=0/0 router=0/0 copy=0/0 w2silu=0/0 lnorm=0/0 prefetch=0/0
[TASK_TIME] worker=66 linear=1906996/48 linear_res=1001284/26 attn=0/0 rms=0/0 silu=2512/1 fused=0/0
[TASK_TIME2] worker=76 prep=31408/2 attend=0/0 merge=0/0 router=0/0 copy=0/0 w2silu=0/0 lnorm=0/0 prefetch=0/0
[TASK_TIME2] worker=124 prep=57972/3 attend=0/0 merge=0/0 router=0/0 copy=0/0 w2silu=0/0 lnorm=0/0 prefetch=0/0
[TASK_TIME] worker=83 linear=1980544/50 linear_res=860688/23 attn=0/0 rms=3860/1 silu=2384/1 fused=0/0
[TASK_TIME] worker=243 linear=391340/19 linear_res=686448/22 attn=0/0 rms=7280/2 silu=2384/1 fused=0/0
[TASK_TIME] worker=122 linear=2174852/58 linear_res=523036/14 attn=0/0 rms=10744/3 silu=2176/1 fused=0/0
[TASK_TIME] worker=225 linear=391360/19 linear_res=862732/23 attn=0/0 rms=4000/1 silu=2336/1 fused=0/0
[TASK_TIME] worker=227 linear=328432/16 linear_res=956972/24 attn=0/0 rms=4108/1 silu=2324/1 fused=0/0
[TASK_TIME2] worker=73 prep=31464/2 attend=0/0 merge=0/0 router=0/0 copy=0/0 w2silu=0/0 lnorm=0/0 prefetch=0/0
[TASK_TIME] worker=258 linear=499380/24 linear_res=505956/17 attn=0/0 rms=3924/1 silu=4412/2 fused=0/0
[TASK_TIME] worker=177 linear=391188/19 linear_res=1381676/22 attn=0/0 rms=0/0 silu=0/0 fused=0/0
[TIMING] worker=215 tasks=111 poll_iters=13628 dep_iters=10381 poll_cycles=35056252 dep_cycles=21976268 exec_cycles=3809636 signal_cycles=226928
[TASK_TIME2] worker=236 prep=32408/2 attend=0/0 merge=0/0 router=0/0 copy=0/0 w2silu=0/0 lnorm=0/0 prefetch=0/0
[TASK_TIME2] worker=171 prep=46492/3 attend=0/0 merge=0/0 router=0/0 copy=0/0 w2silu=0/0 lnorm=0/0 prefetch=0/0
[TIMING] worker=80 tasks=144 poll_iters=11300 dep_iters=10198 poll_cycles=29013892 dep_cycles=21608900 exec_cycles=5426628 signal_cycles=257472
[TASK_TIME2] worker=226 prep=75340/4 attend=0/0 merge=0/0 router=0/0 copy=0/0 w2silu=0/0 lnorm=0/0 prefetch=0/0
[TASK_TIME2] worker=193 prep=75868/5 attend=0/0 merge=0/0 router=0/0 copy=0/0 w2silu=0/0 lnorm=0/0 prefetch=0/0
[TASK_TIME2] worker=204 prep=61680/4 attend=0/0 merge=0/0 router=0/0 copy=0/0 w2silu=0/0 lnorm=0/0 prefetch=0/0
[TASK_TIME2] worker=284 prep=52924/3 attend=0/0 merge=0/0 router=0/0 copy=0/0 w2silu=0/0 lnorm=0/0 prefetch=0/0
[TASK_TIME2] worker=228 prep=30976/2 attend=0/0 merge=0/0 router=0/0 copy=0/0 w2silu=0/0 lnorm=0/0 prefetch=0/0
[TASK_TIME] worker=257 linear=477740/23 linear_res=604320/18 attn=0/0 rms=3888/1 silu=7180/3 fused=0/0
[TASK_TIME] worker=259 linear=456736/22 linear_res=525760/18 attn=0/0 rms=0/0 silu=4700/2 fused=0/0
[TASK_TIME2] worker=132 prep=53192/3 attend=0/0 merge=0/0 router=0/0 copy=0/0 w2silu=0/0 lnorm=0/0 prefetch=0/0
[TASK_TIME] worker=130 linear=2227908/59 linear_res=795648/16 attn=0/0 rms=4140/1 silu=2188/1 fused=0/0
[TASK_TIME2] worker=84 prep=32360/2 attend=0/0 merge=0/0 router=0/0 copy=0/0 w2silu=0/0 lnorm=0/0 prefetch=0/0
[TASK_TIME2] worker=244 prep=32296/2 attend=0/0 merge=0/0 router=0/0 copy=0/0 w2silu=0/0 lnorm=0/0 prefetch=0/0
[TASK_TIME2] worker=162 prep=66840/4 attend=0/0 merge=0/0 router=0/0 copy=0/0 w2silu=0/0 lnorm=0/0 prefetch=0/0
[TASK_TIME2] worker=289 prep=30492/2 attend=0/0 merge=0/0 router=0/0 copy=0/0 w2silu=0/0 lnorm=0/0 prefetch=0/0
[TASK_TIME2] worker=138 prep=45896/3 attend=0/0 merge=0/0 router=0/0 copy=0/0 w2silu=0/0 lnorm=0/0 prefetch=0/0
[TASK_TIME2] worker=58 prep=53464/3 attend=0/0 merge=0/0 router=0/0 copy=0/0 w2silu=0/0 lnorm=0/0 prefetch=0/0
[TASK_TIME2] worker=212 prep=78940/5 attend=0/0 merge=0/0 router=0/0 copy=0/0 w2silu=0/0 lnorm=0/0 prefetch=0/0
[TASK_TIME] worker=35 linear=2189260/54 linear_res=1322736/19 attn=0/0 rms=8212/2 silu=0/0 fused=0/0
[TIMING] worker=21 tasks=208 poll_iters=10408 dep_iters=7165 poll_cycles=26649176 dep_cycles=15204008 exec_cycles=13515800 signal_cycles=385940
[TASK_TIME2] worker=188 prep=84204/5 attend=0/0 merge=0/0 router=0/0 copy=0/0 w2silu=0/0 lnorm=0/0 prefetch=0/0
[TASK_TIME2] worker=33 prep=110456/7 attend=132632/64 merge=0/0 router=0/0 copy=0/0 w2silu=0/0 lnorm=0/0 prefetch=0/0
[TASK_TIME2] worker=113 prep=32084/2 attend=0/0 merge=0/0 router=0/0 copy=0/0 w2silu=0/0 lnorm=0/0 prefetch=0/0
[TIMING] worker=232 tasks=111 poll_iters=30067 dep_iters=10305 poll_cycles=77171640 dep_cycles=21814328 exec_cycles=3598108 signal_cycles=224724
[TASK_TIME2] worker=290 prep=62068/4 attend=0/0 merge=0/0 router=0/0 copy=0/0 w2silu=0/0 lnorm=0/0 prefetch=0/0
[TASK_TIME] worker=251 linear=371824/18 linear_res=468868/19 attn=0/0 rms=11464/3 silu=2336/1 fused=0/0
[TASK_TIME] worker=274 linear=560876/27 linear_res=675476/14 attn=0/0 rms=7376/2 silu=2204/1 fused=0/0
[TASK_TIME2] worker=180 prep=85936/5 attend=0/0 merge=0/0 router=0/0 copy=0/0 w2silu=0/0 lnorm=0/0 prefetch=0/0
[TIMING] worker=229 tasks=111 poll_iters=9098 dep_iters=10571 poll_cycles=23417048 dep_cycles=22372372 exec_cycles=3740980 signal_cycles=231040
[TASK_TIME2] worker=281 prep=32124/2 attend=0/0 merge=0/0 router=0/0 copy=0/0 w2silu=0/0 lnorm=0/0 prefetch=0/0
[TASK_TIME2] worker=49 prep=76676/5 attend=0/0 merge=0/0 router=0/0 copy=0/0 w2silu=0/0 lnorm=0/0 prefetch=0/0
[TASK_TIME2] worker=2 prep=63480/4 attend=7247192/64 merge=2439880/64 router=0/0 copy=0/0 w2silu=0/0 lnorm=0/0 prefetch=0/0
[TASK_TIME2] worker=249 prep=45492/3 attend=0/0 merge=0/0 router=0/0 copy=0/0 w2silu=0/0 lnorm=0/0 prefetch=0/0
[TASK_TIME] worker=201 linear=350560/17 linear_res=1213316/25 attn=0/0 rms=0/0 silu=4616/2 fused=0/0
[TASK_TIME2] worker=1 prep=45928/3 attend=7218160/64 merge=2444176/64 router=0/0 copy=0/0 w2silu=0/0 lnorm=0/0 prefetch=0/0
[TASK_TIME2] worker=241 prep=76500/5 attend=0/0 merge=0/0 router=0/0 copy=0/0 w2silu=0/0 lnorm=0/0 prefetch=0/0
[TASK_TIME2] worker=4 prep=102160/5 attend=7208752/64 merge=2447772/64 router=0/0 copy=0/0 w2silu=0/0 lnorm=0/0 prefetch=0/0
[TASK_TIME2] worker=234 prep=51508/3 attend=0/0 merge=0/0 router=0/0 copy=0/0 w2silu=0/0 lnorm=0/0 prefetch=0/0
[TASK_TIME2] worker=43 prep=76652/5 attend=0/0 merge=0/0 router=0/0 copy=0/0 w2silu=0/0 lnorm=0/0 prefetch=0/0
[TASK_TIME2] worker=153 prep=45972/3 attend=0/0 merge=0/0 router=0/0 copy=0/0 w2silu=0/0 lnorm=0/0 prefetch=0/0
[TASK_TIME] worker=121 linear=2190192/54 linear_res=663356/17 attn=0/0 rms=3820/1 silu=4976/2 fused=0/0
[TASK_TIME] worker=170 linear=2062616/51 linear_res=1460796/22 attn=0/0 rms=4068/1 silu=0/0 fused=0/0
[TASK_TIME2] worker=114 prep=14984/1 attend=0/0 merge=0/0 router=0/0 copy=0/0 w2silu=0/0 lnorm=0/0 prefetch=0/0
[TASK_TIME] worker=266 linear=540076/26 linear_res=542732/15 attn=0/0 rms=7532/2 silu=2212/1 fused=0/0
[TIMING] worker=214 tasks=111 poll_iters=50082 dep_iters=10345 poll_cycles=128380168 dep_cycles=21900248 exec_cycles=3836680 signal_cycles=230952
[TIMING] worker=102 tasks=143 poll_iters=28645 dep_iters=10440 poll_cycles=71636812 dep_cycles=22105772 exec_cycles=5396068 signal_cycles=272612
[TASK_TIME2] worker=177 prep=107408/7 attend=0/0 merge=0/0 router=0/0 copy=0/0 w2silu=0/0 lnorm=0/0 prefetch=0/0
[TIMING] worker=103 tasks=143 poll_iters=16472 dep_iters=10428 poll_cycles=41384560 dep_cycles=22084948 exec_cycles=5244320 signal_cycles=247896
[TASK_TIME2] worker=156 prep=105476/6 attend=0/0 merge=0/0 router=0/0 copy=0/0 w2silu=0/0 lnorm=0/0 prefetch=0/0
[TASK_TIME] worker=209 linear=331132/16 linear_res=1135396/25 attn=0/0 rms=0/0 silu=2332/1 fused=0/0
[TASK_TIME2] worker=258 prep=0/0 attend=0/0 merge=0/0 router=0/0 copy=0/0 w2silu=0/0 lnorm=0/0 prefetch=0/0
[TASK_TIME2] worker=283 prep=32012/2 attend=0/0 merge=0/0 router=0/0 copy=0/0 w2silu=0/0 lnorm=0/0 prefetch=0/0
[TASK_TIME2] worker=257 prep=16276/1 attend=0/0 merge=0/0 router=0/0 copy=0/0 w2silu=0/0 lnorm=0/0 prefetch=0/0
[TASK_TIME] worker=186 linear=309560/15 linear_res=1562844/27 attn=0/0 rms=0/0 silu=0/0 fused=0/0
[TASK_TIME2] worker=155 prep=32436/2 attend=0/0 merge=0/0 router=0/0 copy=0/0 w2silu=0/0 lnorm=0/0 prefetch=0/0
[TASK_TIME2] worker=52 prep=48108/3 attend=0/0 merge=0/0 router=0/0 copy=0/0 w2silu=0/0 lnorm=0/0 prefetch=0/0
[TIMING] worker=272 tasks=111 poll_iters=15607 dep_iters=10694 poll_cycles=40134076 dep_cycles=22633740 exec_cycles=2814512 signal_cycles=217912
[TASK_TIME2] worker=291 prep=46768/3 attend=0/0 merge=0/0 router=0/0 copy=0/0 w2silu=0/0 lnorm=0/0 prefetch=0/0
[TIMING] worker=143 tasks=143 poll_iters=11974 dep_iters=10290 poll_cycles=30821668 dep_cycles=21805184 exec_cycles=5344880 signal_cycles=273856
[TASK_TIME2] worker=195 prep=78292/5 attend=0/0 merge=0/0 router=0/0 copy=0/0 w2silu=0/0 lnorm=0/0 prefetch=0/0
[TIMING] worker=222 tasks=111 poll_iters=32747 dep_iters=10331 poll_cycles=83973612 dep_cycles=21867596 exec_cycles=3953708 signal_cycles=230568
[TIMING] worker=71 tasks=143 poll_iters=8407 dep_iters=10437 poll_cycles=21673684 dep_cycles=22099992 exec_cycles=5367692 signal_cycles=248824
[TASK_TIME2] worker=11 prep=30680/2 attend=7164304/64 merge=2412528/64 router=0/0 copy=0/0 w2silu=0/0 lnorm=0/0 prefetch=0/0
[TIMING] worker=175 tasks=143 poll_iters=8336 dep_iters=10018 poll_cycles=21497796 dep_cycles=21230352 exec_cycles=5613312 signal_cycles=280976
[TIMING] worker=126 tasks=143 poll_iters=29234 dep_iters=10433 poll_cycles=73262172 dep_cycles=22092160 exec_cycles=5331272 signal_cycles=279076
[TASK_TIME2] worker=203 prep=106628/7 attend=0/0 merge=0/0 router=0/0 copy=0/0 w2silu=0/0 lnorm=0/0 prefetch=0/0
[TASK_TIME2] worker=210 prep=58664/3 attend=0/0 merge=0/0 router=0/0 copy=0/0 w2silu=0/0 lnorm=0/0 prefetch=0/0
[TASK_TIME] worker=42 linear=1996780/48 linear_res=1390732/26 attn=0/0 rms=0/0 silu=0/0 fused=0/0
[TASK_TIME] worker=217 linear=330528/16 linear_res=1038692/24 attn=0/0 rms=7404/2 silu=2344/1 fused=0/0
[TASK_TIME] worker=9 linear=2203488/56 linear_res=1209252/21 attn=0/0 rms=0/0 silu=0/0 fused=0/0
[TASK_TIME2] worker=51 prep=92404/6 attend=0/0 merge=0/0 router=0/0 copy=0/0 w2silu=0/0 lnorm=0/0 prefetch=0/0
[TASK_TIME2] worker=57 prep=62392/4 attend=0/0 merge=0/0 router=0/0 copy=0/0 w2silu=0/0 lnorm=0/0 prefetch=0/0
[TASK_TIME2] worker=66 prep=77920/4 attend=0/0 merge=0/0 router=0/0 copy=0/0 w2silu=0/0 lnorm=0/0 prefetch=0/0
[TASK_TIME2] worker=275 prep=18096/1 attend=0/0 merge=0/0 router=0/0 copy=0/0 w2silu=0/0 lnorm=0/0 prefetch=0/0
[TASK_TIME] worker=250 linear=478196/23 linear_res=449320/18 attn=0/0 rms=3996/1 silu=4404/2 fused=0/0
[TIMING] worker=286 tasks=110 poll_iters=37552 dep_iters=10499 poll_cycles=96288152 dep_cycles=22223276 exec_cycles=3033568 signal_cycles=227752
[TASK_TIME2] worker=28 prep=69192/4 attend=7158824/64 merge=0/0 router=0/0 copy=0/0 w2silu=0/0 lnorm=0/0 prefetch=0/0
[TIMING] worker=24 tasks=208 poll_iters=11366 dep_iters=6775 poll_cycles=29249968 dep_cycles=14412680 exec_cycles=13893340 signal_cycles=400108
[TASK_TIME2] worker=227 prep=46904/3 attend=0/0 merge=0/0 router=0/0 copy=0/0 w2silu=0/0 lnorm=0/0 prefetch=0/0
[TASK_TIME2] worker=83 prep=46988/3 attend=0/0 merge=0/0 router=0/0 copy=0/0 w2silu=0/0 lnorm=0/0 prefetch=0/0
[TIMING] worker=135 tasks=143 poll_iters=30642 dep_iters=10271 poll_cycles=77762180 dep_cycles=21758428 exec_cycles=5432948 signal_cycles=247184
[TASK_TIME] worker=202 linear=308760/15 linear_res=1256760/27 attn=0/0 rms=0/0 silu=2208/1 fused=0/0
[TASK_TIME2] worker=187 prep=94080/6 attend=0/0 merge=0/0 router=0/0 copy=0/0 w2silu=0/0 lnorm=0/0 prefetch=0/0
[TASK_TIME2] worker=98 prep=36644/2 attend=0/0 merge=0/0 router=0/0 copy=0/0 w2silu=0/0 lnorm=0/0 prefetch=0/0
[TASK_TIME2] worker=122 prep=30468/2 attend=0/0 merge=0/0 router=0/0 copy=0/0 w2silu=0/0 lnorm=0/0 prefetch=0/0
[TASK_TIME2] worker=211 prep=92032/6 attend=0/0 merge=0/0 router=0/0 copy=0/0 w2silu=0/0 lnorm=0/0 prefetch=0/0
[TASK_TIME2] worker=276 prep=59224/3 attend=0/0 merge=0/0 router=0/0 copy=0/0 w2silu=0/0 lnorm=0/0 prefetch=0/0
[TASK_TIME2] worker=178 prep=99448/6 attend=0/0 merge=0/0 router=0/0 copy=0/0 w2silu=0/0 lnorm=0/0 prefetch=0/0
[TASK_TIME2] worker=82 prep=51756/3 attend=0/0 merge=0/0 router=0/0 copy=0/0 w2silu=0/0 lnorm=0/0 prefetch=0/0
[TASK_TIME2] worker=81 prep=45968/3 attend=0/0 merge=0/0 router=0/0 copy=0/0 w2silu=0/0 lnorm=0/0 prefetch=0/0
[TASK_TIME2] worker=35 prep=80352/5 attend=132316/64 merge=0/0 router=0/0 copy=0/0 w2silu=0/0 lnorm=0/0 prefetch=0/0
[TASK_TIME2] worker=219 prep=30636/2 attend=0/0 merge=0/0 router=0/0 copy=0/0 w2silu=0/0 lnorm=0/0 prefetch=0/0
[TASK_TIME2] worker=129 prep=48000/3 attend=0/0 merge=0/0 router=0/0 copy=0/0 w2silu=0/0 lnorm=0/0 prefetch=0/0
[TASK_TIME2] worker=243 prep=30344/2 attend=0/0 merge=0/0 router=0/0 copy=0/0 w2silu=0/0 lnorm=0/0 prefetch=0/0
[TASK_TIME2] worker=259 prep=61160/4 attend=0/0 merge=0/0 router=0/0 copy=0/0 w2silu=0/0 lnorm=0/0 prefetch=0/0
[TASK_TIME] worker=50 linear=1896532/48 linear_res=1215776/25 attn=0/0 rms=0/0 silu=2192/1 fused=0/0
[TIMING] worker=110 tasks=143 poll_iters=32455 dep_iters=10366 poll_cycles=83211908 dep_cycles=21955544 exec_cycles=5496776 signal_cycles=281704
[TASK_TIME2] worker=17 prep=29852/2 attend=7168328/64 merge=0/0 router=0/0 copy=0/0 w2silu=0/0 lnorm=0/0 prefetch=0/0
[TIMING] worker=37 tasks=208 poll_iters=5450 dep_iters=10376 poll_cycles=14561948 dep_cycles=22015920 exec_cycles=6519372 signal_cycles=502332
[TIMING] worker=30 tasks=207 poll_iters=37923 dep_iters=7038 poll_cycles=96612748 dep_cycles=14954672 exec_cycles=13663820 signal_cycles=399660
[TIMING] worker=254 tasks=110 poll_iters=32380 dep_iters=10558 poll_cycles=83024748 dep_cycles=22348288 exec_cycles=3763124 signal_cycles=221608
[TASK_TIME] worker=282 linear=561256/27 linear_res=870744/16 attn=0/0 rms=3816/1 silu=0/0 fused=0/0
[TIMING] worker=142 tasks=143 poll_iters=25899 dep_iters=10250 poll_cycles=66439256 dep_cycles=21706292 exec_cycles=5618944 signal_cycles=306328
[TASK_TIME2] worker=161 prep=46940/3 attend=0/0 merge=0/0 router=0/0 copy=0/0 w2silu=0/0 lnorm=0/0 prefetch=0/0
[TASK_TIME2] worker=218 prep=72192/4 attend=0/0 merge=0/0 router=0/0 copy=0/0 w2silu=0/0 lnorm=0/0 prefetch=0/0
[TIMING] worker=216 tasks=111 poll_iters=17711 dep_iters=9965 poll_cycles=45532088 dep_cycles=21101496 exec_cycles=3826912 signal_cycles=222552
[TASK_TIME2] worker=74 prep=87780/5 attend=0/0 merge=0/0 router=0/0 copy=0/0 w2silu=0/0 lnorm=0/0 prefetch=0/0
[TASK_TIME2] worker=130 prep=30832/2 attend=0/0 merge=0/0 router=0/0 copy=0/0 w2silu=0/0 lnorm=0/0 prefetch=0/0
[TASK_TIME2] worker=251 prep=76004/5 attend=0/0 merge=0/0 router=0/0 copy=0/0 w2silu=0/0 lnorm=0/0 prefetch=0/0
[TASK_TIME2] worker=201 prep=46436/3 attend=0/0 merge=0/0 router=0/0 copy=0/0 w2silu=0/0 lnorm=0/0 prefetch=0/0
[TASK_TIME2] worker=170 prep=98552/6 attend=0/0 merge=0/0 router=0/0 copy=0/0 w2silu=0/0 lnorm=0/0 prefetch=0/0
[TASK_TIME2] worker=121 prep=46460/3 attend=0/0 merge=0/0 router=0/0 copy=0/0 w2silu=0/0 lnorm=0/0 prefetch=0/0
[TASK_TIME2] worker=194 prep=103380/6 attend=0/0 merge=0/0 router=0/0 copy=0/0 w2silu=0/0 lnorm=0/0 prefetch=0/0
[TIMING] worker=72 tasks=144 poll_iters=22207 dep_iters=10166 poll_cycles=57041292 dep_cycles=21532800 exec_cycles=5498916 signal_cycles=271376
[TASK_TIME2] worker=266 prep=16804/1 attend=0/0 merge=0/0 router=0/0 copy=0/0 w2silu=0/0 lnorm=0/0 prefetch=0/0
[TIMING] worker=278 tasks=110 poll_iters=28805 dep_iters=10582 poll_cycles=73875316 dep_cycles=22394832 exec_cycles=3033024 signal_cycles=221284
[TASK_TIME2] worker=225 prep=30864/2 attend=0/0 merge=0/0 router=0/0 copy=0/0 w2silu=0/0 lnorm=0/0 prefetch=0/0
[TIMING] worker=31 tasks=207 poll_iters=20339 dep_iters=7049 poll_cycles=52143060 dep_cycles=14972672 exec_cycles=13438344 signal_cycles=396780
[TASK_TIME2] worker=209 prep=45500/3 attend=0/0 merge=0/0 router=0/0 copy=0/0 w2silu=0/0 lnorm=0/0 prefetch=0/0
[TASK_TIME2] worker=202 prep=68804/4 attend=0/0 merge=0/0 router=0/0 copy=0/0 w2silu=0/0 lnorm=0/0 prefetch=0/0
[TASK_TIME2] worker=42 prep=109888/6 attend=0/0 merge=0/0 router=0/0 copy=0/0 w2silu=0/0 lnorm=0/0 prefetch=0/0
[TASK_TIME2] worker=186 prep=103500/6 attend=0/0 merge=0/0 router=0/0 copy=0/0 w2silu=0/0 lnorm=0/0 prefetch=0/0
[TASK_TIME2] worker=9 prep=46856/3 attend=7162028/64 merge=2419576/64 router=0/0 copy=0/0 w2silu=0/0 lnorm=0/0 prefetch=0/0
[TASK_TIME2] worker=274 prep=31896/2 attend=0/0 merge=0/0 router=0/0 copy=0/0 w2silu=0/0 lnorm=0/0 prefetch=0/0
[TASK_TIME2] worker=50 prep=97512/6 attend=0/0 merge=0/0 router=0/0 copy=0/0 w2silu=0/0 lnorm=0/0 prefetch=0/0
[TASK_TIME2] worker=282 prep=33004/2 attend=0/0 merge=0/0 router=0/0 copy=0/0 w2silu=0/0 lnorm=0/0 prefetch=0/0
[TIMING] worker=157 tasks=144 poll_iters=6730 dep_iters=10113 poll_cycles=17366488 dep_cycles=21430524 exec_cycles=5666860 signal_cycles=296412
[TASK_TIME2] worker=217 prep=47268/3 attend=0/0 merge=0/0 router=0/0 copy=0/0 w2silu=0/0 lnorm=0/0 prefetch=0/0
[TASK_TIME2] worker=250 prep=15772/1 attend=0/0 merge=0/0 router=0/0 copy=0/0 w2silu=0/0 lnorm=0/0 prefetch=0/0
[TIMING] worker=165 tasks=144 poll_iters=6883 dep_iters=10054 poll_cycles=17844480 dep_cycles=21296084 exec_cycles=5709860 signal_cycles=302896
[TIMING] worker=199 tasks=111 poll_iters=7806 dep_iters=10320 poll_cycles=20134644 dep_cycles=21843040 exec_cycles=3982348 signal_cycles=222564
[TIMING] worker=269 tasks=111 poll_iters=14377 dep_iters=10393 poll_cycles=36973320 dep_cycles=21994376 exec_cycles=3345844 signal_cycles=228688
[TIMING] worker=263 tasks=110 poll_iters=7348 dep_iters=10479 poll_cycles=19873400 dep_cycles=22190856 exec_cycles=3077744 signal_cycles=219308
[TIMING] worker=8 tasks=272 poll_iters=6200 dep_iters=5649 poll_cycles=16001300 dep_cycles=12069804 exec_cycles=16177420 signal_cycles=492820
[TIMING] worker=150 tasks=143 poll_iters=33827 dep_iters=10245 poll_cycles=86735452 dep_cycles=21698180 exec_cycles=5528028 signal_cycles=282428
[TIMING] worker=285 tasks=111 poll_iters=12255 dep_iters=10348 poll_cycles=31535072 dep_cycles=21903064 exec_cycles=3236004 signal_cycles=226476
[TIMING] worker=7 tasks=271 poll_iters=17636 dep_iters=5362 poll_cycles=45306428 dep_cycles=11468492 exec_cycles=16587176 signal_cycles=727760
[TIMING] worker=174 tasks=143 poll_iters=23687 dep_iters=10097 poll_cycles=60940864 dep_cycles=21384856 exec_cycles=5608940 signal_cycles=285308
[TIMING] worker=127 tasks=143 poll_iters=15828 dep_iters=10290 poll_cycles=40455780 dep_cycles=21793464 exec_cycles=5367600 signal_cycles=270080
[TIMING] worker=166 tasks=143 poll_iters=33350 dep_iters=10134 poll_cycles=84554364 dep_cycles=21466636 exec_cycles=5658676 signal_cycles=277544
[TIMING] worker=151 tasks=143 poll_iters=12779 dep_iters=10163 poll_cycles=32880296 dep_cycles=21531884 exec_cycles=5495008 signal_cycles=282092
[TIMING] worker=104 tasks=144 poll_iters=10215 dep_iters=10436 poll_cycles=26289124 dep_cycles=22102348 exec_cycles=4985772 signal_cycles=280260
[TIMING] worker=70 tasks=143 poll_iters=26383 dep_iters=10421 poll_cycles=67654480 dep_cycles=22068612 exec_cycles=5596880 signal_cycles=272752
[TIMING] worker=256 tasks=111 poll_iters=22048 dep_iters=10632 poll_cycles=56622620 dep_cycles=22504704 exec_cycles=2653384 signal_cycles=227424
[TIMING] worker=56 tasks=144 poll_iters=15555 dep_iters=10040 poll_cycles=39985932 dep_cycles=21280220 exec_cycles=5780328 signal_cycles=293384
[TIMING] worker=238 tasks=111 poll_iters=18441 dep_iters=10500 poll_cycles=47346420 dep_cycles=22222528 exec_cycles=3720184 signal_cycles=228300
[TIMING] worker=14 tasks=271 poll_iters=39007 dep_iters=5875 poll_cycles=100002140 dep_cycles=12517028 exec_cycles=15865312 signal_cycles=544748
[TIMING] worker=32 tasks=208 poll_iters=12269 dep_iters=9985 poll_cycles=32540520 dep_cycles=21200572 exec_cycles=6952440 signal_cycles=452204
[TIMING] worker=280 tasks=111 poll_iters=11428 dep_iters=10599 poll_cycles=29447232 dep_cycles=22435508 exec_cycles=2844924 signal_cycles=224440
[TIMING] worker=206 tasks=111 poll_iters=49445 dep_iters=10340 poll_cycles=126749408 dep_cycles=21890828 exec_cycles=3996140 signal_cycles=227388
[TIMING] worker=231 tasks=110 poll_iters=7726 dep_iters=10500 poll_cycles=19894996 dep_cycles=22223064 exec_cycles=3753392 signal_cycles=207268
[TIMING] worker=144 tasks=144 poll_iters=12690 dep_iters=10012 poll_cycles=32602108 dep_cycles=21207220 exec_cycles=5522616 signal_cycles=258012
[TIMING] worker=279 tasks=110 poll_iters=10027 dep_iters=10493 poll_cycles=25835264 dep_cycles=22215576 exec_cycles=3050380 signal_cycles=208872
[TIMING] worker=88 tasks=144 poll_iters=9415 dep_iters=10287 poll_cycles=24280608 dep_cycles=21801836 exec_cycles=5200200 signal_cycles=293872
[TIMING] worker=246 tasks=110 poll_iters=36619 dep_iters=10458 poll_cycles=93884416 dep_cycles=22139964 exec_cycles=3714916 signal_cycles=235720
[TIMING] worker=64 tasks=144 poll_iters=19496 dep_iters=10179 poll_cycles=50108392 dep_cycles=21571040 exec_cycles=5513092 signal_cycles=262832
[TIMING] worker=183 tasks=111 poll_iters=8364 dep_iters=10340 poll_cycles=21567384 dep_cycles=21897804 exec_cycles=4002000 signal_cycles=210072
[TIMING] worker=120 tasks=144 poll_iters=7685 dep_iters=10304 poll_cycles=19851208 dep_cycles=21831364 exec_cycles=5198988 signal_cycles=289080
[TIMING] worker=208 tasks=112 poll_iters=26288 dep_iters=9900 poll_cycles=66964924 dep_cycles=20958248 exec_cycles=3933608 signal_cycles=230592
[TIMING] worker=288 tasks=111 poll_iters=17162 dep_iters=10368 poll_cycles=44104852 dep_cycles=21945576 exec_cycles=3157344 signal_cycles=216040
[TIMING] worker=77 tasks=144 poll_iters=10114 dep_iters=10521 poll_cycles=26029676 dep_cycles=22279308 exec_cycles=5409084 signal_cycles=277852
[TIMING] worker=264 tasks=111 poll_iters=10004 dep_iters=10637 poll_cycles=25801960 dep_cycles=22521352 exec_cycles=2735932 signal_cycles=221992
[TIMING] worker=205 tasks=111 poll_iters=30618 dep_iters=10584 poll_cycles=78553744 dep_cycles=22398400 exec_cycles=3741420 signal_cycles=223396
[TIMING] worker=192 tasks=112 poll_iters=10702 dep_iters=9655 poll_cycles=27588100 dep_cycles=20434408 exec_cycles=4372148 signal_cycles=231056
[TIMING] worker=6 tasks=271 poll_iters=14400 dep_iters=5267 poll_cycles=37799848 dep_cycles=11269368 exec_cycles=16886916 signal_cycles=855628
[TIMING] worker=230 tasks=111 poll_iters=36517 dep_iters=10439 poll_cycles=93412116 dep_cycles=22089656 exec_cycles=3830068 signal_cycles=219424
[TIMING] worker=61 tasks=144 poll_iters=5758 dep_iters=10614 poll_cycles=14863504 dep_cycles=22481380 exec_cycles=5334224 signal_cycles=289028
[TIMING] worker=224 tasks=111 poll_iters=18147 dep_iters=10146 poll_cycles=46642512 dep_cycles=21479156 exec_cycles=3746408 signal_cycles=211672
[TIMING] worker=159 tasks=143 poll_iters=15489 dep_iters=10101 poll_cycles=39821532 dep_cycles=21398664 exec_cycles=5596712 signal_cycles=260724
[TIMING] worker=53 tasks=144 poll_iters=5804 dep_iters=10250 poll_cycles=14680436 dep_cycles=21713332 exec_cycles=6137868 signal_cycles=273516
[TIMING] worker=240 tasks=111 poll_iters=27153 dep_iters=10436 poll_cycles=69709588 dep_cycles=22092372 exec_cycles=3450344 signal_cycles=222668
[TIMING] worker=190 tasks=111 poll_iters=32296 dep_iters=10306 poll_cycles=83271300 dep_cycles=21812852 exec_cycles=4049228 signal_cycles=216076
[TIMING] worker=270 tasks=110 poll_iters=42028 dep_iters=10561 poll_cycles=107737256 dep_cycles=22348912 exec_cycles=3038736 signal_cycles=231492
[TIMING] worker=295 tasks=110 poll_iters=30770 dep_iters=10348 poll_cycles=78973508 dep_cycles=21904464 exec_cycles=3256312 signal_cycles=208556
[TIMING] worker=119 tasks=143 poll_iters=7534 dep_iters=10387 poll_cycles=19441732 dep_cycles=22005416 exec_cycles=5295608 signal_cycles=267684
[TIMING] worker=287 tasks=110 poll_iters=15027 dep_iters=10419 poll_cycles=38660816 dep_cycles=22056872 exec_cycles=3144284 signal_cycles=197108
[TIMING] worker=40 tasks=144 poll_iters=13299 dep_iters=9621 poll_cycles=33422168 dep_cycles=20382748 exec_cycles=6837984 signal_cycles=261024
[TIMING] worker=197 tasks=111 poll_iters=8266 dep_iters=10484 poll_cycles=21306584 dep_cycles=22195588 exec_cycles=3840736 signal_cycles=241776
[TIMING] worker=87 tasks=143 poll_iters=18827 dep_iters=10435 poll_cycles=48371192 dep_cycles=22101172 exec_cycles=5291668 signal_cycles=265624
[TIMING] worker=48 tasks=144 poll_iters=8197 dep_iters=9629 poll_cycles=21108016 dep_cycles=20411172 exec_cycles=6727320 signal_cycles=258780
[TIMING] worker=247 tasks=110 poll_iters=7793 dep_iters=10507 poll_cycles=20105252 dep_cycles=22241696 exec_cycles=3735236 signal_cycles=204596
[TIMING] worker=55 tasks=143 poll_iters=21354 dep_iters=10042 poll_cycles=54880728 dep_cycles=21278700 exec_cycles=6209876 signal_cycles=278608
[TIMING] worker=160 tasks=144 poll_iters=17050 dep_iters=9829 poll_cycles=43897792 dep_cycles=20829420 exec_cycles=5707420 signal_cycles=260676
[TIMING] worker=136 tasks=144 poll_iters=14780 dep_iters=10173 poll_cycles=38017440 dep_cycles=21541820 exec_cycles=5366584 signal_cycles=286592
[TIMING] worker=96 tasks=144 poll_iters=9943 dep_iters=10358 poll_cycles=25612072 dep_cycles=21944896 exec_cycles=5091164 signal_cycles=291952
[TIMING] worker=253 tasks=111 poll_iters=9824 dep_iters=10549 poll_cycles=25298488 dep_cycles=22326260 exec_cycles=3754052 signal_cycles=225896
[TIMING] worker=79 tasks=143 poll_iters=11626 dep_iters=10452 poll_cycles=29936224 dep_cycles=22139136 exec_cycles=5250988 signal_cycles=275056
[TIMING] worker=47 tasks=143 poll_iters=7266 dep_iters=10044 poll_cycles=18803892 dep_cycles=21280736 exec_cycles=6318564 signal_cycles=259268
[TIMING] worker=78 tasks=143 poll_iters=38870 dep_iters=10424 poll_cycles=99647416 dep_cycles=22080900 exec_cycles=5525232 signal_cycles=287296
[TIMING] worker=86 tasks=143 poll_iters=51385 dep_iters=10405 poll_cycles=131693920 dep_cycles=22039704 exec_cycles=5481580 signal_cycles=285728
[TIMING] worker=152 tasks=144 poll_iters=21383 dep_iters=9903 poll_cycles=54936152 dep_cycles=20985108 exec_cycles=5634752 signal_cycles=276196
[TIMING] worker=69 tasks=144 poll_iters=9277 dep_iters=10519 poll_cycles=23879844 dep_cycles=22284424 exec_cycles=5457276 signal_cycles=302072
[TIMING] worker=54 tasks=143 poll_iters=21227 dep_iters=10119 poll_cycles=54455028 dep_cycles=21438128 exec_cycles=6286900 signal_cycles=280288
[TIMING] worker=200 tasks=112 poll_iters=11105 dep_iters=9715 poll_cycles=28627776 dep_cycles=20563244 exec_cycles=4266572 signal_cycles=218408
[TIMING] worker=38 tasks=207 poll_iters=28082 dep_iters=10343 poll_cycles=72073108 dep_cycles=21929216 exec_cycles=6589064 signal_cycles=431232
[TIMING] worker=22 tasks=207 poll_iters=20717 dep_iters=7081 poll_cycles=53147932 dep_cycles=15047932 exec_cycles=13665820 signal_cycles=387764
[TIMING] worker=277 tasks=111 poll_iters=11018 dep_iters=10384 poll_cycles=28359056 dep_cycles=21975712 exec_cycles=3245812 signal_cycles=217892
[TIMING] worker=184 tasks=112 poll_iters=14334 dep_iters=9616 poll_cycles=36973904 dep_cycles=20355724 exec_cycles=4471408 signal_cycles=218160
[TIMING] worker=182 tasks=111 poll_iters=27583 dep_iters=10346 poll_cycles=71204696 dep_cycles=21898036 exec_cycles=4037424 signal_cycles=223512
[TIMING] worker=29 tasks=208 poll_iters=5447 dep_iters=7146 poll_cycles=14063820 dep_cycles=15176288 exec_cycles=13473932 signal_cycles=406964
[TIMING] worker=221 tasks=111 poll_iters=9236 dep_iters=10585 poll_cycles=23792752 dep_cycles=22404012 exec_cycles=3697696 signal_cycles=230712
[TIMING] worker=16 tasks=208 poll_iters=8538 dep_iters=6827 poll_cycles=21958320 dep_cycles=14505464 exec_cycles=13949936 signal_cycles=359000
[TIMING] worker=239 tasks=110 poll_iters=7619 dep_iters=10442 poll_cycles=19678612 dep_cycles=22106444 exec_cycles=3692260 signal_cycles=217684
[TIMING] worker=261 tasks=111 poll_iters=10533 dep_iters=10475 poll_cycles=27101616 dep_cycles=22173952 exec_cycles=3300528 signal_cycles=228448
[TIMING] worker=198 tasks=111 poll_iters=41352 dep_iters=10203 poll_cycles=105997984 dep_cycles=21595260 exec_cycles=4042620 signal_cycles=236196
[TIMING] worker=117 tasks=144 poll_iters=7066 dep_iters=10299 poll_cycles=18224608 dep_cycles=21814660 exec_cycles=5537080 signal_cycles=282496
[TIMING] worker=95 tasks=143 poll_iters=8793 dep_iters=10449 poll_cycles=22671248 dep_cycles=22131316 exec_cycles=5246072 signal_cycles=273768
[TIMING] worker=294 tasks=110 poll_iters=25929 dep_iters=10491 poll_cycles=66528196 dep_cycles=22200852 exec_cycles=3177344 signal_cycles=216520
[TIMING] worker=23 tasks=207 poll_iters=6731 dep_iters=7043 poll_cycles=17364712 dep_cycles=14964296 exec_cycles=13535228 signal_cycles=380952
[TIMING] worker=93 tasks=144 poll_iters=17493 dep_iters=10497 poll_cycles=44937860 dep_cycles=22236228 exec_cycles=5349352 signal_cycles=290528
[TIMING] worker=15 tasks=271 poll_iters=6873 dep_iters=5828 poll_cycles=17756648 dep_cycles=12439488 exec_cycles=15769480 signal_cycles=528128
[TIMING] worker=94 tasks=143 poll_iters=31749 dep_iters=10390 poll_cycles=81402060 dep_cycles=22004900 exec_cycles=5547460 signal_cycles=293740
[TIMING] worker=167 tasks=143 poll_iters=9556 dep_iters=10059 poll_cycles=24380016 dep_cycles=21306960 exec_cycles=5593728 signal_cycles=259492
[TIMING] worker=189 tasks=111 poll_iters=7954 dep_iters=10464 poll_cycles=20593048 dep_cycles=22150408 exec_cycles=3858004 signal_cycles=230212
[TIMING] worker=213 tasks=111 poll_iters=9182 dep_iters=10557 poll_cycles=23604204 dep_cycles=22339328 exec_cycles=3744300 signal_cycles=213140
[TIMING] worker=262 tasks=110 poll_iters=43068 dep_iters=10614 poll_cycles=110413156 dep_cycles=22462480 exec_cycles=2904336 signal_cycles=219352
[TIMING] worker=125 tasks=144 poll_iters=6427 dep_iters=10248 poll_cycles=16586272 dep_cycles=21708944 exec_cycles=5592032 signal_cycles=286264
[TIMING] worker=237 tasks=111 poll_iters=15515 dep_iters=10590 poll_cycles=39870136 dep_cycles=22410812 exec_cycles=3678704 signal_cycles=227300
[TIMING] worker=168 tasks=144 poll_iters=8857 dep_iters=9712 poll_cycles=22923696 dep_cycles=20573152 exec_cycles=5822956 signal_cycles=252788
[TIMING] worker=62 tasks=143 poll_iters=29044 dep_iters=10387 poll_cycles=72695088 dep_cycles=21995472 exec_cycles=5684776 signal_cycles=278560
[TIMING] worker=109 tasks=144 poll_iters=6276 dep_iters=10394 poll_cycles=16171220 dep_cycles=22009552 exec_cycles=5413192 signal_cycles=279296
[TIMING] worker=39 tasks=207 poll_iters=7154 dep_iters=10355 poll_cycles=18456300 dep_cycles=21969744 exec_cycles=6428684 signal_cycles=388180
[TIMING] worker=255 tasks=110 poll_iters=9695 dep_iters=10546 poll_cycles=24988420 dep_cycles=22322592 exec_cycles=3669856 signal_cycles=212044
[TIMING] worker=111 tasks=143 poll_iters=5981 dep_iters=10369 poll_cycles=15462176 dep_cycles=21962152 exec_cycles=5373304 signal_cycles=267784
[TIMING] worker=149 tasks=144 poll_iters=19656 dep_iters=10165 poll_cycles=50384228 dep_cycles=21536644 exec_cycles=5661584 signal_cycles=282656
[TIMING] worker=245 tasks=111 poll_iters=9617 dep_iters=10584 poll_cycles=24753772 dep_cycles=22403500 exec_cycles=3704744 signal_cycles=214204
[TIMING] worker=45 tasks=144 poll_iters=6451 dep_iters=10232 poll_cycles=16279612 dep_cycles=21668316 exec_cycles=6215192 signal_cycles=267996
[TIMING] worker=0 tasks=272 poll_iters=6738 dep_iters=5105 poll_cycles=17382740 dep_cycles=10908512 exec_cycles=17034288 signal_cycles=838416
[TIMING] worker=118 tasks=143 poll_iters=30265 dep_iters=10383 poll_cycles=77601288 dep_cycles=21996924 exec_cycles=5463816 signal_cycles=283504
[TIMING] worker=248 tasks=111 poll_iters=9470 dep_iters=10588 poll_cycles=24428260 dep_cycles=22412588 exec_cycles=3203060 signal_cycles=229524
[TIMING] worker=293 tasks=111 poll_iters=20011 dep_iters=10237 poll_cycles=51382788 dep_cycles=21666220 exec_cycles=3328168 signal_cycles=234708
[TIMING] worker=223 tasks=110 poll_iters=19740 dep_iters=10407 poll_cycles=50713540 dep_cycles=22025596 exec_cycles=3866764 signal_cycles=220792
[TIMING] worker=133 tasks=144 poll_iters=6691 dep_iters=10201 poll_cycles=17267284 dep_cycles=21609272 exec_cycles=5659292 signal_cycles=290928
[TIMING] worker=63 tasks=143 poll_iters=8576 dep_iters=10328 poll_cycles=21568520 dep_cycles=21872980 exec_cycles=5573036 signal_cycles=277660
[TIMING] worker=207 tasks=111 poll_iters=9310 dep_iters=10382 poll_cycles=24007364 dep_cycles=21983296 exec_cycles=3938144 signal_cycles=219616
[TIMING] worker=191 tasks=111 poll_iters=12437 dep_iters=10294 poll_cycles=32002740 dep_cycles=21787560 exec_cycles=3966156 signal_cycles=208212
[TIMING] worker=158 tasks=143 poll_iters=35622 dep_iters=10136 poll_cycles=91333236 dep_cycles=21461828 exec_cycles=5666476 signal_cycles=306448
[TASK_TIME] worker=71 linear=1963568/52 linear_res=994504/22 attn=0/0 rms=0/0 silu=4660/2 fused=0/0
[TASK_TIME] worker=72 linear=2114556/49 linear_res=939608/23 attn=0/0 rms=0/0 silu=2204/1 fused=0/0
[TIMING] worker=101 tasks=144 poll_iters=5889 dep_iters=10444 poll_cycles=15196880 dep_cycles=22116884 exec_cycles=5360360 signal_cycles=293072
[TIMING] worker=13 tasks=272 poll_iters=9980 dep_iters=5890 poll_cycles=25562688 dep_cycles=12558028 exec_cycles=15936400 signal_cycles=529840
[TIMING] worker=141 tasks=144 poll_iters=7455 dep_iters=10196 poll_cycles=19223956 dep_cycles=21599792 exec_cycles=5637400 signal_cycles=268488
[TASK_TIME] worker=70 linear=2203748/53 linear_res=995516/22 attn=0/0 rms=0/0 silu=0/0 fused=0/0
[TIMING] worker=173 tasks=144 poll_iters=9532 dep_iters=10053 poll_cycles=24628136 dep_cycles=21290672 exec_cycles=5673920 signal_cycles=299300
[TASK_TIME] worker=110 linear=2224692/53 linear_res=877800/20 attn=0/0 rms=0/0 silu=2168/1 fused=0/0
[TIMING] worker=85 tasks=144 poll_iters=5954 dep_iters=10527 poll_cycles=15337332 dep_cycles=22301036 exec_cycles=5359652 signal_cycles=271496
[TIMING] worker=271 tasks=110 poll_iters=12656 dep_iters=10493 poll_cycles=32559484 dep_cycles=22213412 exec_cycles=3118240 signal_cycles=211192
[TIMING] worker=176 tasks=112 poll_iters=13401 dep_iters=9823 poll_cycles=34552924 dep_cycles=20797524 exec_cycles=4285304 signal_cycles=198704
[TASK_TIME] worker=134 linear=2267436/54 linear_res=897264/21 attn=0/0 rms=0/0 silu=0/0 fused=0/0
[TASK_TIME] worker=142 linear=2273768/54 linear_res=933736/19 attn=0/0 rms=0/0 silu=4352/2 fused=0/0
[TASK_TIME] worker=24 linear=2173988/55 linear_res=1403036/23 attn=0/0 rms=0/0 silu=0/0 fused=0/0
[TASK_TIME] worker=136 linear=2296920/56 linear_res=660564/17 attn=0/0 rms=0/0 silu=0/0 fused=0/0
[TIMING] worker=5 tasks=272 poll_iters=5432 dep_iters=5668 poll_cycles=14011308 dep_cycles=12107220 exec_cycles=16229100 signal_cycles=799500
[TIMING] worker=46 tasks=143 poll_iters=26897 dep_iters=10024 poll_cycles=69014184 dep_cycles=21228020 exec_cycles=6536340 signal_cycles=294428
[TIMING] worker=128 tasks=144 poll_iters=11219 dep_iters=10262 poll_cycles=28893356 dep_cycles=21741308 exec_cycles=5207368 signal_cycles=289484
[TASK_TIME] worker=165 linear=2122040/51 linear_res=1073552/22 attn=0/0 rms=0/0 silu=4728/2 fused=0/0
[TIMING] worker=181 tasks=111 poll_iters=8792 dep_iters=10381 poll_cycles=22734236 dep_cycles=21970260 exec_cycles=3931488 signal_cycles=226784
[TASK_TIME] worker=175 linear=2120008/53 linear_res=1072128/22 attn=0/0 rms=0/0 silu=0/0 fused=0/0
[TASK_TIME] worker=254 linear=413648/20 linear_res=899776/21 attn=0/0 rms=0/0 silu=2216/1 fused=0/0
[TASK_TIME] worker=152 linear=2104416/55 linear_res=1088412/19 attn=0/0 rms=0/0 silu=0/0 fused=0/0
[TASK_TIME] worker=263 linear=436904/21 linear_res=875488/20 attn=0/0 rms=0/0 silu=2416/1 fused=0/0
[TASK_TIME] worker=104 linear=2197244/52 linear_res=353592/17 attn=0/0 rms=0/0 silu=2196/1 fused=0/0
[TASK_TIME] worker=295 linear=438316/21 linear_res=1030364/20 attn=0/0 rms=0/0 silu=2376/1 fused=0/0
[TASK_TIME] worker=119 linear=2110992/54 linear_res=800508/20 attn=0/0 rms=0/0 silu=2344/1 fused=0/0
[TASK_TIME] worker=247 linear=414968/20 linear_res=896240/21 attn=0/0 rms=0/0 silu=0/0 fused=0/0
[TASK_TIME] worker=214 linear=414220/20 linear_res=977756/21 attn=0/0 rms=0/0 silu=4388/2 fused=0/0
[TASK_TIME] worker=222 linear=372484/18 linear_res=1095124/23 attn=0/0 rms=0/0 silu=0/0 fused=0/0
[TASK_TIME] worker=231 linear=412504/20 linear_res=899248/21 attn=0/0 rms=0/0 silu=4684/2 fused=0/0
[TASK_TIME] worker=31 linear=1947240/53 linear_res=1032560/20 attn=0/0 rms=0/0 silu=2340/1 fused=0/0
[TASK_TIME] worker=183 linear=393584/19 linear_res=1149184/22 attn=0/0 rms=0/0 silu=2360/1 fused=0/0
[TASK_TIME] worker=197 linear=394028/19 linear_res=920200/22 attn=0/0 rms=0/0 silu=2344/1 fused=0/0
[TASK_TIME] worker=55 linear=2108592/52 linear_res=953684/20 attn=0/0 rms=0/0 silu=2344/1 fused=0/0
[TASK_TIME] worker=278 linear=415152/20 linear_res=877936/20 attn=0/0 rms=0/0 silu=2180/1 fused=0/0
[TASK_TIME] worker=287 linear=456652/22 linear_res=951980/20 attn=0/0 rms=0/0 silu=0/0 fused=0/0
[TASK_TIME] worker=54 linear=2211524/53 linear_res=956052/20 attn=0/0 rms=0/0 silu=4328/2 fused=0/0
[TASK_TIME] worker=232 linear=349892/17 linear_res=861400/23 attn=0/0 rms=0/0 silu=6628/3 fused=0/0
[TASK_TIME] worker=95 linear=2008192/54 linear_res=799864/20 attn=0/0 rms=0/0 silu=4676/2 fused=0/0
[TASK_TIME] worker=143 linear=2063664/54 linear_res=877772/20 attn=0/0 rms=0/0 silu=2388/1 fused=0/0
[TASK_TIME] worker=103 linear=2063400/53 linear_res=800252/20 attn=0/0 rms=0/0 silu=2320/1 fused=0/0
[TASK_TIME] worker=269 linear=437664/21 linear_res=1128676/21 attn=0/0 rms=0/0 silu=2380/1 fused=0/0
[TASK_TIME] worker=224 linear=329940/16 linear_res=981204/25 attn=0/0 rms=0/0 silu=2180/1 fused=0/0
[TASK_TIME] worker=286 linear=476704/23 linear_res=856660/19 attn=0/0 rms=0/0 silu=2240/1 fused=0/0
[TASK_TIME] worker=79 linear=1959528/52 linear_res=877380/20 attn=0/0 rms=0/0 silu=2336/1 fused=0/0
[TASK_TIME] worker=6 linear=2217152/53 linear_res=1019180/19 attn=0/0 rms=0/0 silu=4492/2 fused=0/0
[TASK_TIME] worker=279 linear=457536/22 linear_res=855524/19 attn=0/0 rms=0/0 silu=2352/1 fused=0/0
[TASK_TIME] worker=182 linear=432484/21 linear_res=1171068/23 attn=0/0 rms=0/0 silu=0/0 fused=0/0
[TASK_TIME] worker=135 linear=2068892/53 linear_res=954780/20 attn=0/0 rms=0/0 silu=2344/1 fused=0/0
[TASK_TIME] worker=37 linear=2113032/52 linear_res=981124/21 attn=0/0 rms=0/0 silu=2424/1 fused=0/0
[TASK_TIME] worker=272 linear=498988/24 linear_res=604012/18 attn=0/0 rms=0/0 silu=2216/1 fused=0/0
[TASK_TIME] worker=112 linear=2233144/55 linear_res=451452/18 attn=0/0 rms=0/0 silu=2200/1 fused=0/0
[TASK_TIME] worker=199 linear=414496/20 linear_res=1092488/23 attn=0/0 rms=0/0 silu=0/0 fused=0/0
[TASK_TIME] worker=7 linear=1961148/54 linear_res=958604/20 attn=0/0 rms=0/0 silu=2384/1 fused=0/0
[TASK_TIME] worker=150 linear=2268504/54 linear_res=856672/19 attn=0/0 rms=0/0 silu=0/0 fused=0/0
[TASK_TIME] worker=78 linear=2226024/53 linear_res=919584/22 attn=0/0 rms=0/0 silu=4324/2 fused=0/0
[TASK_TIME] worker=118 linear=2148360/52 linear_res=900320/21 attn=0/0 rms=0/0 silu=2172/1 fused=0/0
[TASK_TIME] worker=200 linear=330432/16 linear_res=1463424/26 attn=0/0 rms=0/0 silu=2220/1 fused=0/0
[TASK_TIME] worker=190 linear=393252/19 linear_res=1151060/22 attn=0/0 rms=0/0 silu=4476/2 fused=0/0
[TASK_TIME] worker=270 linear=436148/21 linear_res=876352/20 attn=0/0 rms=0/0 silu=0/0 fused=0/0
[TASK_TIME] worker=126 linear=2218116/55 linear_res=704024/19 attn=0/0 rms=0/0 silu=4540/2 fused=0/0
[TASK_TIME] worker=206 linear=411636/20 linear_res=1095724/23 attn=0/0 rms=0/0 silu=0/0 fused=0/0
[TASK_TIME] worker=239 linear=393276/19 linear_res=877948/20 attn=0/0 rms=0/0 silu=2356/1 fused=0/0
[TASK_TIME] worker=256 linear=414344/20 linear_res=448512/18 attn=0/0 rms=0/0 silu=2200/1 fused=0/0
[TASK_TIME] worker=87 linear=1994548/53 linear_res=898352/21 attn=0/0 rms=0/0 silu=0/0 fused=0/0
[TASK_TIME] worker=47 linear=2082752/52 linear_res=1074964/22 attn=0/0 rms=0/0 silu=2360/1 fused=0/0
[TASK_TIME] worker=38 linear=2214436/53 linear_res=1037940/20 attn=0/0 rms=0/0 silu=0/0 fused=0/0
[TASK_TIME] worker=56 linear=2138672/51 linear_res=1173716/23 attn=0/0 rms=0/0 silu=2284/1 fused=0/0
[TASK_TIME] worker=14 linear=2224036/54 linear_res=935588/19 attn=0/0 rms=0/0 silu=0/0 fused=0/0
[TASK_TIME] worker=192 linear=370400/18 linear_res=1519680/25 attn=0/0 rms=0/0 silu=0/0 fused=0/0
[TASK_TIME] worker=216 linear=328936/16 linear_res=1036192/24 attn=0/0 rms=0/0 silu=2188/1 fused=0/0
[TASK_TIME] worker=208 linear=351524/17 linear_res=1095232/23 attn=0/0 rms=0/0 silu=2224/1 fused=0/0
[TASK_TIME] worker=144 linear=2154832/57 linear_res=988712/18 attn=0/0 rms=0/0 silu=0/0 fused=0/0
[TASK_TIME] worker=120 linear=2270096/56 linear_res=549336/19 attn=0/0 rms=0/0 silu=4344/2 fused=0/0
[TASK_TIME] worker=264 linear=500936/24 linear_res=506588/17 attn=0/0 rms=0/0 silu=4456/2 fused=0/0
[TASK_TIME] worker=159 linear=2107576/53 linear_res=1052136/21 attn=0/0 rms=0/0 silu=2352/1 fused=0/0
[TASK_TIME] worker=253 linear=435004/21 linear_res=954200/20 attn=0/0 rms=0/0 silu=2348/1 fused=0/0
[TASK_TIME] worker=96 linear=2181660/52 linear_res=547184/19 attn=0/0 rms=0/0 silu=2164/1 fused=0/0
[TASK_TIME] worker=167 linear=2125292/53 linear_res=1052996/21 attn=0/0 rms=0/0 silu=2356/1 fused=0/0
[TASK_TIME] worker=160 linear=2102768/55 linear_res=1185920/20 attn=0/0 rms=0/0 silu=0/0 fused=0/0
[TASK_TIME] worker=157 linear=2120596/52 linear_res=1072344/22 attn=0/0 rms=0/0 silu=0/0 fused=0/0
[TASK_TIME] worker=166 linear=2171532/52 linear_res=1053316/21 attn=0/0 rms=0/0 silu=4464/2 fused=0/0
[TASK_TIME] worker=125 linear=2042048/53 linear_res=1150448/22 attn=0/0 rms=0/0 silu=2336/1 fused=0/0
[TASK_TIME] worker=63 linear=2103476/53 linear_res=999700/22 attn=0/0 rms=0/0 silu=0/0 fused=0/0
[TASK_TIME] worker=294 linear=456144/22 linear_res=973996/21 attn=0/0 rms=0/0 silu=0/0 fused=0/0
[TASK_TIME] worker=151 linear=2131632/54 linear_res=975356/21 attn=0/0 rms=0/0 silu=0/0 fused=0/0
[TASK_TIME] worker=229 linear=433212/21 linear_res=857624/19 attn=0/0 rms=0/0 silu=2344/1 fused=0/0
[TASK_TIME] worker=246 linear=395144/19 linear_res=877948/20 attn=0/0 rms=0/0 silu=2188/1 fused=0/0
[TASK_TIME] worker=262 linear=456668/22 linear_res=701876/19 attn=0/0 rms=0/0 silu=4464/2 fused=0/0
[TASK_TIME] worker=88 linear=2176068/52 linear_res=643464/20 attn=0/0 rms=0/0 silu=8696/4 fused=0/0
[TASK_TIME] worker=102 linear=2181160/52 linear_res=821912/21 attn=0/0 rms=0/0 silu=2196/1 fused=0/0
[TASK_TIME] worker=80 linear=2128480/50 linear_res=901148/25 attn=0/0 rms=0/0 silu=2212/1 fused=0/0
[TASK_TIME] worker=174 linear=2217032/53 linear_res=956432/20 attn=0/0 rms=0/0 silu=0/0 fused=0/0
[TASK_TIME] worker=22 linear=2209508/55 linear_res=1152212/22 attn=0/0 rms=0/0 silu=0/0 fused=0/0
[TASK_TIME] worker=16 linear=2170788/55 linear_res=1262592/20 attn=0/0 rms=0/0 silu=0/0 fused=0/0
[TASK_TIME] worker=168 linear=2075860/54 linear_res=1323872/23 attn=0/0 rms=0/0 silu=0/0 fused=0/0
[TASK_TIME] worker=184 linear=392632/19 linear_res=1577688/24 attn=0/0 rms=0/0 silu=0/0 fused=0/0
[TASK_TIME] worker=288 linear=497720/24 linear_res=892100/17 attn=0/0 rms=0/0 silu=0/0 fused=0/0
[TASK_TIME] worker=64 linear=2081032/49 linear_res=1037580/24 attn=0/0 rms=0/0 silu=2164/1 fused=0/0
[TASK_TIME] worker=32 linear=2188772/54 linear_res=1404424/23 attn=0/0 rms=0/0 silu=0/0 fused=0/0
[TASK_TIME] worker=45 linear=2129552/52 linear_res=902316/21 attn=0/0 rms=0/0 silu=2368/1 fused=0/0
[TASK_TIME] worker=30 linear=2153888/52 linear_res=1132684/21 attn=0/0 rms=0/0 silu=4420/2 fused=0/0
[TASK_TIME] worker=48 linear=2106312/49 linear_res=1425512/24 attn=0/0 rms=0/0 silu=0/0 fused=0/0
[TASK_TIME] worker=158 linear=2267588/54 linear_res=975680/21 attn=0/0 rms=0/0 silu=0/0 fused=0/0
[TASK_TIME] worker=230 linear=413284/20 linear_res=977364/21 attn=0/0 rms=0/0 silu=4552/2 fused=0/0
[TASK_TIME] worker=62 linear=2158468/51 linear_res=1057140/21 attn=0/0 rms=0/0 silu=0/0 fused=0/0
[TASK_TIME] worker=149 linear=2137116/53 linear_res=1092176/23 attn=0/0 rms=0/0 silu=0/0 fused=0/0
[TASK_TIME] worker=293 linear=459092/22 linear_res=1031292/20 attn=0/0 rms=0/0 silu=0/0 fused=0/0
[TASK_TIME] worker=0 linear=2260504/57 linear_res=1073528/18 attn=0/0 rms=0/0 silu=0/0 fused=0/0
[TASK_TIME] worker=94 linear=2205880/53 linear_res=878200/20 attn=0/0 rms=0/0 silu=2212/1 fused=0/0
[TASK_TIME] worker=40 linear=2176768/52 linear_res=1480144/23 attn=0/0 rms=0/0 silu=0/0 fused=0/0
[TASK_TIME] worker=77 linear=2182884/54 linear_res=779212/19 attn=0/0 rms=0/0 silu=2336/1 fused=0/0
[TASK_TIME] worker=86 linear=2184984/52 linear_res=878320/20 attn=0/0 rms=0/0 silu=2180/1 fused=0/0
[TASK_TIME] worker=237 linear=434952/21 linear_res=836016/18 attn=0/0 rms=0/0 silu=2344/1 fused=0/0
[TASK_TIME] worker=207 linear=393656/19 linear_res=1096712/23 attn=0/0 rms=0/0 silu=4712/2 fused=0/0
[TASK_TIME] worker=29 linear=2047988/51 linear_res=1054436/21 attn=0/0 rms=0/0 silu=2336/1 fused=0/0
[TASK_TIME] worker=127 linear=2073844/53 linear_res=879900/20 attn=0/0 rms=0/0 silu=2560/1 fused=0/0
[TASK_TIME] worker=23 linear=1952024/53 linear_res=1130468/21 attn=0/0 rms=0/0 silu=2564/1 fused=0/0
[TASK_TIME] worker=280 linear=499212/24 linear_res=638748/16 attn=0/0 rms=0/0 silu=4432/2 fused=0/0
[TASK_TIME] worker=198 linear=414284/20 linear_res=1149156/22 attn=0/0 rms=0/0 silu=0/0 fused=0/0
[TASK_TIME] worker=255 linear=436692/21 linear_res=799048/20 attn=0/0 rms=0/0 silu=4700/2 fused=0/0
[TASK_TIME] worker=133 linear=2125368/53 linear_res=1052048/21 attn=0/0 rms=0/0 silu=2488/1 fused=0/0
[TASK_TIME] worker=221 linear=456428/22 linear_res=875872/20 attn=0/0 rms=0/0 silu=2356/1 fused=0/0
[TASK_TIME] worker=39 linear=2043196/54 linear_res=1055964/21 attn=0/0 rms=0/0 silu=0/0 fused=0/0
[TASK_TIME] worker=85 linear=2139052/54 linear_res=760148/18 attn=0/0 rms=0/0 silu=2372/1 fused=0/0
[TASK_TIME] worker=238 linear=391784/19 linear_res=918860/22 attn=0/0 rms=0/0 silu=2176/1 fused=0/0
[TASK_TIME] worker=117 linear=2039776/53 linear_res=1073732/22 attn=0/0 rms=0/0 silu=2340/1 fused=0/0
[TASK_TIME] worker=213 linear=435000/21 linear_res=899392/21 attn=0/0 rms=0/0 silu=2384/1 fused=0/0
[TASK_TIME] worker=21 linear=2046024/52 linear_res=1053244/21 attn=0/0 rms=0/0 silu=4844/2 fused=0/0
[TASK_TIME] worker=240 linear=372012/18 linear_res=644652/20 attn=0/0 rms=0/0 silu=4436/2 fused=0/0
[TASK_TIME] worker=128 linear=2270596/56 linear_res=563048/16 attn=0/0 rms=0/0 silu=6648/3 fused=0/0
[TASK_TIME] worker=111 linear=2099276/53 linear_res=879660/20 attn=0/0 rms=0/0 silu=2332/1 fused=0/0
[TASK_TIME] worker=261 linear=435668/21 linear_res=1051004/21 attn=0/0 rms=0/0 silu=2360/1 fused=0/0
[TASK_TIME] worker=176 linear=433552/21 linear_res=1422612/24 attn=0/0 rms=0/0 silu=0/0 fused=0/0
[TASK_TIME] worker=93 linear=2151628/54 linear_res=780668/19 attn=0/0 rms=0/0 silu=2336/1 fused=0/0
[TASK_TIME] worker=15 linear=1954216/54 linear_res=1051932/21 attn=0/0 rms=0/0 silu=0/0 fused=0/0
[TASK_TIME] worker=223 linear=414872/20 linear_res=995656/22 attn=0/0 rms=0/0 silu=0/0 fused=0/0
[TASK_TIME2] worker=70 prep=62912/4 attend=0/0 merge=0/0 router=0/0 copy=0/0 w2silu=0/0 lnorm=0/0 prefetch=0/0
[TASK_TIME] worker=205 linear=413660/20 linear_res=843436/22 attn=0/0 rms=0/0 silu=2356/1 fused=0/0
[TASK_TIME] worker=69 linear=2200896/55 linear_res=802084/20 attn=0/0 rms=0/0 silu=2328/1 fused=0/0
[TASK_TIME2] worker=165 prep=62044/4 attend=0/0 merge=0/0 router=33268/1 copy=0/0 w2silu=0/0 lnorm=0/0 prefetch=0/0
[TASK_TIME2] worker=247 prep=61932/4 attend=0/0 merge=0/0 router=0/0 copy=0/0 w2silu=0/0 lnorm=0/0 prefetch=0/0
[TASK_TIME2] worker=110 prep=63256/4 attend=0/0 merge=0/0 router=0/0 copy=0/0 w2silu=0/0 lnorm=0/0 prefetch=0/0
[TASK_TIME] worker=248 linear=434428/21 linear_res=350076/17 attn=0/0 rms=0/0 silu=2188/1 fused=0/0
[TASK_TIME] worker=285 linear=457132/22 linear_res=1032428/20 attn=0/0 rms=0/0 silu=0/0 fused=0/0
[TASK_TIME2] worker=72 prep=78208/5 attend=0/0 merge=0/0 router=0/0 copy=0/0 w2silu=0/0 lnorm=0/0 prefetch=0/0
[TASK_TIME2] worker=254 prep=45436/3 attend=0/0 merge=0/0 router=0/0 copy=0/0 w2silu=0/0 lnorm=0/0 prefetch=0/0
[TASK_TIME2] worker=136 prep=31448/2 attend=0/0 merge=0/0 router=0/0 copy=0/0 w2silu=0/0 lnorm=0/0 prefetch=0/0
[TASK_TIME2] worker=104 prep=77236/5 attend=0/0 merge=0/0 router=0/0 copy=0/0 w2silu=0/0 lnorm=0/0 prefetch=0/0
[TASK_TIME2] worker=263 prep=30088/2 attend=0/0 merge=0/0 router=0/0 copy=0/0 w2silu=0/0 lnorm=0/0 prefetch=0/0
[TASK_TIME] worker=13 linear=2092764/53 linear_res=1052044/21 attn=0/0 rms=0/0 silu=0/0 fused=0/0
[TASK_TIME] worker=109 linear=2027276/53 linear_res=976572/21 attn=0/0 rms=0/0 silu=2328/1 fused=0/0
[TASK_TIME2] worker=150 prep=62024/4 attend=0/0 merge=0/0 router=0/0 copy=0/0 w2silu=0/0 lnorm=0/0 prefetch=0/0
[TASK_TIME2] worker=24 prep=30216/2 attend=7196180/64 merge=0/0 router=0/0 copy=0/0 w2silu=0/0 lnorm=0/0 prefetch=0/0
[TASK_TIME2] worker=54 prep=64884/4 attend=0/0 merge=0/0 router=0/0 copy=0/0 w2silu=0/0 lnorm=0/0 prefetch=0/0
[TASK_TIME2] worker=126 prep=30136/2 attend=0/0 merge=0/0 router=0/0 copy=0/0 w2silu=0/0 lnorm=0/0 prefetch=0/0
[TASK_TIME2] worker=278 prep=63028/4 attend=0/0 merge=0/0 router=0/0 copy=0/0 w2silu=0/0 lnorm=0/0 prefetch=0/0
[TASK_TIME] worker=101 linear=2023756/53 linear_res=879236/20 attn=0/0 rms=0/0 silu=2328/1 fused=0/0
[TASK_TIME2] worker=56 prep=78388/5 attend=0/0 merge=0/0 router=0/0 copy=0/0 w2silu=0/0 lnorm=0/0 prefetch=0/0
[TASK_TIME2] worker=71 prep=46972/3 attend=0/0 merge=0/0 router=0/0 copy=0/0 w2silu=0/0 lnorm=0/0 prefetch=0/0
[TASK_TIME2] worker=295 prep=61316/4 attend=0/0 merge=0/0 router=0/0 copy=0/0 w2silu=0/0 lnorm=0/0 prefetch=0/0
[TASK_TIME2] worker=134 prep=31448/2 attend=0/0 merge=0/0 router=0/0 copy=0/0 w2silu=0/0 lnorm=0/0 prefetch=0/0
[TASK_TIME2] worker=175 prep=46640/3 attend=0/0 merge=0/0 router=0/0 copy=0/0 w2silu=0/0 lnorm=0/0 prefetch=0/0
[TASK_TIME2] worker=286 prep=31436/2 attend=0/0 merge=0/0 router=0/0 copy=0/0 w2silu=0/0 lnorm=0/0 prefetch=0/0
[TASK_TIME] worker=189 linear=372696/18 linear_res=998248/22 attn=0/0 rms=0/0 silu=2372/1 fused=0/0
[TASK_TIME2] worker=118 prep=63640/4 attend=0/0 merge=0/0 router=0/0 copy=0/0 w2silu=0/0 lnorm=0/0 prefetch=0/0
[TASK_TIME] worker=271 linear=436764/21 linear_res=952944/20 attn=0/0 rms=0/0 silu=2372/1 fused=0/0
[TASK_TIME2] worker=142 prep=64000/4 attend=0/0 merge=0/0 router=0/0 copy=0/0 w2silu=0/0 lnorm=0/0 prefetch=0/0
[TASK_TIME2] worker=206 prep=62432/4 attend=0/0 merge=0/0 router=0/0 copy=0/0 w2silu=0/0 lnorm=0/0 prefetch=0/0
[TASK_TIME2] worker=174 prep=65200/4 attend=0/0 merge=0/0 router=0/0 copy=0/0 w2silu=0/0 lnorm=0/0 prefetch=0/0
[TASK_TIME2] worker=224 prep=46136/3 attend=0/0 merge=0/0 router=0/0 copy=0/0 w2silu=0/0 lnorm=0/0 prefetch=0/0
[TASK_TIME2] worker=272 prep=17308/1 attend=0/0 merge=0/0 router=0/0 copy=0/0 w2silu=0/0 lnorm=0/0 prefetch=0/0
[TASK_TIME2] worker=0 prep=31108/2 attend=8071984/64 merge=2454500/64 router=0/0 copy=0/0 w2silu=0/0 lnorm=0/0 prefetch=0/0
[TASK_TIME2] worker=182 prep=47296/3 attend=0/0 merge=0/0 router=0/0 copy=0/0 w2silu=0/0 lnorm=0/0 prefetch=0/0
[TASK_TIME2] worker=200 prep=76832/5 attend=0/0 merge=0/0 router=0/0 copy=0/0 w2silu=0/0 lnorm=0/0 prefetch=0/0
[TASK_TIME2] worker=160 prep=76192/5 attend=0/0 merge=0/0 router=0/0 copy=0/0 w2silu=0/0 lnorm=0/0 prefetch=0/0
[TASK_TIME2] worker=246 prep=61888/4 attend=0/0 merge=0/0 router=0/0 copy=0/0 w2silu=0/0 lnorm=0/0 prefetch=0/0
[TASK_TIME2] worker=102 prep=47416/3 attend=0/0 merge=0/0 router=0/0 copy=0/0 w2silu=0/0 lnorm=0/0 prefetch=0/0
[TASK_TIME2] worker=94 prep=63428/4 attend=0/0 merge=0/0 router=0/0 copy=0/0 w2silu=0/0 lnorm=0/0 prefetch=0/0
[TASK_TIME] worker=141 linear=2149676/53 linear_res=1052648/21 attn=0/0 rms=0/0 silu=0/0 fused=0/0
[TASK_TIME2] worker=190 prep=63792/4 attend=0/0 merge=0/0 router=0/0 copy=0/0 w2silu=0/0 lnorm=0/0 prefetch=0/0
[TASK_TIME2] worker=256 prep=45524/3 attend=0/0 merge=0/0 router=0/0 copy=0/0 w2silu=0/0 lnorm=0/0 prefetch=0/0
[TASK_TIME] worker=191 linear=395380/19 linear_res=1052404/21 attn=0/0 rms=0/0 silu=2364/1 fused=0/0
[TASK_TIME2] worker=152 prep=59624/4 attend=0/0 merge=0/0 router=0/0 copy=0/0 w2silu=0/0 lnorm=0/0 prefetch=0/0
[TASK_TIME2] worker=198 prep=47392/3 attend=0/0 merge=0/0 router=0/0 copy=0/0 w2silu=0/0 lnorm=0/0 prefetch=0/0
[TASK_TIME] worker=173 linear=2115900/50 linear_res=1075124/22 attn=0/0 rms=0/0 silu=2384/1 fused=0/0
[TASK_TIME2] worker=230 prep=61088/4 attend=0/0 merge=0/0 router=0/0 copy=0/0 w2silu=0/0 lnorm=0/0 prefetch=0/0
[TASK_TIME2] worker=38 prep=64120/4 attend=132640/64 merge=0/0 router=0/0 copy=0/0 w2silu=0/0 lnorm=0/0 prefetch=0/0
[TASK_TIME2] worker=79 prep=60428/4 attend=0/0 merge=0/0 router=0/0 copy=0/0 w2silu=0/0 lnorm=0/0 prefetch=0/0
[TASK_TIME2] worker=119 prep=44896/3 attend=0/0 merge=0/0 router=0/0 copy=0/0 w2silu=0/0 lnorm=0/0 prefetch=0/0
[TASK_TIME2] worker=214 prep=62420/4 attend=0/0 merge=0/0 router=0/0 copy=0/0 w2silu=0/0 lnorm=0/0 prefetch=0/0
[TASK_TIME2] worker=32 prep=48192/3 attend=181532/64 merge=0/0 router=0/0 copy=0/0 w2silu=0/0 lnorm=0/0 prefetch=0/0
[TASK_TIME2] worker=262 prep=29896/2 attend=0/0 merge=0/0 router=0/0 copy=0/0 w2silu=0/0 lnorm=0/0 prefetch=0/0
[TASK_TIME2] worker=120 prep=14920/1 attend=0/0 merge=0/0 router=0/0 copy=0/0 w2silu=0/0 lnorm=0/0 prefetch=0/0
[TASK_TIME2] worker=95 prep=46660/3 attend=0/0 merge=0/0 router=0/0 copy=0/0 w2silu=0/0 lnorm=0/0 prefetch=0/0
[TASK_TIME] worker=61 linear=2189532/54 linear_res=748572/21 attn=0/0 rms=0/0 silu=2352/1 fused=0/0
[TASK_TIME2] worker=232 prep=30088/2 attend=0/0 merge=0/0 router=0/0 copy=0/0 w2silu=0/0 lnorm=0/0 prefetch=0/0
[TASK_TIME] worker=245 linear=435972/21 linear_res=855068/19 attn=0/0 rms=0/0 silu=2356/1 fused=0/0
[TASK_TIME2] worker=158 prep=46916/3 attend=0/0 merge=0/0 router=0/0 copy=0/0 w2silu=0/0 lnorm=0/0 prefetch=0/0
[TASK_TIME2] worker=31 prep=61956/4 attend=7268148/64 merge=0/0 router=0/0 copy=0/0 w2silu=0/0 lnorm=0/0 prefetch=0/0
[TASK_TIME2] worker=264 prep=32048/2 attend=0/0 merge=0/0 router=0/0 copy=0/0 w2silu=0/0 lnorm=0/0 prefetch=0/0
[TASK_TIME] worker=277 linear=476364/23 linear_res=1029188/20 attn=0/0 rms=0/0 silu=2352/1 fused=0/0
[TASK_TIME2] worker=96 prep=46148/3 attend=0/0 merge=0/0 router=0/0 copy=0/0 w2silu=0/0 lnorm=0/0 prefetch=0/0
[TASK_TIME2] worker=80 prep=30832/2 attend=0/0 merge=0/0 router=0/0 copy=0/0 w2silu=0/0 lnorm=0/0 prefetch=0/0
[TASK_TIME2] worker=231 prep=46300/3 attend=0/0 merge=0/0 router=0/0 copy=0/0 w2silu=0/0 lnorm=0/0 prefetch=0/0
[TASK_TIME2] worker=86 prep=63132/4 attend=0/0 merge=0/0 router=0/0 copy=0/0 w2silu=0/0 lnorm=0/0 prefetch=0/0
[TASK_TIME2] worker=287 prep=46844/3 attend=0/0 merge=0/0 router=0/0 copy=0/0 w2silu=0/0 lnorm=0/0 prefetch=0/0
[TASK_TIME] worker=53 linear=2146728/53 linear_res=823244/21 attn=0/0 rms=0/0 silu=2352/1 fused=0/0
[TASK_TIME2] worker=168 prep=46424/3 attend=0/0 merge=0/0 router=0/0 copy=0/0 w2silu=0/0 lnorm=0/0 prefetch=0/0
[TASK_TIME2] worker=16 prep=76576/5 attend=7349428/64 merge=0/0 router=0/0 copy=0/0 w2silu=0/0 lnorm=0/0 prefetch=0/0
[TASK_TIME2] worker=88 prep=31188/2 attend=0/0 merge=0/0 router=0/0 copy=0/0 w2silu=0/0 lnorm=0/0 prefetch=0/0
[TASK_TIME2] worker=208 prep=92804/6 attend=0/0 merge=0/0 router=0/0 copy=0/0 w2silu=0/0 lnorm=0/0 prefetch=0/0
[TASK_TIME2] worker=78 prep=31244/2 attend=0/0 merge=0/0 router=0/0 copy=0/0 w2silu=0/0 lnorm=0/0 prefetch=0/0
[TASK_TIME2] worker=55 prep=74268/5 attend=0/0 merge=0/0 router=0/0 copy=0/0 w2silu=0/0 lnorm=0/0 prefetch=0/0
[TASK_TIME2] worker=14 prep=60032/4 attend=7167860/64 merge=2409216/64 router=0/0 copy=0/0 w2silu=0/0 lnorm=0/0 prefetch=0/0
[TASK_TIME2] worker=6 prep=82752/5 attend=7980652/64 merge=2433492/64 router=0/0 copy=0/0 w2silu=0/0 lnorm=0/0 prefetch=0/0
[TASK_TIME2] worker=112 prep=48164/3 attend=0/0 merge=0/0 router=0/0 copy=0/0 w2silu=0/0 lnorm=0/0 prefetch=0/0
[TASK_TIME2] worker=294 prep=31560/2 attend=0/0 merge=0/0 router=0/0 copy=0/0 w2silu=0/0 lnorm=0/0 prefetch=0/0
[TASK_TIME2] worker=144 prep=30300/2 attend=0/0 merge=0/0 router=0/0 copy=0/0 w2silu=0/0 lnorm=0/0 prefetch=0/0
[TASK_TIME2] worker=63 prep=46444/3 attend=0/0 merge=0/0 router=0/0 copy=0/0 w2silu=0/0 lnorm=0/0 prefetch=0/0
[TASK_TIME2] worker=197 prep=47664/3 attend=0/0 merge=0/0 router=32152/1 copy=0/0 w2silu=0/0 lnorm=0/0 prefetch=0/0
[TASK_TIME2] worker=166 prep=63300/4 attend=0/0 merge=0/0 router=0/0 copy=0/0 w2silu=0/0 lnorm=0/0 prefetch=0/0
[TASK_TIME2] worker=30 prep=63176/4 attend=7196472/64 merge=0/0 router=0/0 copy=0/0 w2silu=0/0 lnorm=0/0 prefetch=0/0
[TASK_TIME2] worker=192 prep=75960/5 attend=0/0 merge=0/0 router=0/0 copy=0/0 w2silu=0/0 lnorm=0/0 prefetch=0/0
[TASK_TIME2] worker=62 prep=79308/5 attend=0/0 merge=0/0 router=0/0 copy=0/0 w2silu=0/0 lnorm=0/0 prefetch=0/0
[TASK_TIME2] worker=183 prep=76160/5 attend=0/0 merge=0/0 router=0/0 copy=0/0 w2silu=0/0 lnorm=0/0 prefetch=0/0
[TASK_TIME2] worker=22 prep=31420/2 attend=7215236/64 merge=0/0 router=0/0 copy=0/0 w2silu=0/0 lnorm=0/0 prefetch=0/0
[TASK_TIME2] worker=127 prep=45272/3 attend=0/0 merge=0/0 router=0/0 copy=0/0 w2silu=0/0 lnorm=0/0 prefetch=0/0
[TASK_TIME2] worker=238 prep=47512/3 attend=0/0 merge=0/0 router=0/0 copy=0/0 w2silu=0/0 lnorm=0/0 prefetch=0/0
[TASK_TIME2] worker=135 prep=61160/4 attend=0/0 merge=0/0 router=0/0 copy=0/0 w2silu=0/0 lnorm=0/0 prefetch=0/0
[TASK_TIME2] worker=103 prep=46016/3 attend=0/0 merge=0/0 router=0/0 copy=0/0 w2silu=0/0 lnorm=0/0 prefetch=0/0
[TASK_TIME2] worker=47 prep=64148/4 attend=0/0 merge=0/0 router=0/0 copy=0/0 w2silu=0/0 lnorm=0/0 prefetch=0/0
[TASK_TIME2] worker=184 prep=77708/5 attend=0/0 merge=0/0 router=0/0 copy=0/0 w2silu=0/0 lnorm=0/0 prefetch=0/0
[TASK_TIME2] worker=270 prep=47572/3 attend=0/0 merge=0/0 router=0/0 copy=0/0 w2silu=0/0 lnorm=0/0 prefetch=0/0
[TASK_TIME2] worker=288 prep=31380/2 attend=0/0 merge=0/0 router=0/0 copy=0/0 w2silu=0/0 lnorm=0/0 prefetch=0/0
[TASK_TIME2] worker=222 prep=62568/4 attend=0/0 merge=0/0 router=0/0 copy=0/0 w2silu=0/0 lnorm=0/0 prefetch=0/0
[TASK_TIME] worker=215 linear=395900/19 linear_res=974732/21 attn=0/0 rms=0/0 silu=2372/1 fused=0/0
[TASK_TIME2] worker=239 prep=61464/4 attend=0/0 merge=0/0 router=0/0 copy=0/0 w2silu=0/0 lnorm=0/0 prefetch=0/0
[TASK_TIME2] worker=40 prep=77796/5 attend=0/0 merge=0/0 router=0/0 copy=0/0 w2silu=0/0 lnorm=0/0 prefetch=0/0
[TASK_TIME2] worker=7 prep=46068/3 attend=8036544/64 merge=2441328/64 router=0/0 copy=0/0 w2silu=0/0 lnorm=0/0 prefetch=0/0
[TASK_TIME2] worker=248 prep=47424/3 attend=0/0 merge=0/0 router=0/0 copy=0/0 w2silu=0/0 lnorm=0/0 prefetch=0/0
[TASK_TIME2] worker=87 prep=62356/4 attend=0/0 merge=0/0 router=0/0 copy=0/0 w2silu=0/0 lnorm=0/0 prefetch=0/0
[TASK_TIME2] worker=143 prep=46748/3 attend=0/0 merge=0/0 router=0/0 copy=0/0 w2silu=0/0 lnorm=0/0 prefetch=0/0
[TASK_TIME2] worker=151 prep=46588/3 attend=0/0 merge=0/0 router=0/0 copy=0/0 w2silu=0/0 lnorm=0/0 prefetch=0/0
[TASK_TIME] worker=181 linear=351848/17 linear_res=1073500/22 attn=0/0 rms=0/0 silu=2368/1 fused=0/0
[TASK_TIME2] worker=176 prep=46580/3 attend=0/0 merge=0/0 router=0/0 copy=0/0 w2silu=0/0 lnorm=0/0 prefetch=0/0
[TASK_TIME2] worker=216 prep=75260/5 attend=0/0 merge=0/0 router=0/0 copy=0/0 w2silu=0/0 lnorm=0/0 prefetch=0/0
[TASK_TIME2] worker=279 prep=46552/3 attend=0/0 merge=0/0 router=0/0 copy=0/0 w2silu=0/0 lnorm=0/0 prefetch=0/0
[TASK_TIME2] worker=159 prep=62204/4 attend=0/0 merge=0/0 router=0/0 copy=0/0 w2silu=0/0 lnorm=0/0 prefetch=0/0
[TASK_TIME2] worker=64 prep=75456/5 attend=0/0 merge=0/0 router=0/0 copy=0/0 w2silu=0/0 lnorm=0/0 prefetch=0/0
[TASK_TIME] worker=46 linear=2231356/53 linear_res=1172964/23 attn=0/0 rms=0/0 silu=0/0 fused=0/0
[TASK_TIME2] worker=255 prep=44064/3 attend=0/0 merge=0/0 router=0/0 copy=0/0 w2silu=0/0 lnorm=0/0 prefetch=0/0
[TASK_TIME2] worker=48 prep=105648/7 attend=0/0 merge=0/0 router=0/0 copy=0/0 w2silu=0/0 lnorm=0/0 prefetch=0/0
[TASK_TIME2] worker=199 prep=45676/3 attend=0/0 merge=0/0 router=0/0 copy=0/0 w2silu=0/0 lnorm=0/0 prefetch=0/0
[TASK_TIME2] worker=223 prep=45272/3 attend=0/0 merge=0/0 router=0/0 copy=0/0 w2silu=0/0 lnorm=0/0 prefetch=0/0
[TASK_TIME2] worker=111 prep=61136/4 attend=0/0 merge=0/0 router=0/0 copy=0/0 w2silu=0/0 lnorm=0/0 prefetch=0/0
[TASK_TIME2] worker=23 prep=60020/4 attend=7305416/64 merge=0/0 router=0/0 copy=0/0 w2silu=0/0 lnorm=0/0 prefetch=0/0
[TASK_TIME2] worker=167 prep=47812/3 attend=0/0 merge=0/0 router=0/0 copy=0/0 w2silu=0/0 lnorm=0/0 prefetch=0/0
[TASK_TIME2] worker=271 prep=46500/3 attend=0/0 merge=0/0 router=0/0 copy=0/0 w2silu=0/0 lnorm=0/0 prefetch=0/0
[TASK_TIME2] worker=280 prep=32836/2 attend=0/0 merge=0/0 router=0/0 copy=0/0 w2silu=0/0 lnorm=0/0 prefetch=0/0
[TASK_TIME2] worker=15 prep=46184/3 attend=7199820/64 merge=2416516/64 router=0/0 copy=0/0 w2silu=0/0 lnorm=0/0 prefetch=0/0
[TASK_TIME] worker=8 linear=2242300/56 linear_res=1164556/19 attn=0/0 rms=0/0 silu=0/0 fused=0/0
[TASK_TIME2] worker=39 prep=45996/3 attend=131892/64 merge=0/0 router=0/0 copy=0/0 w2silu=0/0 lnorm=0/0 prefetch=0/0
[TASK_TIME2] worker=128 prep=31008/2 attend=0/0 merge=0/0 router=0/0 copy=0/0 w2silu=0/0 lnorm=0/0 prefetch=0/0
[TASK_TIME2] worker=191 prep=77848/5 attend=0/0 merge=0/0 router=0/0 copy=0/0 w2silu=0/0 lnorm=0/0 prefetch=0/0
[TASK_TIME2] worker=240 prep=44616/3 attend=0/0 merge=0/0 router=0/0 copy=0/0 w2silu=0/0 lnorm=0/0 prefetch=0/0
[TASK_TIME2] worker=46 prep=47936/3 attend=0/0 merge=0/0 router=0/0 copy=0/0 w2silu=0/0 lnorm=0/0 prefetch=0/0
[TASK_TIME2] worker=8 prep=78716/5 attend=7177504/64 merge=2417908/64 router=0/0 copy=0/0 w2silu=0/0 lnorm=0/0 prefetch=0/0
[TASK_TIME2] worker=207 prep=43928/3 attend=0/0 merge=0/0 router=0/0 copy=0/0 w2silu=0/0 lnorm=0/0 prefetch=0/0
[TASK_TIME2] worker=37 prep=66236/4 attend=133804/64 merge=0/0 router=34184/1 copy=0/0 w2silu=0/0 lnorm=0/0 prefetch=0/0
[TASK_TIME2] worker=149 prep=62808/4 attend=0/0 merge=0/0 router=0/0 copy=0/0 w2silu=0/0 lnorm=0/0 prefetch=0/0
[TASK_TIME2] worker=215 prep=59136/4 attend=0/0 merge=0/0 router=0/0 copy=0/0 w2silu=0/0 lnorm=0/0 prefetch=0/0
[TASK_TIME2] worker=253 prep=47856/3 attend=0/0 merge=0/0 router=33184/1 copy=0/0 w2silu=0/0 lnorm=0/0 prefetch=0/0
[TASK_TIME] worker=5 linear=2160180/54 linear_res=1077016/22 attn=0/0 rms=0/0 silu=0/0 fused=0/0
[TASK_TIME2] worker=77 prep=61308/4 attend=0/0 merge=0/0 router=31448/1 copy=0/0 w2silu=0/0 lnorm=0/0 prefetch=0/0
[TASK_TIME2] worker=229 prep=61704/4 attend=0/0 merge=0/0 router=33508/1 copy=0/0 w2silu=0/0 lnorm=0/0 prefetch=0/0
[TASK_TIME2] worker=133 prep=61884/4 attend=0/0 merge=0/0 router=0/0 copy=0/0 w2silu=0/0 lnorm=0/0 prefetch=0/0
[TASK_TIME2] worker=117 prep=31396/2 attend=0/0 merge=0/0 router=33336/1 copy=0/0 w2silu=0/0 lnorm=0/0 prefetch=0/0
[TASK_TIME2] worker=125 prep=30616/2 attend=0/0 merge=0/0 router=31928/1 copy=0/0 w2silu=0/0 lnorm=0/0 prefetch=0/0
[TASK_TIME2] worker=29 prep=63160/4 attend=7226524/64 merge=0/0 router=32124/1 copy=0/0 w2silu=0/0 lnorm=0/0 prefetch=0/0
[TASK_TIME2] worker=85 prep=79868/5 attend=0/0 merge=0/0 router=31192/1 copy=0/0 w2silu=0/0 lnorm=0/0 prefetch=0/0
[TASK_TIME2] worker=293 prep=78772/5 attend=0/0 merge=0/0 router=0/0 copy=0/0 w2silu=0/0 lnorm=0/0 prefetch=0/0
[TASK_TIME2] worker=261 prep=30108/2 attend=0/0 merge=0/0 router=33840/1 copy=0/0 w2silu=0/0 lnorm=0/0 prefetch=0/0
[TASK_TIME2] worker=189 prep=64776/4 attend=0/0 merge=0/0 router=33556/1 copy=0/0 w2silu=0/0 lnorm=0/0 prefetch=0/0
[TASK_TIME2] worker=245 prep=61660/4 attend=0/0 merge=0/0 router=33432/1 copy=0/0 w2silu=0/0 lnorm=0/0 prefetch=0/0
[TASK_TIME2] worker=221 prep=31208/2 attend=0/0 merge=0/0 router=31744/1 copy=0/0 w2silu=0/0 lnorm=0/0 prefetch=0/0
[TASK_TIME2] worker=213 prep=31448/2 attend=0/0 merge=0/0 router=31224/1 copy=0/0 w2silu=0/0 lnorm=0/0 prefetch=0/0
[TASK_TIME2] worker=141 prep=77268/5 attend=0/0 merge=0/0 router=0/0 copy=0/0 w2silu=0/0 lnorm=0/0 prefetch=0/0
[TASK_TIME2] worker=269 prep=31556/2 attend=0/0 merge=0/0 router=33148/1 copy=0/0 w2silu=0/0 lnorm=0/0 prefetch=0/0
[TASK_TIME2] worker=13 prep=62216/4 attend=7182768/64 merge=2405932/64 router=63920/2 copy=0/0 w2silu=0/0 lno[EVENT_TIMING] 736 event firings recorded

================================================================================
PER-EVENT WALL-CLOCK TIMING (barrier-to-barrier)
================================================================================
Event TaskType              Count    Avg(us)    Min(us)    Max(us)    Std(us)
-------------------------------------------------------------------------
    1 UNKNOWN                  30     146.61       9.64     193.16      68.04
    2 UNKNOWN                  31      16.40      13.68      18.98       1.13
    3 UNKNOWN                  31       5.49       4.87       6.15       0.29
    4 UNKNOWN                  31      21.37      19.47      23.51       1.08
    5 UNKNOWN                  31      13.56      12.78      14.42       0.37
    6 UNKNOWN                  31      67.04      65.44      68.80       0.87
    7 UNKNOWN                  31      25.10      23.14      25.76       0.54
    8 UNKNOWN                  31      14.92      14.37      15.30       0.20
    9 UNKNOWN                  31       4.58       4.09       5.30       0.37
   10 UNKNOWN                  31      33.17      32.48      36.52       0.87
   11 UNKNOWN                  31      51.86      50.97      52.84       0.38
   12 UNKNOWN                  31       4.86       4.27       5.55       0.34
   13 UNKNOWN                  31      14.59      14.27      15.03       0.19
   14 UNKNOWN                  31      13.26      12.58      14.30       0.43
   15 UNKNOWN                  31      65.31      64.64      66.06       0.33
   16 UNKNOWN                  31      22.69      22.12      24.40       0.41
   17 UNKNOWN                  31      14.44      13.86      15.92       0.37
   18 UNKNOWN                  31       4.77       3.93       5.53       0.43
   19 UNKNOWN                  31      18.90      17.67      19.75       0.52
   20 UNKNOWN                  31      42.17      41.51      45.35       0.70
   21 UNKNOWN                  31       5.27       4.79       5.76       0.24
   22 UNKNOWN                  31      21.98      21.00      23.09       0.53
   23 UNKNOWN                  31       4.54       4.04       5.34       0.22

================================================================================
PER-TYPE SUMMARY (sum of avg durations across all events)
================================================================================
TaskType             Events    Total(us)  Total(ms)        %
----------------------------------------------------------
UNKNOWN                  23        632.9      0.633   100.0%
TOTAL                              632.9      0.633

Saved raw event timing to event_timing.json
