First tasks: 1
Number of all events: 22
Number of all tasks: 464
Number of triggered events: 20
Number of executed tasks: 462
[EVENT_TIMING] Allocated buffer for 2200 entries (22 events x 100 iters)
[WORKER_XCD] worker_id=105 block=105 xcd=6
[WORKER_XCD] worker_id=50 block=50 xcd=7
[WORKER_XCD] worker_id=113 block=113 xcd=6
[WORKER_XCD] worker_id=153 block=153 xcd=6
[WORKER_XCD] worker_id=33 block=33 xcd=6
[WORKER_XCD] worker_id=57 block=57 xcd=6
[WORKER_XCD] worker_id=81 block=81 xcd=6
[WORKER_XCD] worker_id=9 block=9 xcd=6
[WORKER_XCD] worker_id=129 block=129 xcd=6
[WORKER_XCD] worker_id=73 block=73 xcd=6
[WORKER_XCD] worker_id=257 block=257 xcd=6
[WORKER_XCD] worker_id=185 block=185 xcd=6
[WORKER_XCD] worker_id=281 block=281 xcd=6
[WORKER_XCD] worker_id=249 block=249 xcd=6
[WORKER_XCD] worker_id=41 block=41 xcd=6
[WORKER_XCD] worker_id=225 block=225 xcd=6
[WORKER_XCD] worker_id=145 block=145 xcd=6
[WORKER_XCD] worker_id=121 block=121 xcd=6
[WORKER_XCD] worker_id=169 block=169 xcd=6
[WORKER_XCD] worker_id=273 block=273 xcd=6
[WORKER_XCD] worker_id=217 block=217 xcd=6
[WORKER_XCD] worker_id=203 block=203 xcd=0
[WORKER_XCD] worker_id=89 block=89 xcd=6
[WORKER_XCD] worker_id=179 block=179 xcd=0
[WORKER_XCD] worker_id=107 block=107 xcd=0
[WORKER_XCD] worker_id=99 block=99 xcd=0
[WORKER_XCD] worker_id=147 block=147 xcd=0
[WORKER_XCD] worker_id=161 block=161 xcd=6
[WORKER_XCD] worker_id=123 block=123 xcd=0
[WORKER_XCD] worker_id=259 block=259 xcd=0
[WORKER_XCD] worker_id=291 block=291 xcd=0
[WORKER_XCD] worker_id=171 block=171 xcd=0
[WORKER_XCD] worker_id=243 block=243 xcd=0
[WORKER_XCD] worker_id=235 block=235 xcd=0
[WORKER_XCD] worker_id=251 block=251 xcd=0
[WORKER_XCD] worker_id=267 block=267 xcd=0
[WORKER_XCD] worker_id=83 block=83 xcd=0
[WORKER_XCD] worker_id=131 block=131 xcd=0
[WORKER_XCD] worker_id=274 block=274 xcd=7
[WORKER_XCD] worker_id=194 block=194 xcd=7
[WORKER_XCD] worker_id=233 block=233 xcd=6
[WORKER_XCD] worker_id=155 block=155 xcd=0
[WORKER_XCD] worker_id=10 block=10 xcd=7
[WORKER_XCD] worker_id=195 block=195 xcd=0
[WORKER_XCD] worker_id=275 block=275 xcd=0
[WORKER_XCD] worker_id=186 block=186 xcd=7
[WORKER_XCD] worker_id=75 block=75 xcd=0
[WORKER_XCD] worker_id=92 block=92 xcd=1
[WORKER_XCD] worker_id=188 block=188 xcd=1
[WORKER_XCD] worker_id=156 block=156 xcd=1
[WORKER_XCD] worker_id=11 block=11 xcd=0
[WORKER_XCD] worker_id=292 block=292 xcd=1
[WORKER_XCD] worker_id=210 block=210 xcd=7
[WORKER_XCD] worker_id=132 block=132 xcd=1
[WORKER_XCD] worker_id=227 block=227 xcd=0
[WORKER_XCD] worker_id=163 block=163 xcd=0
[WORKER_XCD] worker_id=180 block=180 xcd=1
[WORKER_XCD] worker_id=20 block=20 xcd=1
[WORKER_XCD] worker_id=68 block=68 xcd=1
[WORKER_XCD] worker_id=283 block=283 xcd=0
[WORKER_XCD] worker_id=124 block=124 xcd=1
[WORKER_XCD] worker_id=84 block=84 xcd=1
[WORKER_XCD] worker_id=260 block=260 xcd=1
[WORKER_XCD] worker_id=164 block=164 xcd=1
[WORKER_XCD] worker_id=204 block=204 xcd=1
[WORKER_XCD] worker_id=196 block=196 xcd=1
[WORKER_XCD] worker_id=65 block=65 xcd=6
[WORKER_XCD] worker_id=140 block=140 xcd=1
[WORKER_XCD] worker_id=12 block=12 xcd=1
[WORKER_XCD] worker_id=187 block=187 xcd=0
[WORKER_XCD] worker_id=209 block=209 xcd=6
[WORKER_XCD] worker_id=25 block=25 xcd=6
[WORKER_XCD] worker_id=28 block=28 xcd=1
[WORKER_XCD] worker_id=268 block=268 xcd=1
[WORKER_XCD] worker_id=44 block=44 xcd=1
[WORKER_XCD] worker_id=4 block=4 xcd=1
[WORKER_XCD] worker_id=265 block=265 xcd=6
[WORKER_XCD] worker_id=91 block=91 xcd=0
[WORKER_XCD] worker_id=177 block=177 xcd=6
[WORKER_XCD] worker_id=228 block=228 xcd=1
[WORKER_XCD] worker_id=148 block=148 xcd=1
[WORKER_XCD] worker_id=172 block=172 xcd=1
[WORKER_XCD] worker_id=60 block=60 xcd=1
[WORKER_XCD] worker_id=252 block=252 xcd=1
[WORKER_XCD] worker_id=220 block=220 xcd=1
[WORKER_XCD] worker_id=27 block=27 xcd=0
[WORKER_XCD] worker_id=137 block=137 xcd=6
[WORKER_XCD] worker_id=284 block=284 xcd=1
[WORKER_XCD] worker_id=97 block=97 xcd=6
[WORKER_XCD] worker_id=114 block=114 xcd=7
[WORKER_XCD] worker_id=193 block=193 xcd=6
[WORKER_XCD] worker_id=36 block=36 xcd=1
[WORKER_XCD] worker_id=67 block=67 xcd=0
[WORKER_XCD] worker_id=201 block=201 xcd=6
[WORKER_XCD] worker_id=241 block=241 xcd=6
[WORKER_XCD] worker_id=49 block=49 xcd=6
[WORKER_XCD] worker_id=170 block=170 xcd=7
[WORKER_XCD] worker_id=289 block=289 xcd=6
[WORKER_XCD] worker_id=219 block=219 xcd=0
[WORKER_XCD] worker_id=35 block=35 xcd=0
[WORKER_XCD] worker_id=17 block=17 xcd=6
[WORKER_XCD] worker_id=139 block=139 xcd=0
[WORKER_XCD] worker_id=66 block=66 xcd=7
[WORKER_XCD] worker_id=82 block=82 xcd=7
[WORKER_XCD] worker_id=146 block=146 xcd=7
[WORKER_XCD] worker_id=108 block=108 xcd=1
[WORKER_XCD] worker_id=244 block=244 xcd=1
[WORKER_XCD] worker_id=106 block=106 xcd=7
[WORKER_XCD] worker_id=276 block=276 xcd=1
[WORKER_XCD] worker_id=162 block=162 xcd=7
[WORKER_XCD] worker_id=116 block=116 xcd=1
[WORKER_XCD] worker_id=258 block=258 xcd=7
[WORKER_XCD] worker_id=130 block=130 xcd=7
[WORKER_XCD] worker_id=43 block=43 xcd=0
[WORKER_XCD] worker_id=218 block=218 xcd=7
[WORKER_XCD] worker_id=3 block=3 xcd=0
[WORKER_XCD] worker_id=76 block=76 xcd=1
[WORKER_XCD] worker_id=226 block=226 xcd=7
[WORKER_XCD] worker_id=122 block=122 xcd=7
[WORKER_XCD] worker_id=1 block=1 xcd=6
[WORKER_XCD] worker_id=51 block=51 xcd=0
[WORKER_XCD] worker_id=42 block=42 xcd=7
[WORKER_XCD] worker_id=138 block=138 xcd=7
[WORKER_XCD] worker_id=74 block=74 xcd=7
[WORKER_XCD] worker_id=212 block=212 xcd=1
[WORKER_XCD] worker_id=2 block=2 xcd=7
[WORKER_XCD] worker_id=290 block=290 xcd=7
[WORKER_XCD] worker_id=90 block=90 xcd=7
[WORKER_XCD] worker_id=154 block=154 xcd=7
[WORKER_XCD] worker_id=98 block=98 xcd=7
[WORKER_XCD] worker_id=18 block=18 xcd=7
[WORKER_XCD] worker_id=58 block=58 xcd=7
[WORKER_XCD] worker_id=234 block=234 xcd=7
[WORKER_XCD] worker_id=242 block=242 xcd=7
[WORKER_XCD] worker_id=250 block=250 xcd=7
[WORKER_XCD] worker_id=178 block=178 xcd=7
[WORKER_XCD] worker_id=266 block=266 xcd=7
[WORKER_XCD] worker_id=52 block=52 xcd=1
[WORKER_XCD] worker_id=282 block=282 xcd=7
[WORKER_XCD] worker_id=115 block=115 xcd=0
[WORKER_XCD] worker_id=211 block=211 xcd=0
[WORKER_XCD] worker_id=100 block=100 xcd=1
[WORKER_XCD] worker_id=34 block=34 xcd=7
[WORKER_XCD] worker_id=59 block=59 xcd=0
[WORKER_XCD] worker_id=19 block=19 xcd=0
[WORKER_XCD] worker_id=202 block=202 xcd=7
[WORKER_XCD] worker_id=236 block=236 xcd=1
[WORKER_XCD] worker_id=26 block=26 xcd=7
[WORKER_XCD] worker_id=8 block=8 xcd=5
[WORKER_XCD] worker_id=72 block=72 xcd=5
[WORKER_XCD] worker_id=102 block=102 xcd=3
[WORKER_XCD] worker_id=135 block=135 xcd=4
[WORKER_XCD] worker_id=288 block=288 xcd=5
[WORKER_XCD] worker_id=192 block=192 xcd=5
[WORKER_XCD] worker_id=0 block=0 xcd=5
[WORKER_XCD] worker_id=238 block=238 xcd=3
[WORKER_XCD] worker_id=256 block=256 xcd=5
[WORKER_XCD] worker_id=136 block=136 xcd=5
[WORKER_XCD] worker_id=280 block=280 xcd=5
[WORKER_XCD] worker_id=294 block=294 xcd=3
[WORKER_XCD] worker_id=32 block=32 xcd=5
[WORKER_XCD] worker_id=168 block=168 xcd=5
[WORKER_XCD] worker_id=46 block=46 xcd=3
[WORKER_XCD] worker_id=48 block=48 xcd=5
[WORKER_XCD] worker_id=95 block=95 xcd=4
[WORKER_XCD] worker_id=232 block=232 xcd=5
[WORKER_XCD] worker_id=40 block=40 xcd=5
[WORKER_XCD] worker_id=158 block=158 xcd=3
[WORKER_XCD] worker_id=160 block=160 xcd=5
[WORKER_XCD] worker_id=248 block=248 xcd=5
[WORKER_XCD] worker_id=214 block=214 xcd=3
[WORKER_XCD] worker_id=96 block=96 xcd=5
[WORKER_XCD] worker_id=104 block=104 xcd=5
[WORKER_XCD] worker_id=56 block=56 xcd=5
[WORKER_XCD] worker_id=240 block=240 xcd=5
[WORKER_XCD] worker_id=159 block=159 xcd=4
[WORKER_XCD] worker_id=47 block=47 xcd=4
[WORKER_XCD] worker_id=182 block=182 xcd=3
[WORKER_XCD] worker_id=128 block=128 xcd=5
[WORKER_XCD] worker_id=191 block=191 xcd=4
[WORKER_XCD] worker_id=285 block=285 xcd=2
[WORKER_XCD] worker_id=120 block=120 xcd=5
[WORKER_XCD] worker_id=144 block=144 xcd=5
[WORKER_XCD] worker_id=174 block=174 xcd=3
[WORKER_XCD] worker_id=231 block=231 xcd=4
[WORKER_XCD] worker_id=22 block=22 xcd=3
[WORKER_XCD] worker_id=109 block=109 xcd=2
[WORKER_XCD] worker_id=16 block=16 xcd=5
[WORKER_XCD] worker_id=213 block=213 xcd=2
[WORKER_XCD] worker_id=271 block=271 xcd=4
[WORKER_XCD] worker_id=134 block=134 xcd=3
[WORKER_XCD] worker_id=200 block=200 xcd=5
[WORKER_XCD] worker_id=64 block=64 xcd=5
[WORKER_XCD] worker_id=229 block=229 xcd=2
[WORKER_XCD] worker_id=176 block=176 xcd=5
[WORKER_XCD] worker_id=112 block=112 xcd=5
[WORKER_XCD] worker_id=262 block=262 xcd=3
[WORKER_XCD] worker_id=150 block=150 xcd=3
[WORKER_XCD] worker_id=206 block=206 xcd=3
[WORKER_XCD] worker_id=30 block=30 xcd=3
[WORKER_XCD] worker_id=263 block=263 xcd=4
[WORKER_XCD] worker_id=110 block=110 xcd=3
[WORKER_XCD] worker_id=24 block=24 xcd=5
[WORKER_XCD] worker_id=6 block=6 xcd=3
[WORKER_XCD] worker_id=7 block=7 xcd=4
[WORKER_XCD] worker_id=14 block=14 xcd=3
[WORKER_XCD] worker_id=208 block=208 xcd=5
[WORKER_XCD] worker_id=38 block=38 xcd=3
[WORKER_XCD] worker_id=62 block=62 xcd=3
[WORKER_XCD] worker_id=278 block=278 xcd=3
[WORKER_XCD] worker_id=239 block=239 xcd=4
[WORKER_XCD] worker_id=222 block=222 xcd=3
[WORKER_XCD] worker_id=118 block=118 xcd=3
[WORKER_XCD] worker_id=215 block=215 xcd=4
[WORKER_XCD] worker_id=70 block=70 xcd=3
[WORKER_XCD] worker_id=237 block=237 xcd=2
[WORKER_XCD] worker_id=101 block=101 xcd=2
[WORKER_XCD] worker_id=126 block=126 xcd=3
[WORKER_XCD] worker_id=223 block=223 xcd=4
[WORKER_XCD] worker_id=88 block=88 xcd=5
[WORKER_XCD] worker_id=86 block=86 xcd=3
[WORKER_XCD] worker_id=166 block=166 xcd=3
[WORKER_XCD] worker_id=287 block=287 xcd=4
[WORKER_XCD] worker_id=184 block=184 xcd=5
[WORKER_XCD] worker_id=21 block=21 xcd=2
[WORKER_XCD] worker_id=269 block=269 xcd=2
[WORKER_XCD] worker_id=117 block=117 xcd=2
[WORKER_XCD] worker_id=63 block=63 xcd=4
[WORKER_XCD] worker_id=119 block=119 xcd=4
[WORKER_XCD] worker_id=142 block=142 xcd=3
[WORKER_XCD] worker_id=94 block=94 xcd=3
[WORKER_XCD] worker_id=78 block=78 xcd=3
[WORKER_XCD] worker_id=77 block=77 xcd=2
[WORKER_XCD] worker_id=198 block=198 xcd=3
[WORKER_XCD] worker_id=167 block=167 xcd=4
[WORKER_XCD] worker_id=80 block=80 xcd=5
[WORKER_XCD] worker_id=175 block=175 xcd=4
[WORKER_XCD] worker_id=103 block=103 xcd=4
[WORKER_XCD] worker_id=272 block=272 xcd=5
[WORKER_XCD] worker_id=61 block=61 xcd=2
[WORKER_XCD] worker_id=264 block=264 xcd=5
[WORKER_XCD] worker_id=71 block=71 xcd=4
[WORKER_XCD] worker_id=205 block=205 xcd=2
[WORKER_XCD] worker_id=111 block=111 xcd=4
[WORKER_XCD] worker_id=216 block=216 xcd=5
[WORKER_XCD] worker_id=247 block=247 xcd=4
[WORKER_XCD] worker_id=157 block=157 xcd=2
[WORKER_XCD] worker_id=254 block=254 xcd=3
[WORKER_XCD] worker_id=190 block=190 xcd=3
[WORKER_XCD] worker_id=125 block=125 xcd=2
[WORKER_XCD] worker_id=270 block=270 xcd=3
[WORKER_XCD] worker_id=279 block=279 xcd=4
[WORKER_XCD] worker_id=141 block=141 xcd=2
[WORKER_XCD] worker_id=54 block=54 xcd=3
[WORKER_XCD] worker_id=183 block=183 xcd=4
[WORKER_XCD] worker_id=149 block=149 xcd=2
[WORKER_XCD] worker_id=23 block=23 xcd=4
[WORKER_XCD] worker_id=79 block=79 xcd=4
[WORKER_XCD] worker_id=45 block=45 xcd=2
[WORKER_XCD] worker_id=293 block=293 xcd=2
[WORKER_XCD] worker_id=151 block=151 xcd=4
[WORKER_XCD] worker_id=87 block=87 xcd=4
[WORKER_XCD] worker_id=39 block=39 xcd=4
[WORKER_XCD] worker_id=15 block=15 xcd=4
[WORKER_XCD] worker_id=127 block=127 xcd=4
[WORKER_XCD] worker_id=295 block=295 xcd=4
[WORKER_XCD] worker_id=152 block=152 xcd=5
[WORKER_XCD] worker_id=55 block=55 xcd=4
[WORKER_XCD] worker_id=133 block=133 xcd=2
[WORKER_XCD] worker_id=29 block=29 xcd=2
[WORKER_XCD] worker_id=224 block=224 xcd=5
[WORKER_XCD] worker_id=246 block=246 xcd=3
[WORKER_XCD] worker_id=53 block=53 xcd=2
[WORKER_XCD] worker_id=286 block=286 xcd=3
[WORKER_XCD] worker_id=197 block=197 xcd=2
[WORKER_XCD] worker_id=13 block=13 xcd=2
[WORKER_XCD] worker_id=93 block=93 xcd=2
[WORKER_XCD] worker_id=5 block=5 xcd=2
[WORKER_XCD] worker_id=85 block=85 xcd=2
[WORKER_XCD] worker_id=199 block=199 xcd=4
[WORKER_XCD] worker_id=69 block=69 xcd=2
[WORKER_XCD] worker_id=255 block=255 xcd=4
[WORKER_XCD] worker_id=37 block=37 xcd=2
[WORKER_XCD] worker_id=245 block=245 xcd=2
[WORKER_XCD] worker_id=253 block=253 xcd=2
[WORKER_XCD] worker_id=189 block=189 xcd=2
[WORKER_XCD] worker_id=207 block=207 xcd=4
[WORKER_XCD] worker_id=143 block=143 xcd=4
[WORKER_XCD] worker_id=181 block=181 xcd=2
[WORKER_XCD] worker_id=173 block=173 xcd=2
[WORKER_XCD] worker_id=230 block=230 xcd=3
[WORKER_XCD] worker_id=31 block=31 xcd=4
[WORKER_XCD] worker_id=165 block=165 xcd=2
[WORKER_XCD] worker_id=221 block=221 xcd=2
[WORKER_XCD] worker_id=261 block=261 xcd=2
[WORKER_XCD] worker_id=277 block=277 xcd=2
[SCHED_XCD] sched_id=0 xcd=0 workers_on_xcd=37 block=2
[SCHED_XCD] sched_id=4 xcd=4 workers_on_xcd=37 block=6
[SCHED_XCD] sched_id=5 xcd=5 workers_on_xcd=37 block=7
[SCHED_XCD] sched_id=1 xcd=1 workers_on_xcd=37 block=3
[SCHED_XCD] sched_id=2 xcd=2 workers_on_xcd=37 block=4
[SCHED_XCD] sched_id=3 xcd=3 workers_on_xcd=37 block=5
[SCHED_XCD] sched_id=6 xcd=6 workers_on_xcd=37 block=0
[SCHED_XCD] sched_id=7 xcd=7 workers_on_xcd=37 block=1
[FWD_PASS] iter=1 time_ms=0.710 num_active_tokens=1
[FWD_PASS] iter=2 time_ms=0.857 num_active_tokens=1
[FWD_PASS] iter=3 time_ms=0.851 num_active_tokens=1
[FWD_PASS] iter=1 time_ms=4.436 num_active_tokens=1
[FWD_PASS] iter=2 time_ms=1.548 num_active_tokens=1
[FWD_PASS] iter=4 time_ms=3.249 num_active_tokens=1
[FWD_PASS] iter=3 time_ms=1.700 num_active_tokens=1
[FWD_PASS] iter=5 time_ms=1.699 num_active_tokens=1
[FWD_PASS] iter=6 time_ms=0.848 num_active_tokens=1
[FWD_PASS] iter=7 time_ms=1.563 num_active_tokens=1
[FWD_PASS] iter=1 time_ms=1.562 num_active_tokens=1
[FWD_PASS] iter=4 time_ms=4.947 num_active_tokens=1
[FWD_PASS] iter=8 time_ms=2.545 num_active_tokens=1
[FWD_PASS] iter=5 time_ms=1.706 num_active_tokens=1
[FWD_PASS] iter=2 time_ms=3.390 num_active_tokens=1
[FWD_PASS] iter=6 time_ms=1.698 num_active_tokens=1
[FWD_PASS] iter=9 time_ms=3.389 num_active_tokens=1
[FWD_PASS] iter=10 time_ms=0.854 num_active_tokens=1
[FWD_PASS] iter=3 time_ms=3.402 num_active_tokens=1
[FWD_PASS] iter=11 time_ms=1.698 num_active_tokens=1
[FWD_PASS] iter=7 time_ms=4.252 num_active_tokens=1
[FWD_PASS] iter=4 time_ms=2.545 num_active_tokens=1
[FWD_PASS] iter=8 time_ms=1.698 num_active_tokens=1
[FWD_PASS] iter=12 time_ms=3.402 num_active_tokens=1
[FWD_PASS] iter=9 time_ms=1.710 num_active_tokens=1
[FWD_PASS] iter=13 time_ms=1.719 num_active_tokens=1
[FWD_PASS] iter=10 time_ms=1.712 num_active_tokens=1
[FWD_PASS] iter=5 time_ms=5.127 num_active_tokens=1
[FWD_PASS] iter=14 time_ms=2.557 num_active_tokens=1
[TIMING] worker=257 tasks=108 poll_iters=587023 dep_iters=124734 poll_cycles=320198172 dep_cycles=36988408 exec_cycles=3590840 signal_cycles=206384
[TIMING] worker=74 tasks=140 poll_iters=254589 dep_iters=127629 poll_cycles=146875340 dep_cycles=36980360 exec_cycles=5412660 signal_cycles=272684
[TIMING] worker=177 tasks=108 poll_iters=297686 dep_iters=137792 poll_cycles=171652148 dep_cycles=36941236 exec_cycles=4398992 signal_cycles=210036
[TIMING] worker=266 tasks=108 poll_iters=255743 dep_iters=121897 poll_cycles=147655468 dep_cycles=37058980 exec_cycles=3220532 signal_cycles=220536
[TIMING] worker=170 tasks=140 poll_iters=283478 dep_iters=125345 poll_cycles=163538568 dep_cycles=36381564 exec_cycles=5487976 signal_cycles=268028
[TIMING] worker=90 tasks=140 poll_iters=284682 dep_iters=140906 poll_cycles=146215124 dep_cycles=36850752 exec_cycles=5465760 signal_cycles=256360
[TIMING] worker=209 tasks=108 poll_iters=342496 dep_iters=138397 poll_cycles=175598656 dep_cycles=37043532 exec_cycles=4304280 signal_cycles=193256
[TIMING] worker=193 tasks=108 poll_iters=290999 dep_iters=125943 poll_cycles=167787668 dep_cycles=36801488 exec_cycles=4498032 signal_cycles=243656
[TIMING] worker=201 tasks=108 poll_iters=322078 dep_iters=135994 poll_cycles=165263352 dep_cycles=37021668 exec_cycles=4340216 signal_cycles=201760
[TIMING] worker=146 tasks=140 poll_iters=278223 dep_iters=127694 poll_cycles=160492312 dep_cycles=36470780 exec_cycles=5535532 signal_cycles=285636
[TASK_TIME] worker=266 linear=0/0 linear_res=973628/21 attn=0/0 rms=3600/1 silu=2276/1 fused=0/0
[TASK_TIME] worker=193 linear=0/0 linear_res=1058228/21 attn=0/0 rms=0/0 silu=2412/1 fused=0/0
[TIMING] worker=116 tasks=140 poll_iters=254317 dep_iters=140571 poll_cycles=146580648 dep_cycles=36713940 exec_cycles=5756956 signal_cycles=244428
[TASK_TIME] worker=201 linear=0/0 linear_res=979296/21 attn=0/0 rms=0/0 silu=2432/1 fused=0/0
[TIMING] worker=73 tasks=140 poll_iters=559882 dep_iters=140642 poll_cycles=322382512 dep_cycles=36723200 exec_cycles=6022880 signal_cycles=256528
[TIMING] worker=153 tasks=140 poll_iters=592487 dep_iters=124677 poll_cycles=341695008 dep_cycles=36128324 exec_cycles=6165440 signal_cycles=287432
[TIMING] worker=83 tasks=141 poll_iters=351898 dep_iters=130306 poll_cycles=203024644 dep_cycles=36772608 exec_cycles=6011292 signal_cycles=268184
[TIMING] worker=49 tasks=140 poll_iters=317899 dep_iters=140533 poll_cycles=162984560 dep_cycles=36062164 exec_cycles=6815132 signal_cycles=253504
[TIMING] worker=131 tasks=140 poll_iters=428719 dep_iters=140376 poll_cycles=219908380 dep_cycles=36671152 exec_cycles=5779704 signal_cycles=241376
[TIMING] worker=75 tasks=141 poll_iters=346419 dep_iters=128286 poll_cycles=199887192 dep_cycles=36791828 exec_cycles=6068660 signal_cycles=252184
[TIMING] worker=35 tasks=205 poll_iters=286145 dep_iters=138045 poll_cycles=146752900 dep_cycles=36270500 exec_cycles=7579264 signal_cycles=345272
[TIMING] worker=281 tasks=108 poll_iters=517962 dep_iters=123029 poll_cycles=298639592 dep_cycles=37094804 exec_cycles=3376244 signal_cycles=205492
[TIMING] worker=68 tasks=141 poll_iters=327134 dep_iters=131195 poll_cycles=188682876 dep_cycles=36847872 exec_cycles=5858352 signal_cycles=295380
[TIMING] worker=194 tasks=108 poll_iters=409736 dep_iters=138148 poll_cycles=210263852 dep_cycles=36906084 exec_cycles=4072992 signal_cycles=203628
[TIMING] worker=36 tasks=205 poll_iters=270643 dep_iters=111002 poll_cycles=158339564 dep_cycles=34961180 exec_cycles=8719396 signal_cycles=411424
[TIMING] worker=27 tasks=205 poll_iters=291493 dep_iters=119181 poll_cycles=165266440 dep_cycles=31406316 exec_cycles=12501528 signal_cycles=333056
[TASK_TIME] worker=49 linear=1802980/32 linear_res=982272/21 attn=0/0 rms=0/0 silu=2396/1 fused=0/0
[TIMING] worker=244 tasks=108 poll_iters=279801 dep_iters=136662 poll_cycles=161271000 dep_cycles=37232304 exec_cycles=3942880 signal_cycles=196356
[TIMING] worker=105 tasks=140 poll_iters=711476 dep_iters=140004 poll_cycles=364912764 dep_cycles=36472484 exec_cycles=6129056 signal_cycles=251712
[TIMING] worker=59 tasks=141 poll_iters=271585 dep_iters=143146 poll_cycles=139395988 dep_cycles=36816912 exec_cycles=6133152 signal_cycles=243076
[TIMING] worker=265 tasks=108 poll_iters=307823 dep_iters=133708 poll_cycles=177521792 dep_cycles=36960540 exec_cycles=3623564 signal_cycles=196592
[TIMING] worker=113 tasks=140 poll_iters=694460 dep_iters=139603 poll_cycles=356322304 dep_cycles=36441468 exec_cycles=6103936 signal_cycles=251200
[TIMING] worker=9 tasks=269 poll_iters=567697 dep_iters=108625 poll_cycles=327096480 dep_cycles=28233052 exec_cycles=15208668 signal_cycles=500536
[TIMING] worker=44 tasks=141 poll_iters=332183 dep_iters=141706 poll_cycles=170466532 dep_cycles=36279368 exec_cycles=6615668 signal_cycles=270172
[TASK_TIME] worker=281 linear=0/0 linear_res=999104/22 attn=0/0 rms=0/0 silu=0/0 fused=0/0
[TASK_TIME] worker=209 linear=0/0 linear_res=978056/21 attn=0/0 rms=0/0 silu=2408/1 fused=0/0
[TIMING] worker=17 tasks=205 poll_iters=274902 dep_iters=110519 poll_cycles=158487952 dep_cycles=30731728 exec_cycles=12858952 signal_cycles=528724
[TIMING] worker=179 tasks=108 poll_iters=418981 dep_iters=124183 poll_cycles=241681316 dep_cycles=36486624 exec_cycles=4667512 signal_cycles=229724
[TIMING] worker=289 tasks=108 poll_iters=290605 dep_iters=121937 poll_cycles=167547220 dep_cycles=36732076 exec_cycles=3726756 signal_cycles=218748
[TIMING] worker=268 tasks=108 poll_iters=308036 dep_iters=134458 poll_cycles=177718220 dep_cycles=37160512 exec_cycles=3235460 signal_cycles=194612
[TIMING] worker=233 tasks=108 poll_iters=286159 dep_iters=136293 poll_cycles=164088696 dep_cycles=37029676 exec_cycles=4330480 signal_cycles=194824
[TASK_TIME] worker=75 linear=1810572/32 linear_res=1007028/22 attn=0/0 rms=0/0 silu=0/0 fused=0/0
[TIMING] worker=185 tasks=108 poll_iters=544183 dep_iters=126382 poll_cycles=313811364 dep_cycles=36972780 exec_cycles=4349652 signal_cycles=205448
[TIMING] worker=97 tasks=140 poll_iters=273802 dep_iters=127160 poll_cycles=157873168 dep_cycles=36324252 exec_cycles=6299280 signal_cycles=271024
[TIMING] worker=260 tasks=108 poll_iters=321469 dep_iters=125672 poll_cycles=184249072 dep_cycles=37259720 exec_cycles=3133276 signal_cycles=216004
[TIMING] worker=19 tasks=205 poll_iters=238135 dep_iters=101288 poll_cycles=137373964 dep_cycles=30835724 exec_cycles=12867200 signal_cycles=623812
[TASK_TIME] worker=83 linear=1823172/32 linear_res=906844/21 attn=0/0 rms=0/0 silu=2692/1 fused=0/0
[TIMING] worker=236 tasks=108 poll_iters=248239 dep_iters=137141 poll_cycles=143144796 dep_cycles=37263588 exec_cycles=3875756 signal_cycles=200644
[TIMING] worker=114 tasks=140 poll_iters=278968 dep_iters=126595 poll_cycles=160931252 dep_cycles=36676352 exec_cycles=5514240 signal_cycles=280568
[TIMING] worker=84 tasks=140 poll_iters=366606 dep_iters=143943 poll_cycles=188049056 dep_cycles=36959804 exec_cycles=5664600 signal_cycles=233636
[TIMING] worker=51 tasks=141 poll_iters=247676 dep_iters=128648 poll_cycles=142932508 dep_cycles=36275524 exec_cycles=6742132 signal_cycles=256268
[TASK_TIME2] worker=201 prep=298524/1 attend=0/0 merge=0/0 router=0/0 copy=0/0 w2silu=0/0 lnorm=618000/20 prefetch=0/0
[TASK_TIME] worker=97 linear=1835204/32 linear_res=978780/21 attn=0/0 rms=0/0 silu=2376/1 fused=0/0
[TASK_TIME] worker=289 linear=0/0 linear_res=971432/20 attn=0/0 rms=0/0 silu=2548/1 fused=0/0
[TIMING] worker=28 tasks=205 poll_iters=287473 dep_iters=109587 poll_cycles=165779528 dep_cycles=31157876 exec_cycles=12499164 signal_cycles=444452
[TASK_TIME2] worker=209 prep=295124/1 attend=0/0 merge=0/0 router=0/0 copy=0/0 w2silu=0/0 lnorm=619332/20 prefetch=0/0
[TIMING] worker=12 tasks=269 poll_iters=289445 dep_iters=111023 poll_cycles=164686256 dep_cycles=28921540 exec_cycles=14660064 signal_cycles=453464
[TASK_TIME] worker=179 linear=0/0 linear_res=1055892/21 attn=0/0 rms=0/0 silu=2712/1 fused=0/0
[TIMING] worker=171 tasks=140 poll_iters=412420 dep_iters=124735 poll_cycles=237950412 dep_cycles=36200868 exec_cycles=5895720 signal_cycles=273312
[TIMING] worker=99 tasks=141 poll_iters=410204 dep_iters=137749 poll_cycles=236617836 dep_cycles=36545784 exec_cycles=6140808 signal_cycles=258804
[TASK_TIME] worker=17 linear=1840760/32 linear_res=986176/21 attn=0/0 rms=0/0 silu=2436/1 fused=0/0
[TIMING] worker=10 tasks=269 poll_iters=357811 dep_iters=100285 poll_cycles=206415348 dep_cycles=29014236 exec_cycles=14359276 signal_cycles=501212
[TIMING] worker=219 tasks=108 poll_iters=279121 dep_iters=132019 poll_cycles=159891816 dep_cycles=36547624 exec_cycles=4589132 signal_cycles=190068
[TIMING] worker=218 tasks=108 poll_iters=309022 dep_iters=136761 poll_cycles=158686212 dep_cycles=37124200 exec_cycles=3916884 signal_cycles=198908
[TIMING] worker=172 tasks=140 poll_iters=332107 dep_iters=136727 poll_cycles=171839784 dep_cycles=36257308 exec_cycles=5791860 signal_cycles=242440
[TASK_TIME] worker=114 linear=1562312/32 linear_res=961216/20 attn=0/0 rms=3276/1 silu=2256/1 fused=0/0
[TIMING] worker=66 tasks=140 poll_iters=304582 dep_iters=143828 poll_cycles=156244580 dep_cycles=37006488 exec_cycles=5473424 signal_cycles=260876
[TIMING] worker=241 tasks=108 poll_iters=289698 dep_iters=136859 poll_cycles=165975424 dep_cycles=37263300 exec_cycles=3994216 signal_cycles=196912
[TIMING] worker=227 tasks=108 poll_iters=317182 dep_iters=132616 poll_cycles=182943272 dep_cycles=36708816 exec_cycles=4348664 signal_cycles=191164
[TASK_TIME2] worker=49 prep=291776/1 attend=0/0 merge=0/0 router=0/0 copy=0/0 w2silu=0/0 lnorm=615140/20 prefetch=0/0
[TASK_TIME] worker=194 linear=0/0 linear_res=1077128/22 attn=0/0 rms=0/0 silu=2332/1 fused=0/0
[TIMING] worker=252 tasks=108 poll_iters=291613 dep_iters=125566 poll_cycles=168299472 dep_cycles=37257172 exec_cycles=3943004 signal_cycles=204772
[TIMING] worker=139 tasks=140 poll_iters=260712 dep_iters=125096 poll_cycles=150424584 dep_cycles=36324288 exec_cycles=6095012 signal_cycles=284088
[TIMING] worker=100 tasks=140 poll_iters=243209 dep_iters=128445 poll_cycles=140309208 dep_cycles=36706428 exec_cycles=5748760 signal_cycles=270964
[TASK_TIME] worker=185 linear=0/0 linear_res=958268/20 attn=0/0 rms=0/0 silu=2388/1 fused=0/0
[TIMING] worker=156 tasks=140 poll_iters=333912 dep_iters=125751 poll_cycles=192664388 dep_cycles=36469320 exec_cycles=5801100 signal_cycles=272308
[TIMING] worker=132 tasks=140 poll_iters=332407 dep_iters=127940 poll_cycles=191759432 dep_cycles=36503528 exec_cycles=5841308 signal_cycles=258864
[TIMING] worker=4 tasks=269 poll_iters=294616 dep_iters=93581 poll_cycles=169890280 dep_cycles=28441376 exec_cycles=14929556 signal_cycles=684308
[TIMING] worker=195 tasks=108 poll_iters=318636 dep_iters=138288 poll_cycles=163437356 dep_cycles=37065804 exec_cycles=4068696 signal_cycles=222148
[TIMING] worker=137 tasks=140 poll_iters=290302 dep_iters=136734 poll_cycles=167404516 dep_cycles=36265928 exec_cycles=6168764 signal_cycles=259204
[TIMING] worker=259 tasks=108 poll_iters=414419 dep_iters=135200 poll_cycles=239040596 dep_cycles=36840412 exec_cycles=3588304 signal_cycles=193220
[TIMING] worker=1 tasks=269 poll_iters=254990 dep_iters=91872 poll_cycles=147028848 dep_cycles=27913628 exec_cycles=15297280 signal_cycles=768976
[TIMING] worker=148 tasks=140 poll_iters=315245 dep_iters=140244 poll_cycles=161714144 dep_cycles=36564636 exec_cycles=5748324 signal_cycles=238176
[TIMING] worker=41 tasks=140 poll_iters=554436 dep_iters=140761 poll_cycles=284347804 dep_cycles=36034728 exec_cycles=6885312 signal_cycles=258568
[TASK_TIME2] worker=179 prep=588832/2 attend=0/0 merge=0/0 router=0/0 copy=0/0 w2silu=0/0 lnorm=581716/19 prefetch=0/0
[TIMING] worker=130 tasks=140 poll_iters=306753 dep_iters=139959 poll_cycles=157329668 dep_cycles=36593632 exec_cycles=5521576 signal_cycles=257720
[TASK_TIME] worker=12 linear=1817852/32 linear_res=942196/19 attn=0/0 rms=6304/2 silu=0/0 fused=0/0
[TIMING] worker=89 tasks=140 poll_iters=356759 dep_iters=127965 poll_cycles=205725440 dep_cycles=36579868 exec_cycles=6093316 signal_cycles=265644
[TIMING] worker=163 tasks=140 poll_iters=355488 dep_iters=124459 poll_cycles=193924540 dep_cycles=36097880 exec_cycles=6167732 signal_cycles=340268
[TIMING] worker=65 tasks=140 poll_iters=291993 dep_iters=130596 poll_cycles=168361756 dep_cycles=36683008 exec_cycles=6130824 signal_cycles=268808
[TIMING] worker=282 tasks=108 poll_iters=258354 dep_iters=134032 poll_cycles=149172100 dep_cycles=36921172 exec_cycles=3251476 signal_cycles=202992
[TIMING] worker=161 tasks=140 poll_iters=396457 dep_iters=119685 poll_cycles=230264284 dep_cycles=35962692 exec_cycles=6303280 signal_cycles=317000
[TASK_TIME] worker=153 linear=1849220/32 linear_res=979376/21 attn=0/0 rms=0/0 silu=2388/1 fused=0/0
[TIMING] worker=292 tasks=108 poll_iters=338048 dep_iters=122910 poll_cycles=195283884 dep_cycles=37008976 exec_cycles=3340760 signal_cycles=219240
[TIMING] worker=217 tasks=108 poll_iters=475849 dep_iters=124539 poll_cycles=274396552 dep_cycles=37009140 exec_cycles=4344360 signal_cycles=216968
[TIMING] worker=251 tasks=108 poll_iters=405842 dep_iters=135078 poll_cycles=232555096 dep_cycles=36813316 exec_cycles=4238784 signal_cycles=203172
[TIMING] worker=212 tasks=108 poll_iters=293047 dep_iters=138805 poll_cycles=150375752 dep_cycles=37174340 exec_cycles=3979312 signal_cycles=185572
[TIMING] worker=291 tasks=108 poll_iters=411493 dep_iters=129666 poll_cycles=237334264 dep_cycles=36416920 exec_cycles=3899860 signal_cycles=220440
[TASK_TIME] worker=139 linear=1847168/32 linear_res=985748/21 attn=0/0 rms=0/0 silu=2712/1 fused=0/0
[TIMING] worker=228 tasks=108 poll_iters=302063 dep_iters=125163 poll_cycles=174283648 dep_cycles=37209308 exec_cycles=4034684 signal_cycles=208120
[TASK_TIME] worker=35 linear=1775752/32 linear_res=962404/20 attn=0/0 rms=0/0 silu=2352/1 fused=0/0
[TIMING] worker=267 tasks=108 poll_iters=401387 dep_iters=121778 poll_cycles=231533036 dep_cycles=36797184 exec_cycles=3561456 signal_cycles=209888
[TASK_TIME] worker=156 linear=1817544/32 linear_res=1002280/22 attn=0/0 rms=0/0 silu=2232/1 fused=0/0
[TASK_TIME2] worker=153 prep=295860/1 attend=0/0 merge=0/0 router=0/0 copy=0/0 w2silu=0/0 lnorm=615532/20 prefetch=0/0
[TIMING] worker=129 tasks=140 poll_iters=559022 dep_iters=128203 poll_cycles=322305612 dep_cycles=36539072 exec_cycles=5911628 signal_cycles=267624
[TIMING] worker=234 tasks=108 poll_iters=259152 dep_iters=125447 poll_cycles=149511116 dep_cycles=37098304 exec_cycles=3926940 signal_cycles=203876
[TIMING] worker=92 tasks=140 poll_iters=338020 dep_iters=128800 poll_cycles=195018524 dep_cycles=36834988 exec_cycles=5718828 signal_cycles=251324
[TIMING] worker=34 tasks=204 poll_iters=270971 dep_iters=136291 poll_cycles=138915556 dep_cycles=35310064 exec_cycles=8210388 signal_cycles=352496
[TASK_TIME] worker=116 linear=1815952/32 linear_res=1001076/22 attn=0/0 rms=0/0 silu=0/0 fused=0/0
[TIMING] worker=180 tasks=108 poll_iters=331694 dep_iters=138750 poll_cycles=191345180 dep_cycles=37204976 exec_cycles=4068036 signal_cycles=199200
[TIMING] worker=211 tasks=108 poll_iters=246635 dep_iters=125718 poll_cycles=142302136 dep_cycles=36914524 exec_cycles=4065508 signal_cycles=200100
[TASK_TIME2] worker=185 prep=296456/1 attend=0/0 merge=0/0 router=0/0 copy=0/0 w2silu=0/0 lnorm=649444/21 prefetch=0/0
[TIMING] worker=124 tasks=140 poll_iters=328908 dep_iters=129093 poll_cycles=189753300 dep_cycles=36829332 exec_cycles=5603948 signal_cycles=258880
[TIMING] worker=204 tasks=108 poll_iters=364028 dep_iters=136246 poll_cycles=187620396 dep_cycles=37115692 exec_cycles=4038464 signal_cycles=201100
[TIMING] worker=164 tasks=140 poll_iters=313998 dep_iters=125296 poll_cycles=181157132 dep_cycles=36317592 exec_cycles=5806280 signal_cycles=303548
[TASK_TIME] worker=105 linear=1828036/32 linear_res=959032/20 attn=0/0 rms=0/0 silu=2428/1 fused=0/0
[TASK_TIME] worker=113 linear=1827428/32 linear_res=958356/20 attn=0/0 rms=0/0 silu=2416/1 fused=0/0
[TIMING] worker=122 tasks=140 poll_iters=288889 dep_iters=139992 poll_cycles=148205948 dep_cycles=36617172 exec_cycles=5573820 signal_cycles=248140
[TIMING] worker=98 tasks=140 poll_iters=253274 dep_iters=140523 poll_cycles=146102176 dep_cycles=36718452 exec_cycles=5536248 signal_cycles=271772
[TASK_TIME2] worker=83 prep=294128/1 attend=0/0 merge=0/0 router=0/0 copy=0/0 w2silu=0/0 lnorm=644524/21 prefetch=0/0
[TIMING] worker=203 tasks=108 poll_iters=444626 dep_iters=123002 poll_cycles=256496920 dep_cycles=36667336 exec_cycles=4389432 signal_cycles=198180
[TIMING] worker=249 tasks=108 poll_iters=522670 dep_iters=124633 poll_cycles=301390948 dep_cycles=36945812 exec_cycles=4310740 signal_cycles=218028
[TIMING] worker=82 tasks=140 poll_iters=269464 dep_iters=130869 poll_cycles=155448848 dep_cycles=36835312 exec_cycles=5496512 signal_cycles=270784
[TIMING] worker=186 tasks=108 poll_iters=405340 dep_iters=138606 poll_cycles=209556764 dep_cycles=37062324 exec_cycles=3904604 signal_cycles=204572
[TIMING] worker=107 tasks=141 poll_iters=430611 dep_iters=127640 poll_cycles=248443776 dep_cycles=36514224 exec_cycles=6064176 signal_cycles=311256
[TIMING] worker=202 tasks=108 poll_iters=250831 dep_iters=123734 poll_cycles=144700340 dep_cycles=37105348 exec_cycles=3913976 signal_cycles=209828
[TASK_TIME] worker=172 linear=1762372/32 linear_res=1033156/20 attn=0/0 rms=6284/2 silu=0/0 fused=0/0
[TIMING] worker=20 tasks=205 poll_iters=328803 dep_iters=111477 poll_cycles=189629320 dep_cycles=31093712 exec_cycles=12548604 signal_cycles=491600
[TIMING] worker=147 tasks=140 poll_iters=431707 dep_iters=125955 poll_cycles=249008260 dep_cycles=36059028 exec_cycles=6295056 signal_cycles=275964
[TIMING] worker=290 tasks=108 poll_iters=266799 dep_iters=133772 poll_cycles=153970588 dep_cycles=36801084 exec_cycles=3353572 signal_cycles=219456
[TIMING] worker=108 tasks=140 poll_iters=301600 dep_iters=141094 poll_cycles=154723292 dep_cycles=36810636 exec_cycles=5695972 signal_cycles=237096
[TIMING] worker=33 tasks=204 poll_iters=583925 dep_iters=129607 poll_cycles=336656288 dep_cycles=36659172 exec_cycles=6953480 signal_cycles=375172
[TIMING] worker=187 tasks=108 poll_iters=277343 dep_iters=137241 poll_cycles=144633956 dep_cycles=36847208 exec_cycles=4285232 signal_cycles=187752
[TASK_TIME] worker=132 linear=1799568/32 linear_res=1053980/21 attn=0/0 rms=3208/1 silu=4440/2 fused=0/0
[TIMING] worker=284 tasks=108 poll_iters=286818 dep_iters=122886 poll_cycles=165475576 dep_cycles=37025944 exec_cycles=3253176 signal_cycles=214420
[TASK_TIME2] worker=156 prep=0/0 attend=0/0 merge=0/0 router=0/0 copy=0/0 w2silu=0/0 lnorm=600452/20 prefetch=0/0
[TASK_TIME2] worker=193 prep=297692/1 attend=0/0 merge=0/0 router=0/0 copy=0/0 w2silu=0/0 lnorm=617924/20 prefetch=0/0
[TIMING] worker=220 tasks=108 poll_iters=270556 dep_iters=124828 poll_cycles=156152340 dep_cycles=37136088 exec_cycles=4054508 signal_cycles=212844
[TIMING] worker=121 tasks=140 poll_iters=423215 dep_iters=127280 poll_cycles=244033952 dep_cycles=36291448 exec_cycles=6229412 signal_cycles=264252
[TASK_TIME] worker=259 linear=0/0 linear_res=957620/20 attn=0/0 rms=0/0 silu=2368/1 fused=0/0
[TIMING] worker=2 tasks=269 poll_iters=251023 dep_iters=91628 poll_cycles=146061424 dep_cycles=28550676 exec_cycles=14640308 signal_cycles=747052
[TASK_TIME2] worker=139 prep=290868/1 attend=0/0 merge=0/0 router=0/0 copy=0/0 w2silu=0/0 lnorm=617956/20 prefetch=0/0
[TIMING] worker=3 tasks=269 poll_iters=250803 dep_iters=102008 poll_cycles=144666084 dep_cycles=28534000 exec_cycles=14963180 signal_cycles=686460
[TIMING] worker=91 tasks=141 poll_iters=297753 dep_iters=139521 poll_cycles=152915680 dep_cycles=37021140 exec_cycles=5741448 signal_cycles=245472
[TIMING] worker=60 tasks=141 poll_iters=291031 dep_iters=131424 poll_cycles=167897328 dep_cycles=36964060 exec_cycles=5823344 signal_cycles=265520
[TIMING] worker=283 tasks=108 poll_iters=327171 dep_iters=129927 poll_cycles=188788860 dep_cycles=36513548 exec_cycles=3648612 signal_cycles=196576
[TIMING] worker=154 tasks=140 poll_iters=259615 dep_iters=137309 poll_cycles=149756380 dep_cycles=36482796 exec_cycles=5489848 signal_cycles=259040
[TIMING] worker=178 tasks=108 poll_iters=255610 dep_iters=125159 poll_cycles=147425560 dep_cycles=36998468 exec_cycles=3981804 signal_cycles=213992
[TASK_TIME] worker=268 linear=0/0 linear_res=879540/20 attn=0/0 rms=3192/1 silu=2288/1 fused=0/0
[TIMING] worker=226 tasks=108 poll_iters=274554 dep_iters=136573 poll_cycles=158358420 dep_cycles=37041252 exec_cycles=3993496 signal_cycles=216360
[TIMING] worker=58 tasks=140 poll_iters=282093 dep_iters=144258 poll_cycles=144715732 dep_cycles=37160284 exec_cycles=5376380 signal_cycles=246676
[TASK_TIME] worker=282 linear=0/0 linear_res=974564/21 attn=0/0 rms=3412/1 silu=0/0 fused=0/0
[TASK_TIME] worker=28 linear=1809776/32 linear_res=1077972/22 attn=0/0 rms=3312/1 silu=2228/1 fused=0/0
[TIMING] worker=42 tasks=140 poll_iters=255991 dep_iters=129234 poll_cycles=147731444 dep_cycles=36331096 exec_cycles=6258656 signal_cycles=280940
[TASK_TIME2] worker=17 prep=304024/1 attend=5907900/64 merge=0/0 router=0/0 copy=0/0 w2silu=0/0 lnorm=651004/21 prefetch=0/0
[TIMING] worker=275 tasks=108 poll_iters=354039 dep_iters=124388 poll_cycles=203341624 dep_cycles=37012368 exec_cycles=3287028 signal_cycles=202512
[TASK_TIME] worker=131 linear=1809632/32 linear_res=983180/21 attn=0/0 rms=0/0 silu=2700/1 fused=0/0
[TASK_TIME] worker=4 linear=1811100/32 linear_res=1009916/22 attn=0/0 rms=0/0 silu=0/0 fused=0/0
[TASK_TIME] worker=84 linear=1799780/32 linear_res=898700/21 attn=0/0 rms=3156/1 silu=2252/1 fused=0/0
[TIMING] worker=26 tasks=205 poll_iters=236891 dep_iters=121420 poll_cycles=136548440 dep_cycles=31491960 exec_cycles=12090616 signal_cycles=364200
[TIMING] worker=138 tasks=140 poll_iters=261118 dep_iters=124279 poll_cycles=150620392 dep_cycles=36508560 exec_cycles=5564236 signal_cycles=289760
[TIMING] worker=43 tasks=141 poll_iters=260785 dep_iters=129379 poll_cycles=150562248 dep_cycles=36410120 exec_cycles=6612668 signal_cycles=268548
[TASK_TIME] worker=236 linear=0/0 linear_res=743016/17 attn=0/0 rms=6304/2 silu=0/0 fused=0/0
[TIMING] worker=115 tasks=141 poll_iters=240085 dep_iters=127449 poll_cycles=138561188 dep_cycles=36522328 exec_cycles=6045292 signal_cycles=262992
[TIMING] worker=235 tasks=108 poll_iters=404106 dep_iters=124611 poll_cycles=233138816 dep_cycles=37095984 exec_cycles=3949924 signal_cycles=212000
[TASK_TIME] worker=170 linear=1568420/32 linear_res=978184/21 attn=0/0 rms=3224/1 silu=0/0 fused=0/0
[TASK_TIME] worker=130 linear=1560976/32 linear_res=978580/21 attn=0/0 rms=3520/1 silu=0/0 fused=0/0
[TASK_TIME2] worker=259 prep=302732/1 attend=0/0 merge=0/0 router=0/0 copy=0/0 w2silu=0/0 lnorm=625696/20 prefetch=0/0
[TASK_TIME] worker=27 linear=1802900/32 linear_res=963664/20 attn=0/0 rms=0/0 silu=2340/1 fused=0/0
[TASK_TIME] worker=137 linear=1833672/32 linear_res=980476/21 attn=0/0 rms=0/0 silu=2408/1 fused=0/0
[TASK_TIME] worker=219 linear=0/0 linear_res=1038376/20 attn=0/0 rms=0/0 silu=4760/2 fused=0/0
[TASK_TIME] worker=257 linear=0/0 linear_res=878664/20 attn=0/0 rms=0/0 silu=2392/1 fused=0/0
[TIMING] worker=11 tasks=269 poll_iters=339452 dep_iters=100096 poll_cycles=195817332 dep_cycles=28575488 exec_cycles=15109472 signal_cycles=498988
[TASK_TIME] worker=26 linear=1576800/32 linear_res=978468/21 attn=0/0 rms=3256/1 silu=2292/1 fused=0/0
[TIMING] worker=196 tasks=108 poll_iters=320305 dep_iters=126448 poll_cycles=184795124 dep_cycles=36966724 exec_cycles=4089936 signal_cycles=219568
[TIMING] worker=248 tasks=108 poll_iters=135898 dep_iters=137269 poll_cycles=75400464 dep_cycles=37009348 exec_cycles=3968248 signal_cycles=207496
[TIMING] worker=155 tasks=140 poll_iters=366355 dep_iters=135753 poll_cycles=211309072 dep_cycles=36555880 exec_cycles=5807192 signal_cycles=242692
[TASK_TIME] worker=59 linear=1839504/32 linear_res=982648/21 attn=0/0 rms=0/0 silu=2340/1 fused=0/0
[TASK_TIME] worker=44 linear=1887640/32 linear_res=1004928/22 attn=0/0 rms=0/0 silu=2252/1 fused=0/0
[TASK_TIME2] worker=28 prep=0/0 attend=5930860/64 merge=0/0 router=0/0 copy=0/0 w2silu=0/0 lnorm=571204/19 prefetch=0/0
[TIMING] worker=67 tasks=141 poll_iters=300831 dep_iters=143026 poll_cycles=154356916 dep_cycles=36755916 exec_cycles=6112068 signal_cycles=262088
[TASK_TIME] worker=73 linear=1810948/32 linear_res=882156/20 attn=0/0 rms=0/0 silu=2408/1 fused=0/0
[TASK_TIME2] worker=4 prep=0/0 attend=5895416/64 merge=2422880/64 router=0/0 copy=0/0 w2silu=0/0 lnorm=639544/21 prefetch=0/0
[TASK_TIME] worker=108 linear=1751104/32 linear_res=999328/22 attn=0/0 rms=0/0 silu=4572/2 fused=0/0
[TASK_TIME2] worker=12 prep=0/0 attend=5917596/64 merge=2149520/64 router=0/0 copy=0/0 w2silu=0/0 lnorm=722628/24 prefetch=0/0
[TASK_TIME2] worker=194 prep=0/0 attend=0/0 merge=0/0 router=0/0 copy=0/0 w2silu=0/0 lnorm=609596/20 prefetch=0/0
[TIMING] worker=52 tasks=141 poll_iters=270906 dep_iters=141783 poll_cycles=138975552 dep_cycles=36427984 exec_cycles=6465768 signal_cycles=226748
[TIMING] worker=250 tasks=108 poll_iters=255349 dep_iters=136724 poll_cycles=147111932 dep_cycles=37101192 exec_cycles=3875284 signal_cycles=194136
[TASK_TIME] worker=163 linear=1858260/32 linear_res=910344/21 attn=0/0 rms=0/0 silu=0/0 fused=0/0
[TASK_TIME] worker=177 linear=0/0 linear_res=955928/20 attn=0/0 rms=0/0 silu=2412/1 fused=0/0
[TASK_TIME2] worker=44 prep=0/0 attend=0/0 merge=0/0 router=0/0 copy=0/0 w2silu=0/0 lnorm=630532/21 prefetch=0/0
[TASK_TIME] worker=217 linear=0/0 linear_res=960408/20 attn=0/0 rms=0/0 silu=2400/1 fused=0/0
[TIMING] worker=76 tasks=141 poll_iters=297017 dep_iters=141967 poll_cycles=152464672 dep_cycles=37092676 exec_cycles=5571684 signal_cycles=244876
[TIMING] worker=18 tasks=205 poll_iters=251059 dep_iters=103035 poll_cycles=144784664 dep_cycles=31283868 exec_cycles=12237200 signal_cycles=519864
[TASK_TIME] worker=129 linear=1835092/32 linear_res=999524/22 attn=0/0 rms=0/0 silu=0/0 fused=0/0
[TIMING] worker=145 tasks=140 poll_iters=532862 dep_iters=139013 poll_cycles=273205376 dep_cycles=36222308 exec_cycles=6122692 signal_cycles=258164
[TASK_TIME] worker=65 linear=1837688/32 linear_res=881076/20 attn=0/0 rms=0/0 silu=2400/1 fused=0/0
[TIMING] worker=210 tasks=108 poll_iters=277813 dep_iters=127345 poll_cycles=160244336 dep_cycles=37132472 exec_cycles=3897548 signal_cycles=207400
[TASK_TIME] worker=267 linear=0/0 linear_res=882068/20 attn=0/0 rms=0/0 silu=0/0 fused=0/0
[TIMING] worker=276 tasks=108 poll_iters=277673 dep_iters=136826 poll_cycles=160191284 dep_cycles=37188696 exec_cycles=3227216 signal_cycles=178332
[TASK_TIME] worker=186 linear=0/0 linear_res=957928/20 attn=0/0 rms=3656/1 silu=2308/1 fused=0/0
[TASK_TIME] worker=41 linear=1873460/32 linear_res=987036/21 attn=0/0 rms=0/0 silu=2392/1 fused=0/0
[TIMING] worker=25 tasks=205 poll_iters=297144 dep_iters=109153 poll_cycles=171335188 dep_cycles=30947044 exec_cycles=12738536 signal_cycles=387060
[TASK_TIME2] worker=130 prep=0/0 attend=0/0 merge=0/0 router=0/0 copy=0/0 w2silu=0/0 lnorm=633752/21 prefetch=0/0
[TASK_TIME] worker=82 linear=1571812/32 linear_res=974140/21 attn=0/0 rms=3432/1 silu=2248/1 fused=0/0
[TASK_TIME2] worker=108 prep=0/0 attend=0/0 merge=0/0 router=0/0 copy=0/0 w2silu=0/0 lnorm=567820/19 prefetch=0/0
[TIMING] worker=106 tasks=140 poll_iters=267760 dep_iters=128491 poll_cycles=154499680 dep_cycles=36696152 exec_cycles=5523340 signal_cycles=296160
[TIMING] worker=188 tasks=108 poll_iters=353417 dep_iters=127048 poll_cycles=203956720 dep_cycles=37177876 exec_cycles=4032504 signal_cycles=184108
[TASK_TIME] worker=10 linear=1594000/32 linear_res=1080876/22 attn=0/0 rms=0/0 silu=2368/1 fused=0/0
[TIMING] worker=274 tasks=108 poll_iters=394282 dep_iters=125311 poll_cycles=226583036 dep_cycles=37056648 exec_cycles=3242436 signal_cycles=205972
[TIMING] worker=140 tasks=140 poll_iters=312233 dep_iters=137664 poll_cycles=180133604 dep_cycles=36535152 exec_cycles=5764924 signal_cycles=263580
[TASK_TIME] worker=107 linear=1834564/32 linear_res=983704/21 attn=0/0 rms=0/0 silu=7820/3 fused=0/0
[TASK_TIME] worker=1 linear=1870696/32 linear_res=965432/20 attn=0/0 rms=0/0 silu=2416/1 fused=0/0
[TASK_TIME] worker=68 linear=1864344/32 linear_res=1027672/23 attn=0/0 rms=0/0 silu=6728/3 fused=0/0
[TASK_TIME] worker=98 linear=1579260/32 linear_res=982208/21 attn=0/0 rms=3376/1 silu=2300/1 fused=0/0
[TASK_TIME] worker=260 linear=0/0 linear_res=804812/20 attn=0/0 rms=3556/1 silu=0/0 fused=0/0
[TIMING] worker=242 tasks=108 poll_iters=258637 dep_iters=123657 poll_cycles=149179392 dep_cycles=37081420 exec_cycles=3869308 signal_cycles=206360
[TASK_TIME2] worker=116 prep=0/0 attend=0/0 merge=0/0 router=0/0 copy=0/0 w2silu=0/0 lnorm=595976/20 prefetch=0/0
[TASK_TIME] worker=34 linear=1560608/32 linear_res=978948/21 attn=0/0 rms=3256/1 silu=2296/1 fused=0/0
[TIMING] worker=197 tasks=108 poll_iters=47783 dep_iters=137447 poll_cycles=24739236 dep_cycles=36560692 exec_cycles=4196760 signal_cycles=228508
[TASK_TIME2] worker=97 prep=438272/1 attend=0/0 merge=0/0 router=0/0 copy=0/0 w2silu=0/0 lnorm=616272/20 prefetch=0/0
[TASK_TIME] worker=147 linear=1816612/32 linear_res=981880/21 attn=0/0 rms=0/0 silu=2724/1 fused=0/0
[TASK_TIME] worker=3 linear=1836464/32 linear_res=987136/21 attn=0/0 rms=0/0 silu=2388/1 fused=0/0
[TASK_TIME] worker=74 linear=1565648/32 linear_res=881828/20 attn=0/0 rms=3240/1 silu=2256/1 fused=0/0
[TASK_TIME] worker=283 linear=0/0 linear_res=939100/19 attn=0/0 rms=0/0 silu=0/0 fused=0/0
[TASK_TIME] worker=211 linear=0/0 linear_res=1058572/21 attn=0/0 rms=0/0 silu=2352/1 fused=0/0
[TASK_TIME] worker=164 linear=1812588/32 linear_res=980728/21 attn=0/0 rms=0/0 silu=0/0 fused=0/0
[TASK_TIME] worker=146 linear=1563260/32 linear_res=979592/21 attn=0/0 rms=3592/1 silu=2276/1 fused=0/0
[TIMING] worker=169 tasks=140 poll_iters=494766 dep_iters=137264 poll_cycles=256978760 dep_cycles=36345292 exec_cycles=5858420 signal_cycles=249884
[TASK_TIME] worker=90 linear=1563064/32 linear_res=979420/21 attn=0/0 rms=3380/1 silu=2304/1 fused=0/0
[TIMING] worker=57 tasks=140 poll_iters=574032 dep_iters=131810 poll_cycles=330989632 dep_cycles=37041384 exec_cycles=5802172 signal_cycles=262772
[TASK_TIME2] worker=105 prep=293088/1 attend=0/0 merge=0/0 router=0/0 copy=0/0 w2silu=0/0 lnorm=650120/21 prefetch=0/0
[TIMING] worker=205 tasks=108 poll_iters=56796 dep_iters=124329 poll_cycles=32971488 dep_cycles=36748804 exec_cycles=4170300 signal_cycles=217676
[TASK_TIME] worker=66 linear=1586188/32 linear_res=877216/20 attn=0/0 rms=3340/1 silu=2316/1 fused=0/0
[TASK_TIME] worker=33 linear=1815800/32 linear_res=982476/21 attn=0/0 rms=0/0 silu=2380/1 fused=0/0
[TIMING] worker=55 tasks=140 poll_iters=27692 dep_iters=144336 poll_cycles=14359784 dep_cycles=36912200 exec_cycles=6450020 signal_cycles=258364
[TASK_TIME] worker=212 linear=0/0 linear_res=1036760/20 attn=0/0 rms=3512/1 silu=2276/1 fused=0/0
[TASK_TIME] worker=244 linear=0/0 linear_res=956876/20 attn=0/0 rms=3256/1 silu=4568/2 fused=0/0
[TASK_TIME2] worker=217 prep=303160/1 attend=0/0 merge=0/0 router=0/0 copy=0/0 w2silu=0/0 lnorm=652640/21 prefetch=0/0
[TIMING] worker=45 tasks=141 poll_iters=35024 dep_iters=129046 poll_cycles=20520136 dep_cycles=36129692 exec_cycles=6532636 signal_cycles=302028
[TIMING] worker=225 tasks=108 poll_iters=504904 dep_iters=124489 poll_cycles=291119748 dep_cycles=36978884 exec_cycles=4382924 signal_cycles=228440
[TASK_TIME] worker=226 linear=0/0 linear_res=957872/20 attn=0/0 rms=3276/1 silu=2316/1 fused=0/0
[TASK_TIME] worker=284 linear=0/0 linear_res=817808/17 attn=0/0 rms=6484/2 silu=0/0 fused=0/0
[TASK_TIME] worker=275 linear=0/0 linear_res=882260/20 attn=0/0 rms=0/0 silu=2388/1 fused=0/0
[TIMING] worker=69 tasks=141 poll_iters=29149 dep_iters=143404 poll_cycles=15198260 dep_cycles=36679224 exec_cycles=5858656 signal_cycles=264088
[TASK_TIME] worker=148 linear=1826940/32 linear_res=978760/21 attn=0/0 rms=3276/1 silu=2288/1 fused=0/0
[TASK_TIME] worker=92 linear=1782156/32 linear_res=979208/21 attn=0/0 rms=4520/1 silu=2232/1 fused=0/0
[TIMING] worker=166 tasks=139 poll_iters=45600 dep_iters=125897 poll_cycles=26438956 dep_cycles=36373088 exec_cycles=5793936 signal_cycles=275144
[TIMING] worker=184 tasks=108 poll_iters=67360 dep_iters=139249 poll_cycles=35190316 dep_cycles=36963680 exec_cycles=4063980 signal_cycles=211108
[TIMING] worker=258 tasks=108 poll_iters=273114 dep_iters=136705 poll_cycles=157666888 dep_cycles=37080932 exec_cycles=3205660 signal_cycles=200516
[TASK_TIME] worker=218 linear=0/0 linear_res=956536/20 attn=0/0 rms=3296/1 silu=2320/1 fused=0/0
[TIMING] worker=123 tasks=140 poll_iters=454001 dep_iters=139946 poll_cycles=232982244 dep_cycles=36556588 exec_cycles=5999608 signal_cycles=252436
[TASK_TIME] worker=187 linear=0/0 linear_res=1078500/22 attn=0/0 rms=0/0 silu=2356/1 fused=0/0
[TASK_TIME] worker=228 linear=0/0 linear_res=981292/21 attn=0/0 rms=0/0 silu=2240/1 fused=0/0
[TIMING] worker=142 tasks=139 poll_iters=54711 dep_iters=138327 poll_cycles=31699916 dep_cycles=36585228 exec_cycles=5712900 signal_cycles=263848
[TASK_TIME] worker=227 linear=0/0 linear_res=1081108/22 attn=0/0 rms=0/0 silu=0/0 fused=0/0
[TASK_TIME2] worker=170 prep=0/0 attend=0/0 merge=0/0 router=0/0 copy=0/0 w2silu=0/0 lnorm=634956/21 prefetch=0/0
[TASK_TIME] worker=195 linear=0/0 linear_res=986600/21 attn=0/0 rms=0/0 silu=2388/1 fused=0/0
[TASK_TIME] worker=180 linear=0/0 linear_res=1095232/23 attn=0/0 rms=0/0 silu=4896/2 fused=0/0
[TASK_TIME] worker=58 linear=1579188/32 linear_res=898692/21 attn=0/0 rms=3368/1 silu=0/0 fused=0/0
[TASK_TIME] worker=290 linear=0/0 linear_res=964476/20 attn=0/0 rms=3864/1 silu=2452/1 fused=0/0
[TASK_TIME] worker=106 linear=1564000/32 linear_res=956564/20 attn=0/0 rms=3276/1 silu=2276/1 fused=0/0
[TIMING] worker=294 tasks=107 poll_iters=139958 dep_iters=119221 poll_cycles=82891700 dep_cycles=37051584 exec_cycles=3321844 signal_cycles=224752
[TIMING] worker=221 tasks=108 poll_iters=45662 dep_iters=134663 poll_cycles=23920148 dep_cycles=36955388 exec_cycles=4106560 signal_cycles=219900
[TASK_TIME] worker=60 linear=1849016/32 linear_res=933332/19 attn=0/0 rms=9516/3 silu=0/0 fused=0/0
[TASK_TIME] worker=292 linear=0/0 linear_res=1010212/22 attn=0/0 rms=0/0 silu=4792/2 fused=0/0
[TASK_TIME2] worker=65 prep=291076/1 attend=0/0 merge=0/0 router=0/0 copy=0/0 w2silu=0/0 lnorm=680976/22 prefetch=0/0
[TASK_TIME2] worker=26 prep=0/0 attend=5876316/64 merge=0/0 router=0/0 copy=0/0 w2silu=0/0 lnorm=638008/21 prefetch=0/0
[TASK_TIME2] worker=73 prep=295228/1 attend=0/0 merge=0/0 router=0/0 copy=0/0 w2silu=0/0 lnorm=649480/21 prefetch=0/0
[TASK_TIME] worker=252 linear=0/0 linear_res=999948/22 attn=0/0 rms=0/0 silu=2268/1 fused=0/0
[TASK_TIME2] worker=172 prep=0/0 attend=0/0 merge=0/0 router=0/0 copy=0/0 w2silu=0/0 lnorm=627224/21 prefetch=0/0
[TIMING] worker=6 tasks=268 poll_iters=46364 dep_iters=94051 poll_cycles=26860680 dep_cycles=28525176 exec_cycles=14733916 signal_cycles=710976
[TIMING] worker=162 tasks=140 poll_iters=305753 dep_iters=137093 poll_cycles=158230052 dep_cycles=36429168 exec_cycles=5496732 signal_cycles=264308
[TASK_TIME2] worker=177 prep=299812/1 attend=0/0 merge=0/0 router=0/0 copy=0/0 w2silu=0/0 lnorm=680912/22 prefetch=0/0
[TIMING] worker=243 tasks=108 poll_iters=407349 dep_iters=122746 poll_cycles=234991916 dep_cycles=36611644 exec_cycles=4323400 signal_cycles=210572
[TASK_TIME] worker=124 linear=1801020/32 linear_res=763468/18 attn=0/0 rms=6364/2 silu=0/0 fused=0/0
[TIMING] worker=273 tasks=108 poll_iters=436481 dep_iters=135951 poll_cycles=251670476 dep_cycles=36947336 exec_cycles=3641792 signal_cycles=202096
[TIMING] worker=70 tasks=140 poll_iters=72409 dep_iters=132295 poll_cycles=41897220 dep_cycles=37083356 exec_cycles=5685332 signal_cycles=258340
[TASK_TIME2] worker=282 prep=0/0 attend=0/0 merge=0/0 router=0/0 copy=0/0 w2silu=0/0 lnorm=641300/21 prefetch=0/0
[TIMING] worker=81 tasks=140 poll_iters=641982 dep_iters=142746 poll_cycles=329188236 dep_cycles=36631616 exec_cycles=6089384 signal_cycles=250552
[TASK_TIME] worker=100 linear=1837192/32 linear_res=939816/19 attn=0/0 rms=6260/2 silu=2224/1 fused=0/0
[TASK_TIME] worker=36 linear=1823912/32 linear_res=1005812/22 attn=0/0 rms=3168/1 silu=2180/1 fused=0/0
[TASK_TIME] worker=138 linear=1571104/32 linear_res=982316/21 attn=0/0 rms=3372/1 silu=2264/1 fused=0/0
[TASK_TIME] worker=19 linear=1823612/32 linear_res=965076/20 attn=0/0 rms=0/0 silu=2380/1 fused=0/0
[TASK_TIME2] worker=10 prep=0/0 attend=5858732/64 merge=2126816/64 router=0/0 copy=0/0 w2silu=0/0 lnorm=641340/21 prefetch=0/0
[TASK_TIME2] worker=34 prep=0/0 attend=2057108/64 merge=0/0 router=0/0 copy=0/0 w2silu=0/0 lnorm=603848/20 prefetch=0/0
[TASK_TIME2] worker=114 prep=0/0 attend=0/0 merge=0/0 router=0/0 copy=0/0 w2silu=0/0 lnorm=640252/21 prefetch=0/0
[TASK_TIME2] worker=33 prep=295924/1 attend=142552/64 merge=0/0 router=0/0 copy=0/0 w2silu=0/0 lnorm=617220/20 prefetch=0/0
[TASK_TIME] worker=42 linear=1640144/32 linear_res=982932/21 attn=0/0 rms=3392/1 silu=2240/1 fused=0/0
[TIMING] worker=50 tasks=140 poll_iters=561659 dep_iters=127270 poll_cycles=323973728 dep_cycles=36303968 exec_cycles=6263628 signal_cycles=265856
[TASK_TIME] worker=210 linear=0/0 linear_res=976404/21 attn=0/0 rms=3860/1 silu=2260/1 fused=0/0
[TASK_TIME2] worker=90 prep=0/0 attend=0/0 merge=0/0 router=0/0 copy=0/0 w2silu=0/0 lnorm=602200/20 prefetch=0/0
[TASK_TIME] worker=235 linear=0/0 linear_res=884316/20 attn=0/0 rms=0/0 silu=2392/1 fused=0/0
[TASK_TIME2] worker=58 prep=0/0 attend=0/0 merge=0/0 router=0/0 copy=0/0 w2silu=0/0 lnorm=633372/21 prefetch=0/0
[TIMING] worker=30 tasks=204 poll_iters=67925 dep_iters=110095 poll_cycles=39310128 dep_cycles=31127248 exec_cycles=12467960 signal_cycles=450076
[TASK_TIME2] worker=106 prep=0/0 attend=0/0 merge=0/0 router=0/0 copy=0/0 w2silu=0/0 lnorm=638560/21 prefetch=0/0
[TASK_TIME] worker=204 linear=0/0 linear_res=1058484/21 attn=0/0 rms=3264/1 silu=4568/2 fused=0/0
[TASK_TIME] worker=265 linear=0/0 linear_res=974284/21 attn=0/0 rms=0/0 silu=2432/1 fused=0/0
[TASK_TIME] worker=67 linear=1849212/32 linear_res=981368/21 attn=0/0 rms=0/0 silu=4744/2 fused=0/0
[TASK_TIME] worker=276 linear=0/0 linear_res=878992/20 attn=0/0 rms=0/0 silu=2304/1 fused=0/0
[TASK_TIME] worker=250 linear=0/0 linear_res=877744/20 attn=0/0 rms=3948/1 silu=2340/1 fused=0/0
[TASK_TIME] worker=220 linear=0/0 linear_res=1059296/21 attn=0/0 rms=3564/1 silu=2248/1 fused=0/0
[TASK_TIME] worker=99 linear=1818400/32 linear_res=986804/21 attn=0/0 rms=0/0 silu=0/0 fused=0/0
[TASK_TIME] worker=155 linear=1819136/32 linear_res=1005460/22 attn=0/0 rms=0/0 silu=2716/1 fused=0/0
[TASK_TIME2] worker=75 prep=293984/1 attend=0/0 merge=0/0 router=0/0 copy=0/0 w2silu=0/0 lnorm=613704/20 prefetch=0/0
[TASK_TIME] worker=202 linear=0/0 linear_res=977744/21 attn=0/0 rms=3296/1 silu=2276/1 fused=0/0
[TASK_TIME] worker=233 linear=0/0 linear_res=956732/20 attn=0/0 rms=0/0 silu=2448/1 fused=0/0
[TASK_TIME2] worker=84 prep=0/0 attend=0/0 merge=0/0 router=0/0 copy=0/0 w2silu=0/0 lnorm=621668/21 prefetch=0/0
[TASK_TIME] worker=203 linear=0/0 linear_res=1057960/21 attn=0/0 rms=0/0 silu=0/0 fused=0/0
[TASK_TIME] worker=9 linear=1855820/32 linear_res=1068456/21 attn=0/0 rms=0/0 silu=2496/1 fused=0/0
[TASK_TIME2] worker=268 prep=0/0 attend=0/0 merge=0/0 router=0/0 copy=0/0 w2silu=0/0 lnorm=667616/22 prefetch=0/0
[TASK_TIME] worker=291 linear=0/0 linear_res=974112/20 attn=0/0 rms=0/0 silu=5708/2 fused=0/0
[TASK_TIME] worker=251 linear=0/0 linear_res=959964/20 attn=0/0 rms=0/0 silu=4792/2 fused=0/0
[TASK_TIME] worker=121 linear=1845960/32 linear_res=1056368/21 attn=0/0 rms=0/0 silu=2400/1 fused=0/0
[TASK_TIME2] worker=228 prep=0/0 attend=0/0 merge=0/0 router=0/0 copy=0/0 w2silu=0/0 lnorm=636796/21 prefetch=0/0
[TASK_TIME] worker=81 linear=1819064/32 linear_res=979360/21 attn=0/0 rms=0/0 silu=2396/1 fused=0/0
[TASK_TIME2] worker=131 prep=0/0 attend=0/0 merge=0/0 router=0/0 copy=0/0 w2silu=0/0 lnorm=646460/21 prefetch=0/0
[TASK_TIME2] worker=267 prep=300632/1 attend=0/0 merge=0/0 router=0/0 copy=0/0 w2silu=0/0 lnorm=688704/22 prefetch=0/0
[TASK_TIME2] worker=68 prep=0/0 attend=0/0 merge=0/0 router=0/0 copy=0/0 w2silu=0/0 lnorm=567944/19 prefetch=0/0
[TASK_TIME2] worker=163 prep=296344/1 attend=0/0 merge=0/0 router=0/0 copy=0/0 w2silu=0/0 lnorm=688772/21 prefetch=0/0
[TASK_TIME] worker=140 linear=1783464/32 linear_res=1077988/22 attn=0/0 rms=3092/1 silu=2268/1 fused=0/0
[TASK_TIME] worker=171 linear=1839736/32 linear_res=1057156/21 attn=0/0 rms=0/0 silu=2708/1 fused=0/0
[TASK_TIME] worker=52 linear=1768340/32 linear_res=900940/21 attn=0/0 rms=0/0 silu=0/0 fused=0/0
[TASK_TIME2] worker=19 prep=305288/1 attend=5964720/64 merge=0/0 router=0/0 copy=0/0 w2silu=0/0 lnorm=686876/22 prefetch=0/0
[TASK_TIME] worker=51 linear=1832092/32 linear_res=811896/20 attn=0/0 rms=0/0 silu=0/0 fused=0/0
[TASK_TIME] worker=91 linear=1819388/32 linear_res=910820/21 attn=0/0 rms=0/0 silu=2720/1 fused=0/0
[TASK_TIME] worker=11 linear=1842028/32 linear_res=892612/20 attn=0/0 rms=0/0 silu=0/0 fused=0/0
[TASK_TIME2] worker=92 prep=0/0 attend=0/0 merge=0/0 router=0/0 copy=0/0 w2silu=0/0 lnorm=592916/20 prefetch=0/0
[TASK_TIME] worker=196 linear=0/0 linear_res=941128/19 attn=0/0 rms=6500/2 silu=0/0 fused=0/0
[TASK_TIME2] worker=236 prep=0/0 attend=0/0 merge=0/0 router=0/0 copy=0/0 w2silu=0/0 lnorm=730960/24 prefetch=0/0
[TASK_TIME2] worker=66 prep=0/0 attend=0/0 merge=0/0 router=0/0 copy=0/0 w2silu=0/0 lnorm=669836/22 prefetch=0/0
[TASK_TIME] worker=43 linear=1882068/32 linear_res=1012252/22 attn=0/0 rms=0/0 silu=2336/1 fused=0/0
[TASK_TIME] worker=145 linear=1817704/32 linear_res=979016/21 attn=0/0 rms=0/0 silu=2424/1 fused=0/0
[TASK_TIME2] worker=59 prep=297616/1 attend=0/0 merge=0/0 router=0/0 copy=0/0 w2silu=0/0 lnorm=679660/22 prefetch=0/0
[TASK_TIME2] worker=147 prep=582540/2 attend=0/0 merge=0/0 router=0/0 copy=0/0 w2silu=0/0 lnorm=553460/18 prefetch=0/0
[TASK_TIME] worker=20 linear=1782256/32 linear_res=1057348/21 attn=0/0 rms=3456/1 silu=4588/2 fused=0/0
[TIMING] worker=62 tasks=140 poll_iters=61461 dep_iters=132060 poll_cycles=35614208 dep_cycles=37020980 exec_cycles=5736904 signal_cycles=276440
[TASK_TIME2] worker=99 prep=296560/1 attend=0/0 merge=0/0 router=0/0 copy=0/0 w2silu=0/0 lnorm=678880/22 prefetch=0/0
[TASK_TIME2] worker=35 prep=1010392/3 attend=142248/64 merge=0/0 router=0/0 copy=0/0 w2silu=0/0 lnorm=618536/20 prefetch=0/0
[TIMING] worker=181 tasks=108 poll_iters=37740 dep_iters=125862 poll_cycles=21938036 dep_cycles=36694060 exec_cycles=4146548 signal_cycles=226400
[TASK_TIME2] worker=82 prep=0/0 attend=0/0 merge=0/0 router=0/0 copy=0/0 w2silu=0/0 lnorm=601612/20 prefetch=0/0
[TASK_TIME] worker=178 linear=0/0 linear_res=954428/20 attn=0/0 rms=3540/1 silu=2268/1 fused=0/0
[TASK_TIME2] worker=187 prep=292128/1 attend=0/0 merge=0/0 router=0/0 copy=0/0 w2silu=0/0 lnorm=548704/18 prefetch=0/0
[TASK_TIME2] worker=9 prep=297304/1 attend=5872852/64 merge=2347784/64 router=0/0 copy=0/0 w2silu=0/0 lnorm=654208/21 prefetch=0/0
[TASK_TIME2] worker=260 prep=0/0 attend=0/0 merge=0/0 router=0/0 copy=0/0 w2silu=0/0 lnorm=603792/20 prefetch=0/0
[TASK_TIME2] worker=195 prep=0/0 attend=0/0 merge=0/0 router=0/0 copy=0/0 w2silu=0/0 lnorm=651540/21 prefetch=0/0
[TASK_TIME2] worker=202 prep=0/0 attend=0/0 merge=0/0 router=0/0 copy=0/0 w2silu=0/0 lnorm=609316/20 prefetch=0/0
[TASK_TIME2] worker=266 prep=0/0 attend=0/0 merge=0/0 router=0/0 copy=0/0 w2silu=0/0 lnorm=613936/20 prefetch=0/0
[TIMING] worker=271 tasks=107 poll_iters=92893 dep_iters=137957 poll_cycles=53800460 dep_cycles=37847316 exec_cycles=3269564 signal_cycles=208448
[TASK_TIME] worker=234 linear=0/0 linear_res=976256/21 attn=0/0 rms=0/0 silu=2292/1 fused=0/0
[TASK_TIME2] worker=41 prep=294344/1 attend=0/0 merge=0/0 router=0/0 copy=0/0 w2silu=0/0 lnorm=617516/20 prefetch=0/0
[TASK_TIME2] worker=129 prep=0/0 attend=0/0 merge=0/0 router=0/0 copy=0/0 w2silu=0/0 lnorm=644656/21 prefetch=0/0
[TASK_TIME] worker=188 linear=0/0 linear_res=1099604/23 attn=0/0 rms=0/0 silu=0/0 fused=0/0
[TASK_TIME2] worker=164 prep=0/0 attend=0/0 merge=0/0 router=0/0 copy=0/0 w2silu=0/0 lnorm=627696/21 prefetch=0/0
[TASK_TIME] worker=154 linear=1562156/32 linear_res=982516/21 attn=0/0 rms=3264/1 silu=2308/1 fused=0/0
[TASK_TIME2] worker=137 prep=297156/1 attend=0/0 merge=0/0 router=0/0 copy=0/0 w2silu=0/0 lnorm=650052/21 prefetch=0/0
[TASK_TIME] worker=76 linear=1804880/32 linear_res=827036/21 attn=0/0 rms=3236/1 silu=0/0 fused=0/0
[TASK_TIME2] worker=283 prep=306236/1 attend=0/0 merge=0/0 router=0/0 copy=0/0 w2silu=0/0 lnorm=719744/23 prefetch=0/0
[TASK_TIME2] worker=107 prep=292828/1 attend=0/0 merge=0/0 router=0/0 copy=0/0 w2silu=0/0 lnorm=583576/19 prefetch=0/0
[TASK_TIME] worker=2 linear=1618560/32 linear_res=966300/20 attn=0/0 rms=3308/1 silu=2336/1 fused=0/0
[TASK_TIME2] worker=219 prep=602464/2 attend=0/0 merge=0/0 router=0/0 copy=0/0 w2silu=0/0 lnorm=587404/19 prefetch=0/0
[TASK_TIME2] worker=81 prep=293252/1 attend=0/0 merge=0/0 router=0/0 copy=0/0 w2silu=0/0 lnorm=614000/20 prefetch=0/0
[TASK_TIME2] worker=212 prep=0/0 attend=0/0 merge=0/0 router=0/0 copy=0/0 w2silu=0/0 lnorm=598832/20 prefetch=0/0
[TIMING] worker=96 tasks=140 poll_iters=55708 dep_iters=139490 poll_cycles=32227364 dep_cycles=36745708 exec_cycles=5698180 signal_cycles=271828
[TASK_TIME2] worker=27 prep=0/0 attend=5947016/64 merge=0/0 router=0/0 copy=0/0 w2silu=0/0 lnorm=718916/23 prefetch=0/0
[TASK_TIME2] worker=186 prep=0/0 attend=0/0 merge=0/0 router=0/0 copy=0/0 w2silu=0/0 lnorm=639672/21 prefetch=0/0
[TASK_TIME2] worker=180 prep=0/0 attend=0/0 merge=0/0 router=0/0 copy=0/0 w2silu=0/0 lnorm=566652/19 prefetch=0/0
[TASK_TIME] worker=122 linear=1565464/32 linear_res=1076920/22 attn=0/0 rms=0/0 silu=2324/1 fused=0/0
[TASK_TIME2] worker=60 prep=0/0 attend=0/0 merge=0/0 router=0/0 copy=0/0 w2silu=0/0 lnorm=683560/23 prefetch=0/0
[TASK_TIME] worker=225 linear=0/0 linear_res=960224/20 attn=0/0 rms=0/0 silu=2392/1 fused=0/0
[TIMING] worker=287 tasks=107 poll_iters=55906 dep_iters=125999 poll_cycles=32399776 dep_cycles=37695740 exec_cycles=3277580 signal_cycles=214876
[TASK_TIME] worker=242 linear=0/0 linear_res=878680/20 attn=0/0 rms=3472/1 silu=0/0 fused=0/0
[TIMING] worker=293 tasks=108 poll_iters=59860 dep_iters=130965 poll_cycles=35875152 dep_cycles=36472432 exec_cycles=3540420 signal_cycles=225836
[TASK_TIME] worker=274 linear=0/0 linear_res=973636/21 attn=0/0 rms=3820/1 silu=2292/1 fused=0/0
[TASK_TIME] worker=115 linear=1826992/32 linear_res=1009580/22 attn=0/0 rms=0/0 silu=0/0 fused=0/0
[TASK_TIME] worker=162 linear=1565480/32 linear_res=980168/21 attn=0/0 rms=4464/1 silu=2316/1 fused=0/0
[TASK_TIME2] worker=275 prep=0/0 attend=0/0 merge=0/0 router=0/0 copy=0/0 w2silu=0/0 lnorm=688332/22 prefetch=0/0
[TASK_TIME] worker=25 linear=1830292/32 linear_res=985400/21 attn=0/0 rms=0/0 silu=2364/1 fused=0/0
[TASK_TIME2] worker=148 prep=0/0 attend=0/0 merge=0/0 router=0/0 copy=0/0 w2silu=0/0 lnorm=601756/20 prefetch=0/0
[TASK_TIME2] worker=281 prep=0/0 attend=0/0 merge=0/0 router=0/0 copy=0/0 w2silu=0/0 lnorm=652108/21 prefetch=0/0
[TASK_TIME] worker=50 linear=1575228/32 linear_res=999568/22 attn=0/0 rms=0/0 silu=2252/1 fused=0/0
[TASK_TIME2] worker=252 prep=0/0 attend=0/0 merge=0/0 router=0/0 copy=0/0 w2silu=0/0 lnorm=576560/19 prefetch=0/0
[TIMING] worker=111 tasks=139 poll_iters=46628 dep_iters=143472 poll_cycles=24530808 dep_cycles=37249772 exec_cycles=5736768 signal_cycles=258920
[TASK_TIME2] worker=113 prep=292208/1 attend=0/0 merge=0/0 router=0/0 copy=0/0 w2silu=0/0 lnorm=650164/21 prefetch=0/0
[TIMING] worker=215 tasks=107 poll_iters=66186 dep_iters=141549 poll_cycles=34167840 dep_cycles=37619640 exec_cycles=4081444 signal_cycles=199492
[TASK_TIME] worker=89 linear=1818088/32 linear_res=978480/21 attn=0/0 rms=0/0 silu=2384/1 fused=0/0
[TIMING] worker=40 tasks=140 poll_iters=124865 dep_iters=129618 poll_cycles=72165604 dep_cycles=36228456 exec_cycles=6490124 signal_cycles=307580
[TASK_TIME2] worker=1 prep=306684/1 attend=5841092/64 merge=2443908/64 router=0/0 copy=0/0 w2silu=0/0 lnorm=689568/22 prefetch=0/0
[TIMING] worker=269 tasks=108 poll_iters=59107 dep_iters=122726 poll_cycles=34345732 dep_cycles=36798300 exec_cycles=3372976 signal_cycles=219672
[TASK_TIME2] worker=257 prep=301880/1 attend=0/0 merge=0/0 router=0/0 copy=0/0 w2silu=0/0 lnorm=653992/21 prefetch=0/0
[TASK_TIME2] worker=3 prep=0/0 attend=5895552/64 merge=2486848/64 router=0/0 copy=0/0 w2silu=0/0 lnorm=624608/20 prefetch=0/0
[TASK_TIME2] worker=140 prep=0/0 attend=0/0 merge=0/0 router=0/0 copy=0/0 w2silu=0/0 lnorm=540116/18 prefetch=0/0
[TASK_TIME] worker=249 linear=0/0 linear_res=881604/20 attn=0/0 rms=0/0 silu=2420/1 fused=0/0
[TASK_TIME] worker=161 linear=1877340/32 linear_res=980196/21 attn=0/0 rms=0/0 silu=2372/1 fused=0/0
[TASK_TIME2] worker=204 prep=0/0 attend=0/0 merge=0/0 router=0/0 copy=0/0 w2silu=0/0 lnorm=594988/20 prefetch=0/0
[TASK_TIME2] worker=98 prep=0/0 attend=0/0 merge=0/0 router=0/0 copy=0/0 w2silu=0/0 lnorm=605852/20 prefetch=0/0
[TASK_TIME2] worker=132 prep=0/0 attend=0/0 merge=0/0 router=0/0 copy=0/0 w2silu=0/0 lnorm=598392/20 prefetch=0/0
[TIMING] worker=128 tasks=140 poll_iters=112934 dep_iters=141045 poll_cycles=58050236 dep_cycles=36599668 exec_cycles=5701856 signal_cycles=261812
[TASK_TIME2] worker=155 prep=0/0 attend=0/0 merge=0/0 router=0/0 copy=0/0 w2silu=0/0 lnorm=618184/20 prefetch=0/0
[TIMING] worker=253 tasks=108 poll_iters=46615 dep_iters=136021 poll_cycles=26272092 dep_cycles=36763444 exec_cycles=4105272 signal_cycles=209024
[TASK_TIME] worker=243 linear=0/0 linear_res=961924/20 attn=0/0 rms=0/0 silu=0/0 fused=0/0
[TIMING] worker=32 tasks=204 poll_iters=156727 dep_iters=141972 poll_cycles=80524904 dep_cycles=36954376 exec_cycles=6530036 signal_cycles=374080
[TIMING] worker=158 tasks=139 poll_iters=117315 dep_iters=126524 poll_cycles=67852284 dep_cycles=36507296 exec_cycles=5735356 signal_cycles=306156
[TIMING] worker=7 tasks=268 poll_iters=52490 dep_iters=95083 poll_cycles=30427116 dep_cycles=28738908 exec_cycles=14879468 signal_cycles=725504
[TASK_TIME2] worker=292 prep=0/0 attend=0/0 merge=0/0 router=0/0 copy=0/0 w2silu=0/0 lnorm=603072/20 prefetch=0/0
[TASK_TIME2] worker=100 prep=0/0 attend=0/0 merge=0/0 router=0/0 copy=0/0 w2silu=0/0 lnorm=597932/20 prefetch=0/0
[TASK_TIME2] worker=74 prep=0/0 attend=0/0 merge=0/0 router=0/0 copy=0/0 w2silu=0/0 lnorm=636156/21 prefetch=0/0
[TASK_TIME2] worker=196 prep=0/0 attend=0/0 merge=0/0 router=0/0 copy=0/0 w2silu=0/0 lnorm=689468/23 prefetch=0/0
[TASK_TIME2] worker=226 prep=0/0 attend=0/0 merge=0/0 router=0/0 copy=0/0 w2silu=0/0 lnorm=645484/21 prefetch=0/0
[TASK_TIME] worker=18 linear=1590400/32 linear_res=979016/21 attn=0/0 rms=3364/1 silu=2280/1 fused=0/0
[TASK_TIME2] worker=276 prep=0/0 attend=0/0 merge=0/0 router=0/0 copy=0/0 w2silu=0/0 lnorm=669732/22 prefetch=0/0
[TASK_TIME2] worker=188 prep=0/0 attend=0/0 merge=0/0 router=0/0 copy=0/0 w2silu=0/0 lnorm=564920/19 prefetch=0/0
[TASK_TIME2] worker=146 prep=0/0 attend=0/0 merge=0/0 router=0/0 copy=0/0 w2silu=0/0 lnorm=605192/20 prefetch=0/0
[TASK_TIME2] worker=52 prep=0/0 attend=0/0 merge=0/0 router=0/0 copy=0/0 w2silu=0/0 lnorm=693728/23 prefetch=0/0
[TASK_TIME2] worker=11 prep=287768/1 attend=5941872/64 merge=2332000/64 router=0/0 copy=0/0 w2silu=0/0 lnorm=717116/23 prefetch=0/0
[TASK_TIME] worker=57 linear=1863668/32 linear_res=921192/22 attn=0/0 rms=0/0 silu=0/0 fused=0/0
[TIMING] worker=110 tasks=139 poll_iters=87208 dep_iters=141936 poll_cycles=44938564 dep_cycles=36866984 exec_cycles=5660804 signal_cycles=256028
[TASK_TIME2] worker=76 prep=0/0 attend=0/0 merge=0/0 router=0/0 copy=0/0 w2silu=0/0 lnorm=590928/20 prefetch=0/0
[TASK_TIME2] worker=36 prep=0/0 attend=2079876/64 merge=0/0 router=0/0 copy=0/0 w2silu=0/0 lnorm=642988/20 prefetch=0/0
[TIMING] worker=47 tasks=140 poll_iters=69654 dep_iters=144381 poll_cycles=36004312 dep_cycles=36814588 exec_cycles=6549468 signal_cycles=283652
[TASK_TIME2] worker=284 prep=0/0 attend=0/0 merge=0/0 router=0/0 copy=0/0 w2silu=0/0 lnorm=732204/24 prefetch=0/0
[TASK_TIME2] worker=244 prep=0/0 attend=0/0 merge=0/0 router=0/0 copy=0/0 w2silu=0/0 lnorm=634300/21 prefetch=0/0
[TASK_TIME2] worker=20 prep=0/0 attend=5939756/64 merge=0/0 router=0/0 copy=0/0 w2silu=0/0 lnorm=640452/21 prefetch=0/0
[TASK_TIME2] worker=154 prep=0/0 attend=0/0 merge=0/0 router=0/0 copy=0/0 w2silu=0/0 lnorm=607552/20 prefetch=0/0
[TASK_TIME2] worker=227 prep=302524/1 attend=0/0 merge=0/0 router=0/0 copy=0/0 w2silu=0/0 lnorm=583020/19 prefetch=0/0
[TASK_TIME2] worker=91 prep=0/0 attend=0/0 merge=0/0 router=0/0 copy=0/0 w2silu=0/0 lnorm=679312/22 prefetch=0/0
[TASK_TIME2] worker=2 prep=0/0 attend=5905148/64 merge=2301800/64 router=0/0 copy=0/0 w2silu=0/0 lnorm=718876/22 prefetch=0/0
[TASK_TIME] worker=169 linear=1824072/32 linear_res=998248/22 attn=0/0 rms=0/0 silu=0/0 fused=0/0
[TASK_TIME2] worker=290 prep=0/0 attend=0/0 merge=0/0 router=0/0 copy=0/0 w2silu=0/0 lnorm=673800/22 prefetch=0/0
[TASK_TIME] worker=123 linear=1811240/32 linear_res=909584/21 attn=0/0 rms=0/0 silu=2736/1 fused=0/0
[TASK_TIME2] worker=210 prep=0/0 attend=0/0 merge=0/0 router=0/0 copy=0/0 w2silu=0/0 lnorm=608548/20 prefetch=0/0
[TASK_TIME2] worker=122 prep=0/0 attend=0/0 merge=0/0 router=0/0 copy=0/0 w2silu=0/0 lnorm=607884/20 prefetch=0/0
[TIMING] worker=135 tasks=139 poll_iters=189253 dep_iters=130374 poll_cycles=109305092 dep_cycles=37057368 exec_cycles=5813012 signal_cycles=271108
[TASK_TIME2] worker=251 prep=292832/1 attend=0/0 merge=0/0 router=0/0 copy=0/0 w2silu=0/0 lnorm=628472/20 prefetch=0/0
[TASK_TIME] worker=273 linear=0/0 linear_res=976052/21 attn=0/0 rms=0/0 silu=2444/1 fused=0/0
[TASK_TIME2] worker=211 prep=0/0 attend=0/0 merge=0/0 router=0/0 copy=0/0 w2silu=0/0 lnorm=648052/21 prefetch=0/0
[TASK_TIME] worker=241 linear=0/0 linear_res=902256/21 attn=0/0 rms=0/0 silu=0/0 fused=0/0
[TIMING] worker=230 tasks=107 poll_iters=26648 dep_iters=125065 poll_cycles=15549584 dep_cycles=37001880 exec_cycles=4070572 signal_cycles=235012
[TASK_TIME2] worker=162 prep=0/0 attend=0/0 merge=0/0 router=0/0 copy=0/0 w2silu=0/0 lnorm=605272/20 prefetch=0/0
[TASK_TIME2] worker=289 prep=300268/1 attend=0/0 merge=0/0 router=0/0 copy=0/0 w2silu=0/0 lnorm=685092/22 prefetch=0/0
[TASK_TIME2] worker=235 prep=0/0 attend=0/0 merge=0/0 router=0/0 copy=0/0 w2silu=0/0 lnorm=687548/22 prefetch=0/0
[TASK_TIME2] worker=178 prep=0/0 attend=0/0 merge=0/0 router=0/0 copy=0/0 w2silu=0/0 lnorm=671468/22 prefetch=0/0
[TASK_TIME2] worker=274 prep=0/0 attend=0/0 merge=0/0 router=0/0 copy=0/0 w2silu=0/0 lnorm=610992/20 prefetch=0/0
[TASK_TIME2] worker=18 prep=0/0 attend=5904092/64 merge=0/0 router=0/0 copy=0/0 w2silu=0/0 lnorm=640416/21 prefetch=0/0
[TASK_TIME2] worker=50 prep=0/0 attend=0/0 merge=0/0 router=0/0 copy=0/0 w2silu=0/0 lnorm=606104/20 prefetch=0/0
[TIMING] worker=168 tasks=140 poll_iters=119842 dep_iters=125512 poll_cycles=69256836 dep_cycles=36195900 exec_cycles=5777540 signal_cycles=297148
[TASK_TIME] worker=258 linear=0/0 linear_res=876492/20 attn=0/0 rms=3240/1 silu=2312/1 fused=0/0
[TIMING] worker=176 tasks=108 poll_iters=94375 dep_iters=127058 poll_cycles=54544640 dep_cycles=36946504 exec_cycles=4074200 signal_cycles=225684
[TIMING] worker=85 tasks=141 poll_iters=27208 dep_iters=130298 poll_cycles=15897460 dep_cycles=36627528 exec_cycles=5747700 signal_cycles=273160
[TIMING] worker=191 tasks=107 poll_iters=30953 dep_iters=129471 poll_cycles=17996048 dep_cycles=37574892 exec_cycles=4122160 signal_cycles=226552
[TIMING] worker=167 tasks=139 poll_iters=54211 dep_iters=127974 poll_cycles=31398208 dep_cycles=36917136 exec_cycles=5822536 signal_cycles=281040
[TASK_TIME2] worker=51 prep=297684/1 attend=0/0 merge=0/0 router=0/0 copy=0/0 w2silu=0/0 lnorm=710024/23 prefetch=0/0
[TASK_TIME2] worker=42 prep=0/0 attend=0/0 merge=0/0 router=0/0 copy=0/0 w2silu=0/0 lnorm=603072/20 prefetch=0/0
[TIMING] worker=285 tasks=108 poll_iters=110405 dep_iters=131655 poll_cycles=64022680 dep_cycles=36699764 exec_cycles=3435668 signal_cycles=195888
[TIMING] worker=272 tasks=108 poll_iters=42579 dep_iters=125645 poll_cycles=24383220 dep_cycles=37016928 exec_cycles=3306008 signal_cycles=214136
[TASK_TIME2] worker=145 prep=293244/1 attend=0/0 merge=0/0 router=0/0 copy=0/0 w2silu=0/0 lnorm=616780/20 prefetch=0/0
[TASK_TIME2] worker=43 prep=0/0 attend=0/0 merge=0/0 router=0/0 copy=0/0 w2silu=0/0 lnorm=650264/21 prefetch=0/0
[TASK_TIME2] worker=234 prep=0/0 attend=0/0 merge=0/0 router=0/0 copy=0/0 w2silu=0/0 lnorm=646880/21 prefetch=0/0
[TASK_TIME2] worker=171 prep=0/0 attend=0/0 merge=0/0 router=0/0 copy=0/0 w2silu=0/0 lnorm=646564/21 prefetch=0/0
[TASK_TIME2] worker=25 prep=299052/1 attend=5869108/64 merge=0/0 router=0/0 copy=0/0 w2silu=0/0 lnorm=647644/21 prefetch=0/0
[TIMING] worker=127 tasks=139 poll_iters=27010 dep_iters=130427 poll_cycles=15727312 dep_cycles=37050768 exec_cycles=5851288 signal_cycles=282148
[TASK_TIME2] worker=218 prep=0/0 attend=0/0 merge=0/0 router=0/0 copy=0/0 w2silu=0/0 lnorm=643968/21 prefetch=0/0
[TIMING] worker=103 tasks=139 poll_iters=42947 dep_iters=131086 poll_cycles=24921084 dep_cycles=37279448 exec_cycles=5704348 signal_cycles=292316
[TASK_TIME2] worker=203 prep=289280/1 attend=0/0 merge=0/0 router=0/0 copy=0/0 w2silu=0/0 lnorm=647512/21 prefetch=0/0
[TASK_TIME2] worker=121 prep=294916/1 attend=0/0 merge=0/0 router=0/0 copy=0/0 w2silu=0/0 lnorm=619112/20 prefetch=0/0
[TASK_TIME2] worker=115 prep=292120/1 attend=0/0 merge=0/0 router=0/0 copy=0/0 w2silu=0/0 lnorm=576340/19 prefetch=0/0
[TASK_TIME2] worker=124 prep=0/0 attend=0/0 merge=0/0 router=0/0 copy=0/0 w2silu=0/0 lnorm=689396/23 prefetch=0/0
[TASK_TIME2] worker=67 prep=290964/1 attend=0/0 merge=0/0 router=0/0 copy=0/0 w2silu=0/0 lnorm=618988/20 prefetch=0/0
[TIMING] worker=109 tasks=141 poll_iters=109363 dep_iters=127515 poll_cycles=63394904 dep_cycles=36354404 exec_cycles=5923488 signal_cycles=283820
[TASK_TIME2] worker=220 prep=0/0 attend=0/0 merge=0/0 router=0/0 copy=0/0 w2silu=0/0 lnorm=602036/20 prefetch=0/0
[TASK_TIME2] worker=233 prep=302100/1 attend=0/0 merge=0/0 router=0/0 copy=0/0 w2silu=0/0 lnorm=655364/21 prefetch=0/0
[TIMING] worker=224 tasks=108 poll_iters=32038 dep_iters=131535 poll_cycles=19411108 dep_cycles=36935460 exec_cycles=4108276 signal_cycles=248320
[TIMING] worker=21 tasks=205 poll_iters=31296 dep_iters=102105 poll_cycles=18243464 dep_cycles=30903356 exec_cycles=12672680 signal_cycles=494456
[TIMING] worker=125 tasks=141 poll_iters=42410 dep_iters=139738 poll_cycles=22064816 dep_cycles=36341936 exec_cycles=5908968 signal_cycles=254376
[TASK_TIME2] worker=265 prep=304452/1 attend=0/0 merge=0/0 router=0/0 copy=0/0 w2silu=0/0 lnorm=621444/20 prefetch=0/0
[TASK_TIME2] worker=250 prep=0/0 attend=0/0 merge=0/0 router=0/0 copy=0/0 w2silu=0/0 lnorm=675736/22 prefetch=0/0
[TASK_TIME2] worker=291 prep=592128/2 attend=0/0 merge=0/0 router=0/0 copy=0/0 w2silu=0/0 lnorm=625036/20 prefetch=0/0
[TASK_TIME2] worker=138 prep=0/0 attend=0/0 merge=0/0 router=0/0 copy=0/0 w2silu=0/0 lnorm=638008/21 prefetch=0/0
[TASK_TIME2] worker=89 prep=291476/1 attend=0/0 merge=0/0 router=0/0 copy=0/0 w2silu=0/0 lnorm=614000/20 prefetch=0/0
[TASK_TIME2] worker=249 prep=303400/1 attend=0/0 merge=0/0 router=0/0 copy=0/0 w2silu=0/0 lnorm=686324/22 prefetch=0/0
[TIMING] worker=173 tasks=140 poll_iters=34719 dep_iters=124781 poll_cycles=20248888 dep_cycles=36109632 exec_cycles=5805096 signal_cycles=273840
[TASK_TIME2] worker=123 prep=294860/1 attend=0/0 merge=0/0 router=0/0 copy=0/0 w2silu=0/0 lnorm=644052/21 prefetch=0/0
[TASK_TIME2] worker=258 prep=0/0 attend=0/0 merge=0/0 router=0/0 copy=0/0 w2silu=0/0 lnorm=644084/21 prefetch=0/0
[TASK_TIME2] worker=169 prep=0/0 attend=0/0 merge=0/0 router=0/0 copy=0/0 w2silu=0/0 lnorm=645296/21 prefetch=0/0
[TASK_TIME2] worker=225 prep=298752/1 attend=0/0 merge=0/0 router=0/0 copy=0/0 w2silu=0/0 lnorm=655740/21 prefetch=0/0
[TASK_TIME2] worker=243 prep=297608/1 attend=0/0 merge=0/0 router=0/0 copy=0/0 w2silu=0/0 lnorm=684064/22 prefetch=0/0
[TASK_TIME2] worker=242 prep=0/0 attend=0/0 merge=0/0 router=0/0 copy=0/0 w2silu=0/0 lnorm=671036/22 prefetch=0/0
[TASK_TIME2] worker=57 prep=0/0 attend=0/0 merge=0/0 router=0/0 copy=0/0 w2silu=0/0 lnorm=642980/21 prefetch=0/0
[TIMING] worker=213 tasks=108 poll_iters=59202 dep_iters=125983 poll_cycles=34358492 dep_cycles=36701232 exec_cycles=4129496 signal_cycles=231060
[TASK_TIME2] worker=273 prep=303292/1 attend=0/0 merge=0/0 router=0/0 copy=0/0 w2silu=0/0 lnorm=620560/20 prefetch=0/0
[TASK_TIME2] worker=161 prep=306880/1 attend=0/0 merge=0/0 router=0/0 copy=0/0 w2silu=0/0 lnorm=649660/20 prefetch=0/0
[TASK_TIME2] worker=241 prep=0/0 attend=0/0 merge=0/0 router=0/0 copy=0/0 w2silu=0/0 lnorm=682956/22 prefetch=0/0
[TIMING] worker=263 tasks=107 poll_iters=101243 dep_iters=128356 poll_cycles=55695036 dep_cycles=37795860 exec_cycles=3288032 signal_cycles=213248
[TIMING] worker=5 tasks=269 poll_iters=14909 dep_iters=87742 poll_cycles=13113192 dep_cycles=27925008 exec_cycles=15228396 signal_cycles=877748
[TIMING] worker=14 tasks=268 poll_iters=80000 dep_iters=111451 poll_cycles=44945376 dep_cycles=28923140 exec_cycles=14497368 signal_cycles=479164
[TIMING] worker=78 tasks=140 poll_iters=57416 dep_iters=142254 poll_cycles=29724728 dep_cycles=37050708 exec_cycles=5659700 signal_cycles=244256
[TIMING] worker=94 tasks=139 poll_iters=53350 dep_iters=129272 poll_cycles=30931736 dep_cycles=36780680 exec_cycles=5769452 signal_cycles=282368
[TIMING] worker=174 tasks=139 poll_iters=86965 dep_iters=138120 poll_cycles=45483232 dep_cycles=36476204 exec_cycles=5703464 signal_cycles=250016
[TIMING] worker=101 tasks=141 poll_iters=69103 dep_iters=137888 poll_cycles=40094448 dep_cycles=36369264 exec_cycles=5864132 signal_cycles=289248
[TIMING] worker=256 tasks=108 poll_iters=112237 dep_iters=137344 poll_cycles=64853484 dep_cycles=37018444 exec_cycles=3296196 signal_cycles=222356
[TIMING] worker=56 tasks=140 poll_iters=72974 dep_iters=144991 poll_cycles=37575860 dep_cycles=37024220 exec_cycles=5663940 signal_cycles=267552
[TIMING] worker=29 tasks=205 poll_iters=25081 dep_iters=118364 poll_cycles=14491772 dep_cycles=31021308 exec_cycles=12557012 signal_cycles=417916
[TIMING] worker=200 tasks=108 poll_iters=97891 dep_iters=125535 poll_cycles=56601156 dep_cycles=37016760 exec_cycles=4017172 signal_cycles=229288
[TIMING] worker=152 tasks=140 poll_iters=28436 dep_iters=135847 poll_cycles=16521824 dep_cycles=36324872 exec_cycles=5749044 signal_cycles=282556
[TIMING] worker=261 tasks=108 poll_iters=46771 dep_iters=136462 poll_cycles=27205396 dep_cycles=36851868 exec_cycles=3347600 signal_cycles=210860
[TIMING] worker=136 tasks=140 poll_iters=153834 dep_iters=126208 poll_cycles=88855736 dep_cycles=36396252 exec_cycles=5804088 signal_cycles=308132
[TIMING] worker=16 tasks=205 poll_iters=69883 dep_iters=102751 poll_cycles=40396764 dep_cycles=30975828 exec_cycles=12448620 signal_cycles=559624
[TIMING] worker=46 tasks=140 poll_iters=144110 dep_iters=142153 poll_cycles=74249780 dep_cycles=36303960 exec_cycles=6537264 signal_cycles=247676
[TIMING] worker=117 tasks=141 poll_iters=37924 dep_iters=127505 poll_cycles=22094748 dep_cycles=36367104 exec_cycles=5854876 signal_cycles=280624
[TIMING] worker=80 tasks=140 poll_iters=31171 dep_iters=131601 poll_cycles=18084304 dep_cycles=36900260 exec_cycles=5630568 signal_cycles=270052
[TIMING] worker=64 tasks=140 poll_iters=54618 dep_iters=144777 poll_cycles=28137416 dep_cycles=36975008 exec_cycles=5673056 signal_cycles=263116
[TIMING] worker=93 tasks=141 poll_iters=28978 dep_iters=138120 poll_cycles=16786648 dep_cycles=36489556 exec_cycles=5867240 signal_cycles=275132
[TIMING] worker=165 tasks=140 poll_iters=33798 dep_iters=134639 poll_cycles=19674816 dep_cycles=36105440 exec_cycles=5848824 signal_cycles=273396
[TIMING] worker=237 tasks=108 poll_iters=90294 dep_iters=124785 poll_cycles=52345792 dep_cycles=36861856 exec_cycles=4104824 signal_cycles=218472
[TIMING] worker=192 tasks=108 poll_iters=149068 dep_iters=138910 poll_cycles=76639888 dep_cycles=36867868 exec_cycles=4129700 signal_cycles=221352
[TIMING] worker=72 tasks=140 poll_iters=199005 dep_iters=129740 poll_cycles=114935320 dep_cycles=36903824 exec_cycles=5685060 signal_cycles=288676
[TIMING] worker=157 tasks=140 poll_iters=42270 dep_iters=135278 poll_cycles=24592204 dep_cycles=36296232 exec_cycles=5740952 signal_cycles=272036
[TIMING] worker=48 tasks=140 poll_iters=129001 dep_iters=129674 poll_cycles=74524012 dep_cycles=36331304 exec_cycles=6389880 signal_cycles=275424
[TIMING] worker=37 tasks=205 poll_iters=24931 dep_iters=141324 poll_cycles=12971560 dep_cycles=36896564 exec_cycles=6661836 signal_cycles=378980
[TIMING] worker=208 tasks=108 poll_iters=63590 dep_iters=127457 poll_cycles=36803288 dep_cycles=37056408 exec_cycles=3980392 signal_cycles=213472
[TIMING] worker=264 tasks=108 poll_iters=49537 dep_iters=123713 poll_cycles=28696632 dep_cycles=36995924 exec_cycles=3300736 signal_cycles=225720
[TIMING] worker=77 tasks=141 poll_iters=31954 dep_iters=128594 poll_cycles=18660172 dep_cycles=36687284 exec_cycles=5803744 signal_cycles=287888
[TIMING] worker=0 tasks=269 poll_iters=148132 dep_iters=102673 poll_cycles=85511148 dep_cycles=28555072 exec_cycles=14689908 signal_cycles=624436
[TIMING] worker=141 tasks=141 poll_iters=33205 dep_iters=125204 poll_cycles=19357776 dep_cycles=36205852 exec_cycles=5906948 signal_cycles=318476
[TIMING] worker=216 tasks=108 poll_iters=44719 dep_iters=135244 poll_cycles=24476376 dep_cycles=37022092 exec_cycles=4013732 signal_cycles=212136
[TIMING] worker=240 tasks=108 poll_iters=120725 dep_iters=126054 poll_cycles=69765996 dep_cycles=37191956 exec_cycles=3932372 signal_cycles=213092
[TIMING] worker=149 tasks=140 poll_iters=37479 dep_iters=127196 poll_cycles=21817892 dep_cycles=36243964 exec_cycles=5820024 signal_cycles=267668
[TIMING] worker=120 tasks=140 poll_iters=95360 dep_iters=140923 poll_cycles=49074640 dep_cycles=36565016 exec_cycles=5748456 signal_cycles=273736
[TIMING] worker=13 tasks=269 poll_iters=24860 dep_iters=100827 poll_cycles=14527452 dep_cycles=28643416 exec_cycles=14754456 signal_cycles=519684
[TIMING] worker=231 tasks=107 poll_iters=74736 dep_iters=127411 poll_cycles=43263676 dep_cycles=37572276 exec_cycles=4172884 signal_cycles=232772
[TIMING] worker=206 tasks=107 poll_iters=93043 dep_iters=137185 poll_cycles=53378632 dep_cycles=37200500 exec_cycles=3976448 signal_cycles=198280
[TIMING] worker=280 tasks=108 poll_iters=155980 dep_iters=133300 poll_cycles=90140268 dep_cycles=37056284 exec_cycles=3313936 signal_cycles=207480
[TIMING] worker=53 tasks=141 poll_iters=28055 dep_iters=128867 poll_cycles=16383628 dep_cycles=36148244 exec_cycles=6531624 signal_cycles=274208
[TIMING] worker=118 tasks=139 poll_iters=84805 dep_iters=141278 poll_cycles=43803888 dep_cycles=36798700 exec_cycles=5659040 signal_cycles=242304
[TIMING] worker=277 tasks=108 poll_iters=51513 dep_iters=124177 poll_cycles=28407292 dep_cycles=36657456 exec_cycles=3346300 signal_cycles=227480
[TIMING] worker=8 tasks=269 poll_iters=197754 dep_iters=101089 poll_cycles=114199236 dep_cycles=28597752 exec_cycles=14631332 signal_cycles=596248
[TIMING] worker=286 tasks=107 poll_iters=31719 dep_iters=123091 poll_cycles=18489224 dep_cycles=36943168 exec_cycles=3305568 signal_cycles=207112
[TIMING] worker=87 tasks=139 poll_iters=37637 dep_iters=146637 poll_cycles=19472484 dep_cycles=37497736 exec_cycles=5645052 signal_cycles=259520
[TIMING] worker=183 tasks=107 poll_iters=30959 dep_iters=141960 poll_cycles=17970952 dep_cycles=37783640 exec_cycles=4065296 signal_cycles=207044
[TIMING] worker=160 tasks=140 poll_iters=75913 dep_iters=135799 poll_cycles=43874616 dep_cycles=36334636 exec_cycles=5684368 signal_cycles=279840
[TIMING] worker=71 tasks=140 poll_iters=45833 dep_iters=126116 poll_cycles=27761752 dep_cycles=37412856 exec_cycles=5878440 signal_cycles=312428
[TIMING] worker=144 tasks=140 poll_iters=96054 dep_iters=128026 poll_cycles=55508876 dep_cycles=36393828 exec_cycles=5764296 signal_cycles=281452
[TIMING] worker=245 tasks=108 poll_iters=44543 dep_iters=124462 poll_cycles=25870196 dep_cycles=36794912 exec_cycles=4055396 signal_cycles=221804
[TIMING] worker=24 tasks=205 poll_iters=72568 dep_iters=119547 poll_cycles=40653272 dep_cycles=31185028 exec_cycles=12312524 signal_cycles=393324
[TIMING] worker=104 tasks=140 poll_iters=79036 dep_iters=129003 poll_cycles=45710712 dep_cycles=36665848 exec_cycles=5749520 signal_cycles=291200
[TIMING] worker=279 tasks=107 poll_iters=49862 dep_iters=139507 poll_cycles=28906348 dep_cycles=37641548 exec_cycles=3292488 signal_cycles=206204
[TIMING] worker=88 tasks=140 poll_iters=51917 dep_iters=139657 poll_cycles=29934996 dep_cycles=36790068 exec_cycles=5702544 signal_cycles=272820
[TIMING] worker=288 tasks=108 poll_iters=173073 dep_iters=132473 poll_cycles=99991668 dep_cycles=36795580 exec_cycles=3384652 signal_cycles=221600
[TIMING] worker=112 tasks=140 poll_iters=89315 dep_iters=128868 poll_cycles=51617836 dep_cycles=36688952 exec_cycles=5670584 signal_cycles=279668
[TIMING] worker=232 tasks=108 poll_iters=136729 dep_iters=125650 poll_cycles=79012172 dep_cycles=37014492 exec_cycles=4005824 signal_cycles=217176
[TASK_TIME] worker=40 linear=1812800/32 linear_res=985812/21 attn=0/0 rms=0/0 silu=2256/1 fused=0/0
[TIMING] worker=23 tasks=204 poll_iters=32854 dep_iters=113282 poll_cycles=19052500 dep_cycles=31378140 exec_cycles=12577220 signal_cycles=502352
[TIMING] worker=262 tasks=107 poll_iters=89787 dep_iters=126020 poll_cycles=50407548 dep_cycles=37237120 exec_cycles=3214164 signal_cycles=200852
[TASK_TIME] worker=16 linear=1758736/32 linear_res=982188/21 attn=0/0 rms=0/0 silu=2300/1 fused=0/0
[TASK_TIME] worker=248 linear=0/0 linear_res=876940/20 attn=0/0 rms=0/0 silu=2300/1 fused=0/0
[TIMING] worker=133 tasks=141 poll_iters=39180 dep_iters=139460 poll_cycles=20352180 dep_cycles=36250524 exec_cycles=5941024 signal_cycles=267832
[TASK_TIME] worker=176 linear=0/0 linear_res=956896/20 attn=0/0 rms=0/0 silu=2280/1 fused=0/0
[TASK_TIME] worker=72 linear=1739620/32 linear_res=883384/20 attn=0/0 rms=0/0 silu=2272/1 fused=0/0
[TASK_TIME] worker=128 linear=1708000/32 linear_res=999264/22 attn=0/0 rms=0/0 silu=0/0 fused=0/0
[TASK_TIME] worker=152 linear=1741488/32 linear_res=978880/21 attn=0/0 rms=0/0 silu=2276/1 fused=0/0
[TIMING] worker=247 tasks=107 poll_iters=46935 dep_iters=139520 poll_cycles=26936672 dep_cycles=37709036 exec_cycles=4017780 signal_cycles=203192
[TASK_TIME] worker=0 linear=1786816/32 linear_res=967416/20 attn=0/0 rms=0/0 silu=2300/1 fused=0/0
[TASK_TIME] worker=56 linear=1781140/32 linear_res=919252/22 attn=0/0 rms=0/0 silu=0/0 fused=0/0
[TASK_TIME] worker=168 linear=1750684/32 linear_res=998628/22 attn=0/0 rms=0/0 silu=0/0 fused=0/0
[TASK_TIME] worker=80 linear=1722792/32 linear_res=975652/21 attn=0/0 rms=0/0 silu=2260/1 fused=0/0
[TASK_TIME] worker=272 linear=0/0 linear_res=975196/21 attn=0/0 rms=0/0 silu=2300/1 fused=0/0
[TIMING] worker=189 tasks=108 poll_iters=42745 dep_iters=138322 poll_cycles=22385472 dep_cycles=36858912 exec_cycles=4104400 signal_cycles=194720
[TIMING] worker=190 tasks=107 poll_iters=47869 dep_iters=127561 poll_cycles=27791036 dep_cycles=37191904 exec_cycles=4018540 signal_cycles=199280
[TASK_TIME] worker=136 linear=1757204/32 linear_res=982044/21 attn=0/0 rms=0/0 silu=2276/1 fused=0/0
[TASK_TIME] worker=32 linear=1706224/32 linear_res=979552/21 attn=0/0 rms=0/0 silu=2268/1 fused=0/0
[TIMING] worker=38 tasks=204 poll_iters=78244 dep_iters=131435 poll_cycles=45233672 dep_cycles=37071360 exec_cycles=6546236 signal_cycles=373356
[TIMING] worker=102 tasks=139 poll_iters=182178 dep_iters=129592 poll_cycles=105299076 dep_cycles=36921232 exec_cycles=5615364 signal_cycles=262664
[TIMING] worker=246 tasks=107 poll_iters=29581 dep_iters=137082 poll_cycles=17092960 dep_cycles=37174664 exec_cycles=3887032 signal_cycles=191952
[TASK_TIME] worker=192 linear=0/0 linear_res=1055524/21 attn=0/0 rms=0/0 silu=2296/1 fused=0/0
[TASK_TIME] worker=240 linear=0/0 linear_res=899868/21 attn=0/0 rms=0/0 silu=0/0 fused=0/0
[TIMING] worker=295 tasks=107 poll_iters=40088 dep_iters=125223 poll_cycles=23231816 dep_cycles=37450564 exec_cycles=3326616 signal_cycles=224972
[TIMING] worker=22 tasks=204 poll_iters=64370 dep_iters=111996 poll_cycles=37236636 dep_cycles=31118296 exec_cycles=12493236 signal_cycles=486796
[TIMING] worker=198 tasks=107 poll_iters=46793 dep_iters=126865 poll_cycles=27156532 dep_cycles=36936368 exec_cycles=4051284 signal_cycles=223044
[TASK_TIME] worker=216 linear=0/0 linear_res=956552/20 attn=0/0 rms=0/0 silu=2288/1 fused=0/0
[TIMING] worker=151 tasks=139 poll_iters=39443 dep_iters=142790 poll_cycles=20366168 dep_cycles=37051296 exec_cycles=5761284 signal_cycles=276980
[TIMING] worker=222 tasks=107 poll_iters=59874 dep_iters=125394 poll_cycles=34724260 dep_cycles=37099416 exec_cycles=4088080 signal_cycles=209728
[TIMING] worker=270 tasks=107 poll_iters=44108 dep_iters=134943 poll_cycles=25618248 dep_cycles=37137804 exec_cycles=3273516 signal_cycles=196196
[TIMING] worker=31 tasks=204 poll_iters=20826 dep_iters=111789 poll_cycles=12143144 dep_cycles=31524980 exec_cycles=12485836 signal_cycles=400564
[TIMING] worker=239 tasks=107 poll_iters=67033 dep_iters=139744 poll_cycles=38170136 dep_cycles=37697984 exec_cycles=4028912 signal_cycles=210396
[TASK_TIME] worker=8 linear=1772732/32 linear_res=1062668/21 attn=0/0 rms=0/0 silu=2384/1 fused=0/0
[TIMING] worker=255 tasks=107 poll_iters=32598 dep_iters=128220 poll_cycles=18947224 dep_cycles=37743524 exec_cycles=4004824 signal_cycles=221872
[TIMING] worker=134 tasks=139 poll_iters=73982 dep_iters=128495 poll_cycles=42812728 dep_cycles=36570108 exec_cycles=5783184 signal_cycles=266060
[TIMING] worker=214 tasks=107 poll_iters=140391 dep_iters=139007 poll_cycles=72310848 dep_cycles=37062408 exec_cycles=3951408 signal_cycles=194492
[TASK_TIME] worker=256 linear=0/0 linear_res=888264/20 attn=0/0 rms=0/0 silu=2280/1 fused=0/0
[TIMING] worker=150 tasks=139 poll_iters=104025 dep_iters=140359 poll_cycles=53553604 dep_cycles=36498568 exec_cycles=5770000 signal_cycles=246164
[TIMING] worker=278 tasks=107 poll_iters=62004 dep_iters=137715 poll_cycles=35933772 dep_cycles=37290264 exec_cycles=3218476 signal_cycles=189756
[TIMING] worker=95 tasks=139 poll_iters=54467 dep_iters=131354 poll_cycles=31568832 dep_cycles=37373168 exec_cycles=5692932 signal_cycles=274476
[TASK_TIME] worker=184 linear=0/0 linear_res=957116/20 attn=0/0 rms=0/0 silu=2276/1 fused=0/0
[TASK_TIME] worker=96 linear=1708300/32 linear_res=980356/21 attn=0/0 rms=0/0 silu=2268/1 fused=0/0
[TIMING] worker=182 tasks=107 poll_iters=109706 dep_iters=138752 poll_cycles=63423492 dep_cycles=37065672 exec_cycles=4094284 signal_cycles=198940
[TASK_TIME] worker=224 linear=0/0 linear_res=968392/20 attn=0/0 rms=0/0 silu=2244/1 fused=0/0
[TIMING] worker=126 tasks=139 poll_iters=59070 dep_iters=128895 poll_cycles=34239308 dep_cycles=36668388 exec_cycles=5742472 signal_cycles=262804
[TIMING] worker=86 tasks=139 poll_iters=59167 dep_iters=144846 poll_cycles=30510084 dep_cycles=37099108 exec_cycles=5546332 signal_cycles=238080
[TASK_TIME] worker=64 linear=1751564/32 linear_res=879552/20 attn=0/0 rms=0/0 silu=2280/1 fused=0/0
[TASK_TIME] worker=197 linear=0/0 linear_res=961172/20 attn=0/0 rms=0/0 silu=0/0 fused=0/0
[TIMING] worker=254 tasks=107 poll_iters=43115 dep_iters=125368 poll_cycles=25058768 dep_cycles=37031516 exec_cycles=4018952 signal_cycles=214940
[TIMING] worker=143 tasks=139 poll_iters=24881 dep_iters=139917 poll_cycles=14457656 dep_cycles=36918348 exec_cycles=5903724 signal_cycles=275424
[TIMING] worker=61 tasks=141 poll_iters=53588 dep_iters=144136 poll_cycles=27866484 dep_cycles=36908576 exec_cycles=5675384 signal_cycles=264148
[TIMING] worker=54 tasks=140 poll_iters=36111 dep_iters=142462 poll_cycles=18704472 dep_cycles=36442228 exec_cycles=6380320 signal_cycles=248780
[TASK_TIME] worker=230 linear=0/0 linear_res=935724/19 attn=0/0 rms=0/0 silu=2236/1 fused=0/0
[TIMING] worker=159 tasks=139 poll_iters=120877 dep_iters=128139 poll_cycles=69928376 dep_cycles=36946764 exec_cycles=5823932 signal_cycles=296856
[TIMING] worker=175 tasks=139 poll_iters=50527 dep_iters=139871 poll_cycles=26485908 dep_cycles=36867620 exec_cycles=5793388 signal_cycles=266212
[TASK_TIME] worker=70 linear=1792872/32 linear_res=900232/21 attn=0/0 rms=0/0 silu=2252/1 fused=0/0
[TASK_TIME] worker=200 linear=0/0 linear_res=979624/21 attn=0/0 rms=0/0 silu=2288/1 fused=0/0
[TASK_TIME] worker=280 linear=0/0 linear_res=995032/22 attn=0/0 rms=0/0 silu=0/0 fused=0/0
[TASK_TIME] worker=208 linear=0/0 linear_res=978312/21 attn=0/0 rms=0/0 silu=2272/1 fused=0/0
[TASK_TIME] worker=120 linear=1686480/32 linear_res=1055524/21 attn=0/0 rms=0/0 silu=2292/1 fused=0/0
[TASK_TIME] worker=264 linear=0/0 linear_res=975120/21 attn=0/0 rms=0/0 silu=2296/1 fused=0/0
[TASK_TIME] worker=48 linear=1720124/32 linear_res=979096/21 attn=0/0 rms=0/0 silu=2260/1 fused=0/0
[TIMING] worker=229 tasks=108 poll_iters=86064 dep_iters=134799 poll_cycles=49832792 dep_cycles=36972304 exec_cycles=4121648 signal_cycles=214824
[TASK_TIME] worker=88 linear=1737632/32 linear_res=979644/21 attn=0/0 rms=0/0 silu=2276/1 fused=0/0
[TASK_TIME] worker=232 linear=0/0 linear_res=956140/20 attn=0/0 rms=0/0 silu=2292/1 fused=0/0
[TASK_TIME] worker=104 linear=1730668/32 linear_res=959812/20 attn=0/0 rms=0/0 silu=2284/1 fused=0/0
[TIMING] worker=238 tasks=107 poll_iters=107661 dep_iters=136497 poll_cycles=60932112 dep_cycles=36950556 exec_cycles=4052052 signal_cycles=199340
[TASK_TIME] worker=206 linear=0/0 linear_res=999724/22 attn=0/0 rms=0/0 silu=0/0 fused=0/0
[TASK_TIME] worker=112 linear=1715928/32 linear_res=962108/20 attn=0/0 rms=0/0 silu=2272/1 fused=0/0
[TASK_TIME] worker=142 linear=1742668/32 linear_res=962836/20 attn=0/0 rms=0/0 silu=2232/1 fused=0/0
[TASK_TIME] worker=144 linear=1769024/32 linear_res=981212/21 attn=0/0 rms=0/0 silu=2284/1 fused=0/0
[TASK_TIME2] worker=16 prep=0/0 attend=5892736/64 merge=0/0 router=0/0 copy=0/0 w2silu=0/0 lnorm=629376/21 prefetch=0/0
[TIMING] worker=199 tasks=107 poll_iters=30017 dep_iters=129501 poll_cycles=17442360 dep_cycles=37598744 exec_cycles=4073568 signal_cycles=226504
[TIMING] worker=63 tasks=140 poll_iters=33306 dep_iters=134173 poll_cycles=19354464 dep_cycles=37558780 exec_cycles=5751372 signal_cycles=284008
[TASK_TIME] worker=160 linear=1708560/32 linear_res=979948/21 attn=0/0 rms=0/0 silu=2284/1 fused=0/0
[TASK_TIME] worker=45 linear=1855544/32 linear_res=908848/21 attn=0/0 rms=0/0 silu=2368/1 fused=0/0
[TASK_TIME2] worker=168 prep=0/0 attend=0/0 merge=0/0 router=0/0 copy=0/0 w2silu=0/0 lnorm=582556/20 prefetch=0/0
[TIMING] worker=79 tasks=139 poll_iters=35717 dep_iters=144107 poll_cycles=18573372 dep_cycles=37470980 exec_cycles=5726620 signal_cycles=265808
[TASK_TIME] worker=110 linear=1749908/32 linear_res=860352/19 attn=0/0 rms=0/0 silu=4532/2 fused=0/0
[TASK_TIME2] worker=40 prep=0/0 attend=0/0 merge=0/0 router=0/0 copy=0/0 w2silu=0/0 lnorm=588952/20 prefetch=0/0
[TASK_TIME2] worker=56 prep=0/0 attend=0/0 merge=0/0 router=0/0 copy=0/0 w2silu=0/0 lnorm=584520/20 prefetch=0/0
[TASK_TIME] worker=24 linear=1723696/32 linear_res=980220/21 attn=0/0 rms=0/0 silu=2264/1 fused=0/0
[TASK_TIME2] worker=176 prep=0/0 attend=0/0 merge=0/0 router=0/0 copy=0/0 w2silu=0/0 lnorm=641968/22 prefetch=0/0
[TASK_TIME2] worker=72 prep=0/0 attend=0/0 merge=0/0 router=0/0 copy=0/0 w2silu=0/0 lnorm=639972/22 prefetch=0/0
[TASK_TIME2] worker=128 prep=0/0 attend=0/0 merge=0/0 router=0/0 copy=0/0 w2silu=0/0 lnorm=581380/20 prefetch=0/0
[TASK_TIME2] worker=152 prep=0/0 attend=0/0 merge=0/0 router=0/0 copy=0/0 w2silu=0/0 lnorm=581636/20 prefetch=0/0
[TASK_TIME2] worker=184 prep=0/0 attend=0/0 merge=0/0 router=0/0 copy=0/0 w2silu=0/0 lnorm=641156/22 prefetch=0/0
[TASK_TIME2] worker=80 prep=0/0 attend=0/0 merge=0/0 router=0/0 copy=0/0 w2silu=0/0 lnorm=577520/20 prefetch=0/0
[TASK_TIME] worker=109 linear=1768556/32 linear_res=1055136/21 attn=0/0 rms=0/0 silu=2400/1 fused=0/0
[TASK_TIME2] worker=8 prep=0/0 attend=5890908/64 merge=2139356/64 router=0/0 copy=0/0 w2silu=0/0 lnorm=621504/21 prefetch=0/0
[TASK_TIME] worker=288 linear=0/0 linear_res=967416/20 attn=0/0 rms=0/0 silu=2412/1 fused=0/0
[TASK_TIME2] worker=224 prep=0/0 attend=0/0 merge=0/0 router=0/0 copy=0/0 w2silu=0/0 lnorm=644896/21 prefetch=0/0
[TASK_TIME2] worker=96 prep=0/0 attend=0/0 merge=0/0 router=0/0 copy=0/0 w2silu=0/0 lnorm=582336/20 prefetch=0/0
[TASK_TIME] worker=78 linear=1739208/32 linear_res=978456/21 attn=0/0 rms=0/0 silu=2252/1 fused=0/0
[TIMING] worker=223 tasks=107 poll_iters=47581 dep_iters=127437 poll_cycles=27592360 dep_cycles=37575160 exec_cycles=4145912 signal_cycles=224020
[TASK_TIME2] worker=240 prep=0/0 attend=0/0 merge=0/0 router=0/0 copy=0/0 w2silu=0/0 lnorm=618196/21 prefetch=0/0
[TASK_TIME2] worker=200 prep=0/0 attend=0/0 merge=0/0 router=0/0 copy=0/0 w2silu=0/0 lnorm=580768/20 prefetch=0/0
[TIMING] worker=39 tasks=204 poll_iters=31809 dep_iters=132471 poll_cycles=18450760 dep_cycles=37276288 exec_cycles=6723380 signal_cycles=395076
[TASK_TIME] worker=37 linear=1755008/32 linear_res=981280/21 attn=0/0 rms=0/0 silu=2396/1 fused=0/0
[TASK_TIME2] worker=280 prep=0/0 attend=0/0 merge=0/0 router=0/0 copy=0/0 w2silu=0/0 lnorm=596236/20 prefetch=0/0
[TASK_TIME2] worker=48 prep=0/0 attend=0/0 merge=0/0 router=0/0 copy=0/0 w2silu=0/0 lnorm=585916/20 prefetch=0/0
[TASK_TIME] worker=85 linear=1743432/32 linear_res=1002148/22 attn=0/0 rms=0/0 silu=4748/2 fused=0/0
[TASK_TIME] worker=293 linear=0/0 linear_res=1046244/20 attn=0/0 rms=0/0 silu=0/0 fused=0/0
[TASK_TIME2] worker=256 prep=0/0 attend=0/0 merge=0/0 router=0/0 copy=0/0 w2silu=0/0 lnorm=650240/22 prefetch=0/0
[TASK_TIME] worker=14 linear=1791996/32 linear_res=1008976/22 attn=0/0 rms=0/0 silu=0/0 fused=0/0
[TASK_TIME2] worker=120 prep=0/0 attend=0/0 merge=0/0 router=0/0 copy=0/0 w2silu=0/0 lnorm=582880/20 prefetch=0/0
[TASK_TIME] worker=246 linear=0/0 linear_res=858848/19 attn=0/0 rms=0/0 silu=2264/1 fused=0/0
[TASK_TIME2] worker=248 prep=0/0 attend=0/0 merge=0/0 router=0/0 copy=0/0 w2silu=0/0 lnorm=650940/22 prefetch=0/0
[TIMING] worker=207 tasks=107 poll_iters=29636 dep_iters=139358 poll_cycles=17119636 dep_cycles=37637984 exec_cycles=4059540 signal_cycles=215872
[TASK_TIME2] worker=136 prep=0/0 attend=0/0 merge=0/0 router=0/0 copy=0/0 w2silu=0/0 lnorm=612428/21 prefetch=0/0
[TASK_TIME2] worker=64 prep=0/0 attend=0/0 merge=0/0 router=0/0 copy=0/0 w2silu=0/0 lnorm=640936/22 prefetch=0/0
[TASK_TIME] worker=101 linear=1794152/32 linear_res=980904/21 attn=0/0 rms=0/0 silu=4760/2 fused=0/0
[TASK_TIME] worker=191 linear=0/0 linear_res=979680/21 attn=0/0 rms=0/0 silu=2324/1 fused=0/0
[TIMING] worker=119 tasks=139 poll_iters=26952 dep_iters=143073 poll_cycles=15552100 dep_cycles=37203396 exec_cycles=5722776 signal_cycles=270984
[TASK_TIME2] worker=208 prep=0/0 attend=0/0 merge=0/0 router=0/0 copy=0/0 w2silu=0/0 lnorm=581900/20 prefetch=0/0
[TASK_TIME2] worker=32 prep=0/0 attend=136624/64 merge=0/0 router=0/0 copy=0/0 w2silu=0/0 lnorm=617368/21 prefetch=0/0
[TASK_TIME2] worker=216 prep=0/0 attend=0/0 merge=0/0 router=0/0 copy=0/0 w2silu=0/0 lnorm=613140/21 prefetch=0/0
[TASK_TIME2] worker=264 prep=0/0 attend=0/0 merge=0/0 router=0/0 copy=0/0 w2silu=0/0 lnorm=592804/20 prefetch=0/0
[TASK_TIME2] worker=0 prep=0/0 attend=5841264/64 merge=2283720/64 router=0/0 copy=0/0 w2silu=0/0 lnorm=655048/22 prefetch=0/0
[TASK_TIME2] worker=192 prep=0/0 attend=0/0 merge=0/0 router=0/0 copy=0/0 w2silu=0/0 lnorm=581720/20 prefetch=0/0
[TASK_TIME] worker=6 linear=1823944/32 linear_res=871228/19 attn=0/0 rms=0/0 silu=4552/2 fused=0/0
[TASK_TIME2] worker=144 prep=0/0 attend=0/0 merge=0/0 router=0/0 copy=0/0 w2silu=0/0 lnorm=610576/21 prefetch=0/0
[TASK_TIME2] worker=272 prep=0/0 attend=0/0 merge=0/0 router=0/0 copy=0/0 w2silu=0/0 lnorm=593220/20 prefetch=0/0
[TASK_TIME2] worker=104 prep=0/0 attend=0/0 merge=0/0 router=0/0 copy=0/0 w2silu=0/0 lnorm=613316/21 prefetch=0/0
[TASK_TIME2] worker=232 prep=0/0 attend=0/0 merge=0/0 router=0/0 copy=0/0 w2silu=0/0 lnorm=620060/21 prefetch=0/0
[TASK_TIME] worker=158 linear=1761492/32 linear_res=886080/20 attn=0/0 rms=0/0 silu=2236/1 fused=0/0
[TASK_TIME2] worker=112 prep=0/0 attend=0/0 merge=0/0 router=0/0 copy=0/0 w2silu=0/0 lnorm=610036/21 prefetch=0/0
[TASK_TIME2] worker=24 prep=0/0 attend=5883232/64 merge=0/0 router=0/0 copy=0/0 w2silu=0/0 lnorm=623204/21 prefetch=0/0
[TASK_TIME] worker=279 linear=0/0 linear_res=880836/20 attn=0/0 rms=0/0 silu=2412/1 fused=0/0
[TASK_TIME] worker=69 linear=1812608/32 linear_res=902880/21 attn=0/0 rms=0/0 silu=2412/1 fused=0/0
[TASK_TIME] worker=278 linear=0/0 linear_res=897420/21 attn=0/0 rms=0/0 silu=0/0 fused=0/0
[TIMING] worker=15 tasks=268 poll_iters=31462 dep_iters=112953 poll_cycles=18116244 dep_cycles=29212452 exec_cycles=14550272 signal_cycles=527388
[TASK_TIME] worker=87 linear=1743420/32 linear_res=900028/21 attn=0/0 rms=0/0 silu=2360/1 fused=0/0
[TASK_TIME] worker=151 linear=1748176/32 linear_res=980596/21 attn=0/0 rms=0/0 silu=2396/1 fused=0/0
[TASK_TIME2] worker=88 prep=0/0 attend=0/0 merge=0/0 router=0/0 copy=0/0 w2silu=0/0 lnorm=579224/20 prefetch=0/0
[TASK_TIME] worker=29 linear=1757024/32 linear_res=1078848/22 attn=0/0 rms=0/0 silu=2380/1 fused=0/0
[TASK_TIME2] worker=288 prep=0/0 attend=0/0 merge=0/0 router=0/0 copy=0/0 w2silu=0/0 lnorm=652380/22 prefetch=0/0
[TASK_TIME] worker=221 linear=0/0 linear_res=1057100/21 attn=0/0 rms=0/0 silu=4840/2 fused=0/0
[TASK_TIME] worker=263 linear=0/0 linear_res=880060/20 attn=0/0 rms=0/0 silu=2340/1 fused=0/0
[TASK_TIME] worker=103 linear=1738116/32 linear_res=887208/20 attn=0/0 rms=0/0 silu=2328/1 fused=0/0
[TASK_TIME] worker=22 linear=1765140/32 linear_res=940672/19 attn=0/0 rms=0/0 silu=4508/2 fused=0/0
[TASK_TIME] worker=23 linear=1769088/32 linear_res=1058124/21 attn=0/0 rms=0/0 silu=2404/1 fused=0/0
[TASK_TIME] worker=135 linear=1747604/32 linear_res=1055916/21 attn=0/0 rms=0/0 silu=2316/1 fused=0/0
[TASK_TIME] worker=166 linear=1771916/32 linear_res=1056696/21 attn=0/0 rms=0/0 silu=2252/1 fused=0/0
[TASK_TIME] worker=247 linear=0/0 linear_res=958908/20 attn=0/0 rms=0/0 silu=2392/1 fused=0/0
[TASK_TIME] worker=253 linear=0/0 linear_res=978440/21 attn=0/0 rms=0/0 silu=2436/1 fused=0/0
[TASK_TIME2] worker=160 prep=0/0 attend=0/0 merge=0/0 router=0/0 copy=0/0 w2silu=0/0 lnorm=580484/20 prefetch=0/0
[TASK_TIME] worker=255 linear=0/0 linear_res=880880/20 attn=0/0 rms=0/0 silu=2360/1 fused=0/0
[TASK_TIME] worker=127 linear=1720708/32 linear_res=1057144/21 attn=0/0 rms=0/0 silu=2348/1 fused=0/0
[TASK_TIME] worker=7 linear=1818916/32 linear_res=988416/21 attn=0/0 rms=0/0 silu=2360/1 fused=0/0
[TASK_TIME] worker=239 linear=0/0 linear_res=958084/20 attn=0/0 rms=0/0 silu=2416/1 fused=0/0
[TASK_TIME] worker=175 linear=1771860/32 linear_res=979716/21 attn=0/0 rms=0/0 silu=2380/1 fused=0/0
[TASK_TIME] worker=215 linear=0/0 linear_res=1053264/21 attn=0/0 rms=0/0 silu=2376/1 fused=0/0
[TASK_TIME] worker=63 linear=1798516/32 linear_res=898764/21 attn=0/0 rms=0/0 silu=2312/1 fused=0/0
[TASK_TIME] worker=55 linear=1725152/32 linear_res=977352/21 attn=0/0 rms=0/0 silu=2364/1 fused=0/0
[TASK_TIME] worker=111 linear=1758020/32 linear_res=978520/21 attn=0/0 rms=0/0 silu=2396/1 fused=0/0
[TASK_TIME] worker=143 linear=1799136/32 linear_res=1058416/21 attn=0/0 rms=0/0 silu=2376/1 fused=0/0
[TASK_TIME] worker=31 linear=1753936/32 linear_res=1055496/21 attn=0/0 rms=0/0 silu=2316/1 fused=0/0
[TASK_TIME] worker=271 linear=0/0 linear_res=900288/21 attn=0/0 rms=0/0 silu=0/0 fused=0/0
[TASK_TIME] worker=71 linear=1840776/32 linear_res=905740/21 attn=0/0 rms=0/0 silu=2360/1 fused=0/0
[TASK_TIME] worker=287 linear=0/0 linear_res=897188/21 attn=0/0 rms=0/0 silu=0/0 fused=0/0
[TASK_TIME] worker=47 linear=1833468/32 linear_res=986484/21 attn=0/0 rms=0/0 silu=2360/1 fused=0/0
[TASK_TIME] worker=199 linear=0/0 linear_res=979824/21 attn=0/0 rms=0/0 silu=2356/1 fused=0/0
[TASK_TIME] worker=223 linear=0/0 linear_res=1035500/20 attn=0/0 rms=0/0 silu=2344/1 fused=0/0
[TASK_TIME] worker=62 linear=1805932/32 linear_res=973600/21 attn=0/0 rms=0/0 silu=2216/1 fused=0/0
[TASK_TIME] worker=198 linear=0/0 linear_res=960204/20 attn=0/0 rms=0/0 silu=4544/2 fused=0/0
[TASK_TIME] worker=159 linear=1751564/32 linear_res=983512/21 attn=0/0 rms=0/0 silu=2328/1 fused=0/0
[TASK_TIME] worker=46 linear=1814968/32 linear_res=1082664/22 attn=0/0 rms=0/0 silu=2212/1 fused=0/0
[TASK_TIME] worker=269 linear=0/0 linear_res=999892/22 attn=0/0 rms=0/0 silu=2404/1 fused=0/0
[TASK_TIME] worker=125 linear=1777084/32 linear_res=959512/20 attn=0/0 rms=0/0 silu=0/0 fused=0/0
[TASK_TIME] worker=39 linear=1756484/32 linear_res=1059076/21 attn=0/0 rms=0/0 silu=2320/1 fused=0/0
[TASK_TIME] worker=79 linear=1792248/32 linear_res=924628/22 attn=0/0 rms=0/0 silu=0/0 fused=0/0
[TASK_TIME] worker=231 linear=0/0 linear_res=1033648/20 attn=0/0 rms=0/0 silu=2336/1 fused=0/0
[TASK_TIME] worker=207 linear=0/0 linear_res=960020/20 attn=0/0 rms=0/0 silu=2392/1 fused=0/0
[TASK_TIME] worker=95 linear=1753292/32 linear_res=905300/21 attn=0/0 rms=0/0 silu=2332/1 fused=0/0
[TASK_TIME] worker=167 linear=1761660/32 linear_res=1003024/22 attn=0/0 rms=0/0 silu=0/0 fused=0/0
[TASK_TIME] worker=119 linear=1749968/32 linear_res=961404/20 attn=0/0 rms=0/0 silu=2380/1 fused=0/0
[TASK_TIME2] worker=191 prep=0/0 attend=0/0 merge=0/0 router=0/0 copy=0/0 w2silu=0/0 lnorm=611168/21 prefetch=0/0
[TASK_TIME] worker=295 linear=0/0 linear_res=892020/20 attn=0/0 rms=0/0 silu=2492/1 fused=0/0
[TASK_TIME] worker=183 linear=0/0 linear_res=996816/22 attn=0/0 rms=0/0 silu=0/0 fused=0/0
[TASK_TIME] worker=150 linear=1774188/32 linear_res=1076712/22 attn=0/0 rms=0/0 silu=2268/1 fused=0/0
[TASK_TIME] worker=21 linear=1786004/32 linear_res=963800/20 attn=0/0 rms=0/0 silu=4820/2 fused=0/0
[TASK_TIME] worker=126 linear=1745792/32 linear_res=959136/20 attn=0/0 rms=0/0 silu=2264/1 fused=0/0
[TASK_TIME] worker=190 linear=0/0 linear_res=999924/22 attn=0/0 rms=0/0 silu=0/0 fused=0/0
[TASK_TIME] worker=285 linear=0/0 linear_res=1052472/21 attn=0/0 rms=0/0 silu=4820/2 fused=0/0
[TASK_TIME] worker=173 linear=1747236/32 linear_res=977276/21 attn=0/0 rms=0/0 silu=2384/1 fused=0/0
[TASK_TIME2] worker=127 prep=0/0 attend=0/0 merge=0/0 router=0/0 copy=0/0 w2silu=0/0 lnorm=583340/20 prefetch=0/0
[TASK_TIME2] worker=197 prep=0/0 attend=0/0 merge=0/0 router=72184/2 copy=0/0 w2silu=0/0 lnorm=617516/21 prefetch=0/0
[TASK_TIME2] worker=103 prep=0/0 attend=0/0 merge=0/0 router=0/0 copy=0/0 w2silu=0/0 lnorm=611536/21 prefetch=0/0
[TASK_TIME] worker=15 linear=1783592/32 linear_res=965408/20 attn=0/0 rms=0/0 silu=2460/1 fused=0/0
[TASK_TIME] worker=5 linear=1830656/32 linear_res=966772/20 attn=0/0 rms=0/0 silu=2540/1 fused=0/0
[TASK_TIME] worker=77 linear=1780084/32 linear_res=906652/21 attn=0/0 rms=0/0 silu=0/0 fused=0/0
[TASK_TIME] worker=181 linear=0/0 linear_res=956988/20 attn=0/0 rms=0/0 silu=0/0 fused=0/0
[TASK_TIME2] worker=263 prep=0/0 attend=0/0 merge=0/0 router=0/0 copy=0/0 w2silu=0/0 lnorm=622824/21 prefetch=0/0
[TASK_TIME2] worker=135 prep=0/0 attend=0/0 merge=0/0 router=0/0 copy=0/0 w2silu=0/0 lnorm=582448/20 prefetch=0/0
[TASK_TIME] worker=205 linear=0/0 linear_res=1055688/21 attn=0/0 rms=0/0 silu=4804/2 fused=0/0
[TASK_TIME] worker=141 linear=1787008/32 linear_res=984068/21 attn=0/0 rms=0/0 silu=2392/1 fused=0/0
[TASK_TIME] worker=157 linear=1729244/32 linear_res=925464/22 attn=0/0 rms=0/0 silu=0/0 fused=0/0
[TASK_TIME] worker=30 linear=1729480/32 linear_res=1098296/23 attn=0/0 rms=0/0 silu=0/0 fused=0/0
[TASK_TIME] worker=237 linear=0/0 linear_res=961496/20 attn=0/0 rms=0/0 silu=0/0 fused=0/0
[TASK_TIME2] worker=87 prep=0/0 attend=0/0 merge=0/0 router=0/0 copy=0/0 w2silu=0/0 lnorm=611232/21 prefetch=0/0
[TASK_TIME] worker=53 linear=1765232/32 linear_res=884536/20 attn=0/0 rms=0/0 silu=2372/1 fused=0/0
[TASK_TIME] worker=277 linear=0/0 linear_res=859052/19 attn=0/0 rms=0/0 silu=0/0 fused=0/0
[TASK_TIME] worker=261 linear=0/0 linear_res=900336/21 attn=0/0 rms=0/0 silu=2392/1 fused=0/0
[TASK_TIME] worker=117 linear=1761460/32 linear_res=983572/21 attn=0/0 rms=0/0 silu=2384/1 fused=0/0
[TASK_TIME2] worker=255 prep=0/0 attend=0/0 merge=0/0 router=0/0 copy=0/0 w2silu=0/0 lnorm=624024/21 prefetch=0/0
[TASK_TIME] worker=294 linear=0/0 linear_res=913428/21 attn=0/0 rms=0/0 silu=0/0 fused=0/0
[TASK_TIME] worker=254 linear=0/0 linear_res=977416/21 attn=0/0 rms=0/0 silu=2280/1 fused=0/0
[TASK_TIME2] worker=271 prep=0/0 attend=0/0 merge=0/0 router=0/0 copy=0/0 w2silu=0/0 lnorm=624196/21 prefetch=0/0
[TASK_TIME] worker=213 linear=0/0 linear_res=1034496/20 attn=0/0 rms=0/0 silu=2384/1 fused=0/0
[TASK_TIME] worker=165 linear=1745668/32 linear_res=981012/21 attn=0/0 rms=0/0 silu=2416/1 fused=0/0
[TASK_TIME] worker=94 linear=1786876/32 linear_res=959288/20 attn=0/0 rms=0/0 silu=4496/2 fused=0/0
[TASK_TIME2] worker=31 prep=0/0 attend=5892404/64 merge=0/0 router=0/0 copy=0/0 w2silu=0/0 lnorm=614392/21 prefetch=0/0
[TASK_TIME2] worker=143 prep=0/0 attend=0/0 merge=0/0 router=0/0 copy=0/0 w2silu=0/0 lnorm=587320/20 prefetch=0/0
[TASK_TIME2] worker=151 prep=0/0 attend=0/0 merge=0/0 router=0/0 copy=0/0 w2silu=0/0 lnorm=585068/20 prefetch=0/0
[TASK_TIME2] worker=111 prep=0/0 attend=0/0 merge=0/0 router=0/0 copy=0/0 w2silu=0/0 lnorm=582888/20 prefetch=0/0
[TASK_TIME2] worker=175 prep=0/0 attend=0/0 merge=0/0 router=0/0 copy=0/0 w2silu=0/0 lnorm=612320/21 prefetch=0/0
[TASK_TIME] worker=182 linear=0/0 linear_res=1054608/21 attn=0/0 rms=0/0 silu=2232/1 fused=0/0
[TASK_TIME2] worker=39 prep=0/0 attend=143364/64 merge=0/0 router=0/0 copy=0/0 w2silu=0/0 lnorm=615236/21 prefetch=0/0
[TASK_TIME2] worker=71 prep=0/0 attend=0/0 merge=0/0 router=0/0 copy=0/0 w2silu=0/0 lnorm=649524/21 prefetch=0/0
[TASK_TIME2] worker=7 prep=0/0 attend=5887148/64 merge=2344552/64 router=0/0 copy=0/0 w2silu=0/0 lnorm=624016/21 prefetch=0/0
[TASK_TIME2] worker=199 prep=0/0 attend=0/0 merge=0/0 router=0/0 copy=0/0 w2silu=0/0 lnorm=583764/20 prefetch=0/0
[TASK_TIME] worker=149 linear=1773892/32 linear_res=1022276/23 attn=0/0 rms=0/0 silu=4808/2 fused=0/0
[TASK_TIME2] worker=247 prep=0/0 attend=0/0 merge=0/0 router=0/0 copy=0/0 w2silu=0/0 lnorm=620224/21 prefetch=0/0
[TASK_TIME2] worker=79 prep=0/0 attend=0/0 merge=0/0 router=0/0 copy=0/0 w2silu=0/0 lnorm=587548/20 prefetch=0/0
[TASK_TIME2] worker=63 prep=0/0 attend=0/0 merge=0/0 router=0/0 copy=0/0 w2silu=0/0 lnorm=613880/21 prefetch=0/0
[TASK_TIME2] worker=55 prep=0/0 attend=0/0 merge=0/0 router=0/0 copy=0/0 w2silu=0/0 lnorm=616368/21 prefetch=0/0
[TASK_TIME] worker=118 linear=1748612/32 linear_res=1002912/22 attn=0/0 rms=0/0 silu=0/0 fused=0/0
[TASK_TIME2] worker=47 prep=0/0 attend=0/0 merge=0/0 router=0/0 copy=0/0 w2silu=0/0 lnorm=616092/21 prefetch=0/0
[TASK_TIME] worker=245 linear=0/0 linear_res=883856/20 attn=0/0 rms=0/0 silu=0/0 fused=0/0
[TASK_TIME2] worker=239 prep=0/0 attend=0/0 merge=0/0 router=0/0 copy=0/0 w2silu=0/0 lnorm=623468/21 prefetch=0/0
[TASK_TIME2] worker=159 prep=0/0 attend=0/0 merge=0/0 router=0/0 copy=0/0 w2silu=0/0 lnorm=586248/20 prefetch=0/0
[TASK_TIME] worker=54 linear=1776456/32 linear_res=879796/20 attn=0/0 rms=0/0 silu=2216/1 fused=0/0
[TASK_TIME2] worker=119 prep=0/0 attend=0/0 merge=0/0 router=0/0 copy=0/0 w2silu=0/0 lnorm=610460/21 prefetch=0/0
[TASK_TIME2] worker=207 prep=0/0 attend=0/0 merge=0/0 router=0/0 copy=0/0 w2silu=0/0 lnorm=612828/21 prefetch=0/0
[TASK_TIME] worker=61 linear=1787888/32 linear_res=780884/19 attn=0/0 rms=0/0 silu=0/0 fused=0/0
[TASK_TIME] worker=13 linear=1806908/32 linear_res=967084/20 attn=0/0 rms=0/0 silu=0/0 fused=0/0
[TASK_TIME2] worker=15 prep=0/0 attend=5903204/64 merge=2103988/64 router=0/0 copy=0/0 w2silu=0/0 lnorm=649976/22 prefetch=0/0
[TASK_TIME] worker=86 linear=1730744/32 linear_res=920456/22 attn=0/0 rms=0/0 silu=0/0 fused=0/0
[TASK_TIME2] worker=95 prep=0/0 attend=0/0 merge=0/0 router=0/0 copy=0/0 w2silu=0/0 lnorm=584872/20 prefetch=0/0
[TASK_TIME2] worker=23 prep=0/0 attend=5917364/64 merge=0/0 router=0/0 copy=0/0 w2silu=0/0 lnorm=626988/21 prefetch=0/0
[TASK_TIME2] worker=223 prep=0/0 attend=0/0 merge=0/0 router=0/0 copy=0/0 w2silu=0/0 lnorm=614332/21 prefetch=0/0
[TASK_TIME2] worker=215 prep=0/0 attend=0/0 merge=0/0 router=0/0 copy=0/0 w2silu=0/0 lnorm=582852/20 prefetch=0/0
[TASK_TIME2] worker=183 prep=0/0 attend=0/0 merge=0/0 router=0/0 copy=0/0 w2silu=0/0 lnorm=584728/20 prefetch=0/0
[TASK_TIME2] worker=287 prep=0/0 attend=0/0 merge=0/0 router=0/0 copy=0/0 w2silu=0/0 lnorm=624348/21 prefetch=0/0
[TASK_TIME2] worker=167 prep=0/0 attend=0/0 merge=0/0 router=0/0 copy=0/0 w2silu=0/0 lnorm=583508/20 prefetch=0/0
[TASK_TIME] worker=133 linear=1771624/32 linear_res=979264/21 attn=0/0 rms=0/0 silu=2376/1 fused=0/0
[TASK_TIME2] worker=231 prep=0/0 attend=0/0 merge=0/0 router=0/0 copy=0/0 w2silu=0/0 lnorm=622900/21 prefetch=0/0
[TASK_TIME] worker=174 linear=1720992/32 linear_res=1001076/22 attn=0/0 rms=0/0 silu=0/0 fused=0/0
[TASK_TIME2] worker=295 prep=0/0 attend=0/0 merge=0/0 router=0/0 copy=0/0 w2silu=0/0 lnorm=648408/22 prefetch=0/0
[TASK_TIME] worker=102 linear=1758564/32 linear_res=927812/22 attn=0/0 rms=0/0 silu=0/0 fused=0/0
[TASK_TIME2] worker=279 prep=0/0 attend=0/0 merge=0/0 router=0/0 copy=0/0 w2silu=0/0 lnorm=651520/22 prefetch=0/0
[TASK_TIME] worker=262 linear=0/0 linear_res=878180/20 attn=0/0 rms=0/0 silu=2236/1 fused=0/0
[TASK_TIME] worker=229 linear=0/0 linear_res=981040/21 attn=0/0 rms=0/0 silu=2400/1 fused=0/0
[TASK_TIME] worker=38 linear=1766620/32 linear_res=958416/20 attn=0/0 rms=0/0 silu=2240/1 fused=0/0
[TASK_TIME] worker=214 linear=0/0 linear_res=935060/19 attn=0/0 rms=0/0 silu=4460/2 fused=0/0
[TASK_TIME] worker=93 linear=1759284/32 linear_res=958912/20 attn=0/0 rms=0/0 silu=0/0 fused=0/0
[TASK_TIME2] worker=45 prep=0/0 attend=0/0 merge=0/0 router=35932/1 copy=0/0 w2silu=0/0 lnorm=585492/20 prefetch=0/0
[TASK_TIME] worker=286 linear=0/0 linear_res=953784/20 attn=0/0 rms=0/0 silu=2244/1 fused=0/0
[TASK_TIME] worker=222 linear=0/0 linear_res=1074768/22 attn=0/0 rms=0/0 silu=0/0 fused=0/0
[TASK_TIME2] worker=230 prep=0/0 attend=0/0 merge=0/0 router=0/0 copy=0/0 w2silu=0/0 lnorm=684408/23 prefetch=0/0
[TASK_TIME] worker=189 linear=0/0 linear_res=1000440/22 attn=0/0 rms=0/0 silu=2384/1 fused=0/0
[TASK_TIME2] worker=142 prep=0/0 attend=0/0 merge=0/0 router=0/0 copy=0/0 w2silu=0/0 lnorm=618868/21 prefetch=0/0
[TASK_TIME2] worker=125 prep=0/0 attend=0/0 merge=0/0 router=36560/1 copy=0/0 w2silu=0/0 lnorm=679496/23 prefetch=0/0
[TASK_TIME] worker=270 linear=0/0 linear_res=954624/20 attn=0/0 rms=0/0 silu=2252/1 fused=0/0
[TASK_TIME2] worker=101 prep=0/0 attend=0/0 merge=0/0 router=35992/1 copy=0/0 w2silu=0/0 lnorm=557240/19 prefetch=0/0
[TASK_TIME2] worker=70 prep=0/0 attend=0/0 merge=0/0 router=0/0 copy=0/0 w2silu=0/0 lnorm=615924/21 prefetch=0/0
[TASK_TIME2] worker=158 prep=0/0 attend=0/0 merge=0/0 router=0/0 copy=0/0 w2silu=0/0 lnorm=617816/21 prefetch=0/0
[TASK_TIME2] worker=109 prep=0/0 attend=0/0 merge=0/0 router=36228/1 copy=0/0 w2silu=0/0 lnorm=589332/20 prefetch=0/0
[TASK_TIME2] worker=78 prep=0/0 attend=0/0 merge=0/0 router=0/0 copy=0/0 w2silu=0/0 lnorm=613672/21 prefetch=0/0
[TASK_TIME2] worker=173 prep=0/0 attend=0/0 merge=0/0 router=0/0 copy=0/0 w2silu=0/0 lnorm=619504/21 prefetch=0/0
[TASK_TIME2] worker=69 prep=0/0 attend=0/0 merge=0/0 router=0/0 copy=0/0 w2silu=0/0 lnorm=644956/22 prefetch=0/0
[TASK_TIME2] worker=37 prep=0/0 attend=136748/64 merge=0/0 router=36324/1 copy=0/0 w2silu=0/0 lnorm=585772/20 prefetch=0/0
[TASK_TIME2] worker=133 prep=0/0 attend=0/0 merge=0/0 router=35924/1 copy=0/0 w2silu=0/0 lnorm=648156/22 prefetch=0/0
[TASK_TIME] worker=134 linear=1743148/32 linear_res=1074624/22 attn=0/0 rms=0/0 silu=2220/1 fused=0/0
[TASK_TIME2] worker=181 prep=0/0 attend=0/0 merge=0/0 router=36116/1 copy=0/0 w2silu=0/0 lnorm=619312/21 prefetch=0/0
[TASK_TIME2] worker=293 prep=0/0 attend=0/0 merge=0/0 router=36664/1 copy=0/0 w2silu=0/0 lnorm=629996/21 prefetch=0/0
[TASK_TIME2] worker=278 prep=0/0 attend=0/0 merge=0/0 router=0/0 copy=0/0 w2silu=0/0 lnorm=628212/21 prefetch=0/0
[TASK_TIME2] worker=253 prep=0/0 attend=0/0 merge=0/0 router=35948/1 copy=0/0 w2silu=0/0 lnorm=627112/21 prefetch=0/0
[TASK_TIME2] worker=221 prep=0/0 attend=0/0 merge=0/0 router=36000/1 copy=0/0 w2silu=0/0 lnorm=562728/19 prefetch=0/0
[TASK_TIME2] worker=269 prep=0/0 attend=0/0 merge=0/0 router=0/0 copy=0/0 w2silu=0/0 lnorm=597396/20 prefetch=0/0
[TASK_TIME2] worker=141 prep=0/0 attend=0/0 merge=0/0 router=73056/2 copy=0/0 w2silu=0/0 lnorm=587460/20 prefetch=0/0
[TASK_TIME2] worker=285 prep=0/0 attend=0/0 merge=0/0 router=0/0 copy=0/0 w2silu=0/0 lnorm=631684/21 prefetch=0/0
[TASK_TIME2] worker=117 prep=0/0 attend=0/0 merge=0/0 router=0/0 copy=0/0 w2silu=0/0 lnorm=616752/21 prefetch=0/0
[TASK_TIME2] worker=213 prep=0/0 attend=0/0 merge=0/0 router=72104/2 copy=0/0 w2silu=0/0 lnorm=557308/19 prefetch=0/0
[TASK_TIME2] worker=77 prep=0/0 attend=0/0 merge=0/0 router=71568/2 copy=0/0 w2silu=0/0 lnorm=607324/21 prefetch=0/0
[TASK_TIME2] worker=13 prep=0/0 attend=5935324/64 merge=2169568/64 router=72420/2 copy=0/0 w2silu=0/0 lnorm=651748/22 prefetch=0/0
[TASK_TIME2] worker=29 prep=0/0 attend=5954692/64 merge=0/0 router=36112/1 copy=0/0 w2silu=0/0 lnorm=555680/19 prefetch=0/0
[TASK_TIME2] worker=277 prep=0/0 attend=0/0 merge=0/0 router=72620/2 copy=0/0 w2silu=0/0 lnorm=625964/21 prefetch=0/0
[TASK_TIME2] worker=149 prep=0/0 attend=0/0 merge=0/0 router=0/0 copy=0/0 w2silu=0/0 lnorm=528500/18 prefetch=0/0
[TASK_TIME2] worker=261 prep=0/0 attend=0/0 merge=0/0 router=37056/1 copy=0/0 w2silu=0/0 lnorm=593012/20 prefetch=0/0
[TASK_TIME2] worker=205 prep=0/0 attend=0/0 merge=0/0 router=36484/1 copy=0/0 w2silu=0/0 lnorm=590920/20 prefetch=0/0
[TASK_TIME2] worker=5 prep=0/0 attend=5983132/64 merge=2415208/64 router=0/0 copy=0/0 w2silu=0/0 lnorm=738420/23 prefetch=0/0
[TASK_TIME2] worker=165 prep=0/0 attend=0/0 merge=0/0 router=36352/1 copy=0/0 w2silu=0/0 lnorm=584984/20 prefetch=0/0
[TASK_TIME] worker=238 linear=0/0 linear_res=1054868/21 attn=0/0 rms=0/0 silu=2280/1 fused=0/0
[TASK_TIME2] worker=237 prep=0/0 attend=0/0 merge=0/0 router=0/0 copy=0/0 w2silu=0/0 lnorm=660836/22 prefetch=0/0
[TASK_TIME2] worker=85 prep=0/0 attend=0/0 merge=0/0 router=0/0 copy=0/0 w2silu=0/0 lnorm=583788/20 prefetch=0/0
[TASK_TIME2] worker=245 prep=0/0 attend=0/0 merge=0/0 router=35880/1 copy=0/0 w2silu=0/0 lnorm=654812/22 prefetch=0/0
[TASK_TIME2] worker=21 prep=0/0 attend=5964084/64 merge=0/0 router=36176/1 copy=0/0 w2silu=0/0 lnorm=658648/22 prefetch=0/0
[TASK_TIME2] worker=157 prep=0/0 attend=0/0 merge=0/0 router=36424/1 copy=0/0 w2silu=0/0 lnorm=556464/19 prefetch=0/0
[TASK_TIME2] worker=229 prep=0/0 attend=0/0 merge=0/0 router=0/0 copy=0/0 w2silu=0/0 lnorm=598740/20 prefetch=0/0
[TASK_TIME2] worker=61 prep=0/0 attend=0/0 merge=0/0 router=36092/1 copy=0/0 w2silu=0/0 lnorm=676288/23 prefetch=0/0
[TASK_TIME2] worker=53 prep=0/0 attend=0/0 merge=0/0 router=0/0 copy=0/0 w2silu=0/0 lnorm=679032/23 prefetch=0/0
[TASK_TIME2] worker=93 prep=0/0 attend=0/0 merge=0/0 router=81724/2 copy=0/0 w2silu=0/0 lnorm=611628/21 prefetch=0/0
[TASK_TIME2] worker=294 prep=0/0 attend=0/0 merge=0/0 router=0/0 copy=0/0 w2silu=0/0 lnorm=655300/21 prefetch=0/0
[TASK_TIME2] worker=190 prep=0/0 attend=0/0 merge=0/0 router=0/0 copy=0/0 w2silu=0/0 lnorm=585424/20 prefetch=0/0
[TASK_TIME2] worker=189 prep=0/0 attend=0/0 merge=0/0 router=0/0 copy=0/0 w2silu=0/0 lnorm=616472/21 prefetch=0/0
[TASK_TIME2] worker=150 prep=0/0 attend=0/0 merge=0/0 router=0/0 copy=0/0 w2silu=0/0 lnorm=555764/19 prefetch=0/0
[TASK_TIME2] worker=206 prep=0/0 attend=0/0 merge=0/0 router=0/0 copy=0/0 w2silu=0/0 lnorm=556832/19 prefetch=0/0
[TASK_TIME2] worker=166 prep=0/0 attend=0/0 merge=0/0 router=0/0 copy=0/0 w2silu=0/0 lnorm=585528/20 prefetch=0/0
[TASK_TIME2] worker=246 prep=0/0 attend=0/0 merge=0/0 router=0/0 copy=0/0 w2silu=0/0 lnorm=654648/22 prefetch=0/0
[TASK_TIME2] worker=62 prep=0/0 attend=0/0 merge=0/0 router=0/0 copy=0/0 w2silu=0/0 lnorm=613052/21 prefetch=0/0
[TASK_TIME2] worker=126 prep=0/0 attend=0/0 merge=[EVENT_TIMING] 672 event firings recorded

================================================================================
PER-EVENT WALL-CLOCK TIMING (barrier-to-barrier)
================================================================================
Event TaskType              Count    Avg(us)    Min(us)    Max(us)    Std(us)
-------------------------------------------------------------------------
    1 UNKNOWN                  30     138.55       8.36     154.60      34.91
    2 UNKNOWN                  31      12.48      11.50      14.06       0.52
    3 UNKNOWN                  31      31.83      29.56      33.26       1.04
    4 UNKNOWN                  31     144.14     140.84     148.53       2.17
    5 UNKNOWN                  31      47.44      47.15      47.88       0.18
    6 UNKNOWN                  31      24.95      22.59      26.05       0.70
    7 UNKNOWN                  31      13.48      12.96      13.92       0.27
    8 UNKNOWN                  31       4.43       3.87       5.48       0.33
    9 UNKNOWN                  31      33.37      32.33      34.16       0.48
   10 UNKNOWN                  31      51.64      50.41      52.92       0.73
   11 UNKNOWN                  31      18.04      17.40      18.68       0.35
   12 UNKNOWN                  31     143.71     139.99     148.60       2.26
   13 UNKNOWN                  31      47.41      47.13      47.65       0.14
   14 UNKNOWN                  31      22.12      21.80      22.37       0.12
   15 UNKNOWN                  31      12.85      12.39      13.64       0.36
   16 UNKNOWN                  31       3.77       3.56       4.01       0.10
   17 UNKNOWN                  31      21.78      20.16      22.24       0.44
   18 UNKNOWN                  31      39.24      38.16      41.64       0.78
   19 UNKNOWN                  31       5.15       3.88       6.43       1.06
   20 UNKNOWN                  31      21.23      19.65      22.96       1.10
   21 UNKNOWN                  31       3.33       3.18       3.69       0.10

================================================================================
PER-TYPE SUMMARY (sum of avg durations across all events)
================================================================================
TaskType             Events    Total(us)  Total(ms)        %
----------------------------------------------------------
UNKNOWN                  21        840.9      0.841   100.0%
TOTAL                              840.9      0.841

Saved raw event timing to event_timing.json
