First tasks: 1
Number of all events: 102
Number of all tasks: 102
Number of triggered events: 100
Number of executed tasks: 100
[EVENT_TIMING] Allocated buffer for 10200 entries (102 events x 100 iters)
[WORKER_XCD] worker_id=73 block=73 xcd=6
[WORKER_XCD] worker_id=123 block=123 xcd=0
[WORKER_XCD] worker_id=201 block=201 xcd=6
[WORKER_XCD] worker_id=25 block=25 xcd=6
[WORKER_XCD] worker_id=170 block=170 xcd=7
[WORKER_XCD] worker_id=234 block=234 xcd=7
[WORKER_XCD] worker_id=129 block=129 xcd=6
[WORKER_XCD] worker_id=75 block=75 xcd=0
[WORKER_XCD] worker_id=67 block=67 xcd=0
[WORKER_XCD] worker_id=121 block=121 xcd=6
[WORKER_XCD] worker_id=43 block=43 xcd=0
[WORKER_XCD] worker_id=50 block=50 xcd=7
[WORKER_XCD] worker_id=11 block=11 xcd=0
[WORKER_XCD] worker_id=291 block=291 xcd=0
[WORKER_XCD] worker_id=49 block=49 xcd=6
[WORKER_XCD] worker_id=52 block=52 xcd=1
[WORKER_XCD] worker_id=131 block=131 xcd=0
[WORKER_XCD] worker_id=145 block=145 xcd=6
[WORKER_XCD] worker_id=185 block=185 xcd=6
[WORKER_XCD] worker_id=187 block=187 xcd=0
[WORKER_XCD] worker_id=74 block=74 xcd=7
[WORKER_XCD] worker_id=107 block=107 xcd=0
[WORKER_XCD] worker_id=137 block=137 xcd=6
[WORKER_XCD] worker_id=161 block=161 xcd=6
[WORKER_XCD] worker_id=249 block=249 xcd=6
[WORKER_XCD] worker_id=42 block=42 xcd=7
[WORKER_XCD] worker_id=217 block=217 xcd=6
[WORKER_XCD] worker_id=281 block=281 xcd=6
[WORKER_XCD] worker_id=211 block=211 xcd=0
[WORKER_XCD] worker_id=241 block=241 xcd=6
[WORKER_XCD] worker_id=105 block=105 xcd=6
[WORKER_XCD] worker_id=243 block=243 xcd=0
[WORKER_XCD] worker_id=82 block=82 xcd=7
[WORKER_XCD] worker_id=251 block=251 xcd=0
[WORKER_XCD] worker_id=115 block=115 xcd=0
[WORKER_XCD] worker_id=235 block=235 xcd=0
[WORKER_XCD] worker_id=99 block=99 xcd=0
[WORKER_XCD] worker_id=91 block=91 xcd=0
[WORKER_XCD] worker_id=179 block=179 xcd=0
[WORKER_XCD] worker_id=3 block=3 xcd=0
[WORKER_XCD] worker_id=35 block=35 xcd=0
[WORKER_XCD] worker_id=51 block=51 xcd=0
[WORKER_XCD] worker_id=155 block=155 xcd=0
[WORKER_XCD] worker_id=65 block=65 xcd=6
[WORKER_XCD] worker_id=27 block=27 xcd=0
[WORKER_XCD] worker_id=259 block=259 xcd=0
[WORKER_XCD] worker_id=139 block=139 xcd=0
[WORKER_XCD] worker_id=59 block=59 xcd=0
[WORKER_XCD] worker_id=195 block=195 xcd=0
[WORKER_XCD] worker_id=283 block=283 xcd=0
[WORKER_XCD] worker_id=266 block=266 xcd=7
[WORKER_XCD] worker_id=130 block=130 xcd=7
[WORKER_XCD] worker_id=89 block=89 xcd=6
[WORKER_XCD] worker_id=219 block=219 xcd=0
[WORKER_XCD] worker_id=218 block=218 xcd=7
[WORKER_XCD] worker_id=140 block=140 xcd=1
[WORKER_XCD] worker_id=66 block=66 xcd=7
[WORKER_XCD] worker_id=146 block=146 xcd=7
[WORKER_XCD] worker_id=106 block=106 xcd=7
[WORKER_XCD] worker_id=290 block=290 xcd=7
[WORKER_XCD] worker_id=274 block=274 xcd=7
[WORKER_XCD] worker_id=58 block=58 xcd=7
[WORKER_XCD] worker_id=258 block=258 xcd=7
[WORKER_XCD] worker_id=2 block=2 xcd=7
[WORKER_XCD] worker_id=210 block=210 xcd=7
[WORKER_XCD] worker_id=76 block=76 xcd=1
[WORKER_XCD] worker_id=242 block=242 xcd=7
[WORKER_XCD] worker_id=162 block=162 xcd=7
[WORKER_XCD] worker_id=250 block=250 xcd=7
[WORKER_XCD] worker_id=122 block=122 xcd=7
[WORKER_XCD] worker_id=202 block=202 xcd=7
[WORKER_XCD] worker_id=10 block=10 xcd=7
[WORKER_XCD] worker_id=34 block=34 xcd=7
[WORKER_XCD] worker_id=138 block=138 xcd=7
[WORKER_XCD] worker_id=265 block=265 xcd=6
[WORKER_XCD] worker_id=204 block=204 xcd=1
[WORKER_XCD] worker_id=267 block=267 xcd=0
[WORKER_XCD] worker_id=4 block=4 xcd=1
[WORKER_XCD] worker_id=268 block=268 xcd=1
[WORKER_XCD] worker_id=153 block=153 xcd=6
[WORKER_XCD] worker_id=124 block=124 xcd=1
[WORKER_XCD] worker_id=273 block=273 xcd=6
[WORKER_XCD] worker_id=60 block=60 xcd=1
[WORKER_XCD] worker_id=171 block=171 xcd=0
[WORKER_XCD] worker_id=212 block=212 xcd=1
[WORKER_XCD] worker_id=132 block=132 xcd=1
[WORKER_XCD] worker_id=244 block=244 xcd=1
[WORKER_XCD] worker_id=57 block=57 xcd=6
[WORKER_XCD] worker_id=292 block=292 xcd=1
[WORKER_XCD] worker_id=203 block=203 xcd=0
[WORKER_XCD] worker_id=227 block=227 xcd=0
[WORKER_XCD] worker_id=44 block=44 xcd=1
[WORKER_XCD] worker_id=260 block=260 xcd=1
[WORKER_XCD] worker_id=196 block=196 xcd=1
[WORKER_XCD] worker_id=164 block=164 xcd=1
[WORKER_XCD] worker_id=177 block=177 xcd=6
[WORKER_XCD] worker_id=220 block=220 xcd=1
[WORKER_XCD] worker_id=252 block=252 xcd=1
[WORKER_XCD] worker_id=284 block=284 xcd=1
[WORKER_XCD] worker_id=169 block=169 xcd=6
[WORKER_XCD] worker_id=108 block=108 xcd=1
[WORKER_XCD] worker_id=28 block=28 xcd=1
[WORKER_XCD] worker_id=148 block=148 xcd=1
[WORKER_XCD] worker_id=36 block=36 xcd=1
[WORKER_XCD] worker_id=276 block=276 xcd=1
[WORKER_XCD] worker_id=172 block=172 xcd=1
[WORKER_XCD] worker_id=12 block=12 xcd=1
[WORKER_XCD] worker_id=188 block=188 xcd=1
[WORKER_XCD] worker_id=116 block=116 xcd=1
[WORKER_XCD] worker_id=68 block=68 xcd=1
[WORKER_XCD] worker_id=226 block=226 xcd=7
[WORKER_XCD] worker_id=100 block=100 xcd=1
[WORKER_XCD] worker_id=98 block=98 xcd=7
[WORKER_XCD] worker_id=225 block=225 xcd=6
[WORKER_XCD] worker_id=194 block=194 xcd=7
[WORKER_XCD] worker_id=84 block=84 xcd=1
[WORKER_XCD] worker_id=147 block=147 xcd=0
[WORKER_XCD] worker_id=19 block=19 xcd=0
[WORKER_XCD] worker_id=257 block=257 xcd=6
[WORKER_XCD] worker_id=9 block=9 xcd=6
[WORKER_XCD] worker_id=233 block=233 xcd=6
[WORKER_XCD] worker_id=90 block=90 xcd=7
[WORKER_XCD] worker_id=180 block=180 xcd=1
[WORKER_XCD] worker_id=289 block=289 xcd=6
[WORKER_XCD] worker_id=282 block=282 xcd=7
[WORKER_XCD] worker_id=275 block=275 xcd=0
[WORKER_XCD] worker_id=26 block=26 xcd=7
[WORKER_XCD] worker_id=231 block=231 xcd=4
[WORKER_XCD] worker_id=114 block=114 xcd=7
[WORKER_XCD] worker_id=178 block=178 xcd=7
[WORKER_XCD] worker_id=236 block=236 xcd=1
[WORKER_XCD] worker_id=113 block=113 xcd=6
[WORKER_XCD] worker_id=17 block=17 xcd=6
[WORKER_XCD] worker_id=33 block=33 xcd=6
[WORKER_XCD] worker_id=41 block=41 xcd=6
[WORKER_XCD] worker_id=83 block=83 xcd=0
[WORKER_XCD] worker_id=193 block=193 xcd=6
[WORKER_XCD] worker_id=163 block=163 xcd=0
[WORKER_XCD] worker_id=186 block=186 xcd=7
[WORKER_XCD] worker_id=209 block=209 xcd=6
[WORKER_XCD] worker_id=20 block=20 xcd=1
[WORKER_XCD] worker_id=156 block=156 xcd=1
[WORKER_XCD] worker_id=18 block=18 xcd=7
[WORKER_XCD] worker_id=228 block=228 xcd=1
[WORKER_XCD] worker_id=81 block=81 xcd=6
[WORKER_XCD] worker_id=92 block=92 xcd=1
[WORKER_XCD] worker_id=1 block=1 xcd=6
[WORKER_XCD] worker_id=154 block=154 xcd=7
[WORKER_XCD] worker_id=181 block=181 xcd=2
[WORKER_XCD] worker_id=97 block=97 xcd=6
[WORKER_XCD] worker_id=111 block=111 xcd=4
[WORKER_XCD] worker_id=160 block=160 xcd=5
[WORKER_XCD] worker_id=95 block=95 xcd=4
[WORKER_XCD] worker_id=135 block=135 xcd=4
[WORKER_XCD] worker_id=271 block=271 xcd=4
[WORKER_XCD] worker_id=119 block=119 xcd=4
[WORKER_XCD] worker_id=79 block=79 xcd=4
[WORKER_XCD] worker_id=0 block=0 xcd=5
[WORKER_XCD] worker_id=77 block=77 xcd=2
[WORKER_XCD] worker_id=151 block=151 xcd=4
[WORKER_XCD] worker_id=93 block=93 xcd=2
[WORKER_XCD] worker_id=7 block=7 xcd=4
[WORKER_XCD] worker_id=239 block=239 xcd=4
[WORKER_XCD] worker_id=255 block=255 xcd=4
[WORKER_XCD] worker_id=189 block=189 xcd=2
[WORKER_XCD] worker_id=55 block=55 xcd=4
[WORKER_XCD] worker_id=175 block=175 xcd=4
[WORKER_XCD] worker_id=295 block=295 xcd=4
[WORKER_XCD] worker_id=245 block=245 xcd=2
[WORKER_XCD] worker_id=167 block=167 xcd=4
[WORKER_XCD] worker_id=133 block=133 xcd=2
[WORKER_XCD] worker_id=183 block=183 xcd=4
[WORKER_XCD] worker_id=191 block=191 xcd=4
[WORKER_XCD] worker_id=294 block=294 xcd=3
[WORKER_XCD] worker_id=215 block=215 xcd=4
[WORKER_XCD] worker_id=47 block=47 xcd=4
[WORKER_XCD] worker_id=15 block=15 xcd=4
[WORKER_XCD] worker_id=207 block=207 xcd=4
[WORKER_XCD] worker_id=223 block=223 xcd=4
[WORKER_XCD] worker_id=63 block=63 xcd=4
[WORKER_XCD] worker_id=21 block=21 xcd=2
[WORKER_XCD] worker_id=87 block=87 xcd=4
[WORKER_XCD] worker_id=31 block=31 xcd=4
[WORKER_XCD] worker_id=103 block=103 xcd=4
[WORKER_XCD] worker_id=127 block=127 xcd=4
[WORKER_XCD] worker_id=24 block=24 xcd=5
[WORKER_XCD] worker_id=143 block=143 xcd=4
[WORKER_XCD] worker_id=13 block=13 xcd=2
[WORKER_XCD] worker_id=71 block=71 xcd=4
[WORKER_XCD] worker_id=246 block=246 xcd=3
[WORKER_XCD] worker_id=37 block=37 xcd=2
[WORKER_XCD] worker_id=247 block=247 xcd=4
[WORKER_XCD] worker_id=288 block=288 xcd=5
[WORKER_XCD] worker_id=199 block=199 xcd=4
[WORKER_XCD] worker_id=39 block=39 xcd=4
[WORKER_XCD] worker_id=149 block=149 xcd=2
[WORKER_XCD] worker_id=287 block=287 xcd=4
[WORKER_XCD] worker_id=101 block=101 xcd=2
[WORKER_XCD] worker_id=53 block=53 xcd=2
[WORKER_XCD] worker_id=157 block=157 xcd=2
[WORKER_XCD] worker_id=263 block=263 xcd=4
[WORKER_XCD] worker_id=222 block=222 xcd=3
[WORKER_XCD] worker_id=104 block=104 xcd=5
[WORKER_XCD] worker_id=72 block=72 xcd=5
[WORKER_XCD] worker_id=253 block=253 xcd=2
[WORKER_XCD] worker_id=269 block=269 xcd=2
[WORKER_XCD] worker_id=85 block=85 xcd=2
[WORKER_XCD] worker_id=293 block=293 xcd=2
[WORKER_XCD] worker_id=198 block=198 xcd=3
[WORKER_XCD] worker_id=69 block=69 xcd=2
[WORKER_XCD] worker_id=197 block=197 xcd=2
[WORKER_XCD] worker_id=6 block=6 xcd=3
[WORKER_XCD] worker_id=117 block=117 xcd=2
[WORKER_XCD] worker_id=125 block=125 xcd=2
[WORKER_XCD] worker_id=261 block=261 xcd=2
[WORKER_XCD] worker_id=238 block=238 xcd=3
[WORKER_XCD] worker_id=221 block=221 xcd=2
[WORKER_XCD] worker_id=141 block=141 xcd=2
[WORKER_XCD] worker_id=173 block=173 xcd=2
[WORKER_XCD] worker_id=78 block=78 xcd=3
[WORKER_XCD] worker_id=62 block=62 xcd=3
[WORKER_XCD] worker_id=5 block=5 xcd=2
[WORKER_XCD] worker_id=32 block=32 xcd=5
[WORKER_XCD] worker_id=23 block=23 xcd=4
[WORKER_XCD] worker_id=213 block=213 xcd=2
[WORKER_XCD] worker_id=229 block=229 xcd=2
[WORKER_XCD] worker_id=176 block=176 xcd=5
[WORKER_XCD] worker_id=29 block=29 xcd=2
[WORKER_XCD] worker_id=254 block=254 xcd=3
[WORKER_XCD] worker_id=262 block=262 xcd=3
[WORKER_XCD] worker_id=159 block=159 xcd=4
[WORKER_XCD] worker_id=285 block=285 xcd=2
[WORKER_XCD] worker_id=80 block=80 xcd=5
[WORKER_XCD] worker_id=8 block=8 xcd=5
[WORKER_XCD] worker_id=277 block=277 xcd=2
[WORKER_XCD] worker_id=136 block=136 xcd=5
[WORKER_XCD] worker_id=45 block=45 xcd=2
[WORKER_XCD] worker_id=279 block=279 xcd=4
[WORKER_XCD] worker_id=109 block=109 xcd=2
[WORKER_XCD] worker_id=205 block=205 xcd=2
[WORKER_XCD] worker_id=40 block=40 xcd=5
[WORKER_XCD] worker_id=110 block=110 xcd=3
[WORKER_XCD] worker_id=216 block=216 xcd=5
[WORKER_XCD] worker_id=166 block=166 xcd=3
[WORKER_XCD] worker_id=128 block=128 xcd=5
[WORKER_XCD] worker_id=14 block=14 xcd=3
[WORKER_XCD] worker_id=61 block=61 xcd=2
[WORKER_XCD] worker_id=94 block=94 xcd=3
[WORKER_XCD] worker_id=256 block=256 xcd=5
[WORKER_XCD] worker_id=272 block=272 xcd=5
[WORKER_XCD] worker_id=54 block=54 xcd=3
[WORKER_XCD] worker_id=158 block=158 xcd=3
[WORKER_XCD] worker_id=30 block=30 xcd=3
[WORKER_XCD] worker_id=174 block=174 xcd=3
[WORKER_XCD] worker_id=206 block=206 xcd=3
[WORKER_XCD] worker_id=70 block=70 xcd=3
[WORKER_XCD] worker_id=190 block=190 xcd=3
[WORKER_XCD] worker_id=86 block=86 xcd=3
[WORKER_XCD] worker_id=46 block=46 xcd=3
[WORKER_XCD] worker_id=286 block=286 xcd=3
[WORKER_XCD] worker_id=248 block=248 xcd=5
[WORKER_XCD] worker_id=165 block=165 xcd=2
[WORKER_XCD] worker_id=230 block=230 xcd=3
[WORKER_XCD] worker_id=237 block=237 xcd=2
[WORKER_XCD] worker_id=150 block=150 xcd=3
[WORKER_XCD] worker_id=102 block=102 xcd=3
[WORKER_XCD] worker_id=214 block=214 xcd=3
[WORKER_XCD] worker_id=22 block=22 xcd=3
[WORKER_XCD] worker_id=126 block=126 xcd=3
[WORKER_XCD] worker_id=118 block=118 xcd=3
[WORKER_XCD] worker_id=38 block=38 xcd=3
[WORKER_XCD] worker_id=278 block=278 xcd=3
[WORKER_XCD] worker_id=182 block=182 xcd=3
[WORKER_XCD] worker_id=96 block=96 xcd=5
[WORKER_XCD] worker_id=48 block=48 xcd=5
[WORKER_XCD] worker_id=192 block=192 xcd=5
[WORKER_XCD] worker_id=144 block=144 xcd=5
[WORKER_XCD] worker_id=168 block=168 xcd=5
[WORKER_XCD] worker_id=134 block=134 xcd=3
[WORKER_XCD] worker_id=112 block=112 xcd=5
[WORKER_XCD] worker_id=200 block=200 xcd=5
[WORKER_XCD] worker_id=264 block=264 xcd=5
[WORKER_XCD] worker_id=280 block=280 xcd=5
[WORKER_XCD] worker_id=184 block=184 xcd=5
[WORKER_XCD] worker_id=16 block=16 xcd=5
[WORKER_XCD] worker_id=64 block=64 xcd=5
[WORKER_XCD] worker_id=240 block=240 xcd=5
[WORKER_XCD] worker_id=270 block=270 xcd=3
[WORKER_XCD] worker_id=152 block=152 xcd=5
[WORKER_XCD] worker_id=142 block=142 xcd=3
[WORKER_XCD] worker_id=232 block=232 xcd=5
[WORKER_XCD] worker_id=224 block=224 xcd=5
[WORKER_XCD] worker_id=56 block=56 xcd=5
[WORKER_XCD] worker_id=88 block=88 xcd=5
[WORKER_XCD] worker_id=208 block=208 xcd=5
[WORKER_XCD] worker_id=120 block=120 xcd=5
[SCHED_XCD] sched_id=1 xcd=1 workers_on_xcd=37 block=3
[SCHED_XCD] sched_id=6 xcd=6 workers_on_xcd=37 block=0
[SCHED_XCD] sched_id=3 xcd=3 workers_on_xcd=37 block=5
[SCHED_XCD] sched_id=0 xcd=0 workers_on_xcd=37 block=2
[SCHED_XCD] sched_id=4 xcd=4 workers_on_xcd=37 block=6
[SCHED_XCD] sched_id=2 xcd=2 workers_on_xcd=37 block=4
[SCHED_XCD] sched_id=5 xcd=5 workers_on_xcd=37 block=7
[SCHED_XCD] sched_id=7 xcd=7 workers_on_xcd=37 block=1
[FWD_PASS] iter=1 time_ms=0.420 num_active_tokens=1
[FWD_PASS] iter=2 time_ms=0.459 num_active_tokens=1
[FWD_PASS] iter=3 time_ms=0.453 num_active_tokens=1
[FWD_PASS] iter=4 time_ms=0.438 num_active_tokens=1
[FWD_PASS] iter=5 time_ms=0.438 num_active_tokens=1
[FWD_PASS] iter=6 time_ms=0.440 num_active_tokens=1
[FWD_PASS] iter=7 time_ms=0.435 num_active_tokens=1
[FWD_PASS] iter=8 time_ms=0.441 num_active_tokens=1
[FWD_PASS] iter=9 time_ms=0.438 num_active_tokens=1
[FWD_PASS] iter=10 time_ms=0.441 num_active_tokens=1
[FWD_PASS] iter=11 time_ms=0.440 num_active_tokens=1
[FWD_PASS] iter=12 time_ms=0.440 num_active_tokens=1
[FWD_PASS] iter=13 time_ms=0.438 num_active_tokens=1
[FWD_PASS] iter=14 time_ms=0.438 num_active_tokens=1
[FWD_PASS] iter=15 time_ms=0.438 num_active_tokens=1
[FWD_PASS] iter=16 time_ms=0.436 num_active_tokens=1
[FWD_PASS] iter=17 time_ms=0.438 num_active_tokens=1
[FWD_PASS] iter=18 time_ms=0.440 num_active_tokens=1
[FWD_PASS] iter=19 time_ms=0.443 num_active_tokens=1
[FWD_PASS] iter=20 time_ms=0.441 num_active_tokens=1
[FWD_PASS] iter=21 time_ms=0.447 num_active_tokens=1
[FWD_PASS] iter=22 time_ms=0.438 num_active_tokens=1
[FWD_PASS] iter=23 time_ms=0.437 num_active_tokens=1
[FWD_PASS] iter=24 time_ms=0.439 num_active_tokens=1
[FWD_PASS] iter=25 time_ms=0.440 num_active_tokens=1
[FWD_PASS] iter=26 time_ms=0.450 num_active_tokens=1
[FWD_PASS] iter=27 time_ms=0.440 num_active_tokens=1
[FWD_PASS] iter=28 time_ms=0.441 num_active_tokens=1
[FWD_PASS] iter=29 time_ms=0.436 num_active_tokens=1
[FWD_PASS] iter=30 time_ms=0.447 num_active_tokens=1
[FWD_PASS] iter=31 time_ms=0.439 num_active_tokens=1
[FWD_PASS] iter=32 time_ms=0.442 num_active_tokens=1
[TIMING] worker=178 tasks=11 poll_iters=314560 dep_iters=12066 poll_cycles=161232432 dep_cycles=3091808 exec_cycles=13248 signal_cycles=51588
[TIMING] worker=266 tasks=11 poll_iters=403259 dep_iters=9850 poll_cycles=232460560 dep_cycles=2689296 exec_cycles=13368 signal_cycles=52604
[TIMING] worker=234 tasks=11 poll_iters=394511 dep_iters=11416 poll_cycles=227520016 dep_cycles=3026800 exec_cycles=13184 signal_cycles=52112
[TIMING] worker=258 tasks=11 poll_iters=381820 dep_iters=9464 poll_cycles=214927428 dep_cycles=2772312 exec_cycles=13592 signal_cycles=53000
[TIMING] worker=274 tasks=11 poll_iters=383146 dep_iters=9921 poll_cycles=220851108 dep_cycles=2603732 exec_cycles=13264 signal_cycles=51692
[TIMING] worker=186 tasks=11 poll_iters=275830 dep_iters=10458 poll_cycles=159017776 dep_cycles=3002328 exec_cycles=13592 signal_cycles=52884
[TIMING] worker=290 tasks=11 poll_iters=371328 dep_iters=10172 poll_cycles=213990924 dep_cycles=3004512 exec_cycles=13576 signal_cycles=53692
[TIMING] worker=146 tasks=11 poll_iters=418356 dep_iters=11145 poll_cycles=214492868 dep_cycles=2874868 exec_cycles=13064 signal_cycles=51632
[TIMING] worker=50 tasks=12 poll_iters=341921 dep_iters=12112 poll_cycles=197044976 dep_cycles=3247604 exec_cycles=14552 signal_cycles=57436
[TASK_TIME] worker=186 linear=0/0 linear_res=0/0 attn=0/0 rms=0/0 silu=0/0 fused=0/0
[TIMING] worker=250 tasks=11 poll_iters=365219 dep_iters=9789 poll_cycles=210653268 dep_cycles=2855508 exec_cycles=13452 signal_cycles=53112
[TIMING] worker=194 tasks=11 poll_iters=300380 dep_iters=12131 poll_cycles=173240848 dep_cycles=3487488 exec_cycles=13468 signal_cycles=52636
[TASK_TIME] worker=250 linear=0/0 linear_res=0/0 attn=0/0 rms=0/0 silu=0/0 fused=0/0
[TIMING] worker=66 tasks=12 poll_iters=371279 dep_iters=11315 poll_cycles=213983836 dep_cycles=3167912 exec_cycles=14504 signal_cycles=57348
[TASK_TIME] worker=194 linear=0/0 linear_res=0/0 attn=0/0 rms=0/0 silu=0/0 fused=0/0
[TASK_TIME2] worker=250 prep=0/0 attend=0/0 merge=0/0 router=0/0 copy=13452/11 w2silu=0/0 lnorm=0/0 prefetch=0/0
[TIMING] worker=106 tasks=11 poll_iters=397664 dep_iters=12882 poll_cycles=203777720 dep_cycles=3313772 exec_cycles=13076 signal_cycles=51648
[TASK_TIME] worker=66 linear=0/0 linear_res=0/0 attn=0/0 rms=0/0 silu=0/0 fused=0/0
[TASK_TIME2] worker=194 prep=0/0 attend=0/0 merge=0/0 router=0/0 copy=13468/11 w2silu=0/0 lnorm=0/0 prefetch=0/0
[TASK_TIME2] worker=66 prep=0/0 attend=0/0 merge=0/0 router=0/0 copy=14504/12 w2silu=0/0 lnorm=0/0 prefetch=0/0
[TIMING] worker=20 tasks=11 poll_iters=254259 dep_iters=11293 poll_cycles=146509820 dep_cycles=3313436 exec_cycles=14708 signal_cycles=51996
[TIMING] worker=156 tasks=10 poll_iters=287892 dep_iters=10139 poll_cycles=147573060 dep_cycles=2686048 exec_cycles=13092 signal_cycles=44340
[TIMING] worker=108 tasks=11 poll_iters=304031 dep_iters=11338 poll_cycles=175199108 dep_cycles=3187456 exec_cycles=14488 signal_cycles=50364
[TIMING] worker=228 tasks=10 poll_iters=252610 dep_iters=10947 poll_cycles=145596216 dep_cycles=2943212 exec_cycles=13104 signal_cycles=45028
[TIMING] worker=92 tasks=11 poll_iters=248551 dep_iters=11262 poll_cycles=143216932 dep_cycles=2944252 exec_cycles=14280 signal_cycles=49344
[TIMING] worker=212 tasks=10 poll_iters=328075 dep_iters=11113 poll_cycles=189113588 dep_cycles=3121792 exec_cycles=13180 signal_cycles=46012
[TIMING] worker=36 tasks=11 poll_iters=336211 dep_iters=12587 poll_cycles=172854924 dep_cycles=3236392 exec_cycles=14224 signal_cycles=49100
[TIMING] worker=148 tasks=10 poll_iters=301513 dep_iters=9864 poll_cycles=173799832 dep_cycles=2772236 exec_cycles=13100 signal_cycles=45860
[TIMING] worker=121 tasks=11 poll_iters=567297 dep_iters=11973 poll_cycles=290855736 dep_cycles=3096388 exec_cycles=15756 signal_cycles=47844
[TIMING] worker=84 tasks=11 poll_iters=292384 dep_iters=10021 poll_cycles=168482172 dep_cycles=2979636 exec_cycles=14572 signal_cycles=51748
[TIMING] worker=241 tasks=11 poll_iters=447309 dep_iters=10155 poll_cycles=257863088 dep_cycles=2926456 exec_cycles=16188 signal_cycles=49476
[TIMING] worker=225 tasks=11 poll_iters=294153 dep_iters=11500 poll_cycles=169526720 dep_cycles=3096768 exec_cycles=15944 signal_cycles=48636
[TIMING] worker=268 tasks=10 poll_iters=300668 dep_iters=8496 poll_cycles=173253468 dep_cycles=2512476 exec_cycles=13396 signal_cycles=47044
[TIMING] worker=4 tasks=11 poll_iters=318276 dep_iters=10353 poll_cycles=183414716 dep_cycles=2849944 exec_cycles=14920 signal_cycles=51384
[TIMING] worker=154 tasks=11 poll_iters=248590 dep_iters=9606 poll_cycles=143331708 dep_cycles=2785864 exec_cycles=13528 signal_cycles=52916
[TIMING] worker=193 tasks=11 poll_iters=299241 dep_iters=13229 poll_cycles=153330052 dep_cycles=3475864 exec_cycles=15912 signal_cycles=47736
[TIMING] worker=17 tasks=12 poll_iters=261718 dep_iters=12046 poll_cycles=150830140 dep_cycles=3535380 exec_cycles=17836 signal_cycles=55512
[TIMING] worker=97 tasks=11 poll_iters=259270 dep_iters=13638 poll_cycles=132871744 dep_cycles=3555564 exec_cycles=15884 signal_cycles=49572
[TIMING] worker=220 tasks=10 poll_iters=312063 dep_iters=11273 poll_cycles=179869000 dep_cycles=3028224 exec_cycles=13112 signal_cycles=45356
[TIMING] worker=153 tasks=11 poll_iters=336655 dep_iters=10341 poll_cycles=172504208 dep_cycles=2752596 exec_cycles=15940 signal_cycles=48988
[TIMING] worker=33 tasks=12 poll_iters=277708 dep_iters=13429 poll_cycles=155580528 dep_cycles=3454324 exec_cycles=17260 signal_cycles=53484
[TIMING] worker=49 tasks=12 poll_iters=441580 dep_iters=11528 poll_cycles=254567308 dep_cycles=3362804 exec_cycles=17764 signal_cycles=55320
[TIMING] worker=10 tasks=12 poll_iters=391061 dep_iters=13565 poll_cycles=200404348 dep_cycles=3459912 exec_cycles=14316 signal_cycles=56968
[TIMING] worker=265 tasks=11 poll_iters=346461 dep_iters=9002 poll_cycles=199687568 dep_cycles=2670896 exec_cycles=16300 signal_cycles=50548
[TIMING] worker=105 tasks=11 poll_iters=438455 dep_iters=11615 poll_cycles=252727932 dep_cycles=3265876 exec_cycles=16000 signal_cycles=49948
[TIMING] worker=28 tasks=11 poll_iters=345533 dep_iters=12741 poll_cycles=177032208 dep_cycles=3276600 exec_cycles=14216 signal_cycles=49200
[TIMING] worker=249 tasks=11 poll_iters=460331 dep_iters=10639 poll_cycles=265346644 dep_cycles=2839408 exec_cycles=15888 signal_cycles=48364
[TIMING] worker=59 tasks=12 poll_iters=298637 dep_iters=11614 poll_cycles=172254612 dep_cycles=3236188 exec_cycles=14916 signal_cycles=59824
[TIMING] worker=116 tasks=10 poll_iters=299687 dep_iters=11374 poll_cycles=172678168 dep_cycles=3120200 exec_cycles=13376 signal_cycles=45732
[TASK_TIME] worker=10 linear=0/0 linear_res=0/0 attn=0/0 rms=0/0 silu=0/0 fused=0/0
[TIMING] worker=236 tasks=10 poll_iters=271427 dep_iters=9868 poll_cycles=156458040 dep_cycles=2855572 exec_cycles=13232 signal_cycles=46532
[TIMING] worker=89 tasks=11 poll_iters=319359 dep_iters=13941 poll_cycles=184042980 dep_cycles=3635828 exec_cycles=16016 signal_cycles=48992
[TIMING] worker=252 tasks=10 poll_iters=302625 dep_iters=10117 poll_cycles=174422748 dep_cycles=2691328 exec_cycles=12988 signal_cycles=44664
[TASK_TIME] worker=178 linear=0/0 linear_res=0/0 attn=0/0 rms=0/0 silu=0/0 fused=0/0
[TIMING] worker=180 tasks=10 poll_iters=273272 dep_iters=8683 poll_cycles=157515548 dep_cycles=2433344 exec_cycles=13236 signal_cycles=45792
[TIMING] worker=113 tasks=11 poll_iters=266223 dep_iters=11587 poll_cycles=153403408 dep_cycles=3183740 exec_cycles=16168 signal_cycles=49536
[TASK_TIME2] worker=10 prep=0/0 attend=0/0 merge=0/0 router=0/0 copy=14316/12 w2silu=0/0 lnorm=0/0 prefetch=0/0
[TIMING] worker=42 tasks=12 poll_iters=466521 dep_iters=12985 poll_cycles=239174600 dep_cycles=3285660 exec_cycles=14348 signal_cycles=56280
[TIMING] worker=257 tasks=11 poll_iters=289550 dep_iters=10260 poll_cycles=166887588 dep_cycles=2754148 exec_cycles=15992 signal_cycles=48152
[TIMING] worker=209 tasks=11 poll_iters=265471 dep_iters=11638 poll_cycles=153004324 dep_cycles=3270772 exec_cycles=16016 signal_cycles=48964
[TIMING] worker=292 tasks=10 poll_iters=294795 dep_iters=8063 poll_cycles=169867676 dep_cycles=2221160 exec_cycles=13008 signal_cycles=45252
[TIMING] worker=226 tasks=11 poll_iters=312778 dep_iters=10663 poll_cycles=180416284 dep_cycles=3110372 exec_cycles=13584 signal_cycles=53320
[TIMING] worker=3 tasks=13 poll_iters=407876 dep_iters=11700 poll_cycles=235265788 dep_cycles=3499368 exec_cycles=17268 signal_cycles=66808
[TIMING] worker=217 tasks=11 poll_iters=450011 dep_iters=11835 poll_cycles=259394748 dep_cycles=3179588 exec_cycles=16036 signal_cycles=49284
[TASK_TIME] worker=42 linear=0/0 linear_res=0/0 attn=0/0 rms=0/0 silu=0/0 fused=0/0
[TASK_TIME] worker=226 linear=0/0 linear_res=0/0 attn=0/0 rms=0/0 silu=0/0 fused=0/0
[TIMING] worker=76 tasks=11 poll_iters=333206 dep_iters=10647 poll_cycles=192049860 dep_cycles=3018368 exec_cycles=14572 signal_cycles=51040
[TIMING] worker=25 tasks=12 poll_iters=558009 dep_iters=13599 poll_cycles=286118832 dep_cycles=3494508 exec_cycles=17256 signal_cycles=53036
[TIMING] worker=68 tasks=11 poll_iters=338366 dep_iters=12078 poll_cycles=173342084 dep_cycles=3064264 exec_cycles=14124 signal_cycles=48468
[TASK_TIME] worker=266 linear=0/0 linear_res=0/0 attn=0/0 rms=0/0 silu=0/0 fused=0/0
[TIMING] worker=124 tasks=10 poll_iters=372787 dep_iters=11772 poll_cycles=191048568 dep_cycles=3037764 exec_cycles=12884 signal_cycles=43932
[TASK_TIME2] worker=42 prep=0/0 attend=0/0 merge=0/0 router=0/0 copy=14348/12 w2silu=0/0 lnorm=0/0 prefetch=0/0
[TASK_TIME2] worker=226 prep=0/0 attend=0/0 merge=0/0 router=0/0 copy=13584/11 w2silu=0/0 lnorm=0/0 prefetch=0/0
[TIMING] worker=81 tasks=11 poll_iters=256888 dep_iters=10582 poll_cycles=148037984 dep_cycles=3145716 exec_cycles=16208 signal_cycles=50588
[TIMING] worker=75 tasks=12 poll_iters=496505 dep_iters=14049 poll_cycles=286258612 dep_cycles=3651788 exec_cycles=15748 signal_cycles=56132
[TIMING] worker=164 tasks=10 poll_iters=354106 dep_iters=9820 poll_cycles=182584856 dep_cycles=2600716 exec_cycles=13036 signal_cycles=44736
[TIMING] worker=98 tasks=11 poll_iters=276182 dep_iters=12149 poll_cycles=159157492 dep_cycles=3440392 exec_cycles=13508 signal_cycles=53456
[TIMING] worker=58 tasks=12 poll_iters=355865 dep_iters=11464 poll_cycles=205098076 dep_cycles=3206328 exec_cycles=14636 signal_cycles=57836
[TIMING] worker=169 tasks=11 poll_iters=310279 dep_iters=9006 poll_cycles=178816336 dep_cycles=2576348 exec_cycles=16140 signal_cycles=49532
[TIMING] worker=27 tasks=13 poll_iters=415488 dep_iters=12624 poll_cycles=239593688 dep_cycles=3541512 exec_cycles=16236 signal_cycles=64676
[TIMING] worker=161 tasks=11 poll_iters=319616 dep_iters=9719 poll_cycles=166370352 dep_cycles=2655744 exec_cycles=16292 signal_cycles=50148
[TIMING] worker=41 tasks=12 poll_iters=268779 dep_iters=12318 poll_cycles=154897784 dep_cycles=3412344 exec_cycles=17496 signal_cycles=53820
[TASK_TIME] worker=58 linear=0/0 linear_res=0/0 attn=0/0 rms=0/0 silu=0/0 fused=0/0
[TIMING] worker=130 tasks=11 poll_iters=319871 dep_iters=10791 poll_cycles=184384556 dep_cycles=3048328 exec_cycles=13476 signal_cycles=52808
[TIMING] worker=162 tasks=11 poll_iters=352973 dep_iters=9299 poll_cycles=203478024 dep_cycles=2692900 exec_cycles=13556 signal_cycles=53176
[TIMING] worker=171 tasks=12 poll_iters=352420 dep_iters=11612 poll_cycles=180648792 dep_cycles=3069760 exec_cycles=14772 signal_cycles=57604
[TASK_TIME2] worker=58 prep=0/0 attend=0/0 merge=0/0 router=0/0 copy=14636/12 w2silu=0/0 lnorm=0/0 prefetch=0/0
[TIMING] worker=2 tasks=12 poll_iters=361621 dep_iters=11676 poll_cycles=208459436 dep_cycles=3490704 exec_cycles=15172 signal_cycles=60296
[TIMING] worker=185 tasks=11 poll_iters=517302 dep_iters=11369 poll_cycles=265212472 dep_cycles=2982164 exec_cycles=15948 signal_cycles=48212
[TIMING] worker=273 tasks=11 poll_iters=365458 dep_iters=9033 poll_cycles=187302980 dep_cycles=2586880 exec_cycles=16128 signal_cycles=49372
[TIMING] worker=132 tasks=10 poll_iters=359209 dep_iters=11432 poll_cycles=184139516 dep_cycles=2949896 exec_cycles=12992 signal_cycles=43792
[TIMING] worker=147 tasks=12 poll_iters=303551 dep_iters=12632 poll_cycles=155604676 dep_cycles=3291824 exec_cycles=15592 signal_cycles=55296
[TIMING] worker=218 tasks=11 poll_iters=360395 dep_iters=10992 poll_cycles=207857628 dep_cycles=3195624 exec_cycles=13596 signal_cycles=53708
[TIMING] worker=65 tasks=12 poll_iters=461609 dep_iters=12865 poll_cycles=236619472 dep_cycles=3282780 exec_cycles=17180 signal_cycles=53060
[TIMING] worker=195 tasks=12 poll_iters=412878 dep_iters=11994 poll_cycles=238010456 dep_cycles=3434908 exec_cycles=15004 signal_cycles=59828
[TIMING] worker=91 tasks=12 poll_iters=417198 dep_iters=12343 poll_cycles=240617696 dep_cycles=3505112 exec_cycles=15076 signal_cycles=60312
[TIMING] worker=188 tasks=10 poll_iters=338780 dep_iters=8906 poll_cycles=173643532 dep_cycles=2345500 exec_cycles=13052 signal_cycles=44164
[TIMING] worker=90 tasks=11 poll_iters=283256 dep_iters=12435 poll_cycles=163244164 dep_cycles=3526488 exec_cycles=13560 signal_cycles=53720
[TASK_TIME] worker=106 linear=0/0 linear_res=0/0 attn=0/0 rms=0/0 silu=0/0 fused=0/0
[TIMING] worker=210 tasks=11 poll_iters=416296 dep_iters=12758 poll_cycles=213497504 dep_cycles=3283584 exec_cycles=13084 signal_cycles=51576
[TIMING] worker=73 tasks=11 poll_iters=538690 dep_iters=11385 poll_cycles=310579044 dep_cycles=3230964 exec_cycles=16272 signal_cycles=50260
[TIMING] worker=155 tasks=12 poll_iters=416297 dep_iters=11170 poll_cycles=239968080 dep_cycles=3230708 exec_cycles=15140 signal_cycles=60172
[TIMING] worker=83 tasks=12 poll_iters=261985 dep_iters=13037 poll_cycles=151101192 dep_cycles=3593368 exec_cycles=14852 signal_cycles=59012
[TIMING] worker=74 tasks=11 poll_iters=457653 dep_iters=11994 poll_cycles=263779992 dep_cycles=3118428 exec_cycles=13272 signal_cycles=52252
[TIMING] worker=131 tasks=12 poll_iters=471935 dep_iters=10146 poll_cycles=272073048 dep_cycles=2874768 exec_cycles=14968 signal_cycles=59244
[TIMING] worker=145 tasks=11 poll_iters=452159 dep_iters=10079 poll_cycles=260633344 dep_cycles=2839972 exec_cycles=16056 signal_cycles=49552
[TIMING] worker=18 tasks=12 poll_iters=254224 dep_iters=12593 poll_cycles=146514676 dep_cycles=3391892 exec_cycles=14552 signal_cycles=57728
[TIMING] worker=34 tasks=12 poll_iters=344726 dep_iters=11710 poll_cycles=200176104 dep_cycles=3318792 exec_cycles=14588 signal_cycles=58468
[TASK_TIME] worker=20 linear=0/0 linear_res=0/0 attn=0/0 rms=0/0 silu=0/0 fused=0/0
[TASK_TIME] worker=258 linear=0/0 linear_res=0/0 attn=0/0 rms=0/0 silu=0/0 fused=0/0
[TIMING] worker=243 tasks=12 poll_iters=429764 dep_iters=10901 poll_cycles=247716612 dep_cycles=2889788 exec_cycles=14772 signal_cycles=58532
[TIMING] worker=211 tasks=12 poll_iters=438898 dep_iters=12596 poll_cycles=224988308 dep_cycles=3268020 exec_cycles=14648 signal_cycles=57576
[TIMING] worker=11 tasks=13 poll_iters=551985 dep_iters=14130 poll_cycles=283143596 dep_cycles=3618688 exec_cycles=16008 signal_cycles=62228
[TIMING] worker=114 tasks=11 poll_iters=313461 dep_iters=12872 poll_cycles=160588920 dep_cycles=3227668 exec_cycles=13252 signal_cycles=51828
[TIMING] worker=35 tasks=12 poll_iters=417651 dep_iters=12437 poll_cycles=240867092 dep_cycles=3499956 exec_cycles=16040 signal_cycles=59436
[TASK_TIME] worker=92 linear=0/0 linear_res=0/0 attn=0/0 rms=0/0 silu=0/0 fused=0/0
[TIMING] worker=172 tasks=10 poll_iters=302970 dep_iters=8824 poll_cycles=174643684 dep_cycles=2518020 exec_cycles=13276 signal_cycles=46012
[TIMING] worker=123 tasks=12 poll_iters=417961 dep_iters=10444 poll_cycles=241008316 dep_cycles=2958120 exec_cycles=14844 signal_cycles=59444
[TASK_TIME] worker=274 linear=0/0 linear_res=0/0 attn=0/0 rms=0/0 silu=0/0 fused=0/0
[TIMING] worker=9 tasks=12 poll_iters=287319 dep_iters=12918 poll_cycles=165584804 dep_cycles=3603700 exec_cycles=17648 signal_cycles=54492
[TIMING] worker=282 tasks=11 poll_iters=298777 dep_iters=10418 poll_cycles=172200004 dep_cycles=3086020 exec_cycles=13700 signal_cycles=53668
[TIMING] worker=187 tasks=12 poll_iters=443457 dep_iters=12166 poll_cycles=255666612 dep_cycles=3486172 exec_cycles=16056 signal_cycles=57600
[TASK_TIME] worker=148 linear=0/0 linear_res=0/0 attn=0/0 rms=0/0 silu=0/0 fused=0/0
[TIMING] worker=19 tasks=13 poll_iters=279558 dep_iters=13179 poll_cycles=161229496 dep_cycles=3581584 exec_cycles=16224 signal_cycles=63312
[TIMING] worker=139 tasks=12 poll_iters=466729 dep_iters=10586 poll_cycles=239252144 dep_cycles=2789284 exec_cycles=14784 signal_cycles=55536
[TIMING] worker=99 tasks=12 poll_iters=367737 dep_iters=12044 poll_cycles=212057308 dep_cycles=3420848 exec_cycles=15020 signal_cycles=60012
[TIMING] worker=138 tasks=11 poll_iters=394597 dep_iters=11219 poll_cycles=202292564 dep_cycles=2961212 exec_cycles=13232 signal_cycles=52208
[TIMING] worker=179 tasks=12 poll_iters=375578 dep_iters=11671 poll_cycles=192504012 dep_cycles=2982900 exec_cycles=14712 signal_cycles=55000
[TIMING] worker=51 tasks=12 poll_iters=408830 dep_iters=12374 poll_cycles=235725628 dep_cycles=3327224 exec_cycles=14884 signal_cycles=59060
[TIMING] worker=235 tasks=12 poll_iters=430801 dep_iters=11100 poll_cycles=248324408 dep_cycles=2979316 exec_cycles=14800 signal_cycles=58176
[TASK_TIME] worker=4 linear=0/0 linear_res=0/0 attn=0/0 rms=0/0 silu=0/0 fused=0/0
[TIMING] worker=291 tasks=12 poll_iters=492003 dep_iters=10109 poll_cycles=283606120 dep_cycles=2998444 exec_cycles=15088 signal_cycles=59084
[TIMING] worker=170 tasks=11 poll_iters=609931 dep_iters=9959 poll_cycles=312866036 dep_cycles=2609736 exec_cycles=13268 signal_cycles=51780
[TIMING] worker=219 tasks=12 poll_iters=408627 dep_iters=10878 poll_cycles=235601292 dep_cycles=3183080 exec_cycles=15184 signal_cycles=61148
[TASK_TIME] worker=228 linear=0/0 linear_res=0/0 attn=0/0 rms=0/0 silu=0/0 fused=0/0
[TIMING] worker=251 tasks=12 poll_iters=423553 dep_iters=9657 poll_cycles=244215440 dep_cycles=2809284 exec_cycles=14980 signal_cycles=58152
[TASK_TIME] worker=124 linear=0/0 linear_res=0/0 attn=0/0 rms=0/0 silu=0/0 fused=0/0
[TIMING] worker=177 tasks=11 poll_iters=273960 dep_iters=10965 poll_cycles=157873156 dep_cycles=3067432 exec_cycles=16188 signal_cycles=49172
[TIMING] worker=242 tasks=11 poll_iters=366812 dep_iters=11138 poll_cycles=211161952 dep_cycles=2942404 exec_cycles=13252 signal_cycles=51936
[TIMING] worker=283 tasks=12 poll_iters=414965 dep_iters=10351 poll_cycles=239170044 dep_cycles=3082424 exec_cycles=15184 signal_cycles=61564
[TASK_TIME] worker=50 linear=0/0 linear_res=0/0 attn=0/0 rms=0/0 silu=0/0 fused=0/0
[TIMING] worker=52 tasks=11 poll_iters=369078 dep_iters=10816 poll_cycles=212759980 dep_cycles=3146060 exec_cycles=14720 signal_cycles=51636
[TASK_TIME] worker=146 linear=0/0 linear_res=0/0 attn=0/0 rms=0/0 silu=0/0 fused=0/0
[TIMING] worker=227 tasks=12 poll_iters=320434 dep_iters=10464 poll_cycles=184755888 dep_cycles=3066724 exec_cycles=15268 signal_cycles=60720
[TASK_TIME] worker=36 linear=0/0 linear_res=0/0 attn=0/0 rms=0/0 silu=0/0 fused=0/0
[TIMING] worker=82 tasks=11 poll_iters=373534 dep_iters=11103 poll_cycles=215285476 dep_cycles=3039004 exec_cycles=13304 signal_cycles=53132
[TIMING] worker=44 tasks=11 poll_iters=306080 dep_iters=11502 poll_cycles=176381432 dep_cycles=3189460 exec_cycles=14488 signal_cycles=50460
[TIMING] worker=129 tasks=11 poll_iters=582794 dep_iters=11657 poll_cycles=298792900 dep_cycles=3010456 exec_cycles=15840 signal_cycles=48224
[TIMING] worker=140 tasks=10 poll_iters=313951 dep_iters=9987 poll_cycles=180982900 dep_cycles=2861276 exec_cycles=13312 signal_cycles=46436
[TASK_TIME] worker=76 linear=0/0 linear_res=0/0 attn=0/0 rms=0/0 silu=0/0 fused=0/0
[TIMING] worker=43 tasks=12 poll_iters=418566 dep_iters=13319 poll_cycles=214660188 dep_cycles=3414428 exec_cycles=14680 signal_cycles=57548
[TASK_TIME] worker=220 linear=0/0 linear_res=0/0 attn=0/0 rms=0/0 silu=0/0 fused=0/0
[TASK_TIME] worker=249 linear=0/0 linear_res=0/0 attn=0/0 rms=0/0 silu=0/0 fused=0/0
[TIMING] worker=281 tasks=11 poll_iters=451483 dep_iters=11229 poll_cycles=260277956 dep_cycles=3074796 exec_cycles=16068 signal_cycles=48956
[TASK_TIME] worker=265 linear=0/0 linear_res=0/0 attn=0/0 rms=0/0 silu=0/0 fused=0/0
[TASK_TIME] worker=108 linear=0/0 linear_res=0/0 attn=0/0 rms=0/0 silu=0/0 fused=0/0
[TASK_TIME] worker=154 linear=0/0 linear_res=0/0 attn=0/0 rms=0/0 silu=0/0 fused=0/0
[TASK_TIME] worker=217 linear=0/0 linear_res=0/0 attn=0/0 rms=0/0 silu=0/0 fused=0/0
[TASK_TIME] worker=59 linear=0/0 linear_res=0/0 attn=0/0 rms=0/0 silu=0/0 fused=0/0
[TASK_TIME] worker=84 linear=0/0 linear_res=0/0 attn=0/0 rms=0/0 silu=0/0 fused=0/0
[TASK_TIME] worker=33 linear=0/0 linear_res=0/0 attn=0/0 rms=0/0 silu=0/0 fused=0/0
[TIMING] worker=67 tasks=12 poll_iters=469368 dep_iters=11118 poll_cycles=278978964 dep_cycles=3146752 exec_cycles=14760 signal_cycles=57908
[TASK_TIME] worker=209 linear=0/0 linear_res=0/0 attn=0/0 rms=0/0 silu=0/0 fused=0/0
[TIMING] worker=289 tasks=11 poll_iters=287822 dep_iters=10929 poll_cycles=165883264 dep_cycles=2989972 exec_cycles=16004 signal_cycles=48688
[TIMING] worker=276 tasks=10 poll_iters=347658 dep_iters=8462 poll_cycles=178124708 dep_cycles=2425060 exec_cycles=13280 signal_cycles=46248
[TIMING] worker=267 tasks=12 poll_iters=334023 dep_iters=11926 poll_cycles=192579052 dep_cycles=3255688 exec_cycles=14944 signal_cycles=58668
[TIMING] worker=1 tasks=12 poll_iters=231872 dep_iters=13088 poll_cycles=133631960 dep_cycles=3597248 exec_cycles=17872 signal_cycles=55252
[TASK_TIME] worker=89 linear=0/0 linear_res=0/0 attn=0/0 rms=0/0 silu=0/0 fused=0/0
[TASK_TIME] worker=252 linear=0/0 linear_res=0/0 attn=0/0 rms=0/0 silu=0/0 fused=0/0
[TASK_TIME] worker=49 linear=0/0 linear_res=0/0 attn=0/0 rms=0/0 silu=0/0 fused=0/0
[TASK_TIME] worker=81 linear=0/0 linear_res=0/0 attn=0/0 rms=0/0 silu=0/0 fused=0/0
[TASK_TIME] worker=147 linear=0/0 linear_res=0/0 attn=0/0 rms=0/0 silu=0/0 fused=0/0
[TASK_TIME] worker=234 linear=0/0 linear_res=0/0 attn=0/0 rms=0/0 silu=0/0 fused=0/0
[TASK_TIME] worker=35 linear=0/0 linear_res=0/0 attn=0/0 rms=0/0 silu=0/0 fused=0/0
[TASK_TIME] worker=161 linear=0/0 linear_res=0/0 attn=0/0 rms=0/0 silu=0/0 fused=0/0
[TASK_TIME] worker=169 linear=0/0 linear_res=0/0 attn=0/0 rms=0/0 silu=0/0 fused=0/0
[TASK_TIME] worker=236 linear=0/0 linear_res=0/0 attn=0/0 rms=0/0 silu=0/0 fused=0/0
[TASK_TIME] worker=180 linear=0/0 linear_res=0/0 attn=0/0 rms=0/0 silu=0/0 fused=0/0
[TIMING] worker=57 tasks=12 poll_iters=320217 dep_iters=13028 poll_cycles=164059980 dep_cycles=3324980 exec_cycles=17204 signal_cycles=52916
[TASK_TIME] worker=27 linear=0/0 linear_res=0/0 attn=0/0 rms=0/0 silu=0/0 fused=0/0
[TASK_TIME] worker=130 linear=0/0 linear_res=0/0 attn=0/0 rms=0/0 silu=0/0 fused=0/0
[TASK_TIME2] worker=178 prep=0/0 attend=0/0 merge=0/0 router=0/0 copy=13248/11 w2silu=0/0 lnorm=0/0 prefetch=0/0
[TASK_TIME] worker=83 linear=0/0 linear_res=0/0 attn=0/0 rms=0/0 silu=0/0 fused=0/0
[TASK_TIME] worker=290 linear=0/0 linear_res=0/0 attn=0/0 rms=0/0 silu=0/0 fused=0/0
[TASK_TIME] worker=65 linear=0/0 linear_res=0/0 attn=0/0 rms=0/0 silu=0/0 fused=0/0
[TASK_TIME] worker=282 linear=0/0 linear_res=0/0 attn=0/0 rms=0/0 silu=0/0 fused=0/0
[TASK_TIME] worker=162 linear=0/0 linear_res=0/0 attn=0/0 rms=0/0 silu=0/0 fused=0/0
[TIMING] worker=204 tasks=10 poll_iters=331688 dep_iters=9182 poll_cycles=191225156 dep_cycles=2673464 exec_cycles=13428 signal_cycles=46772
[TIMING] worker=115 tasks=12 poll_iters=485188 dep_iters=12038 poll_cycles=248807828 dep_cycles=3041244 exec_cycles=14868 signal_cycles=56860
[TASK_TIME] worker=241 linear=0/0 linear_res=0/0 attn=0/0 rms=0/0 silu=0/0 fused=0/0
[TASK_TIME] worker=73 linear=0/0 linear_res=0/0 attn=0/0 rms=0/0 silu=0/0 fused=0/0
[TASK_TIME2] worker=92 prep=0/0 attend=0/0 merge=0/0 router=0/0 copy=14280/11 w2silu=0/0 lnorm=0/0 prefetch=0/0
[TIMING] worker=202 tasks=11 poll_iters=360594 dep_iters=12747 poll_cycles=207942504 dep_cycles=3400664 exec_cycles=13404 signal_cycles=52780
[TIMING] worker=259 tasks=12 poll_iters=421361 dep_iters=11382 poll_cycles=242055512 dep_cycles=3315456 exec_cycles=16092 signal_cycles=58844
[TIMING] worker=196 tasks=10 poll_iters=350529 dep_iters=8326 poll_cycles=181344292 dep_cycles=2228468 exec_cycles=12880 signal_cycles=44468
[TASK_TIME] worker=292 linear=0/0 linear_res=0/0 attn=0/0 rms=0/0 silu=0/0 fused=0/0
[TASK_TIME] worker=188 linear=0/0 linear_res=0/0 attn=0/0 rms=0/0 silu=0/0 fused=0/0
[TASK_TIME] worker=218 linear=0/0 linear_res=0/0 attn=0/0 rms=0/0 silu=0/0 fused=0/0
[TIMING] worker=122 tasks=11 poll_iters=356690 dep_iters=11087 poll_cycles=205564048 dep_cycles=3139724 exec_cycles=13352 signal_cycles=52464
[TASK_TIME] worker=116 linear=0/0 linear_res=0/0 attn=0/0 rms=0/0 silu=0/0 fused=0/0
[TASK_TIME] worker=18 linear=0/0 linear_res=0/0 attn=0/0 rms=0/0 silu=0/0 fused=0/0
[TASK_TIME] worker=113 linear=0/0 linear_res=0/0 attn=0/0 rms=0/0 silu=0/0 fused=0/0
[TASK_TIME] worker=211 linear=0/0 linear_res=0/0 attn=0/0 rms=0/0 silu=0/0 fused=0/0
[TASK_TIME] worker=212 linear=0/0 linear_res=0/0 attn=0/0 rms=0/0 silu=0/0 fused=0/0
[TIMING] worker=60 tasks=11 poll_iters=329834 dep_iters=12216 poll_cycles=168970976 dep_cycles=3107488 exec_cycles=14232 signal_cycles=48828
[TASK_TIME] worker=74 linear=0/0 linear_res=0/0 attn=0/0 rms=0/0 silu=0/0 fused=0/0
[TASK_TIME] worker=3 linear=0/0 linear_res=0/0 attn=0/0 rms=0/0 silu=0/0 fused=0/0
[TASK_TIME] worker=98 linear=0/0 linear_res=0/0 attn=0/0 rms=0/0 silu=0/0 fused=0/0
[TASK_TIME] worker=257 linear=0/0 linear_res=0/0 attn=0/0 rms=0/0 silu=0/0 fused=0/0
[TASK_TIME] worker=185 linear=0/0 linear_res=0/0 attn=0/0 rms=0/0 silu=0/0 fused=0/0
[TASK_TIME2] worker=106 prep=0/0 attend=0/0 merge=0/0 router=0/0 copy=13076/11 w2silu=0/0 lnorm=0/0 prefetch=0/0
[TASK_TIME] worker=68 linear=0/0 linear_res=0/0 attn=0/0 rms=0/0 silu=0/0 fused=0/0
[TASK_TIME] worker=9 linear=0/0 linear_res=0/0 attn=0/0 rms=0/0 silu=0/0 fused=0/0
[TIMING] worker=12 tasks=11 poll_iters=302011 dep_iters=12005 poll_cycles=174031752 dep_cycles=3350592 exec_cycles=14564 signal_cycles=50960
[TASK_TIME] worker=131 linear=0/0 linear_res=0/0 attn=0/0 rms=0/0 silu=0/0 fused=0/0
[TASK_TIME] worker=268 linear=0/0 linear_res=0/0 attn=0/0 rms=0/0 silu=0/0 fused=0/0
[TASK_TIME] worker=51 linear=0/0 linear_res=0/0 attn=0/0 rms=0/0 silu=0/0 fused=0/0
[TASK_TIME] worker=132 linear=0/0 linear_res=0/0 attn=0/0 rms=0/0 silu=0/0 fused=0/0
[TASK_TIME] worker=44 linear=0/0 linear_res=0/0 attn=0/0 rms=0/0 silu=0/0 fused=0/0
[TASK_TIME] worker=170 linear=0/0 linear_res=0/0 attn=0/0 rms=0/0 silu=0/0 fused=0/0
[TASK_TIME] worker=2 linear=0/0 linear_res=0/0 attn=0/0 rms=0/0 silu=0/0 fused=0/0
[TASK_TIME] worker=140 linear=0/0 linear_res=0/0 attn=0/0 rms=0/0 silu=0/0 fused=0/0
[TASK_TIME] worker=281 linear=0/0 linear_res=0/0 attn=0/0 rms=0/0 silu=0/0 fused=0/0
[TASK_TIME] worker=105 linear=0/0 linear_res=0/0 attn=0/0 rms=0/0 silu=0/0 fused=0/0
[TIMING] worker=275 tasks=12 poll_iters=266478 dep_iters=11968 poll_cycles=153630104 dep_cycles=3168108 exec_cycles=14760 signal_cycles=57808
[TASK_TIME] worker=187 linear=0/0 linear_res=0/0 attn=0/0 rms=0/0 silu=0/0 fused=0/0
[TASK_TIME] worker=114 linear=0/0 linear_res=0/0 attn=0/0 rms=0/0 silu=0/0 fused=0/0
[TASK_TIME] worker=225 linear=0/0 linear_res=0/0 attn=0/0 rms=0/0 silu=0/0 fused=0/0
[TASK_TIME] worker=90 linear=0/0 linear_res=0/0 attn=0/0 rms=0/0 silu=0/0 fused=0/0
[TIMING] worker=137 tasks=11 poll_iters=297250 dep_iters=10143 poll_cycles=171296828 dep_cycles=2924392 exec_cycles=16200 signal_cycles=49944
[TASK_TIME2] worker=124 prep=0/0 attend=0/0 merge=0/0 router=0/0 copy=12884/10 w2silu=0/0 lnorm=0/0 prefetch=0/0
[TIMING] worker=201 tasks=11 poll_iters=510761 dep_iters=11645 poll_cycles=294489144 dep_cycles=3384016 exec_cycles=16364 signal_cycles=50252
[TIMING] worker=163 tasks=12 poll_iters=269231 dep_iters=10895 poll_cycles=155235080 dep_cycles=3150112 exec_cycles=15128 signal_cycles=60344
[TIMING] worker=245 tasks=10 poll_iters=124313 dep_iters=10637 poll_cycles=70650276 dep_cycles=2798912 exec_cycles=11976 signal_cycles=44732
[TIMING] worker=244 tasks=10 poll_iters=324880 dep_iters=9668 poll_cycles=187290132 dep_cycles=2772036 exec_cycles=13292 signal_cycles=46772
[TASK_TIME2] worker=228 prep=0/0 attend=0/0 merge=0/0 router=0/0 copy=13104/10 w2silu=0/0 lnorm=0/0 prefetch=0/0
[TASK_TIME2] worker=186 prep=0/0 attend=0/0 merge=0/0 router=0/0 copy=13592/11 w2silu=0/0 lnorm=0/0 prefetch=0/0
[TIMING] worker=100 tasks=11 poll_iters=331095 dep_iters=10319 poll_cycles=169683576 dep_cycles=2699448 exec_cycles=14268 signal_cycles=49120
[TASK_TIME] worker=41 linear=0/0 linear_res=0/0 attn=0/0 rms=0/0 silu=0/0 fused=0/0
[TASK_TIME2] worker=236 prep=0/0 attend=0/0 merge=0/0 router=0/0 copy=13232/10 w2silu=0/0 lnorm=0/0 prefetch=0/0
[TASK_TIME] worker=60 linear=0/0 linear_res=0/0 attn=0/0 rms=0/0 silu=0/0 fused=0/0
[TIMING] worker=166 tasks=10 poll_iters=77646 dep_iters=10353 poll_cycles=40698092 dep_cycles=2730388 exec_cycles=14124 signal_cycles=43792
[TASK_TIME2] worker=252 prep=0/0 attend=0/0 merge=0/0 router=0/0 copy=12988/10 w2silu=0/0 lnorm=0/0 prefetch=0/0
[TASK_TIME2] worker=76 prep=0/0 attend=0/0 merge=0/0 router=0/0 copy=14572/11 w2silu=0/0 lnorm=0/0 prefetch=0/0
[TASK_TIME] worker=12 linear=0/0 linear_res=0/0 attn=0/0 rms=0/0 silu=0/0 fused=0/0
[TASK_TIME] worker=172 linear=0/0 linear_res=0/0 attn=0/0 rms=0/0 silu=0/0 fused=0/0
[TASK_TIME] worker=28 linear=0/0 linear_res=0/0 attn=0/0 rms=0/0 silu=0/0 fused=0/0
[TASK_TIME2] worker=292 prep=0/0 attend=0/0 merge=0/0 router=0/0 copy=13008/10 w2silu=0/0 lnorm=0/0 prefetch=0/0
[TIMING] worker=260 tasks=10 poll_iters=325792 dep_iters=9778 poll_cycles=187760788 dep_cycles=2600092 exec_cycles=13080 signal_cycles=44624
[TASK_TIME] worker=52 linear=0/0 linear_res=0/0 attn=0/0 rms=0/0 silu=0/0 fused=0/0
[TASK_TIME] worker=244 linear=0/0 linear_res=0/0 attn=0/0 rms=0/0 silu=0/0 fused=0/0
[TASK_TIME] worker=138 linear=0/0 linear_res=0/0 attn=0/0 rms=0/0 silu=0/0 fused=0/0
[TASK_TIME2] worker=132 prep=0/0 attend=0/0 merge=0/0 router=0/0 copy=12992/10 w2silu=0/0 lnorm=0/0 prefetch=0/0
[TASK_TIME] worker=100 linear=0/0 linear_res=0/0 attn=0/0 rms=0/0 silu=0/0 fused=0/0
[TASK_TIME2] worker=116 prep=0/0 attend=0/0 merge=0/0 router=0/0 copy=13376/10 w2silu=0/0 lnorm=0/0 prefetch=0/0
[TASK_TIME2] worker=148 prep=0/0 attend=0/0 merge=0/0 router=0/0 copy=13100/10 w2silu=0/0 lnorm=0/0 prefetch=0/0
[TIMING] worker=126 tasks=10 poll_iters=60255 dep_iters=12245 poll_cycles=30949644 dep_cycles=3160164 exec_cycles=13948 signal_cycles=42672
[TASK_TIME2] worker=60 prep=0/0 attend=0/0 merge=0/0 router=0/0 copy=14232/11 w2silu=0/0 lnorm=0/0 prefetch=0/0
[TIMING] worker=125 tasks=10 poll_iters=91010 dep_iters=10809 poll_cycles=52505460 dep_cycles=3061944 exec_cycles=12096 signal_cycles=44448
[TASK_TIME2] worker=172 prep=0/0 attend=0/0 merge=0/0 router=0/0 copy=13276/10 w2silu=0/0 lnorm=0/0 prefetch=0/0
[TASK_TIME2] worker=12 prep=0/0 attend=0/0 merge=0/0 router=0/0 copy=14564/11 w2silu=0/0 lnorm=0/0 prefetch=0/0
[TASK_TIME] worker=210 linear=0/0 linear_res=0/0 attn=0/0 rms=0/0 silu=0/0 fused=0/0
[TASK_TIME2] worker=100 prep=0/0 attend=0/0 merge=0/0 router=0/0 copy=14268/11 w2silu=0/0 lnorm=0/0 prefetch=0/0
[TASK_TIME2] worker=28 prep=0/0 attend=0/0 merge=0/0 router=0/0 copy=14216/11 w2silu=0/0 lnorm=0/0 prefetch=0/0
[TASK_TIME2] worker=52 prep=0/0 attend=0/0 merge=0/0 router=0/0 copy=14720/11 w2silu=0/0 lnorm=0/0 prefetch=0/0
[TASK_TIME2] worker=244 prep=0/0 attend=0/0 merge=0/0 router=0/0 copy=13292/10 w2silu=0/0 lnorm=0/0 prefetch=0/0
[TASK_TIME] worker=67 linear=0/0 linear_res=0/0 attn=0/0 rms=0/0 silu=0/0 fused=0/0
[TIMING] worker=47 tasks=11 poll_iters=118781 dep_iters=12015 poll_cycles=68537520 dep_cycles=3353564 exec_cycles=14860 signal_cycles=48556
[TASK_TIME2] worker=4 prep=0/0 attend=0/0 merge=0/0 router=0/0 copy=14920/11 w2silu=0/0 lnorm=0/0 prefetch=0/0
[TASK_TIME] worker=177 linear=0/0 linear_res=0/0 attn=0/0 rms=0/0 silu=0/0 fused=0/0
[TASK_TIME2] worker=20 prep=0/0 attend=0/0 merge=0/0 router=0/0 copy=14708/11 w2silu=0/0 lnorm=0/0 prefetch=0/0
[TASK_TIME] worker=171 linear=0/0 linear_res=0/0 attn=0/0 rms=0/0 silu=0/0 fused=0/0
[TASK_TIME] worker=91 linear=0/0 linear_res=0/0 attn=0/0 rms=0/0 silu=0/0 fused=0/0
[TASK_TIME] worker=273 linear=0/0 linear_res=0/0 attn=0/0 rms=0/0 silu=0/0 fused=0/0
[TIMING] worker=233 tasks=11 poll_iters=288255 dep_iters=10410 poll_cycles=166147852 dep_cycles=3009880 exec_cycles=16104 signal_cycles=49340
[TASK_TIME] worker=43 linear=0/0 linear_res=0/0 attn=0/0 rms=0/0 silu=0/0 fused=0/0
[TASK_TIME] worker=164 linear=0/0 linear_res=0/0 attn=0/0 rms=0/0 silu=0/0 fused=0/0
[TASK_TIME] worker=193 linear=0/0 linear_res=0/0 attn=0/0 rms=0/0 silu=0/0 fused=0/0
[TIMING] worker=284 tasks=10 poll_iters=311905 dep_iters=8503 poll_cycles=179747932 dep_cycles=2337456 exec_cycles=13120 signal_cycles=45220
[TIMING] worker=107 tasks=12 poll_iters=515777 dep_iters=12822 poll_cycles=264534016 dep_cycles=3338644 exec_cycles=14592 signal_cycles=57484
[TASK_TIME2] worker=84 prep=0/0 attend=0/0 merge=0/0 router=0/0 copy=14572/11 w2silu=0/0 lnorm=0/0 prefetch=0/0
[TIMING] worker=5 tasks=11 poll_iters=86791 dep_iters=9333 poll_cycles=50091216 dep_cycles=2804848 exec_cycles=13972 signal_cycles=51764
[TASK_TIME] worker=219 linear=0/0 linear_res=0/0 attn=0/0 rms=0/0 silu=0/0 fused=0/0
[TASK_TIME] worker=291 linear=0/0 linear_res=0/0 attn=0/0 rms=0/0 silu=0/0 fused=0/0
[TASK_TIME2] worker=180 prep=0/0 attend=0/0 merge=0/0 router=0/0 copy=13236/10 w2silu=0/0 lnorm=0/0 prefetch=0/0
[TASK_TIME] worker=235 linear=0/0 linear_res=0/0 attn=0/0 rms=0/0 silu=0/0 fused=0/0
[TIMING] worker=15 tasks=11 poll_iters=130661 dep_iters=12491 poll_cycles=75395112 dep_cycles=3514392 exec_cycles=14920 signal_cycles=49020
[TASK_TIME] worker=129 linear=0/0 linear_res=0/0 attn=0/0 rms=0/0 silu=0/0 fused=0/0
[TASK_TIME2] worker=258 prep=0/0 attend=0/0 merge=0/0 router=0/0 copy=13592/11 w2silu=0/0 lnorm=0/0 prefetch=0/0
[TASK_TIME] worker=57 linear=0/0 linear_res=0/0 attn=0/0 rms=0/0 silu=0/0 fused=0/0
[TIMING] worker=29 tasks=11 poll_iters=72594 dep_iters=11501 poll_cycles=41896588 dep_cycles=3220312 exec_cycles=13320 signal_cycles=49660
[TIMING] worker=238 tasks=10 poll_iters=83270 dep_iters=10237 poll_cycles=48100224 dep_cycles=2982468 exec_cycles=14276 signal_cycles=43492
[TASK_TIME] worker=25 linear=0/0 linear_res=0/0 attn=0/0 rms=0/0 silu=0/0 fused=0/0
[TIMING] worker=16 tasks=12 poll_iters=48615 dep_iters=12149 poll_cycles=28093664 dep_cycles=3275896 exec_cycles=15916 signal_cycles=54140
[TASK_TIME] worker=145 linear=0/0 linear_res=0/0 attn=0/0 rms=0/0 silu=0/0 fused=0/0
[TASK_TIME] worker=99 linear=0/0 linear_res=0/0 attn=0/0 rms=0/0 silu=0/0 fused=0/0
[TIMING] worker=134 tasks=10 poll_iters=55369 dep_iters=11906 poll_cycles=28429016 dep_cycles=3072896 exec_cycles=14076 signal_cycles=42844
[TASK_TIME2] worker=33 prep=0/0 attend=0/0 merge=0/0 router=0/0 copy=17260/12 w2silu=0/0 lnorm=0/0 prefetch=0/0
[TIMING] worker=136 tasks=11 poll_iters=74860 dep_iters=10603 poll_cycles=38571148 dep_cycles=2799076 exec_cycles=14532 signal_cycles=49300
[TASK_TIME] worker=97 linear=0/0 linear_res=0/0 attn=0/0 rms=0/0 silu=0/0 fused=0/0
[TASK_TIME] worker=156 linear=0/0 linear_res=0/0 attn=0/0 rms=0/0 silu=0/0 fused=0/0
[TASK_TIME] worker=11 linear=0/0 linear_res=0/0 attn=0/0 rms=0/0 silu=0/0 fused=0/0
[TASK_TIME] worker=137 linear=0/0 linear_res=0/0 attn=0/0 rms=0/0 silu=0/0 fused=0/0
[TASK_TIME2] worker=274 prep=0/0 attend=0/0 merge=0/0 router=0/0 copy=13264/11 w2silu=0/0 lnorm=0/0 prefetch=0/0
[TASK_TIME2] worker=154 prep=0/0 attend=0/0 merge=0/0 router=0/0 copy=13528/11 w2silu=0/0 lnorm=0/0 prefetch=0/0
[TIMING] worker=0 tasks=12 poll_iters=70983 dep_iters=11128 poll_cycles=41069988 dep_cycles=3333840 exec_cycles=16360 signal_cycles=55852
[TASK_TIME] worker=227 linear=0/0 linear_res=0/0 attn=0/0 rms=0/0 silu=0/0 fused=0/0
[TIMING] worker=26 tasks=12 poll_iters=273924 dep_iters=12030 poll_cycles=157872876 dep_cycles=3358328 exec_cycles=14656 signal_cycles=58200
[TIMING] worker=203 tasks=12 poll_iters=302278 dep_iters=12510 poll_cycles=174247996 dep_cycles=3350960 exec_cycles=14896 signal_cycles=58468
[TASK_TIME] worker=251 linear=0/0 linear_res=0/0 attn=0/0 rms=0/0 silu=0/0 fused=0/0
[TASK_TIME2] worker=147 prep=0/0 attend=0/0 merge=0/0 router=0/0 copy=15592/12 w2silu=0/0 lnorm=0/0 prefetch=0/0
[TIMING] worker=232 tasks=11 poll_iters=48459 dep_iters=10877 poll_cycles=28046484 dep_cycles=2883456 exec_cycles=14408 signal_cycles=48644
[TASK_TIME] worker=259 linear=0/0 linear_res=0/0 attn=0/0 rms=0/0 silu=0/0 fused=0/0
[TIMING] worker=286 tasks=10 poll_iters=63230 dep_iters=9020 poll_cycles=36507904 dep_cycles=2477072 exec_cycles=14228 signal_cycles=43856
[TASK_TIME] worker=1 linear=0/0 linear_res=0/0 attn=0/0 rms=0/0 silu=0/0 fused=0/0
[TASK_TIME] worker=155 linear=0/0 linear_res=0/0 attn=0/0 rms=0/0 silu=0/0 fused=0/0
[TASK_TIME] worker=289 linear=0/0 linear_res=0/0 attn=0/0 rms=0/0 silu=0/0 fused=0/0
[TASK_TIME] worker=17 linear=0/0 linear_res=0/0 attn=0/0 rms=0/0 silu=0/0 fused=0/0
[TASK_TIME2] worker=265 prep=0/0 attend=0/0 merge=0/0 router=0/0 copy=16300/11 w2silu=0/0 lnorm=0/0 prefetch=0/0
[TASK_TIME] worker=195 linear=0/0 linear_res=0/0 attn=0/0 rms=0/0 silu=0/0 fused=0/0
[TIMING] worker=54 tasks=11 poll_iters=57997 dep_iters=11168 poll_cycles=33487632 dep_cycles=3285444 exec_cycles=15880 signal_cycles=48800
[TIMING] worker=96 tasks=11 poll_iters=50134 dep_iters=11706 poll_cycles=28974588 dep_cycles=3309388 exec_cycles=14808 signal_cycles=50308
[TASK_TIME2] worker=36 prep=0/0 attend=0/0 merge=0/0 router=0/0 copy=14224/11 w2silu=0/0 lnorm=0/0 prefetch=0/0
[TASK_TIME] worker=75 linear=0/0 linear_res=0/0 attn=0/0 rms=0/0 silu=0/0 fused=0/0
[TIMING] worker=13 tasks=11 poll_iters=138766 dep_iters=12885 poll_cycles=71282912 dep_cycles=3298964 exec_cycles=13112 signal_cycles=48508
[TIMING] worker=62 tasks=11 poll_iters=84308 dep_iters=12742 poll_cycles=43347492 dep_cycles=3241112 exec_cycles=15428 signal_cycles=46924
[TIMING] worker=143 tasks=10 poll_iters=119159 dep_iters=10428 poll_cycles=68732288 dep_cycles=3023268 exec_cycles=13648 signal_cycles=44720
[TASK_TIME] worker=243 linear=0/0 linear_res=0/0 attn=0/0 rms=0/0 silu=0/0 fused=0/0
[TIMING] worker=263 tasks=10 poll_iters=103950 dep_iters=10328 poll_cycles=61255984 dep_cycles=2760620 exec_cycles=13280 signal_cycles=43784
[TIMING] worker=7 tasks=11 poll_iters=147418 dep_iters=11017 poll_cycles=85056784 dep_cycles=3022120 exec_cycles=15100 signal_cycles=50108
[TASK_TIME2] worker=113 prep=0/0 attend=0/0 merge=0/0 router=0/0 copy=16168/11 w2silu=0/0 lnorm=0/0 prefetch=0/0
[TIMING] worker=199 tasks=10 poll_iters=138894 dep_iters=9099 poll_cycles=71325124 dep_cycles=2384848 exec_cycles=13164 signal_cycles=43284
[TASK_TIME2] worker=59 prep=0/0 attend=0/0 merge=0/0 router=0/0 copy=14600/11 w2silu=0/0 lnorm=0/0 prefetch=0/0
[TASK_TIME2] worker=161 prep=0/0 attend=0/0 merge=0/0 router=0/0 copy=16292/11 w2silu=0/0 lnorm=0/0 prefetch=0/0
[TASK_TIME2] worker=81 prep=0/0 attend=0/0 merge=0/0 router=0/0 copy=16208/11 w2silu=0/0 lnorm=0/0 prefetch=0/0
[TASK_TIME2] worker=65 prep=0/0 attend=0/0 merge=0/0 router=0/0 copy=17180/12 w2silu=0/0 lnorm=0/0 prefetch=0/0
[TASK_TIME2] worker=193 prep=0/0 attend=0/0 merge=0/0 router=0/0 copy=15912/11 w2silu=0/0 lnorm=0/0 prefetch=0/0
[TASK_TIME] worker=233 linear=0/0 linear_res=0/0 attn=0/0 rms=0/0 silu=0/0 fused=0/0
[TIMING] worker=294 tasks=10 poll_iters=140933 dep_iters=8581 poll_cycles=81396332 dep_cycles=2362180 exec_cycles=14104 signal_cycles=43412
[TASK_TIME2] worker=241 prep=0/0 attend=0/0 merge=0/0 router=0/0 copy=16188/11 w2silu=0/0 lnorm=0/0 prefetch=0/0
[TASK_TIME2] worker=209 prep=0/0 attend=0/0 merge=0/0 router=0/0 copy=16016/11 w2silu=0/0 lnorm=0/0 prefetch=0/0
[TASK_TIME2] worker=281 prep=0/0 attend=0/0 merge=0/0 router=0/0 copy=16068/11 w2silu=0/0 lnorm=0/0 prefetch=0/0
[TASK_TIME2] worker=105 prep=0/0 attend=0/0 merge=0/0 router=0/0 copy=16000/11 w2silu=0/0 lnorm=0/0 prefetch=0/0
[TIMING] worker=142 tasks=10 poll_iters=48704 dep_iters=10313 poll_cycles=28113124 dep_cycles=2991720 exec_cycles=14372 signal_cycles=44096
[TASK_TIME2] worker=257 prep=0/0 attend=0/0 merge=0/0 router=0/0 copy=15992/11 w2silu=0/0 lnorm=0/0 prefetch=0/0
[TASK_TIME2] worker=225 prep=0/0 attend=0/0 merge=0/0 router=0/0 copy=15944/11 w2silu=0/0 lnorm=0/0 prefetch=0/0
[TASK_TIME] worker=153 linear=0/0 linear_res=0/0 attn=0/0 rms=0/0 silu=0/0 fused=0/0
[TASK_TIME] worker=123 linear=0/0 linear_res=0/0 attn=0/0 rms=0/0 silu=0/0 fused=0/0
[TIMING] worker=272 tasks=11 poll_iters=53893 dep_iters=9367 poll_cycles=31231148 dep_cycles=2459504 exec_cycles=14532 signal_cycles=48396
[TASK_TIME2] worker=129 prep=0/0 attend=0/0 merge=0/0 router=0/0 copy=15840/11 w2silu=0/0 lnorm=0/0 prefetch=0/0
[TASK_TIME2] worker=89 prep=0/0 attend=0/0 merge=0/0 router=0/0 copy=16016/11 w2silu=0/0 lnorm=0/0 prefetch=0/0
[TASK_TIME2] worker=49 prep=0/0 attend=0/0 merge=0/0 router=0/0 copy=17764/12 w2silu=0/0 lnorm=0/0 prefetch=0/0
[TASK_TIME] worker=179 linear=0/0 linear_res=0/0 attn=0/0 rms=0/0 silu=0/0 fused=0/0
[TASK_TIME2] worker=97 prep=0/0 attend=0/0 merge=0/0 router=0/0 copy=15884/11 w2silu=0/0 lnorm=0/0 prefetch=0/0
[TASK_TIME2] worker=17 prep=0/0 attend=0/0 merge=0/0 router=0/0 copy=17836/12 w2silu=0/0 lnorm=0/0 prefetch=0/0
[TASK_TIME2] worker=273 prep=0/0 attend=0/0 merge=0/0 router=0/0 copy=16128/11 w2silu=0/0 lnorm=0/0 prefetch=0/0
[TIMING] worker=183 tasks=10 poll_iters=153949 dep_iters=9148 poll_cycles=88794364 dep_cycles=2585728 exec_cycles=13580 signal_cycles=44032
[TASK_TIME] worker=276 linear=0/0 linear_res=0/0 attn=0/0 rms=0/0 silu=0/0 fused=0/0
[TASK_TIME2] worker=1 prep=0/0 attend=0/0 merge=0/0 router=0/0 copy=17872/12 w2silu=0/0 lnorm=0/0 prefetch=0/0
[TASK_TIME2] worker=233 prep=0/0 attend=0/0 merge=0/0 router=0/0 copy=16104/11 w2silu=0/0 lnorm=0/0 prefetch=0/0
[TIMING] worker=128 tasks=11 poll_iters=52538 dep_iters=10217 poll_cycles=30361708 dep_cycles=2884900 exec_cycles=14700 signal_cycles=49408
[TASK_TIME2] worker=131 prep=0/0 attend=0/0 merge=0/0 router=0/0 copy=14652/11 w2silu=0/0 lnorm=0/0 prefetch=0/0
[TIMING] worker=295 tasks=10 poll_iters=156228 dep_iters=8808 poll_cycles=90117680 dep_cycles=2402220 exec_cycles=13400 signal_cycles=44104
[TASK_TIME] worker=267 linear=0/0 linear_res=0/0 attn=0/0 rms=0/0 silu=0/0 fused=0/0
[TIMING] worker=271 tasks=10 poll_iters=174280 dep_iters=8995 poll_cycles=100510944 dep_cycles=2684900 exec_cycles=13744 signal_cycles=45072
[TASK_TIME2] worker=188 prep=0/0 attend=0/0 merge=0/0 router=0/0 copy=13052/10 w2silu=0/0 lnorm=0/0 prefetch=0/0
[TASK_TIME2] worker=169 prep=0/0 attend=0/0 merge=0/0 router=0/0 copy=16140/11 w2silu=0/0 lnorm=0/0 prefetch=0/0
[TASK_TIME] worker=201 linear=0/0 linear_res=0/0 attn=0/0 rms=0/0 silu=0/0 fused=0/0
[TIMING] worker=39 tasks=11 poll_iters=123728 dep_iters=13285 poll_cycles=70444784 dep_cycles=3398616 exec_cycles=14632 signal_cycles=48328
[TIMING] worker=109 tasks=11 poll_iters=85280 dep_iters=12504 poll_cycles=43766180 dep_cycles=3221408 exec_cycles=13032 signal_cycles=47852
[TASK_TIME2] worker=220 prep=0/0 attend=0/0 merge=0/0 router=0/0 copy=13112/10 w2silu=0/0 lnorm=0/0 prefetch=0/0
[TIMING] worker=144 tasks=11 poll_iters=56281 dep_iters=10533 poll_cycles=28929456 dep_cycles=2715624 exec_cycles=14252 signal_cycles=48760
[TIMING] worker=70 tasks=11 poll_iters=67382 dep_iters=12585 poll_cycles=34615416 dep_cycles=3197888 exec_cycles=15276 signal_cycles=46920
[TASK_TIME] worker=260 linear=0/0 linear_res=0/0 attn=0/0 rms=0/0 silu=0/0 fused=0/0
[TASK_TIME] worker=139 linear=0/0 linear_res=0/0 attn=0/0 rms=0/0 silu=0/0 fused=0/0
[TASK_TIME2] worker=249 prep=0/0 attend=0/0 merge=0/0 router=0/0 copy=15888/11 w2silu=0/0 lnorm=0/0 prefetch=0/0
[TASK_TIME] worker=122 linear=0/0 linear_res=0/0 attn=0/0 rms=0/0 silu=0/0 fused=0/0
[TASK_TIME2] worker=130 prep=0/0 attend=0/0 merge=0/0 router=0/0 copy=13476/11 w2silu=0/0 lnorm=0/0 prefetch=0/0
[TIMING] worker=32 tasks=12 poll_iters=51065 dep_iters=11429 poll_cycles=29515804 dep_cycles=3196632 exec_cycles=16012 signal_cycles=54316
[TIMING] worker=279 tasks=10 poll_iters=82730 dep_iters=8987 poll_cycles=42448308 dep_cycles=2599176 exec_cycles=13596 signal_cycles=44236
[TASK_TIME] worker=121 linear=0/0 linear_res=0/0 attn=0/0 rms=0/0 silu=0/0 fused=0/0
[TASK_TIME] worker=242 linear=0/0 linear_res=0/0 attn=0/0 rms=0/0 silu=0/0 fused=0/0
[TIMING] worker=278 tasks=10 poll_iters=64412 dep_iters=8865 poll_cycles=33076844 dep_cycles=2563320 exec_cycles=14356 signal_cycles=43156
[TASK_TIME2] worker=185 prep=0/0 attend=0/0 merge=0/0 router=0/0 copy=15948/11 w2silu=0/0 lnorm=0/0 prefetch=0/0
[TASK_TIME] worker=107 linear=0/0 linear_res=0/0 attn=0/0 rms=0/0 silu=0/0 fused=0/0
[TASK_TIME] worker=163 linear=0/0 linear_res=0/0 attn=0/0 rms=0/0 silu=0/0 fused=0/0
[TIMING] worker=254 tasks=10 poll_iters=59353 dep_iters=10572 poll_cycles=34262020 dep_cycles=2815948 exec_cycles=14036 signal_cycles=43112
[TIMING] worker=53 tasks=11 poll_iters=81383 dep_iters=11539 poll_cycles=46949640 dep_cycles=3090444 exec_cycles=13256 signal_cycles=49824
[TASK_TIME2] worker=282 prep=0/0 attend=0/0 merge=0/0 router=0/0 copy=13700/11 w2silu=0/0 lnorm=0/0 prefetch=0/0
[TASK_TIME] worker=275 linear=0/0 linear_res=0/0 attn=0/0 rms=0/0 silu=0/0 fused=0/0
[TASK_TIME] worker=115 linear=0/0 linear_res=0/0 attn=0/0 rms=0/0 silu=0/0 fused=0/0
[TASK_TIME2] worker=235 prep=0/0 attend=0/0 merge=0/0 router=0/0 copy=14484/11 w2silu=0/0 lnorm=0/0 prefetch=0/0
[TIMING] worker=93 tasks=11 poll_iters=178766 dep_iters=10153 poll_cycles=103190764 dep_cycles=2894256 exec_cycles=13436 signal_cycles=50008
[TASK_TIME2] worker=35 prep=0/0 attend=0/0 merge=0/0 router=0/0 copy=16040/12 w2silu=0/0 lnorm=0/0 prefetch=0/0
[TASK_TIME2] worker=9 prep=0/0 attend=0/0 merge=0/0 router=0/0 copy=17648/12 w2silu=0/0 lnorm=0/0 prefetch=0/0
[TIMING] worker=101 tasks=11 poll_iters=99921 dep_iters=9589 poll_cycles=57637308 dep_cycles=2735900 exec_cycles=13384 signal_cycles=49624
[TASK_TIME2] worker=44 prep=0/0 attend=0/0 merge=0/0 router=0/0 copy=14488/11 w2silu=0/0 lnorm=0/0 prefetch=0/0
[TIMING] worker=231 tasks=10 poll_iters=179469 dep_iters=11605 poll_cycles=103568764 dep_cycles=3099992 exec_cycles=13440 signal_cycles=44068
[TASK_TIME2] worker=164 prep=0/0 attend=0/0 merge=0/0 router=0/0 copy=13036/10 w2silu=0/0 lnorm=0/0 prefetch=0/0
[TASK_TIME2] worker=266 prep=0/0 attend=0/0 merge=0/0 router=0/0 copy=13368/11 w2silu=0/0 lnorm=0/0 prefetch=0/0
[TASK_TIME2] worker=51 prep=0/0 attend=0/0 merge=0/0 router=0/0 copy=14568/11 w2silu=0/0 lnorm=0/0 prefetch=0/0
[TASK_TIME2] worker=219 prep=0/0 attend=0/0 merge=0/0 router=0/0 copy=14864/11 w2silu=0/0 lnorm=0/0 prefetch=0/0
[TIMING] worker=277 tasks=10 poll_iters=74719 dep_iters=9375 poll_cycles=43201484 dep_cycles=2466068 exec_cycles=11988 signal_cycles=43852
[TIMING] worker=230 tasks=10 poll_iters=49225 dep_iters=11474 poll_cycles=28411540 dep_cycles=3071656 exec_cycles=14168 signal_cycles=43476
[TASK_TIME2] worker=3 prep=0/0 attend=0/0 merge=0/0 router=0/0 copy=16112/12 w2silu=0/0 lnorm=0/0 prefetch=0/0
[TASK_TIME] worker=19 linear=0/0 linear_res=0/0 attn=0/0 rms=0/0 silu=0/0 fused=0/0
[TIMING] worker=64 tasks=12 poll_iters=48860 dep_iters=10841 poll_cycles=28229148 dep_cycles=3031788 exec_cycles=15844 signal_cycles=53908
[TIMING] worker=205 tasks=10 poll_iters=71694 dep_iters=10060 poll_cycles=41429280 dep_cycles=2699744 exec_cycles=12124 signal_cycles=44764
[TIMING] worker=46 tasks=11 poll_iters=58744 dep_iters=11900 poll_cycles=33915152 dep_cycles=3328900 exec_cycles=15696 signal_cycles=47656
[TASK_TIME2] worker=75 prep=0/0 attend=0/0 merge=0/0 router=0/0 copy=15748/12 w2silu=0/0 lnorm=0/0 prefetch=0/0
[TASK_TIME2] worker=155 prep=0/0 attend=0/0 merge=0/0 router=0/0 copy=14824/11 w2silu=0/0 lnorm=0/0 prefetch=0/0
[TASK_TIME2] worker=43 prep=0/0 attend=0/0 merge=0/0 router=0/0 copy=14364/11 w2silu=0/0 lnorm=0/0 prefetch=0/0
[TASK_TIME2] worker=251 prep=0/0 attend=0/0 merge=0/0 router=0/0 copy=14664/11 w2silu=0/0 lnorm=0/0 prefetch=0/0
[TIMING] worker=22 tasks=11 poll_iters=54739 dep_iters=11711 poll_cycles=31606796 dep_cycles=3461192 exec_cycles=15896 signal_cycles=49088
[TASK_TIME] worker=82 linear=0/0 linear_res=0/0 attn=0/0 rms=0/0 silu=0/0 fused=0/0
[TASK_TIME] worker=196 linear=0/0 linear_res=0/0 attn=0/0 rms=0/0 silu=0/0 fused=0/0
[TASK_TIME2] worker=123 prep=0/0 attend=0/0 merge=0/0 router=0/0 copy=14528/11 w2silu=0/0 lnorm=0/0 prefetch=0/0
[TASK_TIME2] worker=145 prep=0/0 attend=0/0 merge=0/0 router=0/0 copy=16056/11 w2silu=0/0 lnorm=0/0 prefetch=0/0
[TASK_TIME2] worker=83 prep=0/0 attend=0/0 merge=0/0 router=0/0 copy=14536/11 w2silu=0/0 lnorm=0/0 prefetch=0/0
[TASK_TIME2] worker=171 prep=0/0 attend=0/0 merge=0/0 router=0/0 copy=14456/11 w2silu=0/0 lnorm=0/0 prefetch=0/0
[TIMING] worker=141 tasks=10 poll_iters=102917 dep_iters=10993 poll_cycles=52820916 dep_cycles=2892020 exec_cycles=11988 signal_cycles=44488
[TASK_TIME2] worker=108 prep=0/0 attend=0/0 merge=0/0 router=0/0 copy=14488/11 w2silu=0/0 lnorm=0/0 prefetch=0/0
[TASK_TIME] worker=203 linear=0/0 linear_res=0/0 attn=0/0 rms=0/0 silu=0/0 fused=0/0
[TASK_TIME2] worker=27 prep=0/0 attend=0/0 merge=0/0 router=0/0 copy=15920/12 w2silu=0/0 lnorm=0/0 prefetch=0/0
[TASK_TIME2] worker=74 prep=0/0 attend=0/0 merge=0/0 router=0/0 copy=13272/11 w2silu=0/0 lnorm=0/0 prefetch=0/0
[TIMING] worker=48 tasks=12 poll_iters=50898 dep_iters=11605 poll_cycles=29410716 dep_cycles=3112032 exec_cycles=15880 signal_cycles=53932
[TASK_TIME2] worker=187 prep=0/0 attend=0/0 merge=0/0 router=0/0 copy=16056/12 w2silu=0/0 lnorm=0/0 prefetch=0/0
[TASK_TIME2] worker=243 prep=0/0 attend=0/0 merge=0/0 router=0/0 copy=14456/11 w2silu=0/0 lnorm=0/0 prefetch=0/0
[TIMING] worker=38 tasks=11 poll_iters=58515 dep_iters=13211 poll_cycles=30218124 dep_cycles=3377832 exec_cycles=15396 signal_cycles=47660
[TASK_TIME2] worker=146 prep=0/0 attend=0/0 merge=0/0 router=0/0 copy=13064/11 w2silu=0/0 lnorm=0/0 prefetch=0/0
[TASK_TIME2] worker=11 prep=0/0 attend=0/0 merge=0/0 router=0/0 copy=15692/12 w2silu=0/0 lnorm=0/0 prefetch=0/0
[TASK_TIME] worker=283 linear=0/0 linear_res=0/0 attn=0/0 rms=0/0 silu=0/0 fused=0/0
[TASK_TIME2] worker=267 prep=0/0 attend=0/0 merge=0/0 router=0/0 copy=14628/11 w2silu=0/0 lnorm=0/0 prefetch=0/0
[TIMING] worker=40 tasks=12 poll_iters=75021 dep_iters=12470 poll_cycles=38637268 dep_cycles=3158564 exec_cycles=15748 signal_cycles=52184
[TASK_TIME] worker=204 linear=0/0 linear_res=0/0 attn=0/0 rms=0/0 silu=0/0 fused=0/0
[TIMING] worker=293 tasks=10 poll_iters=89642 dep_iters=7414 poll_cycles=53102228 dep_cycles=2254076 exec_cycles=12200 signal_cycles=46616
[TASK_TIME2] worker=195 prep=0/0 attend=0/0 merge=0/0 router=0/0 copy=14688/11 w2silu=0/0 lnorm=0/0 prefetch=0/0
[TIMING] worker=288 tasks=11 poll_iters=71979 dep_iters=9662 poll_cycles=41653008 dep_cycles=2856360 exec_cycles=14776 signal_cycles=50292
[TASK_TIME2] worker=227 prep=0/0 attend=0/0 merge=0/0 router=0/0 copy=14688/11 w2silu=0/0 lnorm=0/0 prefetch=0/0
[TASK_TIME2] worker=67 prep=0/0 attend=0/0 merge=0/0 router=0/0 copy=14444/11 w2silu=0/0 lnorm=0/0 prefetch=0/0
[TASK_TIME2] worker=99 prep=0/0 attend=0/0 merge=0/0 router=0/0 copy=14704/11 w2silu=0/0 lnorm=0/0 prefetch=0/0
[TASK_TIME2] worker=291 prep=0/0 attend=0/0 merge=0/0 router=0/0 copy=14768/11 w2silu=0/0 lnorm=0/0 prefetch=0/0
[TASK_TIME2] worker=73 prep=0/0 attend=0/0 merge=0/0 router=0/0 copy=16272/11 w2silu=0/0 lnorm=0/0 prefetch=0/0
[TIMING] worker=30 tasks=11 poll_iters=60340 dep_iters=13354 poll_cycles=31008248 dep_cycles=3418792 exec_cycles=15392 signal_cycles=47524
[TASK_TIME2] worker=114 prep=0/0 attend=0/0 merge=0/0 router=0/0 copy=13252/11 w2silu=0/0 lnorm=0/0 prefetch=0/0
[TIMING] worker=189 tasks=10 poll_iters=110898 dep_iters=8220 poll_cycles=63999084 dep_cycles=2376480 exec_cycles=12244 signal_cycles=44624
[TASK_TIME2] worker=179 prep=0/0 attend=0/0 merge=0/0 router=0/0 copy=14396/11 w2silu=0/0 lnorm=0/0 prefetch=0/0
[TASK_TIME2] worker=19 prep=0/0 attend=0/0 merge=0/0 router=0/0 copy=15904/12 w2silu=0/0 lnorm=0/0 prefetch=0/0
[TIMING] worker=23 tasks=11 poll_iters=67946 dep_iters=11778 poll_cycles=39240504 dep_cycles=3479680 exec_cycles=15116 signal_cycles=50080
[TASK_TIME2] worker=98 prep=0/0 attend=0/0 merge=0/0 router=0/0 copy=13508/11 w2silu=0/0 lnorm=0/0 prefetch=0/0
[TASK_TIME2] worker=163 prep=0/0 attend=0/0 merge=0/0 router=0/0 copy=14808/11 w2silu=0/0 lnorm=0/0 prefetch=0/0
[TIMING] worker=262 tasks=10 poll_iters=79873 dep_iters=10239 poll_cycles=46140216 dep_cycles=2728728 exec_cycles=14168 signal_cycles=43128
[TASK_TIME2] worker=18 prep=0/0 attend=0/0 merge=0/0 router=0/0 copy=14552/12 w2silu=0/0 lnorm=0/0 prefetch=0/0
[TIMING] worker=37 tasks=11 poll_iters=74118 dep_iters=11355 poll_cycles=42768660 dep_cycles=3176760 exec_cycles=13364 signal_cycles=49912
[TIMING] worker=119 tasks=10 poll_iters=194128 dep_iters=11838 poll_cycles=111993652 dep_cycles=3285056 exec_cycles=13652 signal_cycles=43712
[TIMING] worker=151 tasks=10 poll_iters=157103 dep_iters=10356 poll_cycles=90611244 dep_cycles=2931336 exec_cycles=13480 signal_cycles=44148
[TASK_TIME2] worker=275 prep=0/0 attend=0/0 merge=0/0 router=0/0 copy=14444/11 w2silu=0/0 lnorm=0/0 prefetch=0/0
[TASK_TIME2] worker=203 prep=0/0 attend=0/0 merge=0/0 router=0/0 copy=14576/11 w2silu=0/0 lnorm=0/0 prefetch=0/0
[TASK_TIME2] worker=211 prep=0/0 attend=0/0 merge=0/0 router=0/0 copy=14332/11 w2silu=0/0 lnorm=0/0 prefetch=0/0
[TASK_TIME2] worker=139 prep=0/0 attend=0/0 merge=0/0 router=0/0 copy=14468/11 w2silu=0/0 lnorm=0/0 prefetch=0/0
[TASK_TIME2] worker=115 prep=0/0 attend=0/0 merge=0/0 router=0/0 copy=14320/11 w2silu=0/0 lnorm=0/0 prefetch=0/0
[TIMING] worker=94 tasks=11 poll_iters=65639 dep_iters=11812 poll_cycles=37886116 dep_cycles=3079624 exec_cycles=15472 signal_cycles=48052
[TASK_TIME2] worker=276 prep=0/0 attend=0/0 merge=0/0 router=0/0 copy=13280/10 w2silu=0/0 lnorm=0/0 prefetch=0/0
[TASK_TIME2] worker=201 prep=0/0 attend=0/0 merge=0/0 router=0/0 copy=16364/11 w2silu=0/0 lnorm=0/0 prefetch=0/0
[TASK_TIME2] worker=41 prep=0/0 attend=0/0 merge=0/0 router=0/0 copy=17496/12 w2silu=0/0 lnorm=0/0 prefetch=0/0
[TASK_TIME2] worker=153 prep=0/0 attend=0/0 merge=0/0 router=0/0 copy=15940/11 w2silu=0/0 lnorm=0/0 prefetch=0/0
[TASK_TIME2] worker=91 prep=0/0 attend=0/0 merge=0/0 router=0/0 copy=14756/11 w2silu=0/0 lnorm=0/0 prefetch=0/0
[TIMING] worker=213 tasks=10 poll_iters=82473 dep_iters=12214 poll_cycles=42389796 dep_cycles=3143508 exec_cycles=11888 signal_cycles=43676
[TIMING] worker=24 tasks=12 poll_iters=59097 dep_iters=11587 poll_cycles=34175584 dep_cycles=3238716 exec_cycles=16020 signal_cycles=54156
[TIMING] worker=72 tasks=11 poll_iters=84798 dep_iters=11512 poll_cycles=48993716 dep_cycles=2990184 exec_cycles=14468 signal_cycles=49372
[TASK_TIME2] worker=260 prep=0/0 attend=0/0 merge=0/0 router=0/0 copy=13080/10 w2silu=0/0 lnorm=0/0 prefetch=0/0
[TASK_TIME2] worker=2 prep=0/0 attend=0/0 merge=0/0 router=0/0 copy=15172/12 w2silu=0/0 lnorm=0/0 prefetch=0/0
[TIMING] worker=264 tasks=11 poll_iters=49772 dep_iters=9312 poll_cycles=28846712 dep_cycles=2543848 exec_cycles=14576 signal_cycles=49904
[TASK_TIME2] worker=212 prep=0/0 attend=0/0 merge=0/0 router=0/0 copy=13180/10 w2silu=0/0 lnorm=0/0 prefetch=0/0
[TIMING] worker=111 tasks=11 poll_iters=206740 dep_iters=11902 poll_cycles=119301756 dep_cycles=3373600 exec_cycles=14884 signal_cycles=48256
[TIMING] worker=88 tasks=11 poll_iters=47394 dep_iters=11967 poll_cycles=27397532 dep_cycles=3390536 exec_cycles=14816 signal_cycles=50436
[TASK_TIME2] worker=122 prep=0/0 attend=0/0 merge=0/0 router=0/0 copy=13352/11 w2silu=0/0 lnorm=0/0 prefetch=0/0
[TASK_TIME2] worker=259 prep=0/0 attend=0/0 merge=0/0 router=0/0 copy=16092/12 w2silu=0/0 lnorm=0/0 prefetch=0/0
[TASK_TIME2] worker=137 prep=0/0 attend=0/0 merge=0/0 router=0/0 copy=16200/11 w2silu=0/0 lnorm=0/0 prefetch=0/0
[TASK_TIME2] worker=217 prep=0/0 attend=0/0 merge=0/0 router=0/0 copy=16036/11 w2silu=0/0 lnorm=0/0 prefetch=0/0
[TASK_TIME2] worker=234 prep=0/0 attend=0/0 merge=0/0 router=0/0 copy=13184/11 w2silu=0/0 lnorm=0/0 prefetch=0/0
[TIMING] worker=285 tasks=10 poll_iters=77032 dep_iters=7976 poll_cycles=44539560 dep_cycles=2378372 exec_cycles=12324 signal_cycles=46164
[TASK_TIME2] worker=162 prep=0/0 attend=0/0 merge=0/0 router=0/0 copy=13556/11 w2silu=0/0 lnorm=0/0 prefetch=0/0
[TASK_TIME] worker=34 linear=0/0 linear_res=0/0 attn=0/0 rms=0/0 silu=0/0 fused=0/0
[TIMING] worker=224 tasks=11 poll_iters=48183 dep_iters=10171 poll_cycles=27908000 dep_cycles=2967524 exec_cycles=14800 signal_cycles=50444
[TASK_TIME2] worker=177 prep=0/0 attend=0/0 merge=0/0 router=0/0 copy=16188/11 w2silu=0/0 lnorm=0/0 prefetch=0/0
[TASK_TIME2] worker=156 prep=0/0 attend=0/0 merge=0/0 router=0/0 copy=13092/10 w2silu=0/0 lnorm=0/0 prefetch=0/0
[TASK_TIME2] worker=50 prep=0/0 attend=0/0 merge=0/0 router=0/0 copy=14552/12 w2silu=0/0 lnorm=0/0 prefetch=0/0
[TASK_TIME2] worker=57 prep=0/0 attend=0/0 merge=0/0 router=0/0 copy=17204/12 w2silu=0/0 lnorm=0/0 prefetch=0/0
[TASK_TIME2] worker=107 prep=0/0 attend=0/0 merge=0/0 router=0/0 copy=14276/11 w2silu=0/0 lnorm=0/0 prefetch=0/0
[TASK_TIME] worker=284 linear=0/0 linear_res=0/0 attn=0/0 rms=0/0 silu=0/0 fused=0/0
[TASK_TIME2] worker=170 prep=0/0 attend=0/0 merge=0/0 router=0/0 copy=13268/11 w2silu=0/0 lnorm=0/0 prefetch=0/0
[TIMING] worker=182 tasks=10 poll_iters=53930 dep_iters=9024 poll_cycles=31123928 dep_cycles=2557224 exec_cycles=14300 signal_cycles=43396
[TASK_TIME2] worker=268 prep=0/0 attend=0/0 merge=0/0 router=0/0 copy=13396/10 w2silu=0/0 lnorm=0/0 prefetch=0/0
[TASK_TIME2] worker=90 prep=0/0 attend=0/0 merge=0/0 router=0/0 copy=13560/11 w2silu=0/0 lnorm=0/0 prefetch=0/0
[TASK_TIME2] worker=210 prep=0/0 attend=0/0 merge=0/0 router=0/0 copy=13084/11 w2silu=0/0 lnorm=0/0 prefetch=0/0
[TIMING] worker=222 tasks=10 poll_iters=110716 dep_iters=11785 poll_cycles=63923660 dep_cycles=3155916 exec_cycles=14172 signal_cycles=43512
[TIMING] worker=247 tasks=10 poll_iters=114176 dep_iters=10132 poll_cycles=65934496 dep_cycles=2936056 exec_cycles=13536 signal_cycles=44432
[TASK_TIME] worker=26 linear=0/0 linear_res=0/0 attn=0/0 rms=0/0 silu=0/0 fused=0/0
[TASK_TIME2] worker=140 prep=0/0 attend=0/0 merge=0/0 router=0/0 copy=13312/10 w2silu=0/0 lnorm=0/0 prefetch=0/0
[TASK_TIME2] worker=138 prep=0/0 attend=0/0 merge=0/0 router=0/0 copy=13232/11 w2silu=0/0 lnorm=0/0 prefetch=0/0
[TASK_TIME2] worker=289 prep=0/0 attend=0/0 merge=0/0 router=0/0 copy=16004/11 w2silu=0/0 lnorm=0/0 prefetch=0/0
[TASK_TIME2] worker=25 prep=0/0 attend=0/0 merge=0/0 router=0/0 copy=17256/12 w2silu=0/0 lnorm=0/0 prefetch=0/0
[TASK_TIME2] worker=218 prep=0/0 attend=0/0 merge=0/0 router=0/0 copy=13596/11 w2silu=0/0 lnorm=0/0 prefetch=0/0
[TASK_TIME2] worker=196 prep=0/0 attend=0/0 merge=0/0 router=0/0 copy=12880/10 w2silu=0/0 lnorm=0/0 prefetch=0/0
[TASK_TIME2] worker=121 prep=0/0 attend=0/0 merge=0/0 router=0/0 copy=15756/11 w2silu=0/0 lnorm=0/0 prefetch=0/0
[TIMING] worker=120 tasks=11 poll_iters=48080 dep_iters=10484 poll_cycles=27782836 dep_cycles=2968072 exec_cycles=14572 signal_cycles=49244
[TIMING] worker=216 tasks=11 poll_iters=52228 dep_iters=10477 poll_cycles=30263420 dep_cycles=3048412 exec_cycles=14808 signal_cycles=50812
[TIMING] worker=95 tasks=11 poll_iters=184714 dep_iters=11929 poll_cycles=106556360 dep_cycles=3106864 exec_cycles=14684 signal_cycles=48344
[TIMING] worker=173 tasks=10 poll_iters=71897 dep_iters=9737 poll_cycles=36909604 dep_cycles=2550900 exec_cycles=11984 signal_cycles=43524
[TASK_TIME2] worker=242 prep=0/0 attend=0/0 merge=0/0 router=0/0 copy=13252/11 w2silu=0/0 lnorm=0/0 prefetch=0/0
[TASK_TIME2] worker=68 prep=0/0 attend=0/0 merge=0/0 router=0/0 copy=14124/11 w2silu=0/0 lnorm=0/0 prefetch=0/0
[TIMING] worker=248 tasks=11 poll_iters=50536 dep_iters=9312 poll_cycles=29269848 dep_cycles=2714640 exec_cycles=14688 signal_cycles=49740
[TIMING] worker=253 tasks=10 poll_iters=99592 dep_iters=9341 poll_cycles=57543096 dep_cycles=2717556 exec_cycles=12164 signal_cycles=45188
[TIMING] worker=192 tasks=11 poll_iters=50620 dep_iters=11610 poll_cycles=29310976 dep_cycles=3339316 exec_cycles=14712 signal_cycles=49524
[TIMING] worker=8 tasks=12 poll_iters=59157 dep_iters=13096 poll_cycles=30462700 dep_cycles=3345052 exec_cycles=15784 signal_cycles=53212
[TASK_TIME2] worker=204 prep=0/0 attend=0/0 merge=0/0 router=0/0 copy=13428/10 w2silu=0/0 lnorm=0/0 prefetch=0/0
[TIMING] worker=61 tasks=11 poll_iters=57909 dep_iters=10916 poll_cycles=33426720 dep_cycles=3050092 exec_cycles=13356 signal_cycles=48964
[TASK_TIME2] worker=283 prep=0/0 attend=0/0 merge=0/0 router=0/0 copy=14868/11 w2silu=0/0 lnorm=0/0 prefetch=0/0
[TIMING] worker=229 tasks=10 poll_iters=73453 dep_iters=10191 poll_cycles=42450064 dep_cycles=2968940 exec_cycles=12296 signal_cycles=45804
[TIMING] worker=118 tasks=10 poll_iters=52805 dep_iters=11668 poll_cycles=30472068 dep_cycles=3244372 exec_cycles=14436 signal_cycles=43204
[TASK_TIME2] worker=34 prep=0/0 attend=0/0 merge=0/0 router=0/0 copy=14588/12 w2silu=0/0 lnorm=0/0 prefetch=0/0
[TASK_TIME2] worker=82 prep=0/0 attend=0/0 merge=0/0 router=0/0 copy=13304/11 w2silu=0/0 lnorm=0/0 prefetch=0/0
[TIMING] worker=208 tasks=11 poll_iters=53685 dep_iters=12175 poll_cycles=27657172 dep_cycles=3136860 exec_cycles=14304 signal_cycles=48392
[TIMING] worker=197 tasks=10 poll_iters=90294 dep_iters=7800 poll_cycles=52164140 dep_cycles=2259324 exec_cycles=12144 signal_cycles=44648
[TIMING] worker=77 tasks=11 poll_iters=194753 dep_iters=11382 poll_cycles=112359340 dep_cycles=2964116 exec_cycles=13120 signal_cycles=48912
[TIMING] worker=239 tasks=10 poll_iters=143608 dep_iters=10370 poll_cycles=82914068 dep_cycles=3017684 exec_cycles=13576 signal_cycles=44252
[TIMING] worker=174 tasks=10 poll_iters=63080 dep_iters=9183 poll_cycles=36420040 dep_cycles=2645056 exec_cycles=14388 signal_cycles=43480
[TIMING] worker=160 tasks=11 poll_iters=138644 dep_iters=8785 poll_cycles=80119524 dep_cycles=2541924 exec_cycles=14748 signal_cycles=50596
[TASK_TIME2] worker=284 prep=0/0 attend=0/0 merge=0/0 router=0/0 copy=13120/10 w2silu=0/0 lnorm=0/0 prefetch=0/0
[TIMING] worker=246 tasks=10 poll_iters=63914 dep_iters=9976 poll_cycles=36911428 dep_cycles=2899060 exec_cycles=14356 signal_cycles=44096
[TASK_TIME2] worker=26 prep=0/0 attend=0/0 merge=0/0 router=0/0 copy=14656/12 w2silu=0/0 lnorm=0/0 prefetch=0/0
[TASK_TIME] worker=202 linear=0/0 linear_res=0/0 attn=0/0 rms=0/0 silu=0/0 fused=0/0
[TIMING] worker=45 tasks=11 poll_iters=82036 dep_iters=12340 poll_cycles=42101856 dep_cycles=3133792 exec_cycles=13056 signal_cycles=47980
[TIMING] worker=223 tasks=10 poll_iters=124817 dep_iters=11909 poll_cycles=72058276 dep_cycles=3181916 exec_cycles=13484 signal_cycles=43868
[TASK_TIME2] worker=290 prep=0/0 attend=0/0 merge=0/0 router=0/0 copy=13576/11 w2silu=0/0 lnorm=0/0 prefetch=0/0
[TIMING] worker=21 tasks=11 poll_iters=107609 dep_iters=12074 poll_cycles=62089036 dep_cycles=3259856 exec_cycles=13276 signal_cycles=49928
[TIMING] worker=165 tasks=10 poll_iters=59654 dep_iters=9153 poll_cycles=34430240 dep_cycles=2633428 exec_cycles=12268 signal_cycles=45324
[TIMING] worker=149 tasks=10 poll_iters=127286 dep_iters=10887 poll_cycles=65356164 dep_cycles=2806288 exec_cycles=11816 signal_cycles=43660
[TIMING] worker=206 tasks=10 poll_iters=61306 dep_iters=9483 poll_cycles=35403108 dep_cycles=2798752 exec_cycles=14496 signal_cycles=44164
[TIMING] worker=69 tasks=11 poll_iters=93821 dep_iters=10783 poll_cycles=54133920 dep_cycles=3007744 exec_cycles=13236 signal_cycles=49168
[TASK_TIME2] worker=202 prep=0/0 attend=0/0 merge=0/0 router=0/0 copy=13404/11 w2silu=0/0 lnorm=0/0 prefetch=0/0
[TIMING] worker=150 tasks=10 poll_iters=54513 dep_iters=10236 poll_cycles=31460196 dep_cycles=2901296 exec_cycles=14176 signal_cycles=43312
[TIMING] worker=200 tasks=11 poll_iters=48969 dep_iters=12181 poll_cycles=28346588 dep_cycles=3250112 exec_cycles=14664 signal_cycles=49880
[TIMING] worker=14 tasks=11 poll_iters=67056 dep_iters=12399 poll_cycles=38726080 dep_cycles=3501628 exec_cycles=15736 signal_cycles=47928
[TIMING] worker=168 tasks=11 poll_iters=56723 dep_iters=9395 poll_cycles=29155488 dep_cycles=2461876 exec_cycles=14568 signal_cycles=48964
[TIMING] worker=237 tasks=10 poll_iters=54750 dep_iters=10850 poll_cycles=31660364 dep_cycles=2883976 exec_cycles=11932 signal_cycles=44228
[TIMING] worker=280 tasks=11 poll_iters=49462 dep_iters=9894 poll_cycles=28652900 dep_cycles=2937988 exec_cycles=14924 signal_cycles=50700
[TIMING] worker=214 tasks=10 poll_iters=56291 dep_iters=11451 poll_cycles=32493252 dep_cycles=3246608 exec_cycles=14260 signal_cycles=43072
[TIMING] worker=261 tasks=10 poll_iters=94977 dep_iters=9042 poll_cycles=54030272 dep_cycles=2631604 exec_cycles=12280 signal_cycles=45268
[TIMING] worker=6 tasks=11 poll_iters=98746 dep_iters=10923 poll_cycles=57023804 dep_cycles=3007372 exec_cycles=15952 signal_cycles=48992
[TIMING] worker=157 tasks=10 poll_iters=98477 dep_iters=9465 poll_cycles=56819804 dep_cycles=2723544 exec_cycles=12236 signal_cycles=45488
[TIMING] worker=135 tasks=10 poll_iters=161039 dep_iters=12068 poll_cycles=82598108 dep_cycles=3109284 exec_cycles=13296 signal_cycles=43328
[TIMING] worker=112 tasks=11 poll_iters=54606 dep_iters=12184 poll_cycles=28065640 dep_cycles=3051844 exec_cycles=14488 signal_cycles=48404
[TIMING] worker=85 tasks=11 poll_iters=103943 dep_iters=10658 poll_cycles=59958048 dep_cycles=2928576 exec_cycles=13148 signal_cycles=49384
[TIMING] worker=269 tasks=10 poll_iters=106497 dep_iters=9356 poll_cycles=61550600 dep_cycles=2548160 exec_cycles=12088 signal_cycles=45056
[TIMING] worker=117 tasks=10 poll_iters=107302 dep_iters=12525 poll_cycles=55061344 dep_cycles=3148692 exec_cycles=12052 signal_cycles=43780
[TIMING] worker=175 tasks=10 poll_iters=155379 dep_iters=9267 poll_cycles=89623768 dep_cycles=2674544 exec_cycles=13588 signal_cycles=44172
[TIMING] worker=133 tasks=10 poll_iters=124497 dep_iters=10501 poll_cycles=71830212 dep_cycles=2975916 exec_cycles=12172 signal_cycles=44480
[TIMING] worker=270 tasks=10 poll_iters=51826 dep_iters=8848 poll_cycles=29917432 dep_cycles=2645680 exec_cycles=14464 signal_cycles=44436
[TIMING] worker=110 tasks=11 poll_iters=56222 dep_iters=11703 poll_cycles=32457040 dep_cycles=3322336 exec_cycles=15684 signal_cycles=47192
[TIMING] worker=221 tasks=10 poll_iters=87233 dep_iters=10484 poll_cycles=50400068 dep_cycles=3054960 exec_cycles=12324 signal_cycles=45792
[TIMING] worker=86 tasks=11 poll_iters=57760 dep_iters=10382 poll_cycles=33350620 dep_cycles=3117728 exec_cycles=15772 signal_cycles=48924
[TIMING] worker=31 tasks=11 poll_iters=87643 dep_iters=13472 poll_cycles=45007648 dep_cycles=3440368 exec_cycles=14600 signal_cycles=48012
[TIMING] worker=256 tasks=11 poll_iters=55739 dep_iters=8790 poll_cycles=32176592 dep_cycles=2623116 exec_cycles=14812 signal_cycles=50440
[TIMING] worker=198 tasks=10 poll_iters=94122 dep_iters=8508 poll_cycles=50558284 dep_cycles=2349580 exec_cycles=14008 signal_cycles=42612
[TIMING] worker=80 tasks=11 poll_iters=56990 dep_iters=10646 poll_cycles=32937672 dep_cycles=2909548 exec_cycles=14572 signal_cycles=49464
[TIMING] worker=78 tasks=11 poll_iters=64033 dep_iters=10988 poll_cycles=36974132 dep_cycles=3151924 exec_cycles=15736 signal_cycles=48748
[TIMING] worker=102 tasks=11 poll_iters=63034 dep_iters=10846 poll_cycles=32372356 dep_cycles=2835452 exec_cycles=15432 signal_cycles=47796
[TIMING] worker=103 tasks=11 poll_iters=145232 dep_iters=11132 poll_cycles=74514568 dep_cycles=2890008 exec_cycles=14632 signal_cycles=48352
[TIMING] worker=215 tasks=10 poll_iters=130808 dep_iters=11546 poll_cycles=75509740 dep_cycles=3271536 exec_cycles=13540 signal_cycles=43864
[TIMING] worker=190 tasks=10 poll_iters=64636 dep_iters=9374 poll_cycles=33202604 dep_cycles=2468072 exec_cycles=14124 signal_cycles=42840
[TIMING] worker=158 tasks=10 poll_iters=61217 dep_iters=10688 poll_cycles=31443708 dep_cycles=2818176 exec_cycles=14120 signal_cycles=43660
[TIMING] worker=104 tasks=11 poll_iters=109325 dep_iters=12181 poll_cycles=56304880 dep_cycles=3133612 exec_cycles=14360 signal_cycles=48324
[TIMING] worker=207 tasks=10 poll_iters=137868 dep_iters=9636 poll_cycles=79617348 dep_cycles=2827520 exec_cycles=13816 signal_cycles=44796
[TASK_TIME] worker=238 linear=0/0 linear_res=0/0 attn=0/0 rms=0/0 silu=0/0 fused=0/0
[TIMING] worker=181 tasks=10 poll_iters=232226 dep_iters=9582 poll_cycles=119271476 dep_cycles=2464948 exec_cycles=11928 signal_cycles=43788
[TASK_TIME] worker=166 linear=0/0 linear_res=0/0 attn=0/0 rms=0/0 silu=0/0 fused=0/0
[TASK_TIME] worker=173 linear=0/0 linear_res=0/0 attn=0/0 rms=0/0 silu=0/0 fused=0/0
[TIMING] worker=176 tasks=11 poll_iters=57538 dep_iters=11483 poll_cycles=29584104 dep_cycles=2942800 exec_cycles=14480 signal_cycles=48872
[TASK_TIME] worker=53 linear=0/0 linear_res=0/0 attn=0/0 rms=0/0 silu=0/0 fused=0/0
[TASK_TIME] worker=125 linear=0/0 linear_res=0/0 attn=0/0 rms=0/0 silu=0/0 fused=0/0
[TASK_TIME] worker=70 linear=0/0 linear_res=0/0 attn=0/0 rms=0/0 silu=0/0 fused=0/0
[TASK_TIME] worker=293 linear=0/0 linear_res=0/0 attn=0/0 rms=0/0 silu=0/0 fused=0/0
[TIMING] worker=56 tasks=12 poll_iters=47971 dep_iters=10995 poll_cycles=27729340 dep_cycles=3074576 exec_cycles=15984 signal_cycles=53556
[TASK_TIME] worker=230 linear=0/0 linear_res=0/0 attn=0/0 rms=0/0 silu=0/0 fused=0/0
[TIMING] worker=152 tasks=11 poll_iters=48828 dep_iters=9088 poll_cycles=28214980 dep_cycles=2634052 exec_cycles=14740 signal_cycles=50408
[TASK_TIME] worker=13 linear=0/0 linear_res=0/0 attn=0/0 rms=0/0 silu=0/0 fused=0/0
[TASK_TIME] worker=134 linear=0/0 linear_res=0/0 attn=0/0 rms=0/0 silu=0/0 fused=0/0
[TIMING] worker=287 tasks=10 poll_iters=71081 dep_iters=9189 poll_cycles=41032936 dep_cycles=2514456 exec_cycles=13488 signal_cycles=44148
[TASK_TIME] worker=94 linear=0/0 linear_res=0/0 attn=0/0 rms=0/0 silu=0/0 fused=0/0
[TASK_TIME] worker=206 linear=0/0 linear_res=0/0 attn=0/0 rms=0/0 silu=0/0 fused=0/0
[TASK_TIME] worker=126 linear=0/0 linear_res=0/0 attn=0/0 rms=0/0 silu=0/0 fused=0/0
[TIMING] worker=127 tasks=10 poll_iters=151986 dep_iters=12414 poll_cycles=77990912 dep_cycles=3197164 exec_cycles=13236 signal_cycles=43240
[TASK_TIME] worker=262 linear=0/0 linear_res=0/0 attn=0/0 rms=0/0 silu=0/0 fused=0/0
[TIMING] worker=240 tasks=11 poll_iters=49189 dep_iters=10592 poll_cycles=28368720 dep_cycles=2799964 exec_cycles=14480 signal_cycles=49016
[TASK_TIME] worker=205 linear=0/0 linear_res=0/0 attn=0/0 rms=0/0 silu=0/0 fused=0/0
[TASK_TIME] worker=237 linear=0/0 linear_res=0/0 attn=0/0 rms=0/0 silu=0/0 fused=0/0
[TASK_TIME] worker=118 linear=0/0 linear_res=0/0 attn=0/0 rms=0/0 silu=0/0 fused=0/0
[TASK_TIME] worker=6 linear=0/0 linear_res=0/0 attn=0/0 rms=0/0 silu=0/0 fused=0/0
[TASK_TIME] worker=174 linear=0/0 linear_res=0/0 attn=0/0 rms=0/0 silu=0/0 fused=0/0
[TASK_TIME] worker=245 linear=0/0 linear_res=0/0 attn=0/0 rms=0/0 silu=0/0 fused=0/0
[TASK_TIME] worker=222 linear=0/0 linear_res=0/0 attn=0/0 rms=0/0 silu=0/0 fused=0/0
[TASK_TIME] worker=14 linear=0/0 linear_res=0/0 attn=0/0 rms=0/0 silu=0/0 fused=0/0
[TASK_TIME] worker=54 linear=0/0 linear_res=0/0 attn=0/0 rms=0/0 silu=0/0 fused=0/0
[TASK_TIME] worker=142 linear=0/0 linear_res=0/0 attn=0/0 rms=0/0 silu=0/0 fused=0/0
[TASK_TIME] worker=286 linear=0/0 linear_res=0/0 attn=0/0 rms=0/0 silu=0/0 fused=0/0
[TASK_TIME] worker=62 linear=0/0 linear_res=0/0 attn=0/0 rms=0/0 silu=0/0 fused=0/0
[TASK_TIME] worker=229 linear=0/0 linear_res=0/0 attn=0/0 rms=0/0 silu=0/0 fused=0/0
[TASK_TIME] worker=157 linear=0/0 linear_res=0/0 attn=0/0 rms=0/0 silu=0/0 fused=0/0
[TASK_TIME] worker=38 linear=0/0 linear_res=0/0 attn=0/0 rms=0/0 silu=0/0 fused=0/0
[TASK_TIME] worker=30 linear=0/0 linear_res=0/0 attn=0/0 rms=0/0 silu=0/0 fused=0/0
[TASK_TIME] worker=254 linear=0/0 linear_res=0/0 attn=0/0 rms=0/0 silu=0/0 fused=0/0
[TASK_TIME] worker=149 linear=0/0 linear_res=0/0 attn=0/0 rms=0/0 silu=0/0 fused=0/0
[TASK_TIME] worker=269 linear=0/0 linear_res=0/0 attn=0/0 rms=0/0 silu=0/0 fused=0/0
[TASK_TIME] worker=29 linear=0/0 linear_res=0/0 attn=0/0 rms=0/0 silu=0/0 fused=0/0
[TASK_TIME] worker=261 linear=0/0 linear_res=0/0 attn=0/0 rms=0/0 silu=0/0 fused=0/0
[TASK_TIME] worker=158 linear=0/0 linear_res=0/0 attn=0/0 rms=0/0 silu=0/0 fused=0/0
[TASK_TIME] worker=5 linear=0/0 linear_res=0/0 attn=0/0 rms=0/0 silu=0/0 fused=0/0
[TASK_TIME] worker=109 linear=0/0 linear_res=0/0 attn=0/0 rms=0/0 silu=0/0 fused=0/0
[TASK_TIME] worker=278 linear=0/0 linear_res=0/0 attn=0/0 rms=0/0 silu=0/0 fused=0/0
[TIMING] worker=87 tasks=11 poll_iters=130625 dep_iters=10480 poll_cycles=75382616 dep_cycles=3148120 exec_cycles=14984 signal_cycles=49840
[TIMING] worker=55 tasks=11 poll_iters=158912 dep_iters=11275 poll_cycles=91698112 dep_cycles=3312132 exec_cycles=15088 signal_cycles=49700
[TIMING] worker=159 tasks=10 poll_iters=79146 dep_iters=10817 poll_cycles=45160476 dep_cycles=2846432 exec_cycles=13376 signal_cycles=43820
[TASK_TIME] worker=101 linear=0/0 linear_res=0/0 attn=0/0 rms=0/0 silu=0/0 fused=0/0
[TASK_TIME] worker=285 linear=0/0 linear_res=0/0 attn=0/0 rms=0/0 silu=0/0 fused=0/0
[TASK_TIME] worker=213 linear=0/0 linear_res=0/0 attn=0/0 rms=0/0 silu=0/0 fused=0/0
[TASK_TIME] worker=294 linear=0/0 linear_res=0/0 attn=0/0 rms=0/0 silu=0/0 fused=0/0
[TASK_TIME] worker=141 linear=0/0 linear_res=0/0 attn=0/0 rms=0/0 silu=0/0 fused=0/0
[TIMING] worker=191 tasks=10 poll_iters=164956 dep_iters=9533 poll_cycles=84630692 dep_cycles=2501328 exec_cycles=13344 signal_cycles=43324
[TASK_TIME] worker=61 linear=0/0 linear_res=0/0 attn=0/0 rms=0/0 silu=0/0 fused=0/0
[TASK_TIME] worker=246 linear=0/0 linear_res=0/0 attn=0/0 rms=0/0 silu=0/0 fused=0/0
[TASK_TIME] worker=270 linear=0/0 linear_res=0/0 attn=0/0 rms=0/0 silu=0/0 fused=0/0
[TASK_TIME] worker=190 linear=0/0 linear_res=0/0 attn=0/0 rms=0/0 silu=0/0 fused=0/0
[TASK_TIME] worker=133 linear=0/0 linear_res=0/0 attn=0/0 rms=0/0 silu=0/0 fused=0/0
[TASK_TIME] worker=93 linear=0/0 linear_res=0/0 attn=0/0 rms=0/0 silu=0/0 fused=0/0
[TASK_TIME] worker=37 linear=0/0 linear_res=0/0 attn=0/0 rms=0/0 silu=0/0 fused=0/0
[TASK_TIME] worker=182 linear=0/0 linear_res=0/0 attn=0/0 rms=0/0 silu=0/0 fused=0/0
[TASK_TIME] worker=214 linear=0/0 linear_res=0/0 attn=0/0 rms=0/0 silu=0/0 fused=0/0
[TASK_TIME] worker=189 linear=0/0 linear_res=0/0 attn=0/0 rms=0/0 silu=0/0 fused=0/0
[TASK_TIME] worker=86 linear=0/0 linear_res=0/0 attn=0/0 rms=0/0 silu=0/0 fused=0/0
[TASK_TIME] worker=198 linear=0/0 linear_res=0/0 attn=0/0 rms=0/0 silu=0/0 fused=0/0
[TASK_TIME] worker=150 linear=0/0 linear_res=0/0 attn=0/0 rms=0/0 silu=0/0 fused=0/0
[TASK_TIME] worker=22 linear=0/0 linear_res=0/0 attn=0/0 rms=0/0 silu=0/0 fused=0/0
[TASK_TIME] worker=221 linear=0/0 linear_res=0/0 attn=0/0 rms=0/0 silu=0/0 fused=0/0
[TIMING] worker=71 tasks=11 poll_iters=144193 dep_iters=12712 poll_cycles=73989984 dep_cycles=3227788 exec_cycles=14496 signal_cycles=47824
[TASK_TIME] worker=117 linear=0/0 linear_res=0/0 attn=0/0 rms=0/0 silu=0/0 fused=0/0
[TASK_TIME] worker=119 linear=0/0 linear_res=0/0 attn=0/0 rms=0/0 silu=0/0 fused=0/0
[TASK_TIME] worker=102 linear=0/0 linear_res=0/0 attn=0/0 rms=0/0 silu=0/0 fused=0/0
[TASK_TIME] worker=46 linear=0/0 linear_res=0/0 attn=0/0 rms=0/0 silu=0/0 fused=0/0
[TIMING] worker=167 tasks=10 poll_iters=147939 dep_iters=10463 poll_cycles=84958232 dep_cycles=2759124 exec_cycles=13420 signal_cycles=43716
[TASK_TIME] worker=277 linear=0/0 linear_res=0/0 attn=0/0 rms=0/0 silu=0/0 fused=0/0
[TASK_TIME] worker=8 linear=0/0 linear_res=0/0 attn=0/0 rms=0/0 silu=0/0 fused=0/0
[TASK_TIME] worker=78 linear=0/0 linear_res=0/0 attn=0/0 rms=0/0 silu=0/0 fused=0/0
[TASK_TIME] worker=69 linear=0/0 linear_res=0/0 attn=0/0 rms=0/0 silu=0/0 fused=0/0
[TIMING] worker=63 tasks=11 poll_iters=138852 dep_iters=12915 poll_cycles=71250408 dep_cycles=3270656 exec_cycles=14580 signal_cycles=47596
[TASK_TIME] worker=165 linear=0/0 linear_res=0/0 attn=0/0 rms=0/0 silu=0/0 fused=0/0
[TASK_TIME] worker=197 linear=0/0 linear_res=0/0 attn=0/0 rms=0/0 silu=0/0 fused=0/0
[TASK_TIME2] worker=166 prep=0/0 attend=0/0 merge=0/0 router=0/0 copy=14124/10 w2silu=0/0 lnorm=0/0 prefetch=0/0
[TASK_TIME] worker=21 linear=0/0 linear_res=0/0 attn=0/0 rms=0/0 silu=0/0 fused=0/0
[TASK_TIME] worker=77 linear=0/0 linear_res=0/0 attn=0/0 rms=0/0 silu=0/0 fused=0/0
[TASK_TIME] worker=110 linear=0/0 linear_res=0/0 attn=0/0 rms=0/0 silu=0/0 fused=0/0
[TIMING] worker=184 tasks=11 poll_iters=49465 dep_iters=9952 poll_cycles=28596896 dep_cycles=2856400 exec_cycles=14824 signal_cycles=49612
[TASK_TIME2] worker=238 prep=0/0 attend=0/0 merge=0/0 router=0/0 copy=14276/10 w2silu=0/0 lnorm=0/0 prefetch=0/0
[TASK_TIME2] worker=94 prep=0/0 attend=0/0 merge=0/0 router=0/0 copy=15472/11 w2silu=0/0 lnorm=0/0 prefetch=0/0
[TASK_TIME2] worker=174 prep=0/0 attend=0/0 merge=0/0 router=0/0 copy=14388/10 w2silu=0/0 lnorm=0/0 prefetch=0/0
[TASK_TIME2] worker=14 prep=0/0 attend=0/0 merge=0/0 router=0/0 copy=15736/11 w2silu=0/0 lnorm=0/0 prefetch=0/0
[TASK_TIME2] worker=118 prep=0/0 attend=0/0 merge=0/0 router=0/0 copy=14436/10 w2silu=0/0 lnorm=0/0 prefetch=0/0
[TASK_TIME2] worker=70 prep=0/0 attend=0/0 merge=0/0 router=0/0 copy=15276/11 w2silu=0/0 lnorm=0/0 prefetch=0/0
[TASK_TIME2] worker=222 prep=0/0 attend=0/0 merge=0/0 router=0/0 copy=14172/10 w2silu=0/0 lnorm=0/0 prefetch=0/0
[TASK_TIME] worker=85 linear=0/0 linear_res=0/0 attn=0/0 rms=0/0 silu=0/0 fused=0/0
[TASK_TIME] worker=151 linear=0/0 linear_res=0/0 attn=0/0 rms=0/0 silu=0/0 fused=0/0
[TASK_TIME2] worker=126 prep=0/0 attend=0/0 merge=0/0 router=0/0 copy=13948/10 w2silu=0/0 lnorm=0/0 prefetch=0/0
[TASK_TIME2] worker=30 prep=0/0 attend=0/0 merge=0/0 router=0/0 copy=15392/11 w2silu=0/0 lnorm=0/0 prefetch=0/0
[TIMING] worker=255 tasks=10 poll_iters=158426 dep_iters=10769 poll_cycles=91436796 dep_cycles=2857616 exec_cycles=13332 signal_cycles=43548
[TASK_TIME2] worker=230 prep=0/0 attend=0/0 merge=0/0 router=0/0 copy=14168/10 w2silu=0/0 lnorm=0/0 prefetch=0/0
[TASK_TIME2] worker=254 prep=0/0 attend=0/0 merge=0/0 router=0/0 copy=14036/10 w2silu=0/0 lnorm=0/0 prefetch=0/0
[TASK_TIME2] worker=134 prep=0/0 attend=0/0 merge=0/0 router=0/0 copy=14076/10 w2silu=0/0 lnorm=0/0 prefetch=0/0
[TASK_TIME] worker=16 linear=0/0 linear_res=0/0 attn=0/0 rms=0/0 silu=0/0 fused=0/0
[TASK_TIME2] worker=38 prep=0/0 attend=0/0 merge=0/0 router=0/0 copy=15396/11 w2silu=0/0 lnorm=0/0 prefetch=0/0
[TASK_TIME2] worker=262 prep=0/0 attend=0/0 merge=0/0 router=0/0 copy=14168/10 w2silu=0/0 lnorm=0/0 prefetch=0/0
[TASK_TIME2] worker=46 prep=0/0 attend=0/0 merge=0/0 router=0/0 copy=15696/11 w2silu=0/0 lnorm=0/0 prefetch=0/0
[TASK_TIME] worker=88 linear=0/0 linear_res=0/0 attn=0/0 rms=0/0 silu=0/0 fused=0/0
[TASK_TIME2] worker=158 prep=0/0 attend=0/0 merge=0/0 router=0/0 copy=14120/10 w2silu=0/0 lnorm=0/0 prefetch=0/0
[TASK_TIME] worker=136 linear=0/0 linear_res=0/0 attn=0/0 rms=0/0 silu=0/0 fused=0/0
[TASK_TIME2] worker=190 prep=0/0 attend=0/0 merge=0/0 router=0/0 copy=14124/10 w2silu=0/0 lnorm=0/0 prefetch=0/0
[TASK_TIME2] worker=102 prep=0/0 attend=0/0 merge=0/0 router=0/0 copy=15432/11 w2silu=0/0 lnorm=0/0 prefetch=0/0
[TASK_TIME] worker=253 linear=0/0 linear_res=0/0 attn=0/0 rms=0/0 silu=0/0 fused=0/0
[TASK_TIME] worker=279 linear=0/0 linear_res=0/0 attn=0/0 rms=0/0 silu=0/0 fused=0/0
[TASK_TIME2] worker=62 prep=0/0 attend=0/0 merge=0/0 router=0/0 copy=15428/11 w2silu=0/0 lnorm=0/0 prefetch=0/0
[TASK_TIME] worker=15 linear=0/0 linear_res=0/0 attn=0/0 rms=0/0 silu=0/0 fused=0/0
[TASK_TIME2] worker=198 prep=0/0 attend=0/0 merge=0/0 router=0/0 copy=14008/10 w2silu=0/0 lnorm=0/0 prefetch=0/0
[TASK_TIME] worker=215 linear=0/0 linear_res=0/0 attn=0/0 rms=0/0 silu=0/0 fused=0/0
[TASK_TIME2] worker=6 prep=0/0 attend=0/0 merge=0/0 router=0/0 copy=15952/11 w2silu=0/0 lnorm=0/0 prefetch=0/0
[TASK_TIME2] worker=214 prep=0/0 attend=0/0 merge=0/0 router=0/0 copy=14260/10 w2silu=0/0 lnorm=0/0 prefetch=0/0
[TASK_TIME] worker=39 linear=0/0 linear_res=0/0 attn=0/0 rms=0/0 silu=0/0 fused=0/0
[TASK_TIME2] worker=54 prep=0/0 attend=0/0 merge=0/0 router=0/0 copy=15880/11 w2silu=0/0 lnorm=0/0 prefetch=0/0
[TASK_TIME] worker=183 linear=0/0 linear_res=0/0 attn=0/0 rms=0/0 silu=0/0 fused=0/0
[TASK_TIME] worker=181 linear=0/0 linear_res=0/0 attn=0/0 rms=0/0 silu=0/0 fused=0/0
[TASK_TIME2] worker=86 prep=0/0 attend=0/0 merge=0/0 router=0/0 copy=15772/11 w2silu=0/0 lnorm=0/0 prefetch=0/0
[TASK_TIME2] worker=142 prep=0/0 attend=0/0 merge=0/0 router=0/0 copy=14372/10 w2silu=0/0 lnorm=0/0 prefetch=0/0
[TASK_TIME2] worker=246 prep=0/0 attend=0/0 merge=0/0 router=0/0 copy=14356/10 w2silu=0/0 lnorm=0/0 prefetch=0/0
[TASK_TIME2] worker=206 prep=0/0 attend=0/0 merge=0/0 router=0/0 copy=14496/10 w2silu=0/0 lnorm=0/0 prefetch=0/0
[TASK_TIME] worker=144 linear=0/0 linear_res=0/0 attn=0/0 rms=0/0 silu=0/0 fused=0/0
[TASK_TIME2] worker=278 prep=0/0 attend=0/0 merge=0/0 router=0/0 copy=14356/10 w2silu=0/0 lnorm=0/0 prefetch=0/0
[TASK_TIME2] worker=294 prep=0/0 attend=0/0 merge=0/0 router=0/0 copy=14104/10 w2silu=0/0 lnorm=0/0 prefetch=0/0
[TASK_TIME] worker=208 linear=0/0 linear_res=0/0 attn=0/0 rms=0/0 silu=0/0 fused=0/0
[TASK_TIME2] worker=182 prep=0/0 attend=0/0 merge=0/0 router=0/0 copy=14300/10 w2silu=0/0 lnorm=0/0 prefetch=0/0
[TASK_TIME] worker=295 linear=0/0 linear_res=0/0 attn=0/0 rms=0/0 silu=0/0 fused=0/0
[TASK_TIME2] worker=270 prep=0/0 attend=0/0 merge=0/0 router=0/0 copy=14464/10 w2silu=0/0 lnorm=0/0 prefetch=0/0
[TASK_TIME2] worker=22 prep=0/0 attend=0/0 merge=0/0 router=0/0 copy=15896/11 w2silu=0/0 lnorm=0/0 prefetch=0/0
[TIMING] worker=79 tasks=11 poll_iters=70753 dep_iters=11134 poll_cycles=40859820 dep_cycles=3185000 exec_cycles=14984 signal_cycles=49236
[TASK_TIME2] worker=53 prep=0/0 attend=0/0 merge=0/0 router=0/0 copy=13256/11 w2silu=0/0 lnorm=0/0 prefetch=0/0
[TASK_TIME2] worker=110 prep=0/0 attend=0/0 merge=0/0 router=0/0 copy=15684/11 w2silu=0/0 lnorm=0/0 prefetch=0/0
[TASK_TIME2] worker=286 prep=0/0 attend=0/0 merge=0/0 router=0/0 copy=14228/10 w2silu=0/0 lnorm=0/0 prefetch=0/0
[TASK_TIME] worker=232 linear=0/0 linear_res=0/0 attn=0/0 rms=0/0 silu=0/0 fused=0/0
[TASK_TIME] worker=112 linear=0/0 linear_res=0/0 attn=0/0 rms=0/0 silu=0/0 fused=0/0
[TASK_TIME2] worker=78 prep=0/0 attend=0/0 merge=0/0 router=0/0 copy=15736/11 w2silu=0/0 lnorm=0/0 prefetch=0/0
[TASK_TIME] worker=24 linear=0/0 linear_res=0/0 attn=0/0 rms=0/0 silu=0/0 fused=0/0
[TASK_TIME] worker=32 linear=0/0 linear_res=0/0 attn=0/0 rms=0/0 silu=0/0 fused=0/0
[TASK_TIME] worker=216 linear=0/0 linear_res=0/0 attn=0/0 rms=0/0 silu=0/0 fused=0/0
[TASK_TIME] worker=80 linear=0/0 linear_res=0/0 attn=0/0 rms=0/0 silu=0/0 fused=0/0
[TASK_TIME2] worker=150 prep=0/0 attend=0/0 merge=0/0 router=0/0 copy=14176/10 w2silu=0/0 lnorm=0/0 prefetch=0/0
[TASK_TIME] worker=264 linear=0/0 linear_res=0/0 attn=0/0 rms=0/0 silu=0/0 fused=0/0
[TASK_TIME] worker=256 linear=0/0 linear_res=0/0 attn=0/0 rms=0/0 silu=0/0 fused=0/0
[TASK_TIME] worker=160 linear=0/0 linear_res=0/0 attn=0/0 rms=0/0 silu=0/0 fused=0/0
[TASK_TIME2] worker=125 prep=0/0 attend=0/0 merge=0/0 router=0/0 copy=12096/10 w2silu=0/0 lnorm=0/0 prefetch=0/0
[TASK_TIME] worker=263 linear=0/0 linear_res=0/0 attn=0/0 rms=0/0 silu=0/0 fused=0/0
[TASK_TIME] worker=48 linear=0/0 linear_res=0/0 attn=0/0 rms=0/0 silu=0/0 fused=0/0
[TASK_TIME2] worker=5 prep=0/0 attend=0/0 merge=0/0 router=0/0 copy=13972/11 w2silu=0/0 lnorm=0/0 prefetch=0/0
[TASK_TIME] worker=96 linear=0/0 linear_res=0/0 attn=0/0 rms=0/0 silu=0/0 fused=0/0
[TASK_TIME2] worker=13 prep=0/0 attend=0/0 merge=0/0 router=0/0 copy=13112/11 w2silu=0/0 lnorm=0/0 prefetch=0/0
[TASK_TIME] worker=64 linear=0/0 linear_res=0/0 attn=0/0 rms=0/0 silu=0/0 fused=0/0
[TASK_TIME] worker=0 linear=0/0 linear_res=0/0 attn=0/0 rms=0/0 silu=0/0 fused=0/0
[TASK_TIME2] worker=29 prep=0/0 attend=0/0 merge=0/0 router=0/0 copy=13320/11 w2silu=0/0 lnorm=0/0 prefetch=0/0
[TASK_TIME] worker=45 linear=0/0 linear_res=0/0 attn=0/0 rms=0/0 silu=0/0 fused=0/0
[TASK_TIME2] worker=173 prep=0/0 attend=0/0 merge=0/0 router=0/0 copy=11984/10 w2silu=0/0 lnorm=0/0 prefetch=0/0
[TASK_TIME2] worker=245 prep=0/0 attend=0/0 merge=0/0 router=0/0 copy=11976/10 w2silu=0/0 lnorm=0/0 prefetch=0/0
[TASK_TIME2] worker=149 prep=0/0 attend=0/0 merge=0/0 router=0/0 copy=11816/10 w2silu=0/0 lnorm=0/0 prefetch=0/0
[TASK_TIME2] worker=69 prep=0/0 attend=0/0 merge=0/0 router=0/0 copy=13236/11 w2silu=0/0 lnorm=0/0 prefetch=0/0
[TASK_TIME] worker=200 linear=0/0 linear_res=0/0 attn=0/0 rms=0/0 silu=0/0 fused=0/0
[TASK_TIME2] worker=293 prep=0/0 attend=0/0 merge=0/0 router=0/0 copy=12200/10 w2silu=0/0 lnorm=0/0 prefetch=0/0
[TASK_TIME2] worker=205 prep=0/0 attend=0/0 merge=0/0 router=0/0 copy=12124/10 w2silu=0/0 lnorm=0/0 prefetch=0/0
[TASK_TIME2] worker=237 prep=0/0 attend=0/0 merge=0/0 router=0/0 copy=11932/10 w2silu=0/0 lnorm=0/0 prefetch=0/0
[TASK_TIME2] worker=61 prep=0/0 attend=0/0 merge=0/0 router=0/0 copy=13356/11 w2silu=0/0 lnorm=0/0 prefetch=0/0
[TASK_TIME2] worker=37 prep=0/0 attend=0/0 merge=0/0 router=0/0 copy=13364/11 w2silu=0/0 lnorm=0/0 prefetch=0/0
[TASK_TIME2] worker=133 prep=0/0 attend=0/0 merge=0/0 router=0/0 copy=12172/10 w2silu=0/0 lnorm=0/0 prefetch=0/0
[TASK_TIME] worker=40 linear=0/0 linear_res=0/0 attn=0/0 rms=0/0 silu=0/0 fused=0/0
[TASK_TIME] worker=7 linear=0/0 linear_res=0/0 attn=0/0 rms=0/0 silu=0/0 fused=0/0
[TASK_TIME] worker=199 linear=0/0 linear_res=0/0 attn=0/0 rms=0/0 silu=0/0 fused=0/0
[TASK_TIME] worker=223 linear=0/0 linear_res=0/0 attn=0/0 rms=0/0 silu=0/0 fused=0/0
[TASK_TIME] worker=104 linear=0/0 linear_res=0/0 attn=0/0 rms=0/0 silu=0/0 fused=0/0
[TASK_TIME2] worker=197 prep=0/0 attend=0/0 merge=0/0 router=0/0 copy=12144/10 w2silu=0/0 lnorm=0/0 prefetch=0/0
[TASK_TIME] worker=280 linear=0/0 linear_res=0/0 attn=0/0 rms=0/0 silu=0/0 fused=0/0
[TASK_TIME2] worker=229 prep=0/0 attend=0/0 merge=0/0 router=0/0 copy=12296/10 w2silu=0/0 lnorm=0/0 prefetch=0/0
[TASK_TIME] worker=248 linear=0/0 linear_res=0/0 attn=0/0 rms=0/0 silu=0/0 fused=0/0
[TASK_TIME2] worker=261 prep=0/0 attend=0/0 merge=0/0 router=0/0 copy=12280/10 w2silu=0/0 lnorm=0/0 prefetch=0/0
[TASK_TIME] worker=143 linear=0/0 linear_res=0/0 attn=0/0 rms=0/0 silu=0/0 fused=0/0
[TASK_TIME2] worker=117 prep=0/0 attend=0/0 merge=0/0 router=0/0 copy=12052/10 w2silu=0/0 lnorm=0/0 prefetch=0/0
[TASK_TIME2] worker=165 prep=0/0 attend=0/0 merge=0/0 router=0/0 copy=12268/10 w2silu=0/0 lnorm=0/0 prefetch=0/0
[TASK_TIME2] worker=157 prep=0/0 attend=0/0 merge=0/0 router=0/0 copy=12236/10 w2silu=0/0 lnorm=0/0 prefetch=0/0
[TASK_TIME2] worker=269 prep=0/0 attend=0/0 merge=0/0 router=0/0 copy=12088/10 w2silu=0/0 lnorm=0/0 prefetch=0/0
[TASK_TIME2] worker=253 prep=0/0 attend=0/0 merge=0/0 router=0/0 copy=12164/10 w2silu=0/0 lnorm=0/0 prefetch=0/0
[TASK_TIME2] worker=221 prep=0/0 attend=0/0 merge=0/0 router=0/0 copy=12324/10 w2silu=0/0 lnorm=0/0 prefetch=0/0
[TASK_TIME] worker=56 linear=0/0 linear_res=0/0 attn=0/0 rms=0/0 silu=0/0 fused=0/0
[TASK_TIME2] worker=93 prep=0/0 attend=0/0 merge=0/0 router=0/0 copy=13436/11 w2silu=0/0 lnorm=0/0 prefetch=0/0
[TASK_TIME2] worker=21 prep=0/0 attend=0/0 merge=0/0 router=0/0 copy=13276/11 w2silu=0/0 lnorm=0/0 prefetch=0/0
[TASK_TIME2] worker=181 prep=0/0 attend=0/0 merge=0/0 router=0/0 copy=11928/10 w2silu=0/0 lnorm=0/0 prefetch=0/0
[TASK_TIME2] worker=101 prep=0/0 attend=0/0 merge=0/0 router=0/0 copy=13384/11 w2silu=0/0 lnorm=0/0 prefetch=0/0
[TASK_TIME2] worker=213 prep=0/0 attend=0/0 merge=0/0 router=0/0 copy=11888/10 w2silu=0/0 lnorm=0/0 prefetch=0/0
[TASK_TIME] worker=192 linear=0/0 linear_res=0/0 attn=0/0 rms=0/0 silu=0/0 fused=0/0
[TASK_TIME2] worker=285 prep=0/0 attend=0/0 merge=0/0 router=0/0 copy=12324/10 w2silu=0/0 lnorm=0/0 prefetch=0/0
[TASK_TIME] worker=168 linear=0/0 linear_res=0/0 attn=0/0 rms=0/0 silu=0/0 fused=0/0
[TASK_TIME2] worker=77 prep=0/0 attend=0/0 merge=0/0 router=0/0 copy=13120/11 w2silu=0/0 lnorm=0/0 prefetch=0/0
[TASK_TIME2] worker=85 prep=0/0 attend=0/0 merge=0/0 router=0/0 copy=13148/11 w2silu=0/0 lnorm=0/0 prefetch=0/0
[TASK_TIME] worker=128 linear=0/0 linear_res=0/0 attn=0/0 rms=0/0 silu=0/0 fused=0/0
[TASK_TIME2] worker=45 prep=0/0 attend=0/0 merge=0/0 router=0/0 copy=13056/11 w2silu=0/0 lnorm=0/0 prefetch=0/0
[TASK_TIME] worker=272 linear=0/0 linear_res=0/0 attn=0/0 rms=0/0 silu=0/0 fused=0/0
[TASK_TIME] worker=23 linear=0/0 linear_res=0/0 attn=0/0 rms=0/0 silu=0/0 fused=0/0
[TASK_TIME] worker=288 linear=0/0 linear_res=0/0 attn=0/0 rms=0/0 silu=0/0 fused=0/0
[TASK_TIME2] worker=189 prep=0/0 attend=0/0 merge=0/0 router=0/0 copy=12244/10 w2silu=0/0 lnorm=0/0 prefetch=0/0
[TASK_TIME] worker=176 linear=0/0 linear_res=0/0 attn=0/0 rms=0/0 silu=0/0 fused=0/0
[TASK_TIME2] worker=109 prep=0/0 attend=0/0 merge=0/0 router=0/0 copy=13032/11 w2silu=0/0 lnorm=0/0 prefetch=0/0
[TASK_TIME] worker=127 linear=0/0 linear_res=0/0 attn=0/0 rms=0/0 silu=0/0 fused=0/0
[TASK_TIME] worker=239 linear=0/0 linear_res=0/0 attn=0/0 rms=0/0 silu=0/0 fused=0/0
[TASK_TIME] worker=120 linear=0/0 linear_res=0/0 attn=0/0 rms=0/0 silu=0/0 fused=0/0
[TASK_TIME] worker=63 linear=0/0 linear_res=0/0 attn=0/0 rms=0/0 silu=0/0 fused=0/0
[TASK_TIME] worker=72 linear=0/0 linear_res=0/0 attn=0/0 rms=0/0 silu=0/0 fused=0/0
[TASK_TIME] worker=135 linear=0/0 linear_res=0/0 attn=0/0 rms=0/0 silu=0/0 fused=0/0
[TASK_TIME2] worker=279 prep=0/0 attend=0/0 merge=0/0 router=0/0 copy=13596/10 w2silu=0/0 lnorm=0/0 prefetch=0/0
[TASK_TIME2] worker=8 prep=0/0 attend=0/0 merge=0/0 router=0/0 copy=15784/12 w2silu=0/0 lnorm=0/0 prefetch=0/0
[TASK_TIME] worker=95 linear=0/0 linear_res=0/0 attn=0/0 rms=0/0 silu=0/0 fused=0/0
[TASK_TIME] worker=111 linear=0/0 linear_res=0/0 attn=0/0 rms=0/0 silu=0/0 fused=0/0
[TASK_TIME] worker=271 linear=0/0 linear_res=0/0 attn=0/0 rms=0/0 silu=0/0 fused=0/0
[TASK_TIME] worker=224 linear=0/0 linear_res=0/0 attn=0/0 rms=0/0 silu=0/0 fused=0/0
[TASK_TIME] worker=47 linear=0/0 linear_res=0/0 attn=0/0 rms=0/0 silu=0/0 fused=0/0
[TASK_TIME] worker=191 linear=0/0 linear_res=0/0 attn=0/0 rms=0/0 silu=0/0 fused=0/0
[TASK_TIME2] worker=39 prep=0/0 attend=0/0 merge=0/0 router=0/0 copy=14632/11 w2silu=0/0 lnorm=0/0 prefetch=0/0
[TASK_TIME] worker=159 linear=0/0 linear_res=0/0 attn=0/0 rms=0/0 silu=0/0 fused=0/0
[TASK_TIME] worker=87 linear=0/0 linear_res=0/0 attn=0/0 rms=0/0 silu=0/0 fused=0/0
[TASK_TIME] worker=207 linear=0/0 linear_res=0/0 attn=0/0 rms=0/0 silu=0/0 fused=0/0
[TASK_TIME2] worker=119 prep=0/0 attend=0/0 merge=0/0 router=0/0 copy=13652/10 w2silu=0/0 lnorm=0/0 prefetch=0/0
[TASK_TIME2] worker=277 prep=0/0 attend=0/0 merge=0/0 router=0/0 copy=11988/10 w2silu=0/0 lnorm=0/0 prefetch=0/0
[TASK_TIME] worker=31 linear=0/0 linear_res=0/0 attn=0/0 rms=0/0 silu=0/0 fused=0/0
[TASK_TIME] worker=184 linear=0/0 linear_res=0/0 attn=0/0 rms=0/0 silu=0/0 fused=0/0
[TASK_TIME] worker=167 linear=0/0 linear_res=0/0 attn=0/0 rms=0/0 silu=0/0 fused=0/0
[TASK_TIME2] worker=112 prep=0/0 attend=0/0 merge=0/0 router=0/0 copy=14488/11 w2silu=0/0 lnorm=0/0 prefetch=0/0
[TASK_TIME2] worker=151 prep=0/0 attend=0/0 merge=0/0 router=0/0 copy=13480/10 w2silu=0/0 lnorm=0/0 prefetch=0/0
[TASK_TIME] worker=287 linear=0/0 linear_res=0/0 attn=0/0 rms=0/0 silu=0/0 fused=0/0
[TASK_TIME] worker=231 linear=0/0 linear_res=0/0 attn=0/0 rms=0/0 silu=0/0 fused=0/0
[TASK_TIME] worker=247 linear=0/0 linear_res=0/0 attn=0/0 rms=0/0 silu=0/0 fused=0/0
[TASK_TIME] worker=55 linear=0/0 linear_res=0/0 attn=0/0 rms=0/0 silu=0/0 fused=0/0
[TASK_TIME] worker=152 linear=0/0 linear_res=0/0 attn=0/0 rms=0/0 silu=0/0 fused=0/0
[TASK_TIME2] worker=215 prep=0/0 attend=0/0 merge=0/0 router=0/0 copy=13540/10 w2silu=0/0 lnorm=0/0 prefetch=0/0
[TASK_TIME] worker=71 linear=0/0 linear_res=0/0 attn=0/0 rms=0/0 silu=0/0 fused=0/0
[TASK_TIME2] worker=141 prep=0/0 attend=0/0 merge=0/0 router=0/0 copy=11988/10 w2silu=0/0 lnorm=0/0 prefetch=0/0
[TASK_TIME2] worker=88 prep=0/0 attend=0/0 merge=0/0 router=0/0 copy=14816/11 w2silu=0/0 lnorm=0/0 prefetch=0/0
[TASK_TIME2] worker=263 prep=0/0 attend=0/0 merge=0/0 router=0/0 copy=13280/10 w2silu=0/0 lnorm=0/0 prefetch=0/0
[TASK_TIME] worker=79 linear=0/0 linear_res=0/0 attn=0/0 rms=0/0 silu=0/0 fused=0/0
[TASK_TIME] worker=175 linear=0/0 linear_res=0/0 attn=0/0 rms=0/0 silu=0/0 fused=0/0
[TASK_TIME2] worker=199 prep=0/0 attend=0/0 merge=0/0 router=0/0 copy=13164/10 w2silu=0/0 lnorm=0/0 prefetch=0/0
[TASK_TIME] worker=240 linear=0/0 linear_res=0/0 attn=0/0 rms=0/0 silu=0/0 fused=0/0
[TASK_TIME2] worker=15 prep=0/0 attend=0/0 merge=0/0 router=0/0 copy=14920/11 w2silu=0/0 lnorm=0/0 prefetch=0/0
[TASK_TIME2] worker=104 prep=0/0 attend=0/0 merge=0/0 router=0/0 copy=14360/11 w2silu=0/0 lnorm=0/0 prefetch=0/0
[TASK_TIME2] worker=216 prep=0/0 attend=0/0 merge=0/0 router=0/0 copy=14808/11 w2silu=0/0 lnorm=0/0 prefetch=0/0
[TASK_TIME2] worker=63 prep=0/0 attend=0/0 merge=0/0 router=0/0 copy=14580/11 w2silu=0/0 lnorm=0/0 prefetch=0/0
[TASK_TIME2] worker=16 prep=0/0 attend=0/0 merge=0/0 router=0/0 copy=15916/12 w2silu=0/0 lnorm=0/0 prefetch=0/0
[TASK_TIME2] worker=208 prep=0/0 attend=0/0 merge=0/0 router=0/0 copy=14304/11 w2silu=0/0 lnorm=0/0 prefetch=0/0
[TASK_TIME] worker=103 linear=0/0 linear_res=0/0 attn=0/0 rms=0/0 silu=0/0 fused=0/0
[TASK_TIME2] worker=223 prep=0/0 attend=0/0 merge=0/0 router=0/0 copy=13484/10 w2silu=0/0 lnorm=0/0 prefetch=0/0
[TASK_TIME] worker=255 linear=0/0 linear_res=0/0 attn=0/0 rms=0/0 silu=0/0 fused=0/0
[TASK_TIME2] worker=23 prep=0/0 attend=0/0 merge=0/0 router=0/0 copy=15116/11 w2silu=0/0 lnorm=0/0 prefetch=0/0
[TASK_TIME2] worker=183 prep=0/0 attend=0/0 merge=0/0 router=0/0 copy=13580/10 w2silu=0/0 lnorm=0/0 prefetch=0/0
[TASK_TIME2] worker=295 prep=0/0 attend=0/0 merge=0/0 router=0/0 copy=13400/10 w2silu=0/0 lnorm=0/0 prefetch=0/0
[TASK_TIME2] worker=0 prep=0/0 attend=0/0 merge=0/0 router=0/0 copy=16360/12 w2silu=0/0 lnorm=0/0 prefetch=0/0
[TASK_TIME2] worker=7 prep=0/0 attend=0/0 merge=0/0 router=0/0 copy=15100/11 w2silu=0/0 lnorm=0/0 prefetch=0/0
[TASK_TIME2] worker=287 prep=0/0 attend=0/0 merge=0/0 router=0/0 copy=13488/10 w2silu=0/0 lnorm=0/0 prefetch=0/0
[TASK_TIME2] worker=72 prep=0/0 attend=0/0 merge=0/0 router=0/0 copy=14468/11 w2silu=0/0 lnorm=0/0 prefetch=0/0
[TASK_TIME2] worker=111 prep=0/0 attend=0/0 merge=0/0 router=0/0 copy=14884/11 w2silu=0/0 lnorm=0/0 prefetch=0/0
[TASK_TIME2] worker=127 prep=0/0 attend=0/0 merge=0/0 router=0/0 copy=13236/10 w2silu=0/0 lnorm=0/0 prefetch=0/0
[TASK_TIME2] worker=239 prep=0/0 attend=0/0 merge=0/0 router=0/0 copy=13576/10 w2silu=0/0 lnorm=0/0 prefetch=0/0
[TASK_TIME2] worker=167 prep=0/0 attend=0/0 merge=0/0 router=0/0 copy=13420/10 w2silu=0/0 lnorm=0/0 prefetch=0/0
[TASK_TIME2] worker=31 prep=0/0 attend=0/0 merge=0/0 router=0/0 copy=14600/11 w2silu=0/0 lnorm=0/0 prefetch=0/0
[TASK_TIME2] worker=159 prep=0/0 attend=0/0 merge=0/0 router=0/0 copy=13376/10 w2silu=0/0 lnorm=0/0 prefetch=0/0
[TASK_TIME2] worker=47 prep=0/0 attend=0/0 merge=0/0 router=0/0 copy=14860/11 w2silu=0/0 lnorm=0/0 prefetch=0/0
[TASK_TIME2] worker=24 prep=0/0 attend=0/0 merge=0/0 router=0/0 copy=16020/12 w2silu=0/0 lnorm=0/0 prefetch=0/0
[TASK_TIME2] worker=40 prep=0/0 attend=0/0 merge=0/0 router=0/0 copy=15748/12 w2silu=0/0 lnorm=0/0 prefetch=0/0
[TASK_TIME2] worker=168 prep=0/0 attend=0/0 merge=0/0 router=0/0 copy=14568/11 w2silu=0/0 lnorm=0/0 prefetch=0/0
[TASK_TIME2] worker=192 prep=0/0 attend=0/0 merge=0/0 router=0/0 copy=14712/11 w2silu=0/0 lnorm=0/0 prefetch=0/0
[TASK_TIME2] worker=271 prep=0/0 attend=0/0 merge=0/0 router=0/0 copy=13744/10 w2silu=0/0 lnorm=0/0 prefetch=0/0
[TASK_TIME2] worker=95 prep=0/0 attend=0/0 merge=0/0 router=0/0 copy=14684/11 w2silu=0/0 lnorm=0/0 prefetch=0/0
[TASK_TIME2] worker=135 prep=0/0 attend=0/0 merge=0/0 router=0/0 copy=13296/10 w2silu=0/0 lnorm=0/0 prefetch=0/0
[TASK_TIME2] worker=207 prep=0/0 attend=0/0 merge=0/0 router=0/0 copy=13816/10 w2silu=0/0 lnorm=0/0 prefetch=0/0
[TASK_TIME2] worker=191 prep=0/0 attend=0/0 merge=0/0 router=0/0 copy=13344/10 w2silu=0/0 lnorm=0/0 prefetch=0/0
[TASK_TIME2] worker=143 prep=0/0 attend=0/0 merge=0/0 router=0/0 copy=13648/10 w2silu=0/0 lnorm=0/0 prefetch=0/0
[TASK_TIME2] worker=200 prep=0/0 attend=0/0 merge=0/0 router=0/0 copy=14664/11 w2silu=0/0 lnorm=0/0 prefetch=0/0
[TASK_TIME2] worker=247 prep=0/0 attend=0/0 merge=0/0 router=0/0 copy=13536/10 w2silu=0/0 lnorm=0/0 prefetch=0/0
[TASK_TIME2] worker=55 prep=0/0 attend=0/0 merge=0/0 router=0/0 copy=15088/11 w2silu=0/0 lnorm=0/0 prefetch=0/0
[TASK_TIME2] worker=231 prep=0/0 attend=0/0 merge=0/0 router=0/0 copy=13440/10 w2silu=0/0 lnorm=0/0 prefetch=0/0
[TASK_TIME2] worker=256 prep=0/0 attend=0/0 merge=0/0 router=0/0 copy=14812/11 w2silu=0/0 lnorm=0/0 prefetch=0/0
[TASK_TIME2] worker=79 prep=0/0 attend=0/0 merge=0/0 router=0/0 copy=14984/11 w2silu=0/0 lnorm=0/0 prefetch=0/0
[TASK_TIME2] worker=255 prep=0/0 attend=0/0 merge=0/0 router=0/0 copy=13332/10 w2silu=0/0 lnorm=0/0 prefetch=0/0
[TASK_TIME2] worker=32 prep=0/0 attend=0/0 merge=0/0 router=0/0 copy=16012/12 w2silu=0/0 lnorm=0/0 prefetch=0/0
[TASK_TIME2] worker=64 prep=0/0 attend=0/0 merge=0/0 router=0/0 copy=15844/12 w2silu=0/0 lnorm=0/0 prefetch=0/0
[TASK_TIME2] worker=160 prep=0/0 attend=0/0 merge=0/0 router=0/0 copy=14748/11 w2silu=0/0 lnorm=0/0 prefetch=0/0
[TASK_TIME2] worker=280 prep=0/0 attend=0/0 merge=0/0 router=0/0 copy=14924/11 w2silu=0/0 lnorm=0/0 prefetch=0/0
[TASK_TIME2] worker=272 prep=0/0 attend=0/0 merge=0/0 router=0/0 copy=14532/11 w2silu=0/0 lnorm=0/0 prefetch=0/0
[TASK_TIME2] worker=128 prep=0/0 attend=0/0 merge=0/0 router=0/0 copy=14700/11 w2silu=0/0 lnorm=0/0 prefetch=0/0
[TASK_TIME2] worker=87 prep=0/0 attend=0/0 merge=0/0 router=0/0 copy=14984/11 w2silu=0/0 lnorm=0/0 prefetch=0/0
[TASK_TIME2] worker=175 prep=0/0 attend=0/0 merge=0/0 router=0/0 copy=13588/10 w2silu=0/0 lnorm=0/0 prefetch=0/0
[TASK_TIME2] worker=264 prep=0/0 attend=0/0 merge=0/0 router=0/0 copy=14576/11 w2silu=0/0 lnorm=0/0 prefetch=0/0
[TASK_TIME2] worker=288 prep=0/0 attend=0/0 merge=0/0 router=0/0 copy=14776/11 w2silu=0/0 lnorm=0/0 prefetch=0/0
[TASK_TIME2] worker=136 prep=0/0 attend=0/0 merge=0/0 router=0/0 copy=14532/11 w2silu=0/0 lnorm=0/0 prefetch=0/0
[TASK_TIME2] worker=224 prep=0/0 attend=0/0 merge=0/0 router=0/0 copy=14800/11 w2silu=0/0 lnorm=0/0 prefetch=0/0
[TASK_TIME2] worker=144 prep=0/0 attend=0/0 merge=0/0 router=0/0 copy=14252/11 w2silu=0/0 lnorm=0/0 prefetch=0/0
[TASK_TIME2] worker=120 prep=0/0 attend=0/0 merge=0/0 router=0/0 copy=14572/11 w2silu=0/0 lnorm=0/0 prefetch=0/0
[TASK_TIME2] worker=152 prep=0/0 attend=0/0 merge=0/0 router=0/0 copy=14740/11 w2silu=0/0 lnorm=0/0 prefetch=0/0
[TASK_TIME2] worker=176 prep=0/0 attend=0/0 merge=0/0 router=0/0 copy=14480/11 w2silu=0/0 lnorm=0/0 prefetch=0/0
[TASK_TIME2] worker=80 prep=0/0 attend=0/0 merge=0/0 router=0/0 copy=14572/11 w2silu=0/0 lnorm=0/0 prefetch=0/0
[TASK_TIME2] worker=184 prep=0/0 attend=0/0 merge=0/0 router=0/0 copy=14824/11 w2silu=0/0 lnorm=0/0 prefetch=0/0
[TASK_TIME2] worker=71 prep=0/0 attend=0/0 merge=0/0 router=0/0 copy=14496/11 w2silu=0/0 lnorm=0/0 prefetch=0/0
[TASK_TIME2] worker=96 prep=0/0 attend=0/0 merge=0/0 router=0/0 copy=14808/11 w2silu=0/0 lnorm=0/0 prefetch=0/0
[TASK_TIME2] worker=48 prep=0/0 attend=0/0 merge=0/0 router=0/0 copy=15880/12 w2silu=0/0 lnorm=0/0 prefetch=0/0
[TASK_TIME2] worker=56 prep=0/0 attend=0/0 merge=0/0 router=0/0 copy=15984/12 w2silu=0/0 lnorm=0/0 prefetch=0/0
[TASK_TIME2] worker=232 prep=0/0 attend=0/0 merge=0/0 router=0/0 copy=14408/11 w2silu=0/0 lnorm=0/0 prefetch=0/0
[TASK_TIME2] worker=248 prep=0/0 attend=0/0 merge=0/0 router=0/0 copy=14688/11 w2silu=0/0 lnorm=0/0 prefetch=0/0
[TASK_TIME2] worker=103 prep=0/0 attend=0/0 merge=0/0 router=0/0 copy=14632/[EVENT_TIMING] 3232 event firings recorded

================================================================================
PER-EVENT WALL-CLOCK TIMING (barrier-to-barrier)
================================================================================
Event TaskType              Count    Avg(us)    Min(us)    Max(us)    Std(us)
-------------------------------------------------------------------------
    1 UNKNOWN                  30     151.50     147.60     161.96       3.17
    2 UNKNOWN                  31      10.15       9.58      10.94       0.38
    3 UNKNOWN                  31       2.97       2.68       3.28       0.12
    4 UNKNOWN                  31       2.89       2.77       3.05       0.07
    5 UNKNOWN                  31       2.84       2.61       3.29       0.13
    6 UNKNOWN                  31       2.76       2.58       2.94       0.09
    7 UNKNOWN                  31       2.80       2.55       3.07       0.12
    8 UNKNOWN                  31       2.86       2.71       3.23       0.11
    9 UNKNOWN                  31       2.90       2.78       3.30       0.10
   10 UNKNOWN                  31       2.95       2.80       3.32       0.11
   11 UNKNOWN                  31       2.91       2.68       3.24       0.11
   12 UNKNOWN                  31       2.85       2.69       3.17       0.10
   13 UNKNOWN                  31       2.76       2.57       3.01       0.11
   14 UNKNOWN                  31       2.71       2.58       2.98       0.08
   15 UNKNOWN                  31       2.69       2.55       2.95       0.08
   16 UNKNOWN                  31       2.78       2.67       3.19       0.10
   17 UNKNOWN                  31       2.86       2.82       3.10       0.05
   18 UNKNOWN                  31       2.96       2.84       3.32       0.08
   19 UNKNOWN                  31       2.91       2.76       3.20       0.09
   20 UNKNOWN                  31       2.93       2.81       3.17       0.09
   21 UNKNOWN                  31       2.79       2.65       2.93       0.07
   22 UNKNOWN                  31       2.77       2.66       2.98       0.08
   23 UNKNOWN                  31       2.73       2.59       2.87       0.09
   24 UNKNOWN                  31       2.76       2.59       3.03       0.08
   25 UNKNOWN                  31       2.86       2.78       3.02       0.04
   26 UNKNOWN                  31       2.91       2.84       3.00       0.04
   27 UNKNOWN                  31       2.84       2.72       2.96       0.07
   28 UNKNOWN                  31       2.85       2.69       2.97       0.08
   29 UNKNOWN                  31       2.71       2.57       2.85       0.07
   30 UNKNOWN                  31       2.71       2.62       2.98       0.08
   31 UNKNOWN                  31       2.67       2.55       3.03       0.10
   32 UNKNOWN                  31       2.81       2.67       3.03       0.09
   33 UNKNOWN                  31       2.86       2.82       3.02       0.04
   34 UNKNOWN                  31       2.96       2.84       3.24       0.08
   35 UNKNOWN                  31       2.91       2.76       3.28       0.12
   36 UNKNOWN                  31       2.91       2.77       3.01       0.07
   37 UNKNOWN                  31       2.81       2.65       3.17       0.09
   38 UNKNOWN                  31       2.76       2.66       2.90       0.05
   39 UNKNOWN                  31       2.75       2.59       3.19       0.12
   40 UNKNOWN                  31       2.76       2.63       2.99       0.08
   41 UNKNOWN                  31       2.87       2.78       3.14       0.06
   42 UNKNOWN                  31       2.92       2.80       3.04       0.06
   43 UNKNOWN                  31       2.82       2.72       2.96       0.07
   44 UNKNOWN                  31       2.86       2.73       3.01       0.08
   45 UNKNOWN                  31       2.72       2.61       3.05       0.09
   46 UNKNOWN                  31       2.72       2.58       3.02       0.09
   47 UNKNOWN                  31       2.69       2.55       2.83       0.08
   48 UNKNOWN                  31       2.76       2.67       3.11       0.09
   49 UNKNOWN                  31       2.86       2.78       3.02       0.05
   50 UNKNOWN                  31       2.95       2.80       3.28       0.08
   51 UNKNOWN                  31       2.91       2.80       3.20       0.09
   52 UNKNOWN                  31       2.92       2.77       3.17       0.09
   53 UNKNOWN                  31       2.80       2.65       3.13       0.09
   54 UNKNOWN                  31       2.78       2.66       3.06       0.08
   55 UNKNOWN                  31       2.75       2.63       2.99       0.07
   56 UNKNOWN                  31       2.78       2.67       3.11       0.08
   57 UNKNOWN                  31       2.87       2.78       3.02       0.05
   58 UNKNOWN                  31       2.93       2.76       3.28       0.10
   59 UNKNOWN                  31       2.84       2.72       3.20       0.12
   60 UNKNOWN                  31       2.88       2.81       3.01       0.05
   61 UNKNOWN                  31       2.73       2.61       2.85       0.07
   62 UNKNOWN                  31       2.71       2.58       2.86       0.07
   63 UNKNOWN                  31       2.72       2.59       3.11       0.09
   64 UNKNOWN                  31       2.75       2.63       2.99       0.08
   65 UNKNOWN                  31       2.85       2.78       2.98       0.04
   66 UNKNOWN                  31       2.91       2.80       3.00       0.05
   67 UNKNOWN                  31       2.90       2.76       3.08       0.07
   68 UNKNOWN                  31       2.95       2.85       3.05       0.06
   69 UNKNOWN                  31       2.79       2.65       2.93       0.08
   70 UNKNOWN                  31       2.76       2.66       2.90       0.07
   71 UNKNOWN                  31       2.76       2.67       3.11       0.09
   72 UNKNOWN                  31       2.75       2.63       3.15       0.10
   73 UNKNOWN                  31       2.84       2.78       3.02       0.05
   74 UNKNOWN                  31       2.90       2.76       3.32       0.10
   75 UNKNOWN                  31       2.86       2.72       3.12       0.09
   76 UNKNOWN                  31       2.91       2.81       3.09       0.07
   77 UNKNOWN                  31       2.72       2.61       2.85       0.08
   78 UNKNOWN                  31       2.72       2.58       2.98       0.09
   79 UNKNOWN                  31       2.71       2.59       2.99       0.07
   80 UNKNOWN                  31       2.77       2.63       3.11       0.09
   81 UNKNOWN                  31       2.84       2.78       3.06       0.05
   82 UNKNOWN                  31       2.92       2.84       3.04       0.05
   83 UNKNOWN                  31       2.90       2.76       3.00       0.06
   84 UNKNOWN                  31       2.94       2.85       3.13       0.07
   85 UNKNOWN                  31       2.78       2.65       2.89       0.07
   86 UNKNOWN                  31       2.78       2.66       3.02       0.08
   87 UNKNOWN                  31       2.75       2.67       3.03       0.07
   88 UNKNOWN                  31       2.77       2.63       3.03       0.07
   89 UNKNOWN                  31       2.84       2.78       3.02       0.05
   90 UNKNOWN                  31       2.86       2.76       2.96       0.06
   91 UNKNOWN                  31       2.84       2.72       2.96       0.07
   92 UNKNOWN                  31       2.90       2.77       3.01       0.06
   93 UNKNOWN                  31       2.73       2.61       2.89       0.07
   94 UNKNOWN                  31       2.69       2.54       2.82       0.07
   95 UNKNOWN                  31       2.70       2.59       3.07       0.09
   96 UNKNOWN                  31       2.80       2.67       3.03       0.08
   97 UNKNOWN                  31       2.79       2.70       2.90       0.04
   98 UNKNOWN                  31       2.85       2.72       3.12       0.08
   99 UNKNOWN                  31       2.76       2.64       3.12       0.10
  100 UNKNOWN                  31       2.88       2.77       3.01       0.06
  101 UNKNOWN                  31       2.68       2.53       2.93       0.08

================================================================================
PER-TYPE SUMMARY (sum of avg durations across all events)
================================================================================
TaskType             Events    Total(us)  Total(ms)        %
----------------------------------------------------------
UNKNOWN                 101        440.8      0.441   100.0%
TOTAL                              440.8      0.441

Saved raw event timing to event_timing.json
