First tasks: 1
Number of all events: 23
Number of all tasks: 465
Number of triggered events: 21
Number of executed tasks: 463
[EVENT_TIMING] Allocated buffer for 2300 entries (23 events x 100 iters)
[WORKER_XCD] worker_id=187 block=187 xcd=0
[WORKER_XCD] worker_id=84 block=84 xcd=1
[WORKER_XCD] worker_id=219 block=219 xcd=0
[WORKER_XCD] worker_id=35 block=35 xcd=0
[WORKER_XCD] worker_id=99 block=99 xcd=0
[WORKER_XCD] worker_id=172 block=172 xcd=1
[WORKER_XCD] worker_id=251 block=251 xcd=0
[WORKER_XCD] worker_id=148 block=148 xcd=1
[WORKER_XCD] worker_id=51 block=51 xcd=0
[WORKER_XCD] worker_id=283 block=283 xcd=0
[WORKER_XCD] worker_id=227 block=227 xcd=0
[WORKER_XCD] worker_id=11 block=11 xcd=0
[WORKER_XCD] worker_id=195 block=195 xcd=0
[WORKER_XCD] worker_id=291 block=291 xcd=0
[WORKER_XCD] worker_id=155 block=155 xcd=0
[WORKER_XCD] worker_id=211 block=211 xcd=0
[WORKER_XCD] worker_id=235 block=235 xcd=0
[WORKER_XCD] worker_id=163 block=163 xcd=0
[WORKER_XCD] worker_id=243 block=243 xcd=0
[WORKER_XCD] worker_id=268 block=268 xcd=1
[WORKER_XCD] worker_id=124 block=124 xcd=1
[WORKER_XCD] worker_id=140 block=140 xcd=1
[WORKER_XCD] worker_id=156 block=156 xcd=1
[WORKER_XCD] worker_id=204 block=204 xcd=1
[WORKER_XCD] worker_id=68 block=68 xcd=1
[WORKER_XCD] worker_id=180 block=180 xcd=1
[WORKER_XCD] worker_id=244 block=244 xcd=1
[WORKER_XCD] worker_id=44 block=44 xcd=1
[WORKER_XCD] worker_id=28 block=28 xcd=1
[WORKER_XCD] worker_id=12 block=12 xcd=1
[WORKER_XCD] worker_id=236 block=236 xcd=1
[WORKER_XCD] worker_id=164 block=164 xcd=1
[WORKER_XCD] worker_id=20 block=20 xcd=1
[WORKER_XCD] worker_id=260 block=260 xcd=1
[WORKER_XCD] worker_id=292 block=292 xcd=1
[WORKER_XCD] worker_id=92 block=92 xcd=1
[WORKER_XCD] worker_id=76 block=76 xcd=1
[WORKER_XCD] worker_id=284 block=284 xcd=1
[WORKER_XCD] worker_id=33 block=33 xcd=6
[WORKER_XCD] worker_id=108 block=108 xcd=1
[WORKER_XCD] worker_id=186 block=186 xcd=7
[WORKER_XCD] worker_id=114 block=114 xcd=7
[WORKER_XCD] worker_id=257 block=257 xcd=6
[WORKER_XCD] worker_id=131 block=131 xcd=0
[WORKER_XCD] worker_id=1 block=1 xcd=6
[WORKER_XCD] worker_id=41 block=41 xcd=6
[WORKER_XCD] worker_id=75 block=75 xcd=0
[WORKER_XCD] worker_id=202 block=202 xcd=7
[WORKER_XCD] worker_id=170 block=170 xcd=7
[WORKER_XCD] worker_id=90 block=90 xcd=7
[WORKER_XCD] worker_id=218 block=218 xcd=7
[WORKER_XCD] worker_id=9 block=9 xcd=6
[WORKER_XCD] worker_id=226 block=226 xcd=7
[WORKER_XCD] worker_id=67 block=67 xcd=0
[WORKER_XCD] worker_id=98 block=98 xcd=7
[WORKER_XCD] worker_id=169 block=169 xcd=6
[WORKER_XCD] worker_id=273 block=273 xcd=6
[WORKER_XCD] worker_id=26 block=26 xcd=7
[WORKER_XCD] worker_id=15 block=15 xcd=4
[WORKER_XCD] worker_id=60 block=60 xcd=1
[WORKER_XCD] worker_id=58 block=58 xcd=7
[WORKER_XCD] worker_id=177 block=177 xcd=6
[WORKER_XCD] worker_id=10 block=10 xcd=7
[WORKER_XCD] worker_id=146 block=146 xcd=7
[WORKER_XCD] worker_id=2 block=2 xcd=7
[WORKER_XCD] worker_id=290 block=290 xcd=7
[WORKER_XCD] worker_id=138 block=138 xcd=7
[WORKER_XCD] worker_id=266 block=266 xcd=7
[WORKER_XCD] worker_id=34 block=34 xcd=7
[WORKER_XCD] worker_id=130 block=130 xcd=7
[WORKER_XCD] worker_id=258 block=258 xcd=7
[WORKER_XCD] worker_id=282 block=282 xcd=7
[WORKER_XCD] worker_id=66 block=66 xcd=7
[WORKER_XCD] worker_id=52 block=52 xcd=1
[WORKER_XCD] worker_id=106 block=106 xcd=7
[WORKER_XCD] worker_id=42 block=42 xcd=7
[WORKER_XCD] worker_id=201 block=201 xcd=6
[WORKER_XCD] worker_id=275 block=275 xcd=0
[WORKER_XCD] worker_id=121 block=121 xcd=6
[WORKER_XCD] worker_id=129 block=129 xcd=6
[WORKER_XCD] worker_id=123 block=123 xcd=0
[WORKER_XCD] worker_id=225 block=225 xcd=6
[WORKER_XCD] worker_id=249 block=249 xcd=6
[WORKER_XCD] worker_id=17 block=17 xcd=6
[WORKER_XCD] worker_id=265 block=265 xcd=6
[WORKER_XCD] worker_id=233 block=233 xcd=6
[WORKER_XCD] worker_id=217 block=217 xcd=6
[WORKER_XCD] worker_id=145 block=145 xcd=6
[WORKER_XCD] worker_id=185 block=185 xcd=6
[WORKER_XCD] worker_id=89 block=89 xcd=6
[WORKER_XCD] worker_id=289 block=289 xcd=6
[WORKER_XCD] worker_id=161 block=161 xcd=6
[WORKER_XCD] worker_id=91 block=91 xcd=0
[WORKER_XCD] worker_id=259 block=259 xcd=0
[WORKER_XCD] worker_id=57 block=57 xcd=6
[WORKER_XCD] worker_id=65 block=65 xcd=6
[WORKER_XCD] worker_id=113 block=113 xcd=6
[WORKER_XCD] worker_id=115 block=115 xcd=0
[WORKER_XCD] worker_id=27 block=27 xcd=0
[WORKER_XCD] worker_id=212 block=212 xcd=1
[WORKER_XCD] worker_id=188 block=188 xcd=1
[WORKER_XCD] worker_id=228 block=228 xcd=1
[WORKER_XCD] worker_id=139 block=139 xcd=0
[WORKER_XCD] worker_id=132 block=132 xcd=1
[WORKER_XCD] worker_id=196 block=196 xcd=1
[WORKER_XCD] worker_id=147 block=147 xcd=0
[WORKER_XCD] worker_id=59 block=59 xcd=0
[WORKER_XCD] worker_id=220 block=220 xcd=1
[WORKER_XCD] worker_id=276 block=276 xcd=1
[WORKER_XCD] worker_id=3 block=3 xcd=0
[WORKER_XCD] worker_id=116 block=116 xcd=1
[WORKER_XCD] worker_id=153 block=153 xcd=6
[WORKER_XCD] worker_id=81 block=81 xcd=6
[WORKER_XCD] worker_id=162 block=162 xcd=7
[WORKER_XCD] worker_id=179 block=179 xcd=0
[WORKER_XCD] worker_id=43 block=43 xcd=0
[WORKER_XCD] worker_id=250 block=250 xcd=7
[WORKER_XCD] worker_id=267 block=267 xcd=0
[WORKER_XCD] worker_id=193 block=193 xcd=6
[WORKER_XCD] worker_id=252 block=252 xcd=1
[WORKER_XCD] worker_id=50 block=50 xcd=7
[WORKER_XCD] worker_id=122 block=122 xcd=7
[WORKER_XCD] worker_id=234 block=234 xcd=7
[WORKER_XCD] worker_id=73 block=73 xcd=6
[WORKER_XCD] worker_id=25 block=25 xcd=6
[WORKER_XCD] worker_id=210 block=210 xcd=7
[WORKER_XCD] worker_id=74 block=74 xcd=7
[WORKER_XCD] worker_id=281 block=281 xcd=6
[WORKER_XCD] worker_id=100 block=100 xcd=1
[WORKER_XCD] worker_id=80 block=80 xcd=5
[WORKER_XCD] worker_id=83 block=83 xcd=0
[WORKER_XCD] worker_id=49 block=49 xcd=6
[WORKER_XCD] worker_id=178 block=178 xcd=7
[WORKER_XCD] worker_id=274 block=274 xcd=7
[WORKER_XCD] worker_id=36 block=36 xcd=1
[WORKER_XCD] worker_id=105 block=105 xcd=6
[WORKER_XCD] worker_id=4 block=4 xcd=1
[WORKER_XCD] worker_id=209 block=209 xcd=6
[WORKER_XCD] worker_id=97 block=97 xcd=6
[WORKER_XCD] worker_id=154 block=154 xcd=7
[WORKER_XCD] worker_id=194 block=194 xcd=7
[WORKER_XCD] worker_id=203 block=203 xcd=0
[WORKER_XCD] worker_id=19 block=19 xcd=0
[WORKER_XCD] worker_id=107 block=107 xcd=0
[WORKER_XCD] worker_id=241 block=241 xcd=6
[WORKER_XCD] worker_id=171 block=171 xcd=0
[WORKER_XCD] worker_id=18 block=18 xcd=7
[WORKER_XCD] worker_id=82 block=82 xcd=7
[WORKER_XCD] worker_id=137 block=137 xcd=6
[WORKER_XCD] worker_id=242 block=242 xcd=7
[WORKER_XCD] worker_id=159 block=159 xcd=4
[WORKER_XCD] worker_id=224 block=224 xcd=5
[WORKER_XCD] worker_id=256 block=256 xcd=5
[WORKER_XCD] worker_id=22 block=22 xcd=3
[WORKER_XCD] worker_id=200 block=200 xcd=5
[WORKER_XCD] worker_id=120 block=120 xcd=5
[WORKER_XCD] worker_id=128 block=128 xcd=5
[WORKER_XCD] worker_id=198 block=198 xcd=3
[WORKER_XCD] worker_id=48 block=48 xcd=5
[WORKER_XCD] worker_id=16 block=16 xcd=5
[WORKER_XCD] worker_id=64 block=64 xcd=5
[WORKER_XCD] worker_id=272 block=272 xcd=5
[WORKER_XCD] worker_id=32 block=32 xcd=5
[WORKER_XCD] worker_id=215 block=215 xcd=4
[WORKER_XCD] worker_id=168 block=168 xcd=5
[WORKER_XCD] worker_id=104 block=104 xcd=5
[WORKER_XCD] worker_id=192 block=192 xcd=5
[WORKER_XCD] worker_id=8 block=8 xcd=5
[WORKER_XCD] worker_id=240 block=240 xcd=5
[WORKER_XCD] worker_id=112 block=112 xcd=5
[WORKER_XCD] worker_id=184 block=184 xcd=5
[WORKER_XCD] worker_id=264 block=264 xcd=5
[WORKER_XCD] worker_id=72 block=72 xcd=5
[WORKER_XCD] worker_id=118 block=118 xcd=3
[WORKER_XCD] worker_id=110 block=110 xcd=3
[WORKER_XCD] worker_id=280 block=280 xcd=5
[WORKER_XCD] worker_id=248 block=248 xcd=5
[WORKER_XCD] worker_id=14 block=14 xcd=3
[WORKER_XCD] worker_id=96 block=96 xcd=5
[WORKER_XCD] worker_id=86 block=86 xcd=3
[WORKER_XCD] worker_id=144 block=144 xcd=5
[WORKER_XCD] worker_id=208 block=208 xcd=5
[WORKER_XCD] worker_id=127 block=127 xcd=4
[WORKER_XCD] worker_id=176 block=176 xcd=5
[WORKER_XCD] worker_id=69 block=69 xcd=2
[WORKER_XCD] worker_id=79 block=79 xcd=4
[WORKER_XCD] worker_id=94 block=94 xcd=3
[WORKER_XCD] worker_id=46 block=46 xcd=3
[WORKER_XCD] worker_id=119 block=119 xcd=4
[WORKER_XCD] worker_id=160 block=160 xcd=5
[WORKER_XCD] worker_id=270 block=270 xcd=3
[WORKER_XCD] worker_id=142 block=142 xcd=3
[WORKER_XCD] worker_id=88 block=88 xcd=5
[WORKER_XCD] worker_id=47 block=47 xcd=4
[WORKER_XCD] worker_id=24 block=24 xcd=5
[WORKER_XCD] worker_id=232 block=232 xcd=5
[WORKER_XCD] worker_id=55 block=55 xcd=4
[WORKER_XCD] worker_id=247 block=247 xcd=4
[WORKER_XCD] worker_id=262 block=262 xcd=3
[WORKER_XCD] worker_id=56 block=56 xcd=5
[WORKER_XCD] worker_id=278 block=278 xcd=3
[WORKER_XCD] worker_id=288 block=288 xcd=5
[WORKER_XCD] worker_id=152 block=152 xcd=5
[WORKER_XCD] worker_id=254 block=254 xcd=3
[WORKER_XCD] worker_id=136 block=136 xcd=5
[WORKER_XCD] worker_id=78 block=78 xcd=3
[WORKER_XCD] worker_id=261 block=261 xcd=2
[WORKER_XCD] worker_id=246 block=246 xcd=3
[WORKER_XCD] worker_id=62 block=62 xcd=3
[WORKER_XCD] worker_id=238 block=238 xcd=3
[WORKER_XCD] worker_id=38 block=38 xcd=3
[WORKER_XCD] worker_id=39 block=39 xcd=4
[WORKER_XCD] worker_id=30 block=30 xcd=3
[WORKER_XCD] worker_id=126 block=126 xcd=3
[WORKER_XCD] worker_id=0 block=0 xcd=5
[WORKER_XCD] worker_id=134 block=134 xcd=3
[WORKER_XCD] worker_id=223 block=223 xcd=4
[WORKER_XCD] worker_id=174 block=174 xcd=3
[WORKER_XCD] worker_id=231 block=231 xcd=4
[WORKER_XCD] worker_id=158 block=158 xcd=3
[WORKER_XCD] worker_id=255 block=255 xcd=4
[WORKER_XCD] worker_id=277 block=277 xcd=2
[WORKER_XCD] worker_id=166 block=166 xcd=3
[WORKER_XCD] worker_id=230 block=230 xcd=3
[WORKER_XCD] worker_id=70 block=70 xcd=3
[WORKER_XCD] worker_id=182 block=182 xcd=3
[WORKER_XCD] worker_id=135 block=135 xcd=4
[WORKER_XCD] worker_id=205 block=205 xcd=2
[WORKER_XCD] worker_id=214 block=214 xcd=3
[WORKER_XCD] worker_id=263 block=263 xcd=4
[WORKER_XCD] worker_id=101 block=101 xcd=2
[WORKER_XCD] worker_id=31 block=31 xcd=4
[WORKER_XCD] worker_id=150 block=150 xcd=3
[WORKER_XCD] worker_id=63 block=63 xcd=4
[WORKER_XCD] worker_id=279 block=279 xcd=4
[WORKER_XCD] worker_id=285 block=285 xcd=2
[WORKER_XCD] worker_id=40 block=40 xcd=5
[WORKER_XCD] worker_id=239 block=239 xcd=4
[WORKER_XCD] worker_id=102 block=102 xcd=3
[WORKER_XCD] worker_id=222 block=222 xcd=3
[WORKER_XCD] worker_id=221 block=221 xcd=2
[WORKER_XCD] worker_id=6 block=6 xcd=3
[WORKER_XCD] worker_id=286 block=286 xcd=3
[WORKER_XCD] worker_id=191 block=191 xcd=4
[WORKER_XCD] worker_id=206 block=206 xcd=3
[WORKER_XCD] worker_id=295 block=295 xcd=4
[WORKER_XCD] worker_id=229 block=229 xcd=2
[WORKER_XCD] worker_id=216 block=216 xcd=5
[WORKER_XCD] worker_id=183 block=183 xcd=4
[WORKER_XCD] worker_id=95 block=95 xcd=4
[WORKER_XCD] worker_id=149 block=149 xcd=2
[WORKER_XCD] worker_id=271 block=271 xcd=4
[WORKER_XCD] worker_id=54 block=54 xcd=3
[WORKER_XCD] worker_id=294 block=294 xcd=3
[WORKER_XCD] worker_id=167 block=167 xcd=4
[WORKER_XCD] worker_id=87 block=87 xcd=4
[WORKER_XCD] worker_id=207 block=207 xcd=4
[WORKER_XCD] worker_id=199 block=199 xcd=4
[WORKER_XCD] worker_id=7 block=7 xcd=4
[WORKER_XCD] worker_id=143 block=143 xcd=4
[WORKER_XCD] worker_id=103 block=103 xcd=4
[WORKER_XCD] worker_id=190 block=190 xcd=3
[WORKER_XCD] worker_id=111 block=111 xcd=4
[WORKER_XCD] worker_id=23 block=23 xcd=4
[WORKER_XCD] worker_id=71 block=71 xcd=4
[WORKER_XCD] worker_id=287 block=287 xcd=4
[WORKER_XCD] worker_id=151 block=151 xcd=4
[WORKER_XCD] worker_id=175 block=175 xcd=4
[WORKER_XCD] worker_id=173 block=173 xcd=2
[WORKER_XCD] worker_id=253 block=253 xcd=2
[WORKER_XCD] worker_id=109 block=109 xcd=2
[WORKER_XCD] worker_id=293 block=293 xcd=2
[WORKER_XCD] worker_id=269 block=269 xcd=2
[WORKER_XCD] worker_id=117 block=117 xcd=2
[WORKER_XCD] worker_id=165 block=165 xcd=2
[WORKER_XCD] worker_id=53 block=53 xcd=2
[WORKER_XCD] worker_id=189 block=189 xcd=2
[WORKER_XCD] worker_id=181 block=181 xcd=2
[WORKER_XCD] worker_id=21 block=21 xcd=2
[WORKER_XCD] worker_id=213 block=213 xcd=2
[WORKER_XCD] worker_id=141 block=141 xcd=2
[WORKER_XCD] worker_id=157 block=157 xcd=2
[WORKER_XCD] worker_id=197 block=197 xcd=2
[WORKER_XCD] worker_id=125 block=125 xcd=2
[WORKER_XCD] worker_id=77 block=77 xcd=2
[WORKER_XCD] worker_id=133 block=133 xcd=2
[WORKER_XCD] worker_id=61 block=61 xcd=2
[WORKER_XCD] worker_id=5 block=5 xcd=2
[WORKER_XCD] worker_id=13 block=13 xcd=2
[WORKER_XCD] worker_id=93 block=93 xcd=2
[WORKER_XCD] worker_id=45 block=45 xcd=2
[WORKER_XCD] worker_id=245 block=245 xcd=2
[WORKER_XCD] worker_id=85 block=85 xcd=2
[WORKER_XCD] worker_id=29 block=29 xcd=2
[WORKER_XCD] worker_id=37 block=37 xcd=2
[WORKER_XCD] worker_id=237 block=237 xcd=2
[SCHED_XCD] sched_id=5 xcd=5 workers_on_xcd=37 block=7
[SCHED_XCD] sched_id=2 xcd=2 workers_on_xcd=37 block=4
[SCHED_XCD] sched_id=0 xcd=0 workers_on_xcd=37 block=2
[SCHED_XCD] sched_id=1 xcd=1 workers_on_xcd=37 block=3
[SCHED_XCD] sched_id=6 xcd=6 workers_on_xcd=37 block=0
[SCHED_XCD] sched_id=3 xcd=3 workers_on_xcd=37 block=5
[SCHED_XCD] sched_id=4 xcd=4 workers_on_xcd=37 block=6
[SCHED_XCD] sched_id=7 xcd=7 workers_on_xcd=37 block=1
[FWD_PASS] iter=1 time_ms=0.714 num_active_tokens=1
[FWD_PASS] iter=2 time_ms=0.878 num_active_tokens=1
[FWD_PASS] iter=3 time_ms=0.872 num_active_tokens=1
[FWD_PASS] iter=4 time_ms=0.869 num_active_tokens=1
[FWD_PASS] iter=5 time_ms=0.863 num_active_tokens=1
[FWD_PASS] iter=6 time_ms=2.299 num_active_tokens=1
[FWD_PASS] iter=7 time_ms=0.879 num_active_tokens=1
[FWD_PASS] iter=1 time_ms=2.465 num_active_tokens=1
[FWD_PASS] iter=2 time_ms=0.870 num_active_tokens=1
[FWD_PASS] iter=8 time_ms=2.621 num_active_tokens=1
[FWD_PASS] iter=9 time_ms=0.872 num_active_tokens=1
[FWD_PASS] iter=10 time_ms=0.879 num_active_tokens=1
[FWD_PASS] iter=11 time_ms=0.885 num_active_tokens=1
[FWD_PASS] iter=3 time_ms=4.384 num_active_tokens=1
[FWD_PASS] iter=12 time_ms=1.742 num_active_tokens=1
[FWD_PASS] iter=1 time_ms=10.182 num_active_tokens=1
[FWD_PASS] iter=2 time_ms=1.596 num_active_tokens=1
[FWD_PASS] iter=13 time_ms=3.355 num_active_tokens=1
[FWD_PASS] iter=14 time_ms=0.876 num_active_tokens=1
[FWD_PASS] iter=15 time_ms=1.582 num_active_tokens=1
[FWD_PASS] iter=3 time_ms=4.228 num_active_tokens=1
[FWD_PASS] iter=1 time_ms=2.468 num_active_tokens=1
[FWD_PASS] iter=4 time_ms=9.321 num_active_tokens=1
[FWD_PASS] iter=2 time_ms=1.764 num_active_tokens=1
[FWD_PASS] iter=16 time_ms=4.394 num_active_tokens=1
[FWD_PASS] iter=1 time_ms=26.424 num_active_tokens=1
[FWD_PASS] iter=17 time_ms=1.749 num_active_tokens=1
[TIMING] worker=195 tasks=108 poll_iters=544800 dep_iters=126008 poll_cycles=314308392 dep_cycles=37266872 exec_cycles=3725240 signal_cycles=215132
[TIMING] worker=147 tasks=140 poll_iters=272251 dep_iters=133952 poll_cycles=157081500 dep_cycles=36586304 exec_cycles=5523528 signal_cycles=277320
[TIMING] worker=20 tasks=205 poll_iters=478754 dep_iters=106575 poll_cycles=276143716 dep_cycles=31627428 exec_cycles=12190968 signal_cycles=425312
[TIMING] worker=11 tasks=269 poll_iters=537215 dep_iters=110702 poll_cycles=309742968 dep_cycles=29303408 exec_cycles=14229724 signal_cycles=471536
[TIMING] worker=204 tasks=108 poll_iters=482283 dep_iters=124930 poll_cycles=278180716 dep_cycles=37561012 exec_cycles=3809424 signal_cycles=210964
[TIMING] worker=259 tasks=108 poll_iters=281637 dep_iters=124414 poll_cycles=162463288 dep_cycles=37315888 exec_cycles=2985236 signal_cycles=218944
[TIMING] worker=131 tasks=140 poll_iters=283122 dep_iters=126360 poll_cycles=163369204 dep_cycles=36513000 exec_cycles=5642240 signal_cycles=301600
[TIMING] worker=132 tasks=140 poll_iters=275037 dep_iters=139720 poll_cycles=158580008 dep_cycles=37037820 exec_cycles=5576660 signal_cycles=255144
[TIMING] worker=187 tasks=108 poll_iters=592580 dep_iters=126048 poll_cycles=341906944 dep_cycles=37288108 exec_cycles=3728892 signal_cycles=223744
[TIMING] worker=36 tasks=205 poll_iters=222573 dep_iters=142450 poll_cycles=128351768 dep_cycles=37359248 exec_cycles=6444532 signal_cycles=366544
[TIMING] worker=211 tasks=108 poll_iters=536456 dep_iters=144320 poll_cycles=309132204 dep_cycles=37415232 exec_cycles=3651164 signal_cycles=191760
[TIMING] worker=28 tasks=205 poll_iters=485934 dep_iters=120775 poll_cycles=280207236 dep_cycles=31810772 exec_cycles=12032940 signal_cycles=368440
[TIMING] worker=75 tasks=140 poll_iters=310664 dep_iters=140278 poll_cycles=179217912 dep_cycles=37193384 exec_cycles=5380156 signal_cycles=256420
[TIMING] worker=268 tasks=108 poll_iters=336620 dep_iters=124310 poll_cycles=194134596 dep_cycles=37884124 exec_cycles=2920872 signal_cycles=234756
[TIMING] worker=12 tasks=269 poll_iters=478308 dep_iters=100875 poll_cycles=275847328 dep_cycles=29255676 exec_cycles=14303308 signal_cycles=523412
[TASK_TIME] worker=259 linear=489376/23 linear_res=866368/19 attn=0/0 rms=3400/1 silu=2352/1 fused=0/0
[TASK_TIME] worker=187 linear=470156/22 linear_res=962440/20 attn=0/0 rms=3496/1 silu=2344/1 fused=0/0
[TASK_TIME] worker=131 linear=2266896/52 linear_res=1091524/22 attn=0/0 rms=0/0 silu=2336/1 fused=0/0
[TASK_TIME] worker=211 linear=423128/20 linear_res=983384/21 attn=0/0 rms=3148/1 silu=2300/1 fused=0/0
[TIMING] worker=4 tasks=269 poll_iters=214219 dep_iters=101313 poll_cycles=123559724 dep_cycles=28678544 exec_cycles=14724768 signal_cycles=763548
[TASK_TIME] worker=75 linear=2224640/54 linear_res=889240/20 attn=0/0 rms=3196/1 silu=2308/1 fused=0/0
[TIMING] worker=52 tasks=141 poll_iters=252568 dep_iters=123605 poll_cycles=145683972 dep_cycles=36813552 exec_cycles=6249416 signal_cycles=314068
[TASK_TIME] worker=11 linear=2198952/54 linear_res=970380/20 attn=0/0 rms=3200/1 silu=2420/1 fused=0/0
[TIMING] worker=180 tasks=108 poll_iters=496421 dep_iters=131482 poll_cycles=286271724 dep_cycles=37898536 exec_cycles=3580772 signal_cycles=215040
[TASK_TIME] worker=28 linear=2199244/54 linear_res=963432/20 attn=0/0 rms=6132/2 silu=2420/1 fused=0/0
[TASK_TIME2] worker=259 prep=0/0 attend=0/0 merge=0/0 router=0/0 copy=0/0 w2silu=0/0 lnorm=0/0 prefetch=0/0
[TASK_TIME2] worker=187 prep=0/0 attend=0/0 merge=0/0 router=0/0 copy=0/0 w2silu=0/0 lnorm=0/0 prefetch=0/0
[TIMING] worker=236 tasks=108 poll_iters=479721 dep_iters=127696 poll_cycles=276665796 dep_cycles=37919956 exec_cycles=3617916 signal_cycles=214080
[TASK_TIME2] worker=211 prep=0/0 attend=0/0 merge=0/0 router=0/0 copy=0/0 w2silu=0/0 lnorm=0/0 prefetch=0/0
[TASK_TIME] worker=4 linear=2303480/53 linear_res=1068784/21 attn=0/0 rms=3164/1 silu=2456/1 fused=0/0
[TASK_TIME2] worker=131 prep=0/0 attend=0/0 merge=0/0 router=0/0 copy=0/0 w2silu=0/0 lnorm=0/0 prefetch=0/0
[TIMING] worker=123 tasks=140 poll_iters=274301 dep_iters=127276 poll_cycles=158266580 dep_cycles=36838900 exec_cycles=5414660 signal_cycles=258908
[TASK_TIME2] worker=11 prep=0/0 attend=5864836/64 merge=2212696/64 router=0/0 copy=0/0 w2silu=0/0 lnorm=0/0 prefetch=0/0
[TASK_TIME] worker=268 linear=448020/21 linear_res=892500/20 attn=0/0 rms=3260/1 silu=2456/1 fused=0/0
[TASK_TIME] worker=52 linear=2263796/52 linear_res=989092/21 attn=0/0 rms=3044/1 silu=4876/2 fused=0/0
[TIMING] worker=76 tasks=140 poll_iters=473365 dep_iters=128823 poll_cycles=273046772 dep_cycles=37376236 exec_cycles=5514584 signal_cycles=276272
[TASK_TIME] worker=12 linear=2297564/53 linear_res=968748/20 attn=0/0 rms=3176/1 silu=5844/2 fused=0/0
[TIMING] worker=3 tasks=269 poll_iters=255828 dep_iters=93608 poll_cycles=147542636 dep_cycles=28776272 exec_cycles=14528560 signal_cycles=779948
[TASK_TIME] worker=180 linear=424328/20 linear_res=888212/20 attn=0/0 rms=6304/2 silu=2788/1 fused=0/0
[TASK_TIME] worker=236 linear=426488/20 linear_res=961348/20 attn=0/0 rms=3200/1 silu=5628/2 fused=0/0
[TASK_TIME] worker=195 linear=445412/21 linear_res=959676/20 attn=0/0 rms=3160/1 silu=2316/1 fused=0/0
[TIMING] worker=267 tasks=108 poll_iters=263626 dep_iters=133452 poll_cycles=152134472 dep_cycles=37340696 exec_cycles=2945260 signal_cycles=215456
[TASK_TIME2] worker=268 prep=0/0 attend=0/0 merge=0/0 router=0/0 copy=0/0 w2silu=0/0 lnorm=0/0 prefetch=0/0
[TASK_TIME2] worker=4 prep=0/0 attend=5947288/64 merge=2376656/64 router=0/0 copy=0/0 w2silu=0/0 lnorm=0/0 prefetch=0/0
[TIMING] worker=235 tasks=108 poll_iters=535646 dep_iters=137736 poll_cycles=308983384 dep_cycles=37410648 exec_cycles=3673992 signal_cycles=197308
[TASK_TIME2] worker=28 prep=0/0 attend=5896132/64 merge=0/0 router=0/0 copy=0/0 w2silu=0/0 lnorm=0/0 prefetch=0/0
[TIMING] worker=291 tasks=108 poll_iters=542287 dep_iters=121971 poll_cycles=313142124 dep_cycles=37068748 exec_cycles=3073820 signal_cycles=229548
[TASK_TIME2] worker=52 prep=0/0 attend=0/0 merge=0/0 router=0/0 copy=0/0 w2silu=0/0 lnorm=0/0 prefetch=0/0
[TIMING] worker=148 tasks=140 poll_iters=340038 dep_iters=123555 poll_cycles=196113644 dep_cycles=36878096 exec_cycles=5621364 signal_cycles=273412
[TIMING] worker=283 tasks=108 poll_iters=558456 dep_iters=122491 poll_cycles=322148796 dep_cycles=37263124 exec_cycles=3020048 signal_cycles=226344
[TASK_TIME2] worker=180 prep=0/0 attend=0/0 merge=0/0 router=0/0 copy=0/0 w2silu=0/0 lnorm=0/0 prefetch=0/0
[TASK_TIME2] worker=12 prep=0/0 attend=5874292/64 merge=2214448/64 router=0/0 copy=0/0 w2silu=0/0 lnorm=0/0 prefetch=0/0
[TASK_TIME2] worker=236 prep=0/0 attend=0/0 merge=0/0 router=0/0 copy=0/0 w2silu=0/0 lnorm=0/0 prefetch=0/0
[TIMING] worker=35 tasks=205 poll_iters=564036 dep_iters=123623 poll_cycles=325310408 dep_cycles=35494524 exec_cycles=8189392 signal_cycles=394204
[TASK_TIME] worker=148 linear=2291288/53 linear_res=1060488/21 attn=0/0 rms=0/0 silu=2844/1 fused=0/0
[TASK_TIME2] worker=195 prep=0/0 attend=0/0 merge=0/0 router=0/0 copy=0/0 w2silu=0/0 lnorm=0/0 prefetch=0/0
[TIMING] worker=203 tasks=108 poll_iters=227558 dep_iters=134893 poll_cycles=131349792 dep_cycles=37191204 exec_cycles=3846932 signal_cycles=203356
[TASK_TIME2] worker=148 prep=0/0 attend=0/0 merge=0/0 router=0/0 copy=0/0 w2silu=0/0 lnorm=0/0 prefetch=0/0
[TIMING] worker=91 tasks=140 poll_iters=287063 dep_iters=127710 poll_cycles=165635716 dep_cycles=36954664 exec_cycles=5486404 signal_cycles=265292
[TIMING] worker=155 tasks=140 poll_iters=533443 dep_iters=124633 poll_cycles=307774716 dep_cycles=36604668 exec_cycles=5421952 signal_cycles=275152
[TIMING] worker=227 tasks=108 poll_iters=540448 dep_iters=124504 poll_cycles=311792304 dep_cycles=37362852 exec_cycles=3695216 signal_cycles=224972
[TIMING] worker=156 tasks=140 poll_iters=505158 dep_iters=137464 poll_cycles=291306184 dep_cycles=37039584 exec_cycles=5440716 signal_cycles=255192
[TIMING] worker=252 tasks=108 poll_iters=257577 dep_iters=137977 poll_cycles=148562572 dep_cycles=38012540 exec_cycles=3505616 signal_cycles=198572
[TIMING] worker=108 tasks=140 poll_iters=312086 dep_iters=130038 poll_cycles=180026144 dep_cycles=37221252 exec_cycles=5471180 signal_cycles=275380
[TIMING] worker=59 tasks=140 poll_iters=235248 dep_iters=130514 poll_cycles=135745400 dep_cycles=37197396 exec_cycles=5444516 signal_cycles=261840
[TIMING] worker=100 tasks=140 poll_iters=243527 dep_iters=141013 poll_cycles=140465064 dep_cycles=37399868 exec_cycles=5395848 signal_cycles=248940
[TIMING] worker=84 tasks=140 poll_iters=523644 dep_iters=127293 poll_cycles=302077916 dep_cycles=37476848 exec_cycles=5397744 signal_cycles=272980
[TIMING] worker=179 tasks=108 poll_iters=261975 dep_iters=141596 poll_cycles=151139080 dep_cycles=37276948 exec_cycles=3732632 signal_cycles=199564
[TIMING] worker=43 tasks=141 poll_iters=261008 dep_iters=142417 poll_cycles=150607516 dep_cycles=36535448 exec_cycles=6218384 signal_cycles=270540
[TASK_TIME2] worker=75 prep=0/0 attend=0/0 merge=0/0 router=0/0 copy=0/0 w2silu=0/0 lnorm=0/0 prefetch=0/0
[TIMING] worker=60 tasks=141 poll_iters=337348 dep_iters=144340 poll_cycles=194534480 dep_cycles=37670044 exec_cycles=5404440 signal_cycles=256844
[TIMING] worker=140 tasks=140 poll_iters=486741 dep_iters=126250 poll_cycles=280722896 dep_cycles=37158460 exec_cycles=5428420 signal_cycles=295584
[TIMING] worker=251 tasks=108 poll_iters=561138 dep_iters=124524 poll_cycles=323774240 dep_cycles=37355872 exec_cycles=3615608 signal_cycles=208272
[TIMING] worker=99 tasks=140 poll_iters=565660 dep_iters=118080 poll_cycles=328391088 dep_cycles=36868500 exec_cycles=5477480 signal_cycles=351836
[TASK_TIME] worker=20 linear=2199264/53 linear_res=1082652/22 attn=0/0 rms=0/0 silu=0/0 fused=0/0
[TIMING] worker=188 tasks=108 poll_iters=273283 dep_iters=138394 poll_cycles=157596188 dep_cycles=37544476 exec_cycles=3821308 signal_cycles=201648
[TIMING] worker=115 tasks=140 poll_iters=258148 dep_iters=132754 poll_cycles=148915212 dep_cycles=36849392 exec_cycles=5454780 signal_cycles=264828
[TIMING] worker=276 tasks=108 poll_iters=270975 dep_iters=130869 poll_cycles=156268132 dep_cycles=37749328 exec_cycles=2914508 signal_cycles=213616
[TIMING] worker=220 tasks=108 poll_iters=271580 dep_iters=136385 poll_cycles=156633108 dep_cycles=37596172 exec_cycles=3804496 signal_cycles=211800
[TIMING] worker=284 tasks=108 poll_iters=476792 dep_iters=134938 poll_cycles=275030592 dep_cycles=37708932 exec_cycles=2953300 signal_cycles=201432
[TIMING] worker=124 tasks=140 poll_iters=507385 dep_iters=140029 poll_cycles=292586028 dep_cycles=37141608 exec_cycles=5529880 signal_cycles=255244
[TIMING] worker=228 tasks=108 poll_iters=272200 dep_iters=132414 poll_cycles=159710408 dep_cycles=37644676 exec_cycles=3760836 signal_cycles=264012
[TASK_TIME] worker=291 linear=449044/21 linear_res=993632/21 attn=0/0 rms=3228/1 silu=0/0 fused=0/0
[TIMING] worker=212 tasks=108 poll_iters=252666 dep_iters=132717 poll_cycles=145714436 dep_cycles=37760072 exec_cycles=3641568 signal_cycles=204064
[TASK_TIME] worker=76 linear=2284408/54 linear_res=987360/21 attn=0/0 rms=0/0 silu=0/0 fused=0/0
[TIMING] worker=51 tasks=140 poll_iters=540005 dep_iters=133770 poll_cycles=311451016 dep_cycles=36528492 exec_cycles=6183688 signal_cycles=276148
[TASK_TIME] worker=156 linear=2218696/52 linear_res=987544/21 attn=0/0 rms=3080/1 silu=2828/1 fused=0/0
[TIMING] worker=219 tasks=108 poll_iters=582544 dep_iters=124545 poll_cycles=336147092 dep_cycles=37371792 exec_cycles=3718776 signal_cycles=224816
[TASK_TIME] worker=283 linear=426964/20 linear_res=991776/21 attn=0/0 rms=3456/1 silu=2340/1 fused=0/0
[TASK_TIME] worker=84 linear=2246396/52 linear_res=907796/21 attn=0/0 rms=3060/1 silu=4868/2 fused=0/0
[TASK_TIME] worker=252 linear=465832/22 linear_res=786500/19 attn=0/0 rms=6368/2 silu=2824/1 fused=0/0
[TASK_TIME] worker=91 linear=2218912/52 linear_res=1006072/22 attn=0/0 rms=0/0 silu=2308/1 fused=0/0
[TASK_TIME] worker=235 linear=444392/21 linear_res=962896/20 attn=0/0 rms=3404/1 silu=2336/1 fused=0/0
[TASK_TIME] worker=60 linear=2210724/52 linear_res=927456/22 attn=0/0 rms=3112/1 silu=0/0 fused=0/0
[TIMING] worker=196 tasks=108 poll_iters=271182 dep_iters=139293 poll_cycles=156371688 dep_cycles=37779388 exec_cycles=3688932 signal_cycles=214280
[TIMING] worker=44 tasks=141 poll_iters=485313 dep_iters=130735 poll_cycles=279950180 dep_cycles=36799860 exec_cycles=6302472 signal_cycles=295060
[TASK_TIME] worker=36 linear=2249528/54 linear_res=1061528/21 attn=0/0 rms=0/0 silu=2408/1 fused=0/0
[TASK_TIME] worker=59 linear=2181324/52 linear_res=1003900/22 attn=0/0 rms=0/0 silu=2332/1 fused=0/0
[TIMING] worker=116 tasks=140 poll_iters=262616 dep_iters=122454 poll_cycles=151492160 dep_cycles=37038316 exec_cycles=5593356 signal_cycles=299208
[TASK_TIME] worker=204 linear=426680/20 linear_res=1089428/22 attn=0/0 rms=0/0 silu=0/0 fused=0/0
[TASK_TIME] worker=35 linear=2139412/53 linear_res=986760/21 attn=0/0 rms=3156/1 silu=4600/2 fused=0/0
[TASK_TIME] worker=140 linear=2299200/53 linear_res=889488/20 attn=0/0 rms=6196/2 silu=2824/1 fused=0/0
[TASK_TIME] worker=147 linear=2231896/53 linear_res=983812/21 attn=0/0 rms=3368/1 silu=2364/1 fused=0/0
[TASK_TIME] worker=227 linear=426600/20 linear_res=971068/20 attn=0/0 rms=3408/1 silu=2336/1 fused=0/0
[TASK_TIME] worker=43 linear=2211600/52 linear_res=992952/21 attn=0/0 rms=3188/1 silu=2320/1 fused=0/0
[TASK_TIME] worker=123 linear=2203012/53 linear_res=959740/20 attn=0/0 rms=3260/1 silu=2304/1 fused=0/0
[TIMING] worker=171 tasks=140 poll_iters=223607 dep_iters=137587 poll_cycles=129059652 dep_cycles=36486916 exec_cycles=5473900 signal_cycles=262508
[TIMING] worker=68 tasks=140 poll_iters=485432 dep_iters=144459 poll_cycles=279883696 dep_cycles=37707052 exec_cycles=5260064 signal_cycles=258420
[TASK_TIME] worker=220 linear=444872/21 linear_res=1068872/21 attn=0/0 rms=0/0 silu=2820/1 fused=0/0
[TIMING] worker=243 tasks=108 poll_iters=534729 dep_iters=139822 poll_cycles=308391412 dep_cycles=37403524 exec_cycles=3681996 signal_cycles=187388
[TASK_TIME] worker=188 linear=467104/22 linear_res=1060304/21 attn=0/0 rms=0/0 silu=0/0 fused=0/0
[TASK_TIME] worker=108 linear=2254744/53 linear_res=984872/21 attn=0/0 rms=0/0 silu=2416/1 fused=0/0
[TIMING] worker=292 tasks=108 poll_iters=481814 dep_iters=134100 poll_cycles=277890904 dep_cycles=37460556 exec_cycles=3075236 signal_cycles=209764
[TIMING] worker=281 tasks=108 poll_iters=243949 dep_iters=136567 poll_cycles=140690636 dep_cycles=38075356 exec_cycles=3078944 signal_cycles=214400
[TIMING] worker=164 tasks=140 poll_iters=479231 dep_iters=137035 poll_cycles=276316432 dep_cycles=36892396 exec_cycles=5506996 signal_cycles=267628
[TASK_TIME] worker=276 linear=446868/21 linear_res=884732/20 attn=0/0 rms=3216/1 silu=0/0 fused=0/0
[TASK_TIME] worker=196 linear=401924/19 linear_res=980552/21 attn=0/0 rms=3068/1 silu=5620/2 fused=0/0
[TASK_TIME] worker=212 linear=443304/21 linear_res=959936/20 attn=0/0 rms=6320/2 silu=2776/1 fused=0/0
[TASK_TIME] worker=203 linear=424272/20 linear_res=1090316/22 attn=0/0 rms=0/0 silu=2336/1 fused=0/0
[TIMING] worker=234 tasks=108 poll_iters=249642 dep_iters=138200 poll_cycles=143982100 dep_cycles=37381240 exec_cycles=4030160 signal_cycles=203156
[TASK_TIME] worker=155 linear=2183352/52 linear_res=984724/21 attn=0/0 rms=3220/1 silu=2328/1 fused=0/0
[TIMING] worker=19 tasks=205 poll_iters=218003 dep_iters=116385 poll_cycles=125715740 dep_cycles=31571376 exec_cycles=12171636 signal_cycles=450332
[TASK_TIME] worker=284 linear=447844/21 linear_res=910812/21 attn=0/0 rms=3340/1 silu=2472/1 fused=0/0
[TASK_TIME2] worker=20 prep=0/0 attend=5934612/64 merge=0/0 router=0/0 copy=0/0 w2silu=0/0 lnorm=0/0 prefetch=0/0
[TASK_TIME] worker=100 linear=2265300/54 linear_res=888608/20 attn=0/0 rms=3080/1 silu=2428/1 fused=0/0
[TASK_TIME] worker=251 linear=468484/22 linear_res=885100/20 attn=0/0 rms=3376/1 silu=0/0 fused=0/0
[TASK_TIME] worker=3 linear=2208584/54 linear_res=973468/20 attn=0/0 rms=3228/1 silu=2336/1 fused=0/0
[TASK_TIME2] worker=156 prep=0/0 attend=0/0 merge=0/0 router=0/0 copy=0/0 w2silu=0/0 lnorm=0/0 prefetch=0/0
[TIMING] worker=18 tasks=205 poll_iters=214776 dep_iters=116151 poll_cycles=123849228 dep_cycles=31375040 exec_cycles=12421952 signal_cycles=455564
[TIMING] worker=107 tasks=140 poll_iters=211202 dep_iters=141406 poll_cycles=121879700 dep_cycles=36922360 exec_cycles=5428800 signal_cycles=253256
[TASK_TIME] worker=99 linear=2279604/52 linear_res=890792/20 attn=0/0 rms=6728/2 silu=2308/1 fused=0/0
[TIMING] worker=146 tasks=140 poll_iters=335298 dep_iters=134059 poll_cycles=193348152 dep_cycles=36515704 exec_cycles=5846040 signal_cycles=300376
[TIMING] worker=282 tasks=108 poll_iters=326465 dep_iters=123592 poll_cycles=188290768 dep_cycles=37441376 exec_cycles=3103320 signal_cycles=225332
[TASK_TIME2] worker=140 prep=0/0 attend=0/0 merge=0/0 router=0/0 copy=0/0 w2silu=0/0 lnorm=0/0 prefetch=0/0
[TIMING] worker=273 tasks=108 poll_iters=318787 dep_iters=132327 poll_cycles=183805680 dep_cycles=38063000 exec_cycles=3049564 signal_cycles=214820
[TASK_TIME2] worker=60 prep=0/0 attend=0/0 merge=0/0 router=0/0 copy=0/0 w2silu=0/0 lnorm=0/0 prefetch=0/0
[TASK_TIME] worker=124 linear=2226356/52 linear_res=1059396/21 attn=0/0 rms=0/0 silu=5616/2 fused=0/0
[TASK_TIME] worker=179 linear=443356/21 linear_res=987784/21 attn=0/0 rms=3200/1 silu=0/0 fused=0/0
[TASK_TIME] worker=267 linear=449092/21 linear_res=894048/20 attn=0/0 rms=3268/1 silu=2376/1 fused=0/0
[TASK_TIME2] worker=235 prep=0/0 attend=0/0 merge=0/0 router=0/0 copy=0/0 w2silu=0/0 lnorm=0/0 prefetch=0/0
[TIMING] worker=17 tasks=205 poll_iters=292989 dep_iters=108496 poll_cycles=168948536 dep_cycles=31981724 exec_cycles=12088056 signal_cycles=418908
[TASK_TIME2] worker=283 prep=0/0 attend=0/0 merge=0/0 router=0/0 copy=0/0 w2silu=0/0 lnorm=0/0 prefetch=0/0
[TIMING] worker=242 tasks=108 poll_iters=207176 dep_iters=141324 poll_cycles=119498156 dep_cycles=37633132 exec_cycles=3686328 signal_cycles=198000
[TASK_TIME2] worker=252 prep=0/0 attend=0/0 merge=0/0 router=0/0 copy=0/0 w2silu=0/0 lnorm=0/0 prefetch=0/0
[TASK_TIME2] worker=188 prep=0/0 attend=0/0 merge=0/0 router=0/0 copy=0/0 w2silu=0/0 lnorm=0/0 prefetch=0/0
[TASK_TIME2] worker=91 prep=0/0 attend=0/0 merge=0/0 router=0/0 copy=0/0 w2silu=0/0 lnorm=0/0 prefetch=0/0
[TASK_TIME2] worker=76 prep=0/0 attend=0/0 merge=0/0 router=0/0 copy=0/0 w2silu=0/0 lnorm=0/0 prefetch=0/0
[TIMING] worker=49 tasks=140 poll_iters=241321 dep_iters=125036 poll_cycles=139151448 dep_cycles=37072808 exec_cycles=6239252 signal_cycles=288884
[TIMING] worker=225 tasks=108 poll_iters=289983 dep_iters=132134 poll_cycles=168966460 dep_cycles=38046708 exec_cycles=3832584 signal_cycles=265416
[TASK_TIME2] worker=84 prep=0/0 attend=0/0 merge=0/0 router=0/0 copy=0/0 w2silu=0/0 lnorm=0/0 prefetch=0/0
[TIMING] worker=244 tasks=108 poll_iters=490548 dep_iters=129220 poll_cycles=282889036 dep_cycles=37786084 exec_cycles=3647700 signal_cycles=201768
[TIMING] worker=258 tasks=108 poll_iters=326138 dep_iters=121027 poll_cycles=190296056 dep_cycles=37305396 exec_cycles=3347044 signal_cycles=236456
[TIMING] worker=265 tasks=108 poll_iters=301565 dep_iters=125201 poll_cycles=173890432 dep_cycles=38047116 exec_cycles=3047028 signal_cycles=232484
[TIMING] worker=217 tasks=108 poll_iters=294660 dep_iters=138725 poll_cycles=169914200 dep_cycles=38101168 exec_cycles=3790840 signal_cycles=220424
[TIMING] worker=121 tasks=140 poll_iters=312634 dep_iters=141740 poll_cycles=180259832 dep_cycles=37400064 exec_cycles=5574608 signal_cycles=263532
[TIMING] worker=202 tasks=108 poll_iters=366594 dep_iters=135830 poll_cycles=211438148 dep_cycles=37272856 exec_cycles=4085884 signal_cycles=220864
[TIMING] worker=81 tasks=140 poll_iters=260950 dep_iters=128309 poll_cycles=150462180 dep_cycles=37579188 exec_cycles=5540852 signal_cycles=292484
[TIMING] worker=289 tasks=108 poll_iters=296647 dep_iters=135804 poll_cycles=171062948 dep_cycles=37860860 exec_cycles=3092476 signal_cycles=225964
[TIMING] worker=145 tasks=140 poll_iters=292498 dep_iters=125578 poll_cycles=168650608 dep_cycles=37311432 exec_cycles=5515488 signal_cycles=291256
[TIMING] worker=250 tasks=108 poll_iters=260626 dep_iters=124997 poll_cycles=150342312 dep_cycles=37354616 exec_cycles=3972364 signal_cycles=216796
[TIMING] worker=161 tasks=140 poll_iters=288080 dep_iters=138876 poll_cycles=166074320 dep_cycles=37197328 exec_cycles=5528528 signal_cycles=284828
[TIMING] worker=82 tasks=140 poll_iters=216885 dep_iters=137711 poll_cycles=125085304 dep_cycles=36989916 exec_cycles=5765136 signal_cycles=266176
[TIMING] worker=138 tasks=140 poll_iters=334206 dep_iters=136293 poll_cycles=192727180 dep_cycles=36611760 exec_cycles=5823324 signal_cycles=282652
[TIMING] worker=34 tasks=204 poll_iters=329911 dep_iters=129981 poll_cycles=190239032 dep_cycles=37135292 exec_cycles=6575012 signal_cycles=395944
[TIMING] worker=25 tasks=205 poll_iters=245303 dep_iters=122502 poll_cycles=141431328 dep_cycles=32064824 exec_cycles=11986296 signal_cycles=376032
[TIMING] worker=233 tasks=108 poll_iters=297423 dep_iters=128908 poll_cycles=171530616 dep_cycles=38149480 exec_cycles=3708648 signal_cycles=214064
[TASK_TIME] worker=115 linear=2208084/53 linear_res=964116/20 attn=0/0 rms=3376/1 silu=2356/1 fused=0/0
[TIMING] worker=154 tasks=140 poll_iters=223831 dep_iters=124739 poll_cycles=129121276 dep_cycles=36521096 exec_cycles=5790548 signal_cycles=281816
[TIMING] worker=42 tasks=140 poll_iters=319643 dep_iters=142441 poll_cycles=184339024 dep_cycles=36421776 exec_cycles=6543212 signal_cycles=291592
[TIMING] worker=90 tasks=140 poll_iters=336729 dep_iters=127930 poll_cycles=194226288 dep_cycles=36915056 exec_cycles=5776416 signal_cycles=285836
[TIMING] worker=2 tasks=269 poll_iters=267839 dep_iters=92441 poll_cycles=154476916 dep_cycles=28291960 exec_cycles=14984668 signal_cycles=850452
[TIMING] worker=122 tasks=140 poll_iters=238572 dep_iters=127119 poll_cycles=137614384 dep_cycles=36676496 exec_cycles=5855468 signal_cycles=280564
[TIMING] worker=98 tasks=140 poll_iters=345985 dep_iters=127321 poll_cycles=199552220 dep_cycles=36762948 exec_cycles=5882952 signal_cycles=274152
[TIMING] worker=33 tasks=204 poll_iters=303999 dep_iters=144414 poll_cycles=175245700 dep_cycles=37681160 exec_cycles=6352024 signal_cycles=373992
[TIMING] worker=65 tasks=140 poll_iters=287509 dep_iters=145604 poll_cycles=165738436 dep_cycles=37830504 exec_cycles=5405564 signal_cycles=261284
[TIMING] worker=275 tasks=108 poll_iters=291059 dep_iters=141620 poll_cycles=167914380 dep_cycles=37285116 exec_cycles=3010572 signal_cycles=199408
[TASK_TIME2] worker=35 prep=0/0 attend=2062096/64 merge=0/0 router=0/0 copy=0/0 w2silu=0/0 lnorm=0/0 prefetch=0/0
[TIMING] worker=114 tasks=140 poll_iters=386674 dep_iters=132815 poll_cycles=223020380 dep_cycles=36771000 exec_cycles=5808404 signal_cycles=281968
[TIMING] worker=137 tasks=140 poll_iters=210240 dep_iters=127261 poll_cycles=121250352 dep_cycles=37247020 exec_cycles=5588600 signal_cycles=314344
[TIMING] worker=274 tasks=108 poll_iters=233908 dep_iters=142397 poll_cycles=134925256 dep_cycles=37321340 exec_cycles=3371188 signal_cycles=209744
[TIMING] worker=177 tasks=108 poll_iters=300179 dep_iters=132456 poll_cycles=173071948 dep_cycles=38100372 exec_cycles=3712540 signal_cycles=212052
[TIMING] worker=260 tasks=108 poll_iters=480604 dep_iters=136898 poll_cycles=277185732 dep_cycles=37702672 exec_cycles=3072312 signal_cycles=227896
[TIMING] worker=169 tasks=140 poll_iters=307283 dep_iters=128640 poll_cycles=177201416 dep_cycles=37190784 exec_cycles=5521608 signal_cycles=275356
[TIMING] worker=74 tasks=140 poll_iters=242179 dep_iters=140178 poll_cycles=139676288 dep_cycles=37079244 exec_cycles=5701524 signal_cycles=273936
[TIMING] worker=105 tasks=140 poll_iters=229068 dep_iters=131793 poll_cycles=132091728 dep_cycles=37547040 exec_cycles=5468852 signal_cycles=285912
[TIMING] worker=50 tasks=140 poll_iters=239359 dep_iters=133836 poll_cycles=138030432 dep_cycles=36435484 exec_cycles=6518404 signal_cycles=276876
[TIMING] worker=139 tasks=140 poll_iters=263936 dep_iters=136248 poll_cycles=152307648 dep_cycles=36705200 exec_cycles=5455560 signal_cycles=264096
[TIMING] worker=106 tasks=140 poll_iters=322366 dep_iters=141605 poll_cycles=185882588 dep_cycles=36874628 exec_cycles=5743768 signal_cycles=260664
[TASK_TIME2] worker=220 prep=0/0 attend=0/0 merge=0/0 router=0/0 copy=0/0 w2silu=0/0 lnorm=0/0 prefetch=0/0
[TIMING] worker=257 tasks=108 poll_iters=403191 dep_iters=138700 poll_cycles=232584140 dep_cycles=38079224 exec_cycles=3027880 signal_cycles=237580
[TIMING] worker=97 tasks=140 poll_iters=226428 dep_iters=142274 poll_cycles=130539380 dep_cycles=37536128 exec_cycles=5503536 signal_cycles=272436
[TIMING] worker=186 tasks=108 poll_iters=357114 dep_iters=126427 poll_cycles=205974160 dep_cycles=37269604 exec_cycles=4033876 signal_cycles=217956
[TIMING] worker=1 tasks=269 poll_iters=312191 dep_iters=103233 poll_cycles=180009660 dep_cycles=29096668 exec_cycles=14530696 signal_cycles=795712
[TIMING] worker=201 tasks=108 poll_iters=237204 dep_iters=127106 poll_cycles=136798756 dep_cycles=38118424 exec_cycles=3728976 signal_cycles=220476
[TIMING] worker=209 tasks=108 poll_iters=227225 dep_iters=134613 poll_cycles=131020836 dep_cycles=38181156 exec_cycles=3657588 signal_cycles=209592
[TIMING] worker=130 tasks=140 poll_iters=325287 dep_iters=128024 poll_cycles=187584800 dep_cycles=36928188 exec_cycles=5562036 signal_cycles=269576
[TIMING] worker=66 tasks=140 poll_iters=320965 dep_iters=130659 poll_cycles=185105428 dep_cycles=37177068 exec_cycles=5663252 signal_cycles=268376
[TASK_TIME2] worker=43 prep=0/0 attend=0/0 merge=0/0 router=0/0 copy=0/0 w2silu=0/0 lnorm=0/0 prefetch=0/0
[TASK_TIME] worker=132 linear=2219640/51 linear_res=1082472/22 attn=0/0 rms=3244/1 silu=0/0 fused=0/0
[TIMING] worker=210 tasks=108 poll_iters=250327 dep_iters=144733 poll_cycles=144193968 dep_cycles=37352648 exec_cycles=4011908 signal_cycles=201168
[TIMING] worker=58 tasks=140 poll_iters=334711 dep_iters=131808 poll_cycles=193054824 dep_cycles=37489572 exec_cycles=5391700 signal_cycles=270408
[TASK_TIME2] worker=108 prep=0/0 attend=0/0 merge=0/0 router=0/0 copy=0/0 w2silu=0/0 lnorm=0/0 prefetch=0/0
[TIMING] worker=290 tasks=108 poll_iters=332681 dep_iters=122212 poll_cycles=191839724 dep_cycles=36977616 exec_cycles=3534496 signal_cycles=235372
[TASK_TIME2] worker=212 prep=0/0 attend=0/0 merge=0/0 router=0/0 copy=0/0 w2silu=0/0 lnorm=0/0 prefetch=0/0
[TIMING] worker=153 tasks=140 poll_iters=266599 dep_iters=139155 poll_cycles=153722444 dep_cycles=37306056 exec_cycles=5465168 signal_cycles=265944
[TASK_TIME2] worker=59 prep=0/0 attend=0/0 merge=0/0 router=0/0 copy=0/0 w2silu=0/0 lnorm=0/0 prefetch=0/0
[TIMING] worker=26 tasks=205 poll_iters=327496 dep_iters=109873 poll_cycles=188869944 dep_cycles=31490236 exec_cycles=12282272 signal_cycles=400152
[TIMING] worker=73 tasks=140 poll_iters=236573 dep_iters=130599 poll_cycles=136428084 dep_cycles=37689900 exec_cycles=5475700 signal_cycles=286640
[TIMING] worker=163 tasks=140 poll_iters=530713 dep_iters=124222 poll_cycles=306210432 dep_cycles=36463056 exec_cycles=5504992 signal_cycles=284440
[TASK_TIME2] worker=291 prep=0/0 attend=0/0 merge=0/0 router=0/0 copy=0/0 w2silu=0/0 lnorm=0/0 prefetch=0/0
[TIMING] worker=41 tasks=140 poll_iters=356490 dep_iters=132175 poll_cycles=205636160 dep_cycles=37028764 exec_cycles=6282108 signal_cycles=302836
[TIMING] worker=266 tasks=108 poll_iters=327421 dep_iters=133863 poll_cycles=188883408 dep_cycles=37309108 exec_cycles=3373908 signal_cycles=219596
[TASK_TIME] worker=228 linear=448364/21 linear_res=976128/20 attn=0/0 rms=4292/1 silu=2832/1 fused=0/0
[TIMING] worker=57 tasks=140 poll_iters=290158 dep_iters=145856 poll_cycles=167279136 dep_cycles=37893392 exec_cycles=5419148 signal_cycles=257392
[TASK_TIME2] worker=123 prep=0/0 attend=0/0 merge=0/0 router=0/0 copy=0/0 w2silu=0/0 lnorm=0/0 prefetch=0/0
[TIMING] worker=89 tasks=140 poll_iters=290945 dep_iters=142534 poll_cycles=167757684 dep_cycles=37612600 exec_cycles=5491548 signal_cycles=266860
[TIMING] worker=185 tasks=108 poll_iters=291742 dep_iters=140599 poll_cycles=168200760 dep_cycles=38027848 exec_cycles=3801204 signal_cycles=213624
[TIMING] worker=67 tasks=140 poll_iters=271772 dep_iters=130729 poll_cycles=156788360 dep_cycles=37282508 exec_cycles=5303100 signal_cycles=266184
[TIMING] worker=10 tasks=269 poll_iters=337542 dep_iters=109682 poll_cycles=194628056 dep_cycles=28870000 exec_cycles=14695948 signal_cycles=501512
[TIMING] worker=226 tasks=108 poll_iters=359316 dep_iters=124657 poll_cycles=207251996 dep_cycles=37259976 exec_cycles=4055988 signal_cycles=277780
[TIMING] worker=194 tasks=108 poll_iters=228013 dep_iters=126165 poll_cycles=131516864 dep_cycles=37193136 exec_cycles=4116548 signal_cycles=213700
[TASK_TIME] worker=51 linear=2182452/52 linear_res=985272/21 attn=0/0 rms=3392/1 silu=2332/1 fused=0/0
[TIMING] worker=172 tasks=140 poll_iters=521009 dep_iters=126952 poll_cycles=300515900 dep_cycles=36870092 exec_cycles=5488652 signal_cycles=271004
[TIMING] worker=129 tasks=140 poll_iters=310568 dep_iters=141878 poll_cycles=179063040 dep_cycles=37434272 exec_cycles=5531884 signal_cycles=267780
[TIMING] worker=9 tasks=269 poll_iters=341528 dep_iters=102297 poll_cycles=196967992 dep_cycles=29477816 exec_cycles=14322352 signal_cycles=529052
[TIMING] worker=178 tasks=108 poll_iters=243616 dep_iters=142174 poll_cycles=140472624 dep_cycles=37290096 exec_cycles=4048744 signal_cycles=203896
[TASK_TIME2] worker=204 prep=0/0 attend=0/0 merge=0/0 router=0/0 copy=0/0 w2silu=0/0 lnorm=0/0 prefetch=0/0
[TIMING] worker=193 tasks=108 poll_iters=260657 dep_iters=140389 poll_cycles=150277700 dep_cycles=37984744 exec_cycles=3817512 signal_cycles=206716
[TASK_TIME] worker=68 linear=2209620/52 linear_res=807704/20 attn=0/0 rms=6084/2 silu=2420/1 fused=0/0
[TASK_TIME] worker=273 linear=425444/20 linear_res=981260/21 attn=0/0 rms=3516/1 silu=2368/1 fused=0/0
[TASK_TIME] worker=171 linear=2197872/52 linear_res=981880/21 attn=0/0 rms=4048/1 silu=2348/1 fused=0/0
[TASK_TIME] worker=44 linear=2336316/53 linear_res=990884/21 attn=0/0 rms=3396/1 silu=2436/1 fused=0/0
[TASK_TIME] worker=281 linear=426472/20 linear_res=1010760/22 attn=0/0 rms=3248/1 silu=0/0 fused=0/0
[TASK_TIME] worker=146 linear=2214224/52 linear_res=987336/21 attn=0/0 rms=0/0 silu=2440/1 fused=0/0
[TASK_TIME] worker=209 linear=419276/20 linear_res=980660/21 attn=0/0 rms=3176/1 silu=2564/1 fused=0/0
[TIMING] worker=162 tasks=140 poll_iters=262342 dep_iters=124535 poll_cycles=151293576 dep_cycles=36458000 exec_cycles=5811592 signal_cycles=297696
[TIMING] worker=170 tasks=140 poll_iters=344170 dep_iters=138539 poll_cycles=198456692 dep_cycles=36638412 exec_cycles=5565948 signal_cycles=272204
[TASK_TIME] worker=137 linear=2298636/53 linear_res=985864/21 attn=0/0 rms=3480/1 silu=2660/1 fused=0/0
[TASK_TIME] worker=265 linear=427872/20 linear_res=989240/21 attn=0/0 rms=3752/1 silu=2384/1 fused=0/0
[TASK_TIME] worker=185 linear=466372/22 linear_res=963332/20 attn=0/0 rms=0/0 silu=2620/1 fused=0/0
[TASK_TIME] worker=161 linear=2187964/52 linear_res=984708/21 attn=0/0 rms=3300/1 silu=2896/1 fused=0/0
[TASK_TIME] worker=193 linear=420896/20 linear_res=1057836/21 attn=0/0 rms=3176/1 silu=2572/1 fused=0/0
[TASK_TIME] worker=49 linear=2246044/52 linear_res=987072/21 attn=0/0 rms=3468/1 silu=2376/1 fused=0/0
[TASK_TIME] worker=105 linear=2239500/53 linear_res=960960/20 attn=0/0 rms=3432/1 silu=2632/1 fused=0/0
[TASK_TIME] worker=244 linear=424980/20 linear_res=989848/21 attn=0/0 rms=3224/1 silu=0/0 fused=0/0
[TASK_TIME2] worker=36 prep=0/0 attend=149252/64 merge=0/0 router=0/0 copy=0/0 w2silu=0/0 lnorm=0/0 prefetch=0/0
[TASK_TIME] worker=65 linear=2251136/54 linear_res=884204/20 attn=0/0 rms=3412/1 silu=2612/1 fused=0/0
[TASK_TIME] worker=201 linear=427708/20 linear_res=990700/21 attn=0/0 rms=3240/1 silu=2372/1 fused=0/0
[TIMING] worker=241 tasks=108 poll_iters=220419 dep_iters=131405 poll_cycles=127106372 dep_cycles=38329728 exec_cycles=3592540 signal_cycles=208704
[TASK_TIME] worker=17 linear=2210584/53 linear_res=985304/21 attn=0/0 rms=3464/1 silu=2368/1 fused=0/0
[TASK_TIME] worker=169 linear=2222376/52 linear_res=1002704/22 attn=0/0 rms=3296/1 silu=0/0 fused=0/0
[TIMING] worker=113 tasks=140 poll_iters=284928 dep_iters=124351 poll_cycles=164288220 dep_cycles=37421916 exec_cycles=5555160 signal_cycles=294276
[TASK_TIME2] worker=276 prep=0/0 attend=0/0 merge=0/0 router=0/0 copy=0/0 w2silu=0/0 lnorm=0/0 prefetch=0/0
[TASK_TIME] worker=234 linear=446360/21 linear_res=962700/20 attn=0/0 rms=0/0 silu=2404/1 fused=0/0
[TASK_TIME] worker=97 linear=2213552/52 linear_res=985924/21 attn=0/0 rms=3212/1 silu=2376/1 fused=0/0
[TASK_TIME] worker=274 linear=425316/20 linear_res=983996/21 attn=0/0 rms=0/0 silu=2404/1 fused=0/0
[TASK_TIME] worker=242 linear=464568/22 linear_res=913852/21 attn=0/0 rms=0/0 silu=0/0 fused=0/0
[TASK_TIME] worker=121 linear=2213316/52 linear_res=1058468/21 attn=0/0 rms=3404/1 silu=2880/1 fused=0/0
[TASK_TIME] worker=2 linear=2288272/54 linear_res=967444/20 attn=0/0 rms=0/0 silu=2412/1 fused=0/0
[TASK_TIME] worker=1 linear=2292332/54 linear_res=971240/20 attn=0/0 rms=4840/1 silu=2408/1 fused=0/0
[TASK_TIME] worker=18 linear=2175844/53 linear_res=989548/21 attn=0/0 rms=0/0 silu=2392/1 fused=0/0
[TASK_TIME] worker=250 linear=468524/22 linear_res=885660/20 attn=0/0 rms=0/0 silu=2400/1 fused=0/0
[TASK_TIME] worker=292 linear=468680/22 linear_res=989588/21 attn=0/0 rms=0/0 silu=0/0 fused=0/0
[TIMING] worker=92 tasks=140 poll_iters=476330 dep_iters=141171 poll_cycles=274707296 dep_cycles=37431236 exec_cycles=5380180 signal_cycles=255188
[TASK_TIME2] worker=284 prep=0/0 attend=0/0 merge=0/0 router=0/0 copy=0/0 w2silu=0/0 lnorm=0/0 prefetch=0/0
[TASK_TIME] worker=41 linear=2308960/52 linear_res=991184/21 attn=0/0 rms=3432/1 silu=2360/1 fused=0/0
[TASK_TIME] worker=178 linear=462276/22 linear_res=969628/20 attn=0/0 rms=0/0 silu=2372/1 fused=0/0
[TASK_TIME] worker=202 linear=422580/20 linear_res=992872/21 attn=0/0 rms=0/0 silu=2408/1 fused=0/0
[TASK_TIME2] worker=99 prep=0/0 attend=0/0 merge=0/0 router=0/0 copy=0/0 w2silu=0/0 lnorm=0/0 prefetch=0/0
[TASK_TIME2] worker=251 prep=0/0 attend=0/0 merge=0/0 router=0/0 copy=0/0 w2silu=0/0 lnorm=0/0 prefetch=0/0
[TIMING] worker=141 tasks=141 poll_iters=28974 dep_iters=133100 poll_cycles=17022512 dep_cycles=35881184 exec_cycles=6209624 signal_cycles=253872
[TIMING] worker=248 tasks=108 poll_iters=99153 dep_iters=125468 poll_cycles=57397240 dep_cycles=37104300 exec_cycles=3651768 signal_cycles=202660
[TIMING] worker=27 tasks=205 poll_iters=278652 dep_iters=110363 poll_cycles=160715960 dep_cycles=31748516 exec_cycles=11992968 signal_cycles=373736
[TASK_TIME] worker=241 linear=447024/21 linear_res=910760/21 attn=0/0 rms=3432/1 silu=0/0 fused=0/0
[TASK_TIME] worker=66 linear=2229344/54 linear_res=886576/20 attn=0/0 rms=0/0 silu=2376/1 fused=0/0
[TIMING] worker=249 tasks=108 poll_iters=290536 dep_iters=138763 poll_cycles=167526532 dep_cycles=38088864 exec_cycles=3697744 signal_cycles=210332
[TASK_TIME] worker=217 linear=446328/21 linear_res=970680/20 attn=0/0 rms=3208/1 silu=2616/1 fused=0/0
[TASK_TIME2] worker=3 prep=0/0 attend=5928232/64 merge=2372236/64 router=0/0 copy=0/0 w2silu=0/0 lnorm=0/0 prefetch=0/0
[TASK_TIME] worker=154 linear=2179108/52 linear_res=987588/21 attn=0/0 rms=0/0 silu=2400/1 fused=0/0
[TASK_TIME] worker=163 linear=2122976/51 linear_res=1081852/22 attn=0/0 rms=3168/1 silu=2316/1 fused=0/0
[TASK_TIME] worker=243 linear=444948/21 linear_res=990580/21 attn=0/0 rms=0/0 silu=2332/1 fused=0/0
[TASK_TIME] worker=90 linear=2201368/52 linear_res=987504/21 attn=0/0 rms=0/0 silu=2388/1 fused=0/0
[TIMING] worker=218 tasks=108 poll_iters=373276 dep_iters=124873 poll_cycles=215325776 dep_cycles=37345564 exec_cycles=4047656 signal_cycles=218596
[TASK_TIME2] worker=227 prep=0/0 attend=0/0 merge=0/0 router=0/0 copy=0/0 w2silu=0/0 lnorm=0/0 prefetch=0/0
[TASK_TIME] worker=19 linear=2139904/53 linear_res=1087400/22 attn=0/0 rms=0/0 silu=2324/1 fused=0/0
[TASK_TIME2] worker=179 prep=0/0 attend=0/0 merge=0/0 router=0/0 copy=0/0 w2silu=0/0 lnorm=0/0 prefetch=0/0
[TASK_TIME] worker=282 linear=448556/21 linear_res=1012532/22 attn=0/0 rms=0/0 silu=0/0 fused=0/0
[TASK_TIME] worker=81 linear=2249208/52 linear_res=984872/21 attn=0/0 rms=3220/1 silu=2652/1 fused=0/0
[TASK_TIME] worker=89 linear=2200816/52 linear_res=985776/21 attn=0/0 rms=3652/1 silu=2648/1 fused=0/0
[TASK_TIME] worker=186 linear=445900/21 linear_res=965464/20 attn=0/0 rms=0/0 silu=2416/1 fused=0/0
[TASK_TIME] worker=57 linear=2203188/52 linear_res=926792/22 attn=0/0 rms=3640/1 silu=0/0 fused=0/0
[TASK_TIME] worker=130 linear=2246020/53 linear_res=1007096/22 attn=0/0 rms=0/0 silu=0/0 fused=0/0
[TASK_TIME2] worker=196 prep=0/0 attend=0/0 merge=0/0 router=0/0 copy=0/0 w2silu=0/0 lnorm=0/0 prefetch=0/0
[TASK_TIME2] worker=155 prep=0/0 attend=0/0 merge=0/0 router=0/0 copy=0/0 w2silu=0/0 lnorm=0/0 prefetch=0/0
[TASK_TIME] worker=9 linear=2285372/53 linear_res=1065316/21 attn=0/0 rms=3428/1 silu=2712/1 fused=0/0
[TASK_TIME] worker=33 linear=2200504/53 linear_res=985044/21 attn=0/0 rms=0/0 silu=2352/1 fused=0/0
[TASK_TIME] worker=275 linear=425292/20 linear_res=982868/21 attn=0/0 rms=3372/1 silu=2336/1 fused=0/0
[TIMING] worker=199 tasks=107 poll_iters=39409 dep_iters=140914 poll_cycles=22908548 dep_cycles=37643624 exec_cycles=3810440 signal_cycles=193240
[TIMING] worker=262 tasks=108 poll_iters=87297 dep_iters=137004 poll_cycles=50605164 dep_cycles=37438136 exec_cycles=3058260 signal_cycles=198836
[TASK_TIME] worker=139 linear=2209468/53 linear_res=984072/21 attn=0/0 rms=3684/1 silu=0/0 fused=0/0
[TASK_TIME] worker=25 linear=2174992/53 linear_res=985660/21 attn=0/0 rms=3228/1 silu=2352/1 fused=0/0
[TIMING] worker=151 tasks=139 poll_iters=34758 dep_iters=122837 poll_cycles=20216880 dep_cycles=37030496 exec_cycles=5610964 signal_cycles=284492
[TASK_TIME2] worker=65 prep=0/0 attend=0/0 merge=0/0 router=0/0 copy=0/0 w2silu=0/0 lnorm=0/0 prefetch=0/0
[TASK_TIME] worker=10 linear=2236308/53 linear_res=1071656/21 attn=0/0 rms=0/0 silu=2496/1 fused=0/0
[TASK_TIME] worker=233 linear=447500/21 linear_res=959336/20 attn=0/0 rms=3220/1 silu=2588/1 fused=0/0
[TASK_TIME2] worker=161 prep=0/0 attend=0/0 merge=0/0 router=0/0 copy=0/0 w2silu=0/0 lnorm=0/0 prefetch=0/0
[TASK_TIME2] worker=209 prep=0/0 attend=0/0 merge=0/0 router=0/0 copy=0/0 w2silu=0/0 lnorm=0/0 prefetch=0/0
[TASK_TIME] worker=58 linear=2197900/53 linear_res=931796/22 attn=0/0 rms=0/0 silu=0/0 fused=0/0
[TIMING] worker=205 tasks=108 poll_iters=42771 dep_iters=132529 poll_cycles=24969460 dep_cycles=36629304 exec_cycles=4041324 signal_cycles=208616
[TASK_TIME2] worker=281 prep=0/0 attend=0/0 merge=0/0 router=0/0 copy=0/0 w2silu=0/0 lnorm=0/0 prefetch=0/0
[TASK_TIME] worker=162 linear=2206256/52 linear_res=988052/21 attn=0/0 rms=0/0 silu=2396/1 fused=0/0
[TASK_TIME2] worker=265 prep=0/0 attend=0/0 merge=0/0 router=0/0 copy=0/0 w2silu=0/0 lnorm=0/0 prefetch=0/0
[TASK_TIME] worker=266 linear=426784/20 linear_res=991320/21 attn=0/0 rms=0/0 silu=2424/1 fused=0/0
[TASK_TIME] worker=106 linear=2232768/53 linear_res=963240/20 attn=0/0 rms=0/0 silu=2380/1 fused=0/0
[TASK_TIME2] worker=137 prep=0/0 attend=0/0 merge=0/0 router=0/0 copy=0/0 w2silu=0/0 lnorm=0/0 prefetch=0/0
[TASK_TIME] worker=107 linear=2179872/52 linear_res=980780/21 attn=0/0 rms=3212/1 silu=2312/1 fused=0/0
[TASK_TIME] worker=219 linear=426140/20 linear_res=992120/21 attn=0/0 rms=3188/1 silu=2324/1 fused=0/0
[TIMING] worker=255 tasks=107 poll_iters=48399 dep_iters=139668 poll_cycles=28105572 dep_cycles=37889216 exec_cycles=3716528 signal_cycles=192396
[TIMING] worker=287 tasks=107 poll_iters=52597 dep_iters=135200 poll_cycles=30523696 dep_cycles=37814544 exec_cycles=3044448 signal_cycles=194248
[TASK_TIME] worker=225 linear=448268/21 linear_res=972080/20 attn=0/0 rms=3360/1 silu=2636/1 fused=0/0
[TASK_TIME] worker=73 linear=2286332/54 linear_res=888400/20 attn=0/0 rms=0/0 silu=2640/1 fused=0/0
[TASK_TIME2] worker=81 prep=0/0 attend=0/0 merge=0/0 router=0/0 copy=0/0 w2silu=0/0 lnorm=0/0 prefetch=0/0
[TIMING] worker=214 tasks=108 poll_iters=53875 dep_iters=129805 poll_cycles=31273916 dep_cycles=37590264 exec_cycles=3624288 signal_cycles=194084
[TASK_TIME2] worker=1 prep=0/0 attend=5909548/64 merge=2251052/64 router=0/0 copy=0/0 w2silu=0/0 lnorm=0/0 prefetch=0/0
[TASK_TIME2] worker=57 prep=0/0 attend=0/0 merge=0/0 router=0/0 copy=0/0 w2silu=0/0 lnorm=0/0 prefetch=0/0
[TASK_TIME] worker=249 linear=466860/22 linear_res=884320/20 attn=0/0 rms=3192/1 silu=2628/1 fused=0/0
[TASK_TIME] worker=82 linear=2199240/52 linear_res=985776/21 attn=0/0 rms=0/0 silu=2404/1 fused=0/0
[TASK_TIME2] worker=89 prep=0/0 attend=0/0 merge=0/0 router=0/0 copy=0/0 w2silu=0/0 lnorm=0/0 prefetch=0/0
[TIMING] worker=245 tasks=108 poll_iters=41063 dep_iters=138281 poll_cycles=23907452 dep_cycles=37069656 exec_cycles=3766180 signal_cycles=191508
[TASK_TIME] worker=114 linear=2243416/53 linear_res=968712/20 attn=0/0 rms=0/0 silu=2444/1 fused=0/0
[TIMING] worker=23 tasks=204 poll_iters=28188 dep_iters=106154 poll_cycles=16377624 dep_cycles=31846360 exec_cycles=12180848 signal_cycles=419756
[TASK_TIME2] worker=41 prep=0/0 attend=0/0 merge=0/0 router=0/0 copy=0/0 w2silu=0/0 lnorm=0/0 prefetch=0/0
[TASK_TIME2] worker=217 prep=0/0 attend=0/0 merge=0/0 router=0/0 copy=0/0 w2silu=0/0 lnorm=0/0 prefetch=0/0
[TIMING] worker=80 tasks=140 poll_iters=209129 dep_iters=134684 poll_cycles=120809116 dep_cycles=36681240 exec_cycles=5578672 signal_cycles=262864
[TASK_TIME2] worker=97 prep=0/0 attend=0/0 merge=0/0 router=0/0 copy=0/0 w2silu=0/0 lnorm=0/0 prefetch=0/0
[TASK_TIME2] worker=193 prep=0/0 attend=0/0 merge=0/0 router=0/0 copy=0/0 w2silu=0/0 lnorm=0/0 prefetch=0/0
[TASK_TIME] worker=138 linear=2243404/53 linear_res=988468/21 attn=0/0 rms=0/0 silu=2400/1 fused=0/0
[TIMING] worker=72 tasks=140 poll_iters=129065 dep_iters=138998 poll_cycles=74616776 dep_cycles=36736964 exec_cycles=5583344 signal_cycles=271900
[TASK_TIME2] worker=124 prep=0/0 attend=0/0 merge=0/0 router=0/0 copy=0/0 w2silu=0/0 lnorm=0/0 prefetch=0/0
[TASK_TIME2] worker=73 prep=0/0 attend=0/0 merge=0/0 router=0/0 copy=0/0 w2silu=0/0 lnorm=0/0 prefetch=0/0
[TASK_TIME2] worker=225 prep=0/0 attend=0/0 merge=0/0 router=0/0 copy=0/0 w2silu=0/0 lnorm=0/0 prefetch=0/0
[TASK_TIME] worker=210 linear=421948/20 linear_res=983872/21 attn=0/0 rms=0/0 silu=2372/1 fused=0/0
[TASK_TIME2] worker=9 prep=0/0 attend=5838964/64 merge=2159100/64 router=0/0 copy=0/0 w2silu=0/0 lnorm=0/0 prefetch=0/0
[TASK_TIME2] worker=249 prep=0/0 attend=0/0 merge=0/0 router=0/0 copy=0/0 w2silu=0/0 lnorm=0/0 prefetch=0/0
[TIMING] worker=24 tasks=205 poll_iters=96703 dep_iters=109138 poll_cycles=55912436 dep_cycles=31424200 exec_cycles=12050808 signal_cycles=377320
[TIMING] worker=167 tasks=139 poll_iters=37700 dep_iters=137394 poll_cycles=21889248 dep_cycles=37006208 exec_cycles=5563976 signal_cycles=262448
[TASK_TIME] worker=42 linear=2266180/52 linear_res=995760/21 attn=0/0 rms=0/0 silu=2396/1 fused=0/0
[TASK_TIME] worker=145 linear=2229760/53 linear_res=985736/21 attn=0/0 rms=0/0 silu=2672/1 fused=0/0
[TASK_TIME2] worker=163 prep=0/0 attend=0/0 merge=0/0 router=0/0 copy=0/0 w2silu=0/0 lnorm=0/0 prefetch=0/0
[TASK_TIME2] worker=132 prep=0/0 attend=0/0 merge=0/0 router=0/0 copy=0/0 w2silu=0/0 lnorm=0/0 prefetch=0/0
[TASK_TIME2] worker=49 prep=0/0 attend=0/0 merge=0/0 router=0/0 copy=0/0 w2silu=0/0 lnorm=0/0 prefetch=0/0
[TASK_TIME2] worker=201 prep=0/0 attend=0/0 merge=0/0 router=0/0 copy=0/0 w2silu=0/0 lnorm=0/0 prefetch=0/0
[TASK_TIME2] worker=68 prep=0/0 attend=0/0 merge=0/0 router=0/0 copy=0/0 w2silu=0/0 lnorm=0/0 prefetch=0/0
[TASK_TIME2] worker=44 prep=0/0 attend=0/0 merge=0/0 router=0/0 copy=0/0 w2silu=0/0 lnorm=0/0 prefetch=0/0
[TASK_TIME] worker=226 linear=448352/21 linear_res=976668/20 attn=0/0 rms=0/0 silu=2408/1 fused=0/0
[TIMING] worker=286 tasks=108 poll_iters=53967 dep_iters=132811 poll_cycles=31398580 dep_cycles=37402512 exec_cycles=2972296 signal_cycles=197992
[TIMING] worker=103 tasks=139 poll_iters=35453 dep_iters=141809 poll_cycles=20577656 dep_cycles=37596264 exec_cycles=5319532 signal_cycles=251044
[TIMING] worker=197 tasks=108 poll_iters=36572 dep_iters=124970 poll_cycles=21357728 dep_cycles=36702884 exec_cycles=4105264 signal_cycles=205568
[TASK_TIME2] worker=243 prep=0/0 attend=0/0 merge=0/0 router=0/0 copy=0/0 w2silu=0/0 lnorm=0/0 prefetch=0/0
[TASK_TIME2] worker=244 prep=0/0 attend=0/0 merge=0/0 router=0/0 copy=0/0 w2silu=0/0 lnorm=0/0 prefetch=0/0
[TASK_TIME] worker=122 linear=2190944/52 linear_res=1061500/21 attn=0/0 rms=0/0 silu=2384/1 fused=0/0
[TASK_TIME] worker=113 linear=2277900/53 linear_res=967400/20 attn=0/0 rms=3316/1 silu=2664/1 fused=0/0
[TASK_TIME2] worker=139 prep=0/0 attend=0/0 merge=0/0 router=0/0 copy=0/0 w2silu=0/0 lnorm=0/0 prefetch=0/0
[TASK_TIME2] worker=185 prep=0/0 attend=0/0 merge=0/0 router=0/0 copy=0/0 w2silu=0/0 lnorm=0/0 prefetch=0/0
[TIMING] worker=135 tasks=139 poll_iters=47896 dep_iters=142791 poll_cycles=27780548 dep_cycles=37262520 exec_cycles=5492540 signal_cycles=249300
[TASK_TIME2] worker=105 prep=0/0 attend=0/0 merge=0/0 router=0/0 copy=0/0 w2silu=0/0 lnorm=0/0 prefetch=0/0
[TIMING] worker=83 tasks=140 poll_iters=229622 dep_iters=137976 poll_cycles=132476572 dep_cycles=37150500 exec_cycles=5343164 signal_cycles=254540
[TASK_TIME] worker=74 linear=2237588/53 linear_res=888872/20 attn=0/0 rms=0/0 silu=2384/1 fused=0/0
[TASK_TIME2] worker=275 prep=0/0 attend=0/0 merge=0/0 router=0/0 copy=0/0 w2silu=0/0 lnorm=0/0 prefetch=0/0
[TASK_TIME2] worker=17 prep=0/0 attend=5886396/64 merge=0/0 router=0/0 copy=0/0 w2silu=0/0 lnorm=0/0 prefetch=0/0
[TASK_TIME2] worker=146 prep=311092/1 attend=0/0 merge=0/0 router=0/0 copy=0/0 w2silu=0/0 lnorm=0/0 prefetch=0/0
[TASK_TIME] worker=194 linear=422772/20 linear_res=1061128/21 attn=0/0 rms=0/0 silu=2392/1 fused=0/0
[TASK_TIME] worker=34 linear=2168156/52 linear_res=990252/21 attn=0/0 rms=0/0 silu=2376/1 fused=0/0
[TASK_TIME] worker=98 linear=2200788/52 linear_res=986956/21 attn=0/0 rms=0/0 silu=2396/1 fused=0/0
[TASK_TIME2] worker=178 prep=296952/1 attend=0/0 merge=0/0 router=0/0 copy=0/0 w2silu=0/0 lnorm=0/0 prefetch=0/0
[TIMING] worker=256 tasks=108 poll_iters=161697 dep_iters=125149 poll_cycles=93409544 dep_cycles=37027152 exec_cycles=3061724 signal_cycles=215188
[TIMING] worker=184 tasks=108 poll_iters=142718 dep_iters=126492 poll_cycles=82513160 dep_cycles=36879336 exec_cycles=3855536 signal_cycles=217676
[TIMING] worker=134 tasks=140 poll_iters=66372 dep_iters=140532 poll_cycles=38450636 dep_cycles=36793748 exec_cycles=5609076 signal_cycles=250644
[TASK_TIME] worker=258 linear=448912/21 linear_res=898504/20 attn=0/0 rms=0/0 silu=2412/1 fused=0/0
[TASK_TIME2] worker=145 prep=0/0 attend=0/0 merge=0/0 router=0/0 copy=0/0 w2silu=0/0 lnorm=0/0 prefetch=0/0
[TASK_TIME] worker=26 linear=2163604/53 linear_res=988424/21 attn=0/0 rms=0/0 silu=2392/1 fused=0/0
[TASK_TIME] worker=67 linear=2138160/53 linear_res=904880/21 attn=0/0 rms=3144/1 silu=0/0 fused=0/0
[TASK_TIME2] worker=107 prep=0/0 attend=0/0 merge=0/0 router=0/0 copy=0/0 w2silu=0/0 lnorm=0/0 prefetch=0/0
[TASK_TIME] worker=290 linear=472096/22 linear_res=970388/20 attn=0/0 rms=0/0 silu=2560/1 fused=0/0
[TASK_TIME] worker=50 linear=2219576/52 linear_res=988044/21 attn=0/0 rms=0/0 silu=2404/1 fused=0/0
[TASK_TIME] worker=257 linear=466688/22 linear_res=898324/20 attn=0/0 rms=0/0 silu=2400/1 fused=0/0
[TIMING] worker=47 tasks=140 poll_iters=38630 dep_iters=129461 poll_cycles=22500488 dep_cycles=36834920 exec_cycles=6365132 signal_cycles=269444
[TIMING] worker=6 tasks=269 poll_iters=35292 dep_iters=89444 poll_cycles=22977476 dep_cycles=28551664 exec_cycles=14811768 signal_cycles=850288
[TASK_TIME2] worker=147 prep=0/0 attend=0/0 merge=0/0 router=0/0 copy=0/0 w2silu=0/0 lnorm=0/0 prefetch=0/0
[TASK_TIME2] worker=113 prep=0/0 attend=0/0 merge=0/0 router=0/0 copy=0/0 w2silu=0/0 lnorm=0/0 prefetch=0/0
[TASK_TIME] worker=172 linear=2217768/52 linear_res=1004404/22 attn=0/0 rms=3084/1 silu=2828/1 fused=0/0
[TASK_TIME2] worker=228 prep=0/0 attend=0/0 merge=0/0 router=0/0 copy=0/0 w2silu=0/0 lnorm=0/0 prefetch=0/0
[TIMING] worker=192 tasks=108 poll_iters=98538 dep_iters=127012 poll_cycles=57007252 dep_cycles=37038060 exec_cycles=3735284 signal_cycles=206804
[TASK_TIME2] worker=274 prep=304976/1 attend=0/0 merge=0/0 router=0/0 copy=0/0 w2silu=0/0 lnorm=0/0 prefetch=0/0
[TIMING] worker=173 tasks=140 poll_iters=36227 dep_iters=133391 poll_cycles=21209056 dep_cycles=35977452 exec_cycles=5900720 signal_cycles=252180
[TASK_TIME] worker=218 linear=450164/21 linear_res=972588/20 attn=0/0 rms=0/0 silu=2400/1 fused=0/0
[TIMING] worker=246 tasks=108 poll_iters=84869 dep_iters=127790 poll_cycles=49161004 dep_cycles=37538080 exec_cycles=3615696 signal_cycles=194040
[TASK_TIME2] worker=18 prep=303816/1 attend=5928996/64 merge=0/0 router=0/0 copy=0/0 w2silu=0/0 lnorm=0/0 prefetch=0/0
[TASK_TIME2] worker=162 prep=301928/1 attend=0/0 merge=0/0 router=0/0 copy=0/0 w2silu=0/0 lnorm=0/0 prefetch=0/0
[TASK_TIME] worker=116 linear=2266912/52 linear_res=1064592/21 attn=0/0 rms=3116/1 silu=3048/1 fused=0/0
[TASK_TIME2] worker=203 prep=0/0 attend=0/0 merge=0/0 router=0/0 copy=0/0 w2silu=0/0 lnorm=0/0 prefetch=0/0
[TIMING] worker=85 tasks=141 poll_iters=25591 dep_iters=133111 poll_cycles=15022684 dep_cycles=36435948 exec_cycles=6090100 signal_cycles=242268
[TIMING] worker=15 tasks=268 poll_iters=221674 dep_iters=102552 poll_cycles=128107204 dep_cycles=29672980 exec_cycles=14083896 signal_cycles=491068
[TASK_TIME2] worker=130 prep=0/0 attend=0/0 merge=0/0 router=0/0 copy=0/0 w2silu=0/0 lnorm=0/0 prefetch=0/0
[TASK_TIME2] worker=154 prep=302724/1 attend=0/0 merge=0/0 router=0/0 copy=0/0 w2silu=0/0 lnorm=0/0 prefetch=0/0
[TIMING] worker=198 tasks=108 poll_iters=167294 dep_iters=139433 poll_cycles=96690836 dep_cycles=37501016 exec_cycles=3742572 signal_cycles=191044
[TASK_TIME2] worker=106 prep=299716/1 attend=0/0 merge=0/0 router=0/0 copy=0/0 w2silu=0/0 lnorm=0/0 prefetch=0/0
[TIMING] worker=29 tasks=205 poll_iters=22587 dep_iters=106567 poll_cycles=13269760 dep_cycles=30831344 exec_cycles=12854956 signal_cycles=370768
[TASK_TIME2] worker=282 prep=0/0 attend=0/0 merge=0/0 router=0/0 copy=0/0 w2silu=0/0 lnorm=0/0 prefetch=0/0
[TIMING] worker=208 tasks=108 poll_iters=131581 dep_iters=141023 poll_cycles=75578036 dep_cycles=37000124 exec_cycles=3699164 signal_cycles=186624
[TIMING] worker=207 tasks=107 poll_iters=42463 dep_iters=126186 poll_cycles=24697360 dep_cycles=37826312 exec_cycles=3703344 signal_cycles=225844
[TASK_TIME2] worker=242 prep=0/0 attend=0/0 merge=0/0 router=0/0 copy=0/0 w2silu=0/0 lnorm=0/0 prefetch=0/0
[TIMING] worker=295 tasks=107 poll_iters=61402 dep_iters=135086 poll_cycles=36470064 dep_cycles=37755844 exec_cycles=2931944 signal_cycles=220060
[TASK_TIME2] worker=2 prep=308196/1 attend=5915388/64 merge=2464896/64 router=0/0 copy=0/0 w2silu=0/0 lnorm=0/0 prefetch=0/0
[TASK_TIME] worker=289 linear=468720/22 linear_res=971264/20 attn=0/0 rms=3232/1 silu=2572/1 fused=0/0
[TASK_TIME2] worker=100 prep=0/0 attend=0/0 merge=0/0 router=0/0 copy=0/0 w2silu=0/0 lnorm=0/0 prefetch=0/0
[TASK_TIME2] worker=138 prep=302448/1 attend=0/0 merge=0/0 router=0/0 copy=0/0 w2silu=0/0 lnorm=0/0 prefetch=0/0
[TIMING] worker=223 tasks=107 poll_iters=66210 dep_iters=137019 poll_cycles=38401340 dep_cycles=37757816 exec_cycles=3756356 signal_cycles=204680
[TIMING] worker=231 tasks=107 poll_iters=69227 dep_iters=136024 poll_cycles=40122888 dep_cycles=37512796 exec_cycles=3814584 signal_cycles=199072
[TASK_TIME2] worker=186 prep=305408/1 attend=0/0 merge=0/0 router=0/0 copy=0/0 w2silu=0/0 lnorm=0/0 prefetch=0/0
[TIMING] worker=168 tasks=140 poll_iters=126328 dep_iters=134558 poll_cycles=73004936 dep_cycles=36120852 exec_cycles=5642432 signal_cycles=263288
[TASK_TIME] worker=153 linear=2180388/52 linear_res=985364/21 attn=0/0 rms=3224/1 silu=2896/1 fused=0/0
[TASK_TIME2] worker=10 prep=298776/1 attend=5849856/64 merge=2282520/64 router=0/0 copy=0/0 w2silu=0/0 lnorm=0/0 prefetch=0/0
[TASK_TIME2] worker=90 prep=299404/1 attend=0/0 merge=0/0 router=0/0 copy=0/0 w2silu=0/0 lnorm=0/0 prefetch=0/0
[TIMING] worker=133 tasks=141 poll_iters=27802 dep_iters=127585 poll_cycles=16322072 dep_cycles=36527080 exec_cycles=5659120 signal_cycles=280884
[TIMING] worker=176 tasks=108 poll_iters=119972 dep_iters=140930 poll_cycles=69334960 dep_cycles=36972244 exec_cycles=3659272 signal_cycles=191928
[TASK_TIME2] worker=50 prep=302484/1 attend=0/0 merge=0/0 router=0/0 copy=0/0 w2silu=0/0 lnorm=0/0 prefetch=0/0
[TASK_TIME2] worker=98 prep=434748/1 attend=0/0 merge=0/0 router=0/0 copy=0/0 w2silu=0/0 lnorm=0/0 prefetch=0/0
[TASK_TIME2] worker=26 prep=304572/1 attend=5841260/64 merge=0/0 router=0/0 copy=0/0 w2silu=0/0 lnorm=0/0 prefetch=0/0
[TASK_TIME2] worker=267 prep=0/0 attend=0/0 merge=0/0 router=0/0 copy=0/0 w2silu=0/0 lnorm=0/0 prefetch=0/0
[TASK_TIME2] worker=114 prep=303536/1 attend=0/0 merge=0/0 router=0/0 copy=0/0 w2silu=0/0 lnorm=0/0 prefetch=0/0
[TASK_TIME2] worker=218 prep=304956/1 attend=0/0 merge=0/0 router=0/0 copy=0/0 w2silu=0/0 lnorm=0/0 prefetch=0/0
[TASK_TIME2] worker=194 prep=305120/1 attend=0/0 merge=0/0 router=0/0 copy=0/0 w2silu=0/0 lnorm=0/0 prefetch=0/0
[TIMING] worker=70 tasks=141 poll_iters=54089 dep_iters=144487 poll_cycles=31370140 dep_cycles=37239404 exec_cycles=5528580 signal_cycles=233988
[TASK_TIME2] worker=66 prep=297164/1 attend=0/0 merge=0/0 router=0/0 copy=0/0 w2silu=0/0 lnorm=0/0 prefetch=0/0
[TASK_TIME] worker=177 linear=464828/22 linear_res=967144/20 attn=0/0 rms=3204/1 silu=2564/1 fused=0/0
[TASK_TIME2] worker=258 prep=320860/1 attend=0/0 merge=0/0 router=0/0 copy=0/0 w2silu=0/0 lnorm=0/0 prefetch=0/0
[TASK_TIME] worker=129 linear=2230584/52 linear_res=1005676/22 attn=0/0 rms=3200/1 silu=0/0 fused=0/0
[TIMING] worker=293 tasks=108 poll_iters=47586 dep_iters=119615 poll_cycles=28918468 dep_cycles=36591152 exec_cycles=3368448 signal_cycles=246860
[TIMING] worker=213 tasks=108 poll_iters=39332 dep_iters=138865 poll_cycles=22759564 dep_cycles=36681680 exec_cycles=4070968 signal_cycles=198724
[TIMING] worker=45 tasks=141 poll_iters=24691 dep_iters=139531 poll_cycles=14575268 dep_cycles=36330904 exec_cycles=6352456 signal_cycles=293048
[TASK_TIME2] worker=250 prep=304952/1 attend=0/0 merge=0/0 router=0/0 copy=0/0 w2silu=0/0 lnorm=0/0 prefetch=0/0
[TIMING] worker=159 tasks=139 poll_iters=79778 dep_iters=137788 poll_cycles=46217348 dep_cycles=37097208 exec_cycles=5496556 signal_cycles=264656
[TIMING] worker=64 tasks=140 poll_iters=131577 dep_iters=131323 poll_cycles=76071728 dep_cycles=36959940 exec_cycles=5434312 signal_cycles=262620
[TASK_TIME2] worker=169 prep=0/0 attend=0/0 merge=0/0 router=0/0 copy=0/0 w2silu=0/0 lnorm=0/0 prefetch=0/0
[TASK_TIME2] worker=58 prep=0/0 attend=0/0 merge=0/0 router=0/0 copy=0/0 w2silu=0/0 lnorm=0/0 prefetch=0/0
[TASK_TIME2] worker=171 prep=0/0 attend=0/0 merge=0/0 router=0/0 copy=0/0 w2silu=0/0 lnorm=0/0 prefetch=0/0
[TASK_TIME2] worker=234 prep=305564/1 attend=0/0 merge=0/0 router=0/0 copy=0/0 w2silu=0/0 lnorm=0/0 prefetch=0/0
[TASK_TIME2] worker=34 prep=296596/1 attend=145388/64 merge=0/0 router=0/0 copy=0/0 w2silu=0/0 lnorm=0/0 prefetch=0/0
[TASK_TIME2] worker=42 prep=301808/1 attend=0/0 merge=0/0 router=0/0 copy=0/0 w2silu=0/0 lnorm=0/0 prefetch=0/0
[TIMING] worker=191 tasks=107 poll_iters=42807 dep_iters=141687 poll_cycles=24860308 dep_cycles=37825512 exec_cycles=3722164 signal_cycles=210680
[TASK_TIME2] worker=122 prep=303144/1 attend=0/0 merge=0/0 router=0/0 copy=0/0 w2silu=0/0 lnorm=0/0 prefetch=0/0
[TIMING] worker=136 tasks=140 poll_iters=54651 dep_iters=135439 poll_cycles=31715932 dep_cycles=36380680 exec_cycles=5597112 signal_cycles=258564
[TASK_TIME2] worker=202 prep=304340/1 attend=0/0 merge=0/0 router=0/0 copy=0/0 w2silu=0/0 lnorm=0/0 prefetch=0/0
[TASK_TIME2] worker=273 prep=0/0 attend=0/0 merge=0/0 router=0/0 copy=0/0 w2silu=0/0 lnorm=0/0 prefetch=0/0
[TASK_TIME2] worker=226 prep=303152/1 attend=0/0 merge=0/0 router=0/0 copy=0/0 w2silu=0/0 lnorm=0/0 prefetch=0/0
[TIMING] worker=0 tasks=269 poll_iters=39964 dep_iters=82861 poll_cycles=25148020 dep_cycles=28340228 exec_cycles=14664320 signal_cycles=912744
[TASK_TIME2] worker=210 prep=293308/1 attend=0/0 merge=0/0 router=0/0 copy=0/0 w2silu=0/0 lnorm=0/0 prefetch=0/0
[TASK_TIME2] worker=74 prep=300980/1 attend=0/0 merge=0/0 router=0/0 copy=0/0 w2silu=0/0 lnorm=0/0 prefetch=0/0
[TASK_TIME2] worker=115 prep=0/0 attend=0/0 merge=0/0 router=0/0 copy=0/0 w2silu=0/0 lnorm=0/0 prefetch=0/0
[TIMING] worker=152 tasks=140 poll_iters=79245 dep_iters=123317 poll_cycles=45919536 dep_cycles=36192812 exec_cycles=5649144 signal_cycles=290856
[TASK_TIME2] worker=292 prep=0/0 attend=0/0 merge=0/0 router=0/0 copy=0/0 w2silu=0/0 lnorm=0/0 prefetch=0/0
[TIMING] worker=230 tasks=108 poll_iters=63827 dep_iters=135281 poll_cycles=36989668 dep_cycles=37545736 exec_cycles=3739836 signal_cycles=191792
[TASK_TIME2] worker=19 prep=0/0 attend=5938528/64 merge=0/0 router=0/0 copy=0/0 w2silu=0/0 lnorm=0/0 prefetch=0/0
[TASK_TIME2] worker=51 prep=0/0 attend=0/0 merge=0/0 router=0/0 copy=0/0 w2silu=0/0 lnorm=0/0 prefetch=0/0
[TIMING] worker=53 tasks=141 poll_iters=26726 dep_iters=133611 poll_cycles=15696968 dep_cycles=36467852 exec_cycles=6244912 signal_cycles=269228
[TASK_TIME] worker=170 linear=2238760/53 linear_res=1006324/22 attn=0/0 rms=0/0 silu=0/0 fused=0/0
[TIMING] worker=181 tasks=108 poll_iters=35406 dep_iters=140600 poll_cycles=20645156 dep_cycles=37125720 exec_cycles=3770536 signal_cycles=190692
[TASK_TIME2] worker=233 prep=0/0 attend=0/0 merge=0/0 router=0/0 copy=0/0 w2silu=0/0 lnorm=0/0 prefetch=0/0
[TASK_TIME2] worker=121 prep=0/0 attend=0/0 merge=0/0 router=0/0 copy=0/0 w2silu=0/0 lnorm=0/0 prefetch=0/0
[TIMING] worker=232 tasks=108 poll_iters=102525 dep_iters=135473 poll_cycles=59295436 dep_cycles=37212132 exec_cycles=3714140 signal_cycles=190368
[TIMING] worker=247 tasks=107 poll_iters=85641 dep_iters=129181 poll_cycles=49612112 dep_cycles=37689992 exec_cycles=3673804 signal_cycles=203212
[TASK_TIME2] worker=241 prep=0/0 attend=0/0 merge=0/0 router=0/0 copy=0/0 w2silu=0/0 lnorm=0/0 prefetch=0/0
[TIMING] worker=39 tasks=204 poll_iters=54436 dep_iters=143307 poll_cycles=31513112 dep_cycles=37618572 exec_cycles=6372632 signal_cycles=360572
[TIMING] worker=94 tasks=140 poll_iters=63888 dep_iters=138841 poll_cycles=37070088 dep_cycles=36887516 exec_cycles=5657840 signal_cycles=270952
[TIMING] worker=31 tasks=204 poll_iters=42286 dep_iters=121443 poll_cycles=24512476 dep_cycles=32015728 exec_cycles=11984728 signal_cycles=351648
[TASK_TIME2] worker=67 prep=0/0 attend=0/0 merge=0/0 router=0/0 copy=0/0 w2silu=0/0 lnorm=0/0 prefetch=0/0
[TIMING] worker=86 tasks=140 poll_iters=93099 dep_iters=124689 poll_cycles=53948992 dep_cycles=37212916 exec_cycles=5443204 signal_cycles=244076
[TIMING] worker=32 tasks=205 poll_iters=116027 dep_iters=129281 poll_cycles=69091176 dep_cycles=37081712 exec_cycles=6338372 signal_cycles=372848
[TASK_TIME2] worker=33 prep=0/0 attend=147444/64 merge=0/0 router=0/0 copy=0/0 w2silu=0/0 lnorm=0/0 prefetch=0/0
[TASK_TIME] worker=27 linear=2151228/54 linear_res=985260/21 attn=0/0 rms=3188/1 silu=0/0 fused=0/0
[TASK_TIME2] worker=172 prep=0/0 attend=0/0 merge=0/0 router=0/0 copy=0/0 w2silu=0/0 lnorm=0/0 prefetch=0/0
[TASK_TIME2] worker=82 prep=307640/1 attend=0/0 merge=0/0 router=0/0 copy=0/0 w2silu=0/0 lnorm=0/0 prefetch=0/0
[TASK_TIME2] worker=25 prep=0/0 attend=5851700/64 merge=0/0 router=0/0 copy=0/0 w2silu=0/0 lnorm=0/0 prefetch=0/0
[TIMING] worker=126 tasks=140 poll_iters=64593 dep_iters=140832 poll_cycles=37462928 dep_cycles=36884580 exec_cycles=5530544 signal_cycles=233436
[TIMING] worker=7 tasks=268 poll_iters=28513 dep_iters=95848 poll_cycles=17951132 dep_cycles=28965156 exec_cycles=14588048 signal_cycles=825924
[TASK_TIME2] worker=266 prep=306788/1 attend=0/0 merge=0/0 router=0/0 copy=0/0 w2silu=0/0 lnorm=0/0 prefetch=0/0
[TASK_TIME2] worker=289 prep=0/0 attend=0/0 merge=0/0 router=0/0 copy=0/0 w2silu=0/0 lnorm=0/0 prefetch=0/0
[TASK_TIME2] worker=257 prep=0/0 attend=0/0 merge=0/0 router=0/0 copy=0/0 w2silu=0/0 lnorm=0/0 prefetch=0/0
[TASK_TIME2] worker=177 prep=0/0 attend=0/0 merge=0/0 router=0/0 copy=0/0 w2silu=0/0 lnorm=0/0 prefetch=0/0
[TIMING] worker=62 tasks=141 poll_iters=73167 dep_iters=144949 poll_cycles=42416972 dep_cycles=37341896 exec_cycles=5467700 signal_cycles=243216
[TIMING] worker=40 tasks=141 poll_iters=35862 dep_iters=139233 poll_cycles=20917476 dep_cycles=36152948 exec_cycles=6400636 signal_cycles=268260
[TIMING] worker=264 tasks=108 poll_iters=146116 dep_iters=132823 poll_cycles=84503356 dep_cycles=37031272 exec_cycles=3061368 signal_cycles=209964
[TASK_TIME2] worker=290 prep=304720/1 attend=0/0 merge=0/0 router=0/0 copy=0/0 w2silu=0/0 lnorm=0/0 prefetch=0/0
[TASK_TIME] worker=92 linear=2211848/52 linear_res=910208/21 attn=0/0 rms=3068/1 silu=0/0 fused=0/0
[TIMING] worker=87 tasks=139 poll_iters=35440 dep_iters=126764 poll_cycles=20587020 dep_cycles=37701560 exec_cycles=5330100 signal_cycles=267316
[TIMING] worker=118 tasks=140 poll_iters=93932 dep_iters=121969 poll_cycles=54427876 dep_cycles=36905580 exec_cycles=5580924 signal_cycles=272816
[TASK_TIME2] worker=129 prep=0/0 attend=0/0 merge=0/0 router=0/0 copy=0/0 w2silu=0/0 lnorm=0/0 prefetch=0/0
[TIMING] worker=269 tasks=108 poll_iters=47323 dep_iters=128665 poll_cycles=27615728 dep_cycles=36123768 exec_cycles=3969924 signal_cycles=201532
[TIMING] worker=144 tasks=140 poll_iters=102017 dep_iters=131219 poll_cycles=59003012 dep_cycles=36282796 exec_cycles=5612372 signal_cycles=287224
[TASK_TIME2] worker=219 prep=0/0 attend=0/0 merge=0/0 router=0/0 copy=0/0 w2silu=0/0 lnorm=0/0 prefetch=0/0
[TIMING] worker=56 tasks=140 poll_iters=44043 dep_iters=131588 poll_cycles=25600740 dep_cycles=37024960 exec_cycles=5442520 signal_cycles=260384
[TASK_TIME2] worker=153 prep=0/0 attend=0/0 merge=0/0 router=0/0 copy=0/0 w2silu=0/0 lnorm=0/0 prefetch=0/0
[TASK_TIME2] worker=170 prep=0/0 attend=0/0 merge=0/0 router=0/0 copy=0/0 w2silu=0/0 lnorm=0/0 prefetch=0/0
[TIMING] worker=175 tasks=139 poll_iters=35907 dep_iters=126489 poll_cycles=20882624 dep_cycles=37099568 exec_cycles=5460272 signal_cycles=267840
[TIMING] worker=61 tasks=141 poll_iters=25262 dep_iters=130706 poll_cycles=14880772 dep_cycles=36925320 exec_cycles=5757076 signal_cycles=254972
[TIMING] worker=277 tasks=108 poll_iters=67457 dep_iters=137932 poll_cycles=39236968 dep_cycles=36925872 exec_cycles=3108400 signal_cycles=199312
[TIMING] worker=55 tasks=140 poll_iters=36654 dep_iters=124376 poll_cycles=21290708 dep_cycles=36944908 exec_cycles=6250488 signal_cycles=285792
[TASK_TIME2] worker=116 prep=0/0 attend=0/0 merge=0/0 router=0/0 copy=0/0 w2silu=0/0 lnorm=0/0 prefetch=0/0
[TIMING] worker=294 tasks=108 poll_iters=49563 dep_iters=132275 poll_cycles=28826888 dep_cycles=37244848 exec_cycles=3061028 signal_cycles=205016
[TIMING] worker=149 tasks=141 poll_iters=32637 dep_iters=129102 poll_cycles=19114376 dep_cycles=35827044 exec_cycles=6266952 signal_cycles=308948
[TASK_TIME] worker=164 linear=2225616/53 linear_res=985060/21 attn=0/0 rms=3084/1 silu=0/0 fused=0/0
[TASK_TIME2] worker=27 prep=0/0 attend=5871276/64 merge=0/0 router=0/0 copy=0/0 w2silu=0/0 lnorm=0/0 prefetch=0/0
[TASK_TIME] worker=260 linear=470764/22 linear_res=976428/20 attn=0/0 rms=0/0 silu=2848/1 fused=0/0
[TASK_TIME] worker=83 linear=2183940/53 linear_res=883196/20 attn=0/0 rms=3176/1 silu=2332/1 fused=0/0
[TIMING] worker=157 tasks=141 poll_iters=29954 dep_iters=123044 poll_cycles=17608408 dep_cycles=36219104 exec_cycles=5842560 signal_cycles=289312
[TIMING] worker=263 tasks=107 poll_iters=62117 dep_iters=139338 poll_cycles=36023680 dep_cycles=37809436 exec_cycles=2967856 signal_cycles=197736
[TIMING] worker=96 tasks=140 poll_iters=106589 dep_iters=126690 poll_cycles=61653628 dep_cycles=36664508 exec_cycles=5494072 signal_cycles=274072
[TIMING] worker=95 tasks=139 poll_iters=39061 dep_iters=141333 poll_cycles=22686240 dep_cycles=37454896 exec_cycles=5494540 signal_cycles=256608
[TASK_TIME2] worker=83 prep=0/0 attend=0/0 merge=0/0 router=0/0 copy=0/0 w2silu=0/0 lnorm=0/0 prefetch=0/0
[TASK_TIME2] worker=92 prep=0/0 attend=0/0 merge=0/0 router=0/0 copy=0/0 w2silu=0/0 lnorm=0/0 prefetch=0/0
[TIMING] worker=77 tasks=141 poll_iters=25862 dep_iters=137386 poll_cycles=15213588 dep_cycles=36464500 exec_cycles=6097924 signal_cycles=253072
[TIMING] worker=206 tasks=108 poll_iters=49380 dep_iters=123097 poll_cycles=28709908 dep_cycles=37178000 exec_cycles=3893032 signal_cycles=236436
[TIMING] worker=239 tasks=107 poll_iters=55520 dep_iters=125879 poll_cycles=32245176 dep_cycles=37760364 exec_cycles=3768504 signal_cycles=203508
[TIMING] worker=79 tasks=140 poll_iters=114846 dep_iters=129894 poll_cycles=66493156 dep_cycles=37574048 exec_cycles=5490976 signal_cycles=284308
[TIMING] worker=63 tasks=140 poll_iters=40558 dep_iters=146813 poll_cycles=23534256 dep_cycles=37716940 exec_cycles=5463060 signal_cycles=251524
[TIMING] worker=160 tasks=140 poll_iters=113154 dep_iters=123393 poll_cycles=65439096 dep_cycles=36217208 exec_cycles=5603264 signal_cycles=296444
[TIMING] worker=215 tasks=107 poll_iters=113175 dep_iters=130637 poll_cycles=65508956 dep_cycles=37563300 exec_cycles=3727176 signal_cycles=194944
[TIMING] worker=48 tasks=141 poll_iters=156093 dep_iters=133067 poll_cycles=93128700 dep_cycles=36174952 exec_cycles=6362532 signal_cycles=281248
[TIMING] worker=190 tasks=108 poll_iters=39928 dep_iters=139316 poll_cycles=23227268 dep_cycles=37478436 exec_cycles=3763364 signal_cycles=195244
[TIMING] worker=271 tasks=107 poll_iters=55453 dep_iters=124829 poll_cycles=32164268 dep_cycles=37962368 exec_cycles=3026052 signal_cycles=215004
[TIMING] worker=117 tasks=141 poll_iters=28631 dep_iters=130904 poll_cycles=16811168 dep_cycles=36327560 exec_cycles=5954028 signal_cycles=284080
[TIMING] worker=78 tasks=140 poll_iters=77087 dep_iters=128169 poll_cycles=44713348 dep_cycles=37173572 exec_cycles=5501820 signal_cycles=265868
[TIMING] worker=14 tasks=269 poll_iters=113932 dep_iters=100487 poll_cycles=65953692 dep_cycles=29203016 exec_cycles=14350144 signal_cycles=475828
[TIMING] worker=182 tasks=108 poll_iters=49188 dep_iters=129030 poll_cycles=28564044 dep_cycles=37377640 exec_cycles=3792176 signal_cycles=194272
[TIMING] worker=5 tasks=269 poll_iters=22468 dep_iters=92172 poll_cycles=13168276 dep_cycles=28023640 exec_cycles=15152412 signal_cycles=926648
[TIMING] worker=54 tasks=141 poll_iters=35151 dep_iters=122634 poll_cycles=20486624 dep_cycles=36548292 exec_cycles=6302172 signal_cycles=270940
[TIMING] worker=127 tasks=139 poll_iters=123040 dep_iters=142632 poll_cycles=71166452 dep_cycles=37215980 exec_cycles=5539028 signal_cycles=251392
[TIMING] worker=30 tasks=205 poll_iters=43803 dep_iters=119713 poll_cycles=25435932 dep_cycles=31680748 exec_cycles=12077652 signal_cycles=328984
[TIMING] worker=120 tasks=140 poll_iters=160560 dep_iters=127659 poll_cycles=92831404 dep_cycles=36459868 exec_cycles=5606024 signal_cycles=255488
[TIMING] worker=216 tasks=108 poll_iters=50086 dep_iters=123191 poll_cycles=29093696 dep_cycles=36947016 exec_cycles=3770696 signal_cycles=222500
[TIMING] worker=71 tasks=140 poll_iters=32293 dep_iters=146986 poll_cycles=18749908 dep_cycles=37779620 exec_cycles=5374204 signal_cycles=243944
[TIMING] worker=69 tasks=141 poll_iters=84718 dep_iters=131131 poll_cycles=49249088 dep_cycles=36995892 exec_cycles=5618492 signal_cycles=268616
[TASK_TIME2] worker=164 prep=0/0 attend=0/0 merge=0/0 router=0/0 copy=0/0 w2silu=0/0 lnorm=0/0 prefetch=0/0
[TIMING] worker=238 tasks=108 poll_iters=80097 dep_iters=123894 poll_cycles=46446516 dep_cycles=37411440 exec_cycles=3730968 signal_cycles=205092
[TIMING] worker=278 tasks=108 poll_iters=100545 dep_iters=127092 poll_cycles=58194128 dep_cycles=37319264 exec_cycles=3049836 signal_cycles=195812
[TASK_TIME2] worker=260 prep=0/0 attend=0/0 merge=0/0 router=0/0 copy=0/0 w2silu=0/0 lnorm=0/0 prefetch=0/0
[TIMING] worker=288 tasks=108 poll_iters=70157 dep_iters=120936 poll_cycles=41002596 dep_cycles=36745716 exec_cycles=3010992 signal_cycles=236904
[TIMING] worker=8 tasks=269 poll_iters=124410 dep_iters=109858 poll_cycles=71865044 dep_cycles=29013340 exec_cycles=14267256 signal_cycles=478648
[TIMING] worker=13 tasks=269 poll_iters=22506 dep_iters=109447 poll_cycles=13183744 dep_cycles=28995552 exec_cycles=14616352 signal_cycles=440636
[TIMING] worker=143 tasks=139 poll_iters=36891 dep_iters=126169 poll_cycles=21471564 dep_cycles=37021372 exec_cycles=5607288 signal_cycles=292120
[TIMING] worker=101 tasks=141 poll_iters=49878 dep_iters=127000 poll_cycles=29138160 dep_cycles=36878324 exec_cycles=5494164 signal_cycles=270100
[TIMING] worker=183 tasks=107 poll_iters=44421 dep_iters=131629 poll_cycles=25799400 dep_cycles=37843704 exec_cycles=3797212 signal_cycles=198384
[TIMING] worker=37 tasks=205 poll_iters=12795 dep_iters=114153 poll_cycles=13254168 dep_cycles=36483436 exec_cycles=7154032 signal_cycles=404012
[TIMING] worker=109 tasks=141 poll_iters=30170 dep_iters=137144 poll_cycles=17697236 dep_cycles=36377076 exec_cycles=5917604 signal_cycles=255924
[TIMING] worker=93 tasks=141 poll_iters=25699 dep_iters=125597 poll_cycles=15149492 dep_cycles=36439220 exec_cycles=5965760 signal_cycles=281884
[TIMING] worker=119 tasks=139 poll_iters=80510 dep_iters=123928 poll_cycles=46661264 dep_cycles=37376276 exec_cycles=5437220 signal_cycles=272536
[TIMING] worker=16 tasks=205 poll_iters=135678 dep_iters=114130 poll_cycles=78353608 dep_cycles=31362852 exec_cycles=12176356 signal_cycles=377016
[TIMING] worker=111 tasks=139 poll_iters=34543 dep_iters=129197 poll_cycles=20088256 dep_cycles=37375364 exec_cycles=5457308 signal_cycles=259308
[TIMING] worker=125 tasks=141 poll_iters=27539 dep_iters=128228 poll_cycles=16222128 dep_cycles=36704172 exec_cycles=5551656 signal_cycles=257512
[TIMING] worker=102 tasks=140 poll_iters=41154 dep_iters=139603 poll_cycles=23913888 dep_cycles=37137696 exec_cycles=5430388 signal_cycles=227336
[TIMING] worker=166 tasks=140 poll_iters=41356 dep_iters=135337 poll_cycles=24026896 dep_cycles=36584444 exec_cycles=5612924 signal_cycles=249172
[TIMING] worker=46 tasks=141 poll_iters=96743 dep_iters=128485 poll_cycles=56118140 dep_cycles=36654088 exec_cycles=6249672 signal_cycles=269816
[TIMING] worker=285 tasks=108 poll_iters=58328 dep_iters=120621 poll_cycles=33961312 dep_cycles=36862356 exec_cycles=3094464 signal_cycles=227668
[TIMING] worker=200 tasks=108 poll_iters=176376 dep_iters=134981 poll_cycles=101912668 dep_cycles=37057600 exec_cycles=3805780 signal_cycles=208536
[TIMING] worker=189 tasks=108 poll_iters=36258 dep_iters=125626 poll_cycles=21185768 dep_cycles=36908116 exec_cycles=4064572 signal_cycles=202612
[TIMING] worker=237 tasks=108 poll_iters=40024 dep_iters=133202 poll_cycles=23355056 dep_cycles=36829336 exec_cycles=3955036 signal_cycles=194992
[TIMING] worker=279 tasks=107 poll_iters=60424 dep_iters=130349 poll_cycles=35000912 dep_cycles=37993772 exec_cycles=2881124 signal_cycles=198444
[TIMING] worker=253 tasks=108 poll_iters=46082 dep_iters=121644 poll_cycles=26890420 dep_cycles=36253592 exec_cycles=4425064 signal_cycles=199352
[TIMING] worker=261 tasks=108 poll_iters=49510 dep_iters=123938 poll_cycles=28813172 dep_cycles=36860608 exec_cycles=3112932 signal_cycles=243104
[TIMING] worker=270 tasks=108 poll_iters=77708 dep_iters=123052 poll_cycles=45062204 dep_cycles=37662724 exec_cycles=2856944 signal_cycles=203764
[TIMING] worker=221 tasks=108 poll_iters=40809 dep_iters=121384 poll_cycles=23822508 dep_cycles=36650960 exec_cycles=4202492 signal_cycles=229396
[TIMING] worker=222 tasks=108 poll_iters=53774 dep_iters=134166 poll_cycles=31239356 dep_cycles=37223796 exec_cycles=3880956 signal_cycles=222096
[TIMING] worker=104 tasks=140 poll_iters=132856 dep_iters=138486 poll_cycles=76790844 dep_cycles=36604848 exec_cycles=5529048 signal_cycles=258732
[TIMING] worker=22 tasks=205 poll_iters=128321 dep_iters=104735 poll_cycles=74238384 dep_cycles=31545424 exec_cycles=12229544 signal_cycles=435704
[TIMING] worker=165 tasks=141 poll_iters=31896 dep_iters=123271 poll_cycles=18700000 dep_cycles=36330588 exec_cycles=5665976 signal_cycles=301620
[TIMING] worker=21 tasks=205 poll_iters=24004 dep_iters=113481 poll_cycles=14054624 dep_cycles=31347608 exec_cycles=12475964 signal_cycles=356908
[TIMING] worker=150 tasks=140 poll_iters=47030 dep_iters=120849 poll_cycles=27329712 dep_cycles=36572988 exec_cycles=5698424 signal_cycles=289092
[TIMING] worker=254 tasks=108 poll_iters=82187 dep_iters=136956 poll_cycles=47641548 dep_cycles=37393652 exec_cycles=3728832 signal_cycles=192788
[TIMING] worker=174 tasks=140 poll_iters=63846 dep_iters=124392 poll_cycles=37052184 dep_cycles=36608624 exec_cycles=5537056 signal_cycles=275720
[TIMING] worker=142 tasks=140 poll_iters=80848 dep_iters=124561 poll_cycles=46885636 dep_cycles=36667600 exec_cycles=5644280 signal_cycles=281332
[TIMING] worker=229 tasks=108 poll_iters=44646 dep_iters=122872 poll_cycles=26040708 dep_cycles=37097264 exec_cycles=3807832 signal_cycles=205520
[TIMING] worker=224 tasks=108 poll_iters=162499 dep_iters=122811 poll_cycles=93919248 dep_cycles=36829980 exec_cycles=3800992 signal_cycles=225164
[TASK_TIME] worker=295 linear=494008/23 linear_res=797356/19 attn=0/0 rms=0/0 silu=2544/1 fused=0/0
[TASK_TIME] worker=151 linear=2191448/50 linear_res=1105144/23 attn=0/0 rms=0/0 silu=0/0 fused=0/0
[TASK_TIME] worker=79 linear=2192100/51 linear_res=1030884/23 attn=0/0 rms=0/0 silu=0/0 fused=0/0
[TASK_TIME] worker=199 linear=402320/19 linear_res=1078664/22 attn=0/0 rms=0/0 silu=2416/1 fused=0/0
[TASK_TIME] worker=197 linear=446996/21 linear_res=984700/21 attn=0/0 rms=0/0 silu=0/0 fused=0/0
[TASK_TIME] worker=287 linear=428372/20 linear_res=1009792/22 attn=0/0 rms=0/0 silu=0/0 fused=0/0
[TASK_TIME] worker=207 linear=449712/21 linear_res=914520/21 attn=0/0 rms=0/0 silu=0/0 fused=0/0
[TASK_TIME] worker=181 linear=445772/21 linear_res=989560/21 attn=0/0 rms=0/0 silu=2768/1 fused=0/0
[TASK_TIME] worker=39 linear=2219756/55 linear_res=1018824/19 attn=0/0 rms=0/0 silu=4804/2 fused=0/0
[TASK_TIME] worker=149 linear=2287888/51 linear_res=1005740/22 attn=0/0 rms=0/0 silu=5700/2 fused=0/0
[TIMING] worker=112 tasks=140 poll_iters=113409 dep_iters=131557 poll_cycles=65560064 dep_cycles=36409032 exec_cycles=5638920 signal_cycles=271772
[TASK_TIME] worker=205 linear=447308/21 linear_res=914252/21 attn=0/0 rms=0/0 silu=0/0 fused=0/0
[TASK_TIME] worker=15 linear=2251716/53 linear_res=911168/21 attn=0/0 rms=0/0 silu=0/0 fused=0/0
[TASK_TIME] worker=159 linear=2243508/54 linear_res=944184/19 attn=0/0 rms=0/0 silu=4856/2 fused=0/0
[TASK_TIME] worker=262 linear=448076/21 linear_res=967108/20 attn=0/0 rms=0/0 silu=2456/1 fused=0/0
[TASK_TIME] worker=141 linear=2327312/54 linear_res=965160/20 attn=0/0 rms=0/0 silu=0/0 fused=0/0
[TASK_TIME] worker=119 linear=2230676/52 linear_res=911636/21 attn=0/0 rms=0/0 silu=0/0 fused=0/0
[TASK_TIME] worker=255 linear=406168/19 linear_res=1004568/22 attn=0/0 rms=0/0 silu=0/0 fused=0/0
[TASK_TIME] worker=23 linear=2210016/54 linear_res=1039944/20 attn=0/0 rms=0/0 silu=4820/2 fused=0/0
[TASK_TIME] worker=77 linear=2315548/54 linear_res=867256/19 attn=0/0 rms=0/0 silu=2504/1 fused=0/0
[TIMING] worker=272 tasks=108 poll_iters=175824 dep_iters=139803 poll_cycles=101610680 dep_cycles=37227008 exec_cycles=2975764 signal_cycles=190816
[TIMING] worker=88 tasks=140 poll_iters=44204 dep_iters=127043 poll_cycles=25711460 dep_cycles=36750384 exec_cycles=5506748 signal_cycles=268732
[TIMING] worker=240 tasks=108 poll_iters=146972 dep_iters=139480 poll_cycles=84888272 dep_cycles=37155792 exec_cycles=3617860 signal_cycles=191444
[TASK_TIME] worker=175 linear=2267916/54 linear_res=884800/20 attn=0/0 rms=0/0 silu=2420/1 fused=0/0
[TASK_TIME] worker=167 linear=2147396/50 linear_res=1104600/23 attn=0/0 rms=0/0 silu=0/0 fused=0/0
[TASK_TIME] worker=103 linear=2232436/53 linear_res=834096/21 attn=0/0 rms=0/0 silu=0/0 fused=0/0
[TASK_TIME] worker=87 linear=2255428/54 linear_res=807740/20 attn=0/0 rms=0/0 silu=2400/1 fused=0/0
[TASK_TIME] worker=29 linear=2199320/52 linear_res=965104/20 attn=0/0 rms=0/0 silu=4560/2 fused=0/0
[TASK_TIME] worker=213 linear=403412/19 linear_res=1083592/22 attn=0/0 rms=0/0 silu=5140/2 fused=0/0
[TASK_TIME] worker=127 linear=2203352/53 linear_res=1039576/20 attn=0/0 rms=0/0 silu=4952/2 fused=0/0
[TASK_TIME] worker=133 linear=2346196/55 linear_res=984196/21 attn=0/0 rms=0/0 silu=2848/1 fused=0/0
[TASK_TIME] worker=239 linear=407152/19 linear_res=1081236/22 attn=0/0 rms=0/0 silu=0/0 fused=0/0
[TIMING] worker=280 tasks=108 poll_iters=101248 dep_iters=121857 poll_cycles=58577268 dep_cycles=37024652 exec_cycles=3011640 signal_cycles=216380
[TASK_TIME] worker=223 linear=427316/20 linear_res=992096/21 attn=0/0 rms=0/0 silu=0/0 fused=0/0
[TASK_TIME] worker=7 linear=2282700/53 linear_res=992860/21 attn=0/0 rms=0/0 silu=2420/1 fused=0/0
[TIMING] worker=128 tasks=140 poll_iters=168958 dep_iters=127422 poll_cycles=97654284 dep_cycles=36366664 exec_cycles=5614216 signal_cycles=281080
[TASK_TIME] worker=31 linear=2125124/52 linear_res=1007680/22 attn=0/0 rms=0/0 silu=0/0 fused=0/0
[TASK_TIME] worker=143 linear=2300096/54 linear_res=1020980/19 attn=0/0 rms=0/0 silu=4944/2 fused=0/0
[TASK_TIME] worker=135 linear=2184124/51 linear_res=1006264/22 attn=0/0 rms=0/0 silu=0/0 fused=0/0
[TASK_TIME] worker=191 linear=468832/22 linear_res=885296/20 attn=0/0 rms=0/0 silu=2436/1 fused=0/0
[TASK_TIME] worker=173 linear=2305632/53 linear_res=960532/20 attn=0/0 rms=0/0 silu=0/0 fused=0/0
[TIMING] worker=110 tasks=140 poll_iters=136392 dep_iters=126690 poll_cycles=78982284 dep_cycles=36765400 exec_cycles=5668292 signal_cycles=265120
[TASK_TIME] worker=247 linear=490840/23 linear_res=926896/18 attn=0/0 rms=0/0 silu=4796/2 fused=0/0
[TASK_TIME] worker=231 linear=469232/22 linear_res=1025844/19 attn=0/0 rms=0/0 silu=4876/2 fused=0/0
[TASK_TIME] worker=37 linear=2257540/51 linear_res=1092448/22 attn=0/0 rms=0/0 silu=0/0 fused=0/0
[TASK_TIME] worker=245 linear=490364/23 linear_res=969296/20 attn=0/0 rms=0/0 silu=2572/1 fused=0/0
[TASK_TIME] worker=208 linear=464972/22 linear_res=959020/20 attn=0/0 rms=0/0 silu=2380/1 fused=0/0
[TASK_TIME] worker=80 linear=2262700/51 linear_res=984024/21 attn=0/0 rms=0/0 silu=2428/1 fused=0/0
[TIMING] worker=158 tasks=140 poll_iters=49542 dep_iters=136191 poll_cycles=28790556 dep_cycles=36784568 exec_cycles=5471572 signal_cycles=263988
[TASK_TIME] worker=71 linear=2248324/55 linear_res=862552/19 attn=0/0 rms=0/0 silu=4796/2 fused=0/0
[TASK_TIME] worker=168 linear=2297180/53 linear_res=1004536/22 attn=0/0 rms=0/0 silu=0/0 fused=0/0
[TASK_TIME] worker=271 linear=407904/19 linear_res=1010716/22 attn=0/0 rms=0/0 silu=0/0 fused=0/0
[TASK_TIME] worker=24 linear=2273632/55 linear_res=961560/20 attn=0/0 rms=0/0 silu=2492/1 fused=0/0
[TIMING] worker=38 tasks=205 poll_iters=60326 dep_iters=133792 poll_cycles=34925592 dep_cycles=35332168 exec_cycles=8398864 signal_cycles=350548
[TASK_TIME] worker=263 linear=491192/23 linear_res=844660/18 attn=0/0 rms=0/0 silu=4904/2 fused=0/0
[TASK_TIME] worker=184 linear=425324/20 linear_res=1060408/21 attn=0/0 rms=0/0 silu=2464/1 fused=0/0
[TASK_TIME] worker=95 linear=2181916/51 linear_res=1007440/22 attn=0/0 rms=0/0 silu=2404/1 fused=0/0
[TASK_TIME] worker=32 linear=2238216/54 linear_res=963620/20 attn=0/0 rms=0/0 silu=2428/1 fused=0/0
[TASK_TIME] worker=47 linear=2265128/51 linear_res=1109628/23 attn=0/0 rms=0/0 silu=0/0 fused=0/0
[TASK_TIME] worker=279 linear=490396/23 linear_res=786556/19 attn=0/0 rms=0/0 silu=2424/1 fused=0/0
[TASK_TIME] worker=192 linear=402932/19 linear_res=980604/21 attn=0/0 rms=0/0 silu=2432/1 fused=0/0
[TASK_TIME] worker=136 linear=2319836/54 linear_res=963840/20 attn=0/0 rms=0/0 silu=2412/1 fused=0/0
[TASK_TIME] worker=111 linear=2228472/53 linear_res=965048/20 attn=0/0 rms=0/0 silu=4896/2 fused=0/0
[TASK_TIME] worker=72 linear=2286860/52 linear_res=988008/21 attn=0/0 rms=0/0 silu=2388/1 fused=0/0
[TASK_TIME] worker=64 linear=2296484/54 linear_res=881788/20 attn=0/0 rms=0/0 silu=2420/1 fused=0/0
[TASK_TIME] worker=16 linear=2217420/52 linear_res=1009740/22 attn=0/0 rms=0/0 silu=0/0 fused=0/0
[TASK_TIME] worker=55 linear=2282028/55 linear_res=944044/19 attn=0/0 rms=0/0 silu=4872/2 fused=0/0
[TASK_TIME] worker=183 linear=401772/19 linear_res=1107164/23 attn=0/0 rms=0/0 silu=0/0 fused=0/0
[TASK_TIME] worker=160 linear=2245476/51 linear_res=1028004/23 attn=0/0 rms=0/0 silu=0/0 fused=0/0
[TASK_TIME] worker=215 linear=444056/21 linear_res=1038844/20 attn=0/0 rms=0/0 silu=4764/2 fused=0/0
[TASK_TIME] worker=293 linear=452344/21 linear_res=950024/19 attn=0/0 rms=0/0 silu=2712/1 fused=0/0
[TASK_TIME] worker=248 linear=489948/23 linear_res=862652/19 attn=0/0 rms=0/0 silu=2444/1 fused=0/0
[TASK_TIME2] worker=79 prep=0/0 attend=0/0 merge=0/0 router=0/0 copy=0/0 w2silu=0/0 lnorm=0/0 prefetch=0/0
[TASK_TIME] worker=63 linear=2139540/51 linear_res=1027960/23 attn=0/0 rms=0/0 silu=0/0 fused=0/0
[TASK_TIME] worker=152 linear=2248888/52 linear_res=1062724/21 attn=0/0 rms=0/0 silu=2572/1 fused=0/0
[TASK_TIME] worker=120 linear=2221808/50 linear_res=1103108/23 attn=0/0 rms=0/0 silu=0/0 fused=0/0
[TASK_TIME] worker=176 linear=484704/23 linear_res=866656/19 attn=0/0 rms=0/0 silu=4764/2 fused=0/0
[TASK_TIME] worker=0 linear=2284548/52 linear_res=1074668/21 attn=0/0 rms=0/0 silu=2468/1 fused=0/0
[TASK_TIME] worker=144 linear=2287232/53 linear_res=963708/20 attn=0/0 rms=0/0 silu=2456/1 fused=0/0
[TASK_TIME] worker=224 linear=425664/20 linear_res=1049776/20 attn=0/0 rms=0/0 silu=4916/2 fused=0/0
[TASK_TIME] worker=264 linear=446484/21 linear_res=970500/20 attn=0/0 rms=0/0 silu=2436/1 fused=0/0
[TASK_TIME] worker=104 linear=2359060/55 linear_res=864172/19 attn=0/0 rms=0/0 silu=2396/1 fused=0/0
[TASK_TIME] worker=240 linear=424412/20 linear_res=913276/21 attn=0/0 rms=0/0 silu=2404/1 fused=0/0
[TASK_TIME2] worker=167 prep=0/0 attend=0/0 merge=0/0 router=0/0 copy=0/0 w2silu=0/0 lnorm=0/0 prefetch=0/0
[TASK_TIME2] worker=295 prep=0/0 attend=0/0 merge=0/0 router=0/0 copy=0/0 w2silu=0/0 lnorm=0/0 prefetch=0/0
[TASK_TIME] worker=8 linear=2245396/51 linear_res=1089444/22 attn=0/0 rms=0/0 silu=2496/1 fused=0/0
[TASK_TIME2] worker=159 prep=0/0 attend=0/0 merge=0/0 router=0/0 copy=0/0 w2silu=0/0 lnorm=0/0 prefetch=0/0
[TASK_TIME] worker=53 linear=2285272/54 linear_res=887116/20 attn=0/0 rms=0/0 silu=0/0 fused=0/0
[TASK_TIME] worker=288 linear=491584/23 linear_res=878940/19 attn=0/0 rms=0/0 silu=5204/2 fused=0/0
[TASK_TIME2] worker=151 prep=0/0 attend=0/0 merge=0/0 router=0/0 copy=0/0 w2silu=0/0 lnorm=0/0 prefetch=0/0
[TASK_TIME] worker=40 linear=2324972/53 linear_res=1046620/20 attn=0/0 rms=0/0 silu=4812/2 fused=0/0
[TASK_TIME2] worker=207 prep=0/0 attend=0/0 merge=0/0 router=0/0 copy=0/0 w2silu=0/0 lnorm=0/0 prefetch=0/0
[TASK_TIME] worker=216 linear=491372/23 linear_res=950916/19 attn=0/0 rms=0/0 silu=2448/1 fused=0/0
[TASK_TIME2] worker=31 prep=0/0 attend=5866020/64 merge=0/0 router=0/0 copy=0/0 w2silu=0/0 lnorm=0/0 prefetch=0/0
[TASK_TIME] worker=117 linear=2294936/52 linear_res=987656/21 attn=0/0 rms=0/0 silu=0/0 fused=0/0
[TASK_TIME2] worker=87 prep=0/0 attend=0/0 merge=0/0 router=0/0 copy=0/0 w2silu=0/0 lnorm=0/0 prefetch=0/0
[TASK_TIME] worker=93 linear=2305924/53 linear_res=1007232/22 attn=0/0 rms=0/0 silu=2536/1 fused=0/0
[TASK_TIME] worker=45 linear=2308284/50 linear_res=1011640/22 attn=0/0 rms=0/0 silu=6912/3 fused=0/0
[TASK_TIME2] worker=239 prep=0/0 attend=0/0 merge=0/0 router=0/0 copy=0/0 w2silu=0/0 lnorm=0/0 prefetch=0/0
[TASK_TIME2] worker=127 prep=0/0 attend=0/0 merge=0/0 router=0/0 copy=0/0 w2silu=0/0 lnorm=0/0 prefetch=0/0
[TASK_TIME2] worker=39 prep=0/0 attend=147940/64 merge=0/0 router=0/0 copy=0/0 w2silu=0/0 lnorm=0/0 prefetch=0/0
[TASK_TIME] worker=88 linear=2267264/52 linear_res=929908/22 attn=0/0 rms=0/0 silu=0/0 fused=0/0
[TASK_TIME2] worker=287 prep=0/0 attend=0/0 merge=0/0 router=0/0 copy=0/0 w2silu=0/0 lnorm=0/0 prefetch=0/0
[TASK_TIME] worker=96 linear=2334388/54 linear_res=886748/20 attn=0/0 rms=0/0 silu=2440/1 fused=0/0
[TASK_TIME] worker=48 linear=2270204/51 linear_res=1028636/23 attn=0/0 rms=0/0 silu=0/0 fused=0/0
[TASK_TIME] worker=56 linear=2254920/53 linear_res=905764/21 attn=0/0 rms=0/0 silu=2452/1 fused=0/0
[TASK_TIME2] worker=223 prep=0/0 attend=0/0 merge=0/0 router=0/0 copy=0/0 w2silu=0/0 lnorm=0/0 prefetch=0/0
[TASK_TIME] worker=61 linear=2317072/56 linear_res=865704/19 attn=0/0 rms=0/0 silu=0/0 fused=0/0
[TASK_TIME] worker=85 linear=2282436/53 linear_res=908316/21 attn=0/0 rms=0/0 silu=0/0 fused=0/0
[TASK_TIME2] worker=119 prep=0/0 attend=0/0 merge=0/0 router=0/0 copy=0/0 w2silu=0/0 lnorm=0/0 prefetch=0/0
[TASK_TIME] worker=189 linear=427224/20 linear_res=985868/21 attn=0/0 rms=0/0 silu=2564/1 fused=0/0
[TASK_TIME2] worker=191 prep=0/0 attend=0/0 merge=0/0 router=0/0 copy=0/0 w2silu=0/0 lnorm=0/0 prefetch=0/0
[TASK_TIME] worker=101 linear=2293764/52 linear_res=930416/22 attn=0/0 rms=0/0 silu=5076/2 fused=0/0
[TASK_TIME2] worker=63 prep=0/0 attend=0/0 merge=0/0 router=0/0 copy=0/0 w2silu=0/0 lnorm=0/0 prefetch=0/0
[TASK_TIME] worker=200 linear=424576/20 linear_res=1013208/22 attn=0/0 rms=0/0 silu=0/0 fused=0/0
[TASK_TIME] worker=232 linear=403512/19 linear_res=1004276/22 attn=0/0 rms=0/0 silu=0/0 fused=0/0
[TASK_TIME2] worker=71 prep=0/0 attend=0/0 merge=0/0 router=0/0 copy=0/0 w2silu=0/0 lnorm=0/0 prefetch=0/0
[TASK_TIME2] worker=47 prep=0/0 attend=0/0 merge=0/0 router=0/0 copy=0/0 w2silu=0/0 lnorm=0/0 prefetch=0/0
[TASK_TIME2] worker=183 prep=0/0 attend=0/0 merge=0/0 router=0/0 copy=0/0 w2silu=0/0 lnorm=0/0 prefetch=0/0
[TASK_TIME2] worker=103 prep=0/0 attend=0/0 merge=0/0 router=0/0 copy=0/0 w2silu=0/0 lnorm=0/0 prefetch=0/0
[TASK_TIME] worker=109 linear=2221724/50 linear_res=1059812/21 attn=0/0 rms=0/0 silu=4780/2 fused=0/0
[TASK_TIME2] worker=199 prep=0/0 attend=0/0 merge=0/0 router=0/0 copy=0/0 w2silu=0/0 lnorm=0/0 prefetch=0/0
[TASK_TIME2] worker=7 prep=0/0 attend=5957392/64 merge=2273892/64 router=0/0 copy=0/0 w2silu=0/0 lnorm=0/0 prefetch=0/0
[TASK_TIME2] worker=135 prep=0/0 attend=0/0 merge=0/0 router=0/0 copy=0/0 w2silu=0/0 lnorm=0/0 prefetch=0/0
[TASK_TIME2] worker=247 prep=0/0 attend=0/0 merge=0/0 router=0/0 copy=0/0 w2silu=0/0 lnorm=0/0 prefetch=0/0
[TASK_TIME2] worker=231 prep=0/0 attend=0/0 merge=0/0 router=0/0 copy=0/0 w2silu=0/0 lnorm=0/0 prefetch=0/0
[TASK_TIME] worker=272 linear=424644/20 linear_res=925000/22 attn=0/0 rms=0/0 silu=0/0 fused=0/0
[TASK_TIME2] worker=279 prep=0/0 attend=0/0 merge=0/0 router=0/0 copy=0/0 w2silu=0/0 lnorm=0/0 prefetch=0/0
[TASK_TIME2] worker=111 prep=0/0 attend=0/0 merge=0/0 router=0/0 copy=0/0 w2silu=0/0 lnorm=0/0 prefetch=0/0
[TASK_TIME] worker=294 linear=448120/21 linear_res=975672/20 attn=0/0 rms=0/0 silu=2532/1 fused=0/0
[TASK_TIME] worker=198 linear=422620/20 linear_res=1003680/22 attn=0/0 rms=0/0 silu=2408/1 fused=0/0
[TASK_TIME] worker=165 linear=2259248/50 linear_res=1102392/23 attn=0/0 rms=0/0 silu=2828/1 fused=0/0
[TASK_TIME2] worker=95 prep=0/0 attend=0/0 merge=0/0 router=0/0 copy=0/0 w2silu=0/0 lnorm=0/0 prefetch=0/0
[TASK_TIME2] worker=215 prep=0/0 attend=0/0 merge=0/0 router=0/0 copy=0/0 w2silu=0/0 lnorm=0/0 prefetch=0/0
[TASK_TIME2] worker=15 prep=0/0 attend=5877200/64 merge=2076252/64 router=0/0 copy=0/0 w2silu=0/0 lnorm=0/0 prefetch=0/0
[TASK_TIME] worker=69 linear=2430392/56 linear_res=892564/20 attn=0/0 rms=0/0 silu=2276/1 fused=0/0
[TASK_TIME2] worker=255 prep=0/0 attend=0/0 merge=0/0 router=0/0 copy=0/0 w2silu=0/0 lnorm=0/0 prefetch=0/0
[TASK_TIME] worker=128 linear=2299988/52 linear_res=984776/21 attn=0/0 rms=0/0 silu=2456/1 fused=0/0
[TASK_TIME2] worker=271 prep=0/0 attend=0/0 merge=0/0 router=0/0 copy=0/0 w2silu=0/0 lnorm=0/0 prefetch=0/0
[TASK_TIME] worker=261 linear=449692/21 linear_res=990564/21 attn=0/0 rms=0/0 silu=2576/1 fused=0/0
[TASK_TIME2] worker=55 prep=0/0 attend=0/0 merge=0/0 router=0/0 copy=0/0 w2silu=0/0 lnorm=0/0 prefetch=0/0
[TASK_TIME2] worker=23 prep=0/0 attend=5935224/64 merge=0/0 router=0/0 copy=0/0 w2silu=0/0 lnorm=0/0 prefetch=0/0
[TASK_TIME] worker=157 linear=2262140/50 linear_res=930252/22 attn=0/0 rms=0/0 silu=5640/2 fused=0/0
[TASK_TIME2] worker=263 prep=0/0 attend=0/0 merge=0/0 router=0/0 copy=0/0 w2silu=0/0 lnorm=0/0 prefetch=0/0
[TASK_TIME] worker=112 linear=2280144/52 linear_res=1042844/20 attn=0/0 rms=0/0 silu=4880/2 fused=0/0
[TASK_TIME] worker=277 linear=425444/20 linear_res=1006152/22 attn=0/0 rms=0/0 silu=2592/1 fused=0/0
[TASK_TIME2] worker=80 prep=0/0 attend=0/0 merge=0/0 router=0/0 copy=0/0 w2silu=0/0 lnorm=0/0 prefetch=0/0
[TASK_TIME] worker=62 linear=2298056/54 linear_res=889116/20 attn=0/0 rms=0/0 silu=2420/1 fused=0/0
[TASK_TIME] worker=21 linear=2274972/56 linear_res=867516/19 attn=0/0 rms=0/0 silu=0/0 fused=0/0
[TASK_TIME2] worker=136 prep=0/0 attend=0/0 merge=0/0 router=0/0 copy=0/0 w2silu=0/0 lnorm=0/0 prefetch=0/0
[TASK_TIME] worker=230 linear=446696/21 linear_res=993468/21 attn=0/0 rms=0/0 silu=5132/2 fused=0/0
[TASK_TIME] worker=285 linear=450908/21 linear_res=970116/20 attn=0/0 rms=0/0 silu=2576/1 fused=0/0
[TASK_TIME] worker=125 linear=2354516/55 linear_res=907296/21 attn=0/0 rms=0/0 silu=0/0 fused=0/0
[TASK_TIME2] worker=208 prep=0/0 attend=0/0 merge=0/0 router=0/0 copy=0/0 w2silu=0/0 lnorm=0/0 prefetch=0/0
[TASK_TIME2] worker=168 prep=0/0 attend=0/0 merge=0/0 router=0/0 copy=0/0 w2silu=0/0 lnorm=0/0 prefetch=0/0
[TASK_TIME2] worker=32 prep=0/0 attend=145120/64 merge=0/0 router=0/0 copy=0/0 w2silu=0/0 lnorm=0/0 prefetch=0/0
[TASK_TIME] worker=280 linear=470144/22 linear_res=912608/21 attn=0/0 rms=0/0 silu=0/0 fused=0/0
[TASK_TIME] worker=70 linear=2257608/52 linear_res=1004804/22 attn=0/0 rms=0/0 silu=2380/1 fused=0/0
[TASK_TIME2] worker=120 prep=0/0 attend=0/0 merge=0/0 router=0/0 copy=0/0 w2silu=0/0 lnorm=0/0 prefetch=0/0
[TASK_TIME] worker=190 linear=426736/20 linear_res=984548/21 attn=0/0 rms=0/0 silu=2444/1 fused=0/0
[TASK_TIME2] worker=64 prep=0/0 attend=0/0 merge=0/0 router=0/0 copy=0/0 w2silu=0/0 lnorm=0/0 prefetch=0/0
[TASK_TIME] worker=134 linear=2317512/54 linear_res=942288/19 attn=0/0 rms=0/0 silu=2680/1 fused=0/0
[TASK_TIME2] worker=16 prep=0/0 attend=5901780/64 merge=0/0 router=0/0 copy=0/0 w2silu=0/0 lnorm=0/0 prefetch=0/0
[TASK_TIME2] worker=176 prep=0/0 attend=0/0 merge=0/0 router=0/0 copy=0/0 w2silu=0/0 lnorm=0/0 prefetch=0/0
[TASK_TIME] worker=256 linear=446892/21 linear_res=965452/20 attn=0/0 rms=0/0 silu=2472/1 fused=0/0
[TASK_TIME2] worker=143 prep=0/0 attend=0/0 merge=0/0 router=0/0 copy=0/0 w2silu=0/0 lnorm=0/0 prefetch=0/0
[TASK_TIME2] worker=175 prep=0/0 attend=0/0 merge=0/0 router=0/0 copy=0/0 w2silu=0/0 lnorm=0/0 prefetch=0/0
[TASK_TIME] worker=182 linear=425556/20 linear_res=1065204/21 attn=0/0 rms=0/0 silu=2420/1 fused=0/0
[TASK_TIME] worker=278 linear=467448/22 linear_res=963628/20 attn=0/0 rms=0/0 silu=0/0 fused=0/0
[TASK_TIME2] worker=152 prep=0/0 attend=0/0 merge=0/0 router=0/0 copy=0/0 w2silu=0/0 lnorm=0/0 prefetch=0/0
[TASK_TIME2] worker=216 prep=0/0 attend=0/0 merge=0/0 router=0/0 copy=0/0 w2silu=0/0 lnorm=0/0 prefetch=0/0
[TASK_TIME2] worker=192 prep=0/0 attend=0/0 merge=0/0 router=0/0 copy=0/0 w2silu=0/0 lnorm=0/0 prefetch=0/0
[TASK_TIME] worker=54 linear=2288576/53 linear_res=986528/21 attn=0/0 rms=0/0 silu=0/0 fused=0/0
[TASK_TIME2] worker=144 prep=0/0 attend=0/0 merge=0/0 router=0/0 copy=0/0 w2silu=0/0 lnorm=0/0 prefetch=0/0
[TASK_TIME2] worker=104 prep=0/0 attend=0/0 merge=0/0 router=0/0 copy=0/0 w2silu=0/0 lnorm=0/0 prefetch=0/0
[TASK_TIME] worker=14 linear=2313184/53 linear_res=992268/21 attn=0/0 rms=0/0 silu=0/0 fused=0/0
[TASK_TIME] worker=5 linear=2346884/54 linear_res=966068/20 attn=0/0 rms=0/0 silu=0/0 fused=0/0
[TASK_TIME2] worker=128 prep=0/0 attend=0/0 merge=0/0 router=0/0 copy=0/0 w2silu=0/0 lnorm=0/0 prefetch=0/0
[TASK_TIME2] worker=24 prep=0/0 attend=5838832/64 merge=0/0 router=0/0 copy=0/0 w2silu=0/0 lnorm=0/0 prefetch=0/0
[TASK_TIME2] worker=72 prep=0/0 attend=0/0 merge=0/0 router=0/0 copy=0/0 w2silu=0/0 lnorm=0/0 prefetch=0/0
[TASK_TIME] worker=126 linear=2273252/52 linear_res=982568/21 attn=0/0 rms=0/0 silu=0/0 fused=0/0
[TASK_TIME2] worker=88 prep=0/0 attend=0/0 merge=0/0 router=0/0 copy=0/0 w2silu=0/0 lnorm=0/0 prefetch=0/0
[TASK_TIME] worker=13 linear=2370648/56 linear_res=970572/20 attn=0/0 rms=0/0 silu=2612/1 fused=0/0
[TASK_TIME2] worker=40 prep=0/0 attend=0/0 merge=0/0 router=0/0 copy=0/0 w2silu=0/0 lnorm=0/0 prefetch=0/0
[TASK_TIME2] worker=160 prep=0/0 attend=0/0 merge=0/0 router=0/0 copy=0/0 w2silu=0/0 lnorm=0/0 prefetch=0/0
[TASK_TIME2] worker=248 prep=0/0 attend=0/0 merge=0/0 router=0/0 copy=0/0 w2silu=0/0 lnorm=0/0 prefetch=0/0
[TASK_TIME2] worker=224 prep=0/0 attend=0/0 merge=0/0 router=0/0 copy=0/0 w2silu=0/0 lnorm=0/0 prefetch=0/0
[TASK_TIME2] worker=8 prep=0/0 attend=5839292/64 merge=2101328/64 router=0/0 copy=0/0 w2silu=0/0 lnorm=0/0 prefetch=0/0
[TASK_TIME2] worker=56 prep=0/0 attend=0/0 merge=0/0 router=0/0 copy=0/0 w2silu=0/0 lnorm=0/0 prefetch=0/0
[TASK_TIME2] worker=264 prep=0/0 attend=0/0 merge=0/0 router=0/0 copy=0/0 w2silu=0/0 lnorm=0/0 prefetch=0/0
[TASK_TIME2] worker=0 prep=0/0 attend=5963704/64 merge=2246948/64 router=0/0 copy=0/0 w2silu=0/0 lnorm=0/0 prefetch=0/0
[TASK_TIME2] worker=272 prep=0/0 attend=0/0 merge=0/0 router=0/0 copy=0/0 w2silu=0/0 lnorm=0/0 prefetch=0/0
[TASK_TIME] worker=237 linear=448428/21 linear_res=861712/19 attn=0/0 rms=0/0 silu=0/0 fused=0/0
[TASK_TIME] worker=6 linear=2333772/53 linear_res=1014680/22 attn=0/0 rms=0/0 silu=2560/1 fused=0/0
[TASK_TIME2] worker=184 prep=0/0 attend=0/0 merge=0/0 router=0/0 copy=0/0 w2silu=0/0 lnorm=0/0 prefetch=0/0
[TASK_TIME2] worker=288 prep=0/0 attend=0/0 merge=0/0 router=0/0 copy=0/0 w2silu=0/0 lnorm=0/0 prefetch=0/0
[TASK_TIME2] worker=200 prep=0/0 attend=0/0 merge=0/0 router=0/0 copy=0/0 w2silu=0/0 lnorm=0/0 prefetch=0/0
[TASK_TIME2] worker=240 prep=0/0 attend=0/0 merge=0/0 router=0/0 copy=0/0 w2silu=0/0 lnorm=0/0 prefetch=0/0
[TASK_TIME] worker=206 linear=468636/22 linear_res=1026860/19 attn=0/0 rms=0/0 silu=0/0 fused=0/0
[TASK_TIME] worker=174 linear=2325240/54 linear_res=887088/20 attn=0/0 rms=0/0 silu=0/0 fused=0/0
[TASK_TIME2] worker=232 prep=0/0 attend=0/0 merge=0/0 router=0/0 copy=0/0 w2silu=0/0 lnorm=0/0 prefetch=0/0
[TASK_TIME2] worker=96 prep=0/0 attend=0/0 merge=0/0 router=0/0 copy=0/0 w2silu=0/0 lnorm=0/0 prefetch=0/0
[TASK_TIME2] worker=112 prep=0/0 attend=0/0 merge=0/0 router=0/0 copy=0/0 w2silu=0/0 lnorm=0/0 prefetch=0/0
[TASK_TIME2] worker=280 prep=0/0 attend=0/0 merge=0/0 router=0/0 copy=0/0 w2silu=0/0 lnorm=0/0 prefetch=0/0
[TASK_TIME2] worker=256 prep=0/0 attend=0/0 merge=0/0 router=0/0 copy=0/0 w2silu=0/0 lnorm=0/0 prefetch=0/0
[TASK_TIME] worker=214 linear=423724/20 linear_res=982728/21 attn=0/0 rms=0/0 silu=5116/2 fused=0/0
[TASK_TIME] worker=118 linear=2307704/52 linear_res=1009488/22 attn=0/0 rms=0/0 silu=4928/2 fused=0/0
[TASK_TIME2] worker=48 prep=0/0 attend=0/0 merge=0/0 router=0/0 copy=0/0 w2silu=0/0 lnorm=0/0 prefetch=0/0
[TASK_TIME] worker=78 linear=2299296/52 linear_res=910044/21 attn=0/0 rms=0/0 silu=2428/1 fused=0/0
[TASK_TIME] worker=238 linear=448040/21 linear_res=963448/20 attn=0/0 rms=0/0 silu=0/0 fused=0/0
[TASK_TIME] worker=254 linear=423932/20 linear_res=983248/21 attn=0/0 rms=0/0 silu=2424/1 fused=0/0
[TASK_TIME] worker=253 linear=446632/21 linear_res=1042948/20 attn=0/0 rms=0/0 silu=0/0 fused=0/0
[TASK_TIME] worker=166 linear=2263788/52 linear_res=1084548/22 attn=0/0 rms=0/0 silu=2668/1 fused=0/0
[TASK_TIME] worker=246 linear=488868/23 linear_res=872852/19 attn=0/0 rms=0/0 silu=2440/1 fused=0/0
[TASK_TIME2] worker=53 prep=0/0 attend=0/0 merge=0/0 router=0/0 copy=0/0 w2silu=0/0 lnorm=0/0 prefetch=0/0
[TASK_TIME] worker=221 linear=363820/17 linear_res=1167492/22 attn=0/0 rms=0/0 silu=5144/2 fused=0/0
[TASK_TIME] worker=158 linear=2254192/52 linear_res=910288/21 attn=0/0 rms=0/0 silu=2432/1 fused=0/0
[TASK_TIME] worker=22 linear=2285712/55 linear_res=946636/19 attn=0/0 rms=0/0 silu=2444/1 fused=0/0
[TASK_TIME] worker=38 linear=2252812/53 linear_res=1047456/20 attn=0/0 rms=0/0 silu=0/0 fused=0/0
[TASK_TIME] worker=94 linear=2320084/53 linear_res=965044/20 attn=0/0 rms=0/0 silu=0/0 fused=0/0
[TASK_TIME] worker=86 linear=2263148/52 linear_res=927660/22 attn=0/0 rms=0/0 silu=2440/1 fused=0/0
[TASK_TIME2] worker=262 prep=0/0 attend=0/0 merge=0/0 router=45660/1 copy=0/0 w2silu=0/0 lnorm=0/0 prefetch=0/0
[TASK_TIME] worker=150 linear=2320188/52 linear_res=1062620/21 attn=0/0 rms=0/0 silu=0/0 fused=0/0
[TASK_TIME] worker=46 linear=2366560/53 linear_res=935664/22 attn=0/0 rms=0/0 silu=4896/2 fused=0/0
[TASK_TIME] worker=142 linear=2299756/50 linear_res=1105876/23 attn=0/0 rms=0/0 silu=4892/2 fused=0/0
[TASK_TIME] worker=222 linear=424324/20 linear_res=1050380/20 attn=0/0 rms=0/0 silu=0/0 fused=0/0
[TASK_TIME2] worker=133 prep=0/0 attend=0/0 merge=0/0 router=0/0 copy=0/0 w2silu=0/0 lnorm=0/0 prefetch=0/0
[TASK_TIME2] worker=157 prep=304680/1 attend=0/0 merge=0/0 router=0/0 copy=0/0 w2silu=0/0 lnorm=0/0 prefetch=0/0
[TASK_TIME] worker=270 linear=448236/21 linear_res=836156/21 attn=0/0 rms=0/0 silu=2464/1 fused=0/0
[TASK_TIME2] worker=29 prep=723160/2 attend=5945956/64 merge=0/0 router=0/0 copy=0/0 w2silu=0/0 lnorm=0/0 prefetch=0/0
[TASK_TIME2] worker=61 prep=295512/1 attend=0/0 merge=0/0 router=0/0 copy=0/0 w2silu=0/0 lnorm=0/0 prefetch=0/0
[TASK_TIME] worker=30 linear=2213996/52 linear_res=1011740/22 attn=0/0 rms=0/0 silu=4860/2 fused=0/0
[TASK_TIME2] worker=85 prep=613784/2 attend=0/0 merge=0/0 router=0/0 copy=0/0 w2silu=0/0 lnorm=0/0 prefetch=0/0
[TASK_TIME] worker=269 linear=381828/18 linear_res=993456/21 attn=0/0 rms=0/0 silu=2588/1 fused=0/0
[TASK_TIME] worker=229 linear=429024/20 linear_res=1069232/21 attn=0/0 rms=0/0 silu=2584/1 fused=0/0
[TASK_TIME2] worker=37 prep=588164/2 attend=151848/64 merge=0/0 router=0/0 copy=0/0 w2silu=0/0 lnorm=0/0 prefetch=0/0
[TASK_TIME2] worker=293 prep=310824/1 attend=0/0 merge=0/0 router=0/0 copy=0/0 w2silu=0/0 lnorm=0/0 prefetch=0/0
[TASK_TIME2] worker=165 prep=0/0 attend=0/0 merge=0/0 router=0/0 copy=0/0 w2silu=0/0 lnorm=0/0 prefetch=0/0
[TASK_TIME2] worker=277 prep=0/0 attend=0/0 merge=0/0 router=0/0 copy=0/0 w2silu=0/0 lnorm=0/0 prefetch=0/0
[TASK_TIME] worker=110 linear=2299032/52 linear_res=1040812/20 attn=0/0 rms=0/0 silu=0/0 fused=0/0
[TASK_TIME] worker=286 linear=468752/22 linear_res=893292/20 attn=0/0 rms=0/0 silu=2456/1 fused=0/0
[TASK_TIME2] worker=149 prep=614408/2 attend=0/0 merge=0/0 router=0/0 copy=0/0 w2silu=0/0 lnorm=0/0 prefetch=0/0
[TASK_TIME2] worker=141 prep=601648/2 attend=0/0 merge=0/0 router=0/0 copy=0/0 w2silu=0/0 lnorm=0/0 prefetch=0/0
[TASK_TIME2] worker=117 prep=308128/1 attend=0/0 merge=0/0 router=0/0 copy=0/0 w2silu=0/0 lnorm=0/0 prefetch=0/0
[TASK_TIME2] worker=77 prep=605724/2 attend=0/0 merge=0/0 router=0/0 copy=0/0 w2silu=0/0 lnorm=0/0 prefetch=0/0
[TASK_TIME2] worker=261 prep=0/0 attend=0/0 merge=0/0 router=0/0 copy=0/0 w2silu=0/0 lnorm=0/0 prefetch=0/0
[TASK_TIME2] worker=125 prep=0/0 attend=0/0 merge=0/0 router=0/0 copy=0/0 w2silu=0/0 lnorm=0/0 prefetch=0/0
[TASK_TIME2] worker=101 prep=0/0 attend=0/0 merge=0/0 router=0/0 copy=0/0 w2silu=0/0 lnorm=0/0 prefetch=0/0
[TASK_TIME2] worker=205 prep=311724/1 attend=0/0 merge=0/0 router=0/0 copy=0/0 w2silu=0/0 lnorm=0/0 prefetch=0/0
[TASK_TIME2] worker=21 prep=307404/1 attend=5989916/64 merge=0/0 router=0/0 copy=0/0 w2silu=0/0 lnorm=0/0 prefetch=0/0
[TASK_TIME2] worker=189 prep=302336/1 attend=0/0 merge=0/0 router=0/0 copy=0/0 w2silu=0/0 lnorm=0/0 prefetch=0/0
[TASK_TIME2] worker=45 prep=0/0 attend=0/0 merge=0/0 router=0/0 copy=0/0 w2silu=0/0 lnorm=0/0 prefetch=0/0
[TASK_TIME2] worker=253 prep=618092/2 attend=0/0 merge=0/0 router=0/0 copy=0/0 w2silu=0/0 lnorm=0/0 prefetch=0/0
[TASK_TIME2] worker=245 prep=0/0 attend=0/0 merge=0/0 router=0/0 copy=0/0 w2silu=0/0 lnorm=0/0 prefetch=0/0
[TASK_TIME2] worker=197 prep=307032/1 attend=0/0 merge=0/0 router=0/0 copy=0/0 w2silu=0/0 lnorm=0/0 prefetch=0/0
[TASK_TIME2] worker=173 prep=303868/1 attend=0/0 merge=0/0 router=0/0 copy=0/0 w2silu=0/0 lnorm=0/0 prefetch=0/0
[TASK_TIME2] worker=93 prep=308268/1 attend=0/0 merge=0/0 router=0/0 copy=0/0 w2silu=0/0 lnorm=0/0 prefetch=0/0
[TASK_TIME2] worker=5 prep=312208/1 attend=5994028/64 merge=2481012/64 router=0/0 copy=0/0 w2silu=0/0 lnorm=0/0 prefetch=0/0
[TASK_TIME2] worker=213 prep=303148/1 attend=0/0 merge=0/0 router=0/0 copy=0/0 w2silu=0/0 lnorm=0/0 prefetch=0/0
[TASK_TIME2] worker=285 prep=0/0 attend=0/0 merge=0/0 router=0/0 copy=0/0 w2silu=0/0 lnorm=0/0 prefetch=0/0
[TASK_TIME2] worker=237 prep=310184/1 attend=0/0 merge=0/0 router=0/0 copy=0/0 w2silu=0/0 lnorm=0/0 prefetch=0/0
[TASK_TIME2] worker=221 prep=310580/1 attend=0/0 merge=0/0 router=0/0 copy=0/0 w2silu=0/0 lnorm=0/0 prefetch=0/0
[TASK_TIME2] worker=69 prep=0/0 attend=0/0 merge=0/0 router=0/0 copy=0/0 w2silu=0/0 lnorm=0/0 prefetch=0/0
[TASK_TIME2] worker=181 prep=0/0 attend=0/0 merge=0/0 router=0/0 copy=0/0 w2silu=0/0 lnorm=0/0 prefetch=0/0
[TASK_TIME2] worker=109 prep=301204/1 attend=0/0 merge=0/0 router=0/0 copy=0/0 w2silu=0/0 lnorm=0/0 prefetch=0/0
[TASK_TIME2] worker=13 prep=0/0 attend=5949088/64 merge=2324184/64 router=0/0 copy=0/0 w2silu=0/0 lnorm=0/0 prefetch=0/0
[TASK_TIME] worker=102 linear=2282692/53 linear_res=910284/21 attn=0/0 rms=0/0 silu=4824/2 fused=0/0
[TASK_TIME2] worker=229 prep=0/0 attend=0/0 merge=0/0 router=0/0 copy=0/0 w2silu=0/0 lnorm=0/0 prefetch=0/0
[TASK_TIME2] worker=269 prep=918696/3 attend=0/0 merge=0/0 router=0/0 copy=0/0 w2silu=0/0 lnorm=0/0 prefetch=0/0
[TASK_TIME2] worker=198 prep=0/0 attend=0/0 merge=0/0 router=0/0 copy=0/0 w2silu=0/0 lnorm=0/0 prefetch=0/0
[TASK_TIME2] worker=62 prep=0/0 attend=0/0 merge=0/0 router=43540/1 copy=0/0 w2silu=0/0 lnorm=0/0 prefetch=0/0
[TASK_TIME2] worker=70 prep=0/0 attend=0/0 merge=0/0 router=43752/1 copy=0/0 w2silu=0/0 lnorm=0/0 prefetch=0/0
[TASK_TIME2] worker=134 prep=0/0 attend=0/0 merge=0/0 router=89196/2 copy=0/0 w2silu=0/0 lnorm=0/0 prefetch=0/0
[TASK_TIME2] worker=6 prep=0/0 attend=6010724/64 merge=2390424/64 router=0/0 copy=0/0 w2silu=0/0 lnorm=0/0 prefetch=0/0
[TASK_TIME2] worker=182 prep=0/0 attend=0/0 merge=0/0 router=45808/1 copy=0/0 w2silu=0/0 lnorm=0/0 prefetch=0/0
[TASK_TIME2] worker=190 prep=0/0 attend=0/0 merge=0/0 router=44308/1 copy=0/0 w2silu=0/0 lnorm=0/0 prefetch=0/0
[TASK_TIME2] worker=174 prep=0/0 attend=0/0 merge=0/0 router=44996/1 copy=0/0 w2silu=0/0 lnorm=0/0 prefetch=0/0
[TASK_TIME2] worker=206 prep=0/0 attend=0/0 merge=0/0 router=90784/2 copy=0/0 w2silu=0/0 lnorm=0/0 prefetch=0/0
[TASK_TIME2] worker=158 prep=0/0 attend=0/0 merge=0/0 router=44784/1 copy=0/0 w2silu=0/0 lnorm=0/0 prefetch=0/0
[TASK_TIME2] worker=86 prep=0/0 attend=0/0 merge=0/0 router=0/0 copy=0/0 w2silu=0/0 lnorm=0/0 prefetch=0/0
[TASK_TIME2] worker=278 prep=0/0 attend=0/0 merge=0/0 router=45084/1 copy=0/0 w2silu=0/0 lnorm=0/0 prefetch=0/0
[TASK_TIME2] worker=294 prep=0/0 attend=0/0 merge=0/0 router=46364/1 copy=0/0 w2silu=0/0 lnorm=0/0 prefetch=0/0
[TASK_TIME2] worker=230 prep=0/0 attend=0/0 merge=0/0 router=0/0 copy=0/0 w2silu=0/0 lnorm=0/0 prefetch=0/0
[TASK_TIME2] worker=246 prep=0/0 attend=0/0 merge=0/0 router=44992/1 copy=0/0 w2silu=0/0 lnorm=0/0 prefetch=0/0
[TASK_TIME2] worker=238 prep=0/0 attend=0/0 merge=0/0 router=45112/1 copy=0/0 w2silu=0/0 lnorm=0/0 prefetch=0/0
[TASK_TIME2] worker=126 prep=0/0 attend=0/0 merge=0/0 router=44304/1 copy=0/0 w2silu=0/0 lnorm=0/0 prefetch=0/0
[TASK_TIME2] worker=14 prep=0/0 attend=5919620/64 merge=2166268/64 router=45660/1 copy=0/0 w2silu=0/0 lnorm=0/0 prefetch=0/0
[TASK_TIME2] worker=38 prep=0/0 attend=2072528/64 merge=0/0 router=88996/2 copy=0/0 w2silu=0/0 lnorm=0/0 prefetch=0/0
[TASK_TIME2] worker=286 prep=0/0 attend=0/0 merge=0/0 router=45388/1 copy=0/0 w2silu=0/0 lnorm=0/0 prefetch=0/0
[TASK_TIME2] worker=166 prep=0/0 attend=0/0 merge=0/0 router=0/0 copy=0/0 w2silu=0/0 lnorm=0/0 prefetch=0/0
[TASK_TIME2] work[EVENT_TIMING] 704 event firings recorded

================================================================================
PER-EVENT WALL-CLOCK TIMING (barrier-to-barrier)
================================================================================
Event TaskType              Count    Avg(us)    Min(us)    Max(us)    Std(us)
-------------------------------------------------------------------------
    1 UNKNOWN                  30     146.46       8.16     178.08      54.10
    2 UNKNOWN                  31      13.13      11.94      14.31       0.59
    3 UNKNOWN                  31       4.00       3.77       4.33       0.12
    4 UNKNOWN                  31      23.06      20.00      25.79       1.33
    5 UNKNOWN                  31     146.82     141.84     155.28       2.35
    6 UNKNOWN                  31      47.68      47.36      48.12       0.15
    7 UNKNOWN                  31      26.65      24.96      27.32       0.52
    8 UNKNOWN                  31      13.60      12.81      13.95       0.23
    9 UNKNOWN                  31       4.75       3.76       5.72       0.57
   10 UNKNOWN                  31      33.21      31.87      36.11       0.86
   11 UNKNOWN                  31      51.74      50.43      53.12       0.72
   12 UNKNOWN                  31       4.17       3.60       4.70       0.35
   13 UNKNOWN                  31      13.29      12.75      13.87       0.30
   14 UNKNOWN                  31     148.15     142.36     151.80       2.50
   15 UNKNOWN                  31      47.36      46.96      47.64       0.16
   16 UNKNOWN                  31      21.93      21.68      22.28       0.15
   17 UNKNOWN                  31      13.22      12.64      13.80       0.31
   18 UNKNOWN                  31      24.47      23.08      26.68       0.94
   19 UNKNOWN                  31      40.16      38.15      42.47       1.14
   20 UNKNOWN                  31       5.33       3.91       6.57       1.05
   21 UNKNOWN                  31      20.96      19.63      22.75       1.12
   22 UNKNOWN                  31       3.58       3.40       4.72       0.23

================================================================================
PER-TYPE SUMMARY (sum of avg durations across all events)
================================================================================
TaskType             Events    Total(us)  Total(ms)        %
----------------------------------------------------------
UNKNOWN                  22        853.7      0.854   100.0%
TOTAL                              853.7      0.854

Saved raw event timing to event_timing.json
