First tasks: 1
Number of all events: 24
Number of all tasks: 496
Number of triggered events: 22
Number of executed tasks: 494
[EVENT_TIMING] Allocated buffer for 2400 entries (24 events x 100 iters)
[WORKER_XCD] worker_id=43 block=43 xcd=0
[WORKER_XCD] worker_id=243 block=243 xcd=0
[WORKER_XCD] worker_id=27 block=27 xcd=0
[WORKER_XCD] worker_id=275 block=275 xcd=0
[WORKER_XCD] worker_id=100 block=100 xcd=1
[WORKER_XCD] worker_id=179 block=179 xcd=0
[WORKER_XCD] worker_id=171 block=171 xcd=0
[WORKER_XCD] worker_id=252 block=252 xcd=1
[WORKER_XCD] worker_id=137 block=137 xcd=6
[WORKER_XCD] worker_id=185 block=185 xcd=6
[WORKER_XCD] worker_id=284 block=284 xcd=1
[WORKER_XCD] worker_id=12 block=12 xcd=1
[WORKER_XCD] worker_id=131 block=131 xcd=0
[WORKER_XCD] worker_id=267 block=267 xcd=0
[WORKER_XCD] worker_id=251 block=251 xcd=0
[WORKER_XCD] worker_id=75 block=75 xcd=0
[WORKER_XCD] worker_id=156 block=156 xcd=1
[WORKER_XCD] worker_id=132 block=132 xcd=1
[WORKER_XCD] worker_id=44 block=44 xcd=1
[WORKER_XCD] worker_id=28 block=28 xcd=1
[WORKER_XCD] worker_id=105 block=105 xcd=6
[WORKER_XCD] worker_id=148 block=148 xcd=1
[WORKER_XCD] worker_id=116 block=116 xcd=1
[WORKER_XCD] worker_id=124 block=124 xcd=1
[WORKER_XCD] worker_id=203 block=203 xcd=0
[WORKER_XCD] worker_id=92 block=92 xcd=1
[WORKER_XCD] worker_id=249 block=249 xcd=6
[WORKER_XCD] worker_id=73 block=73 xcd=6
[WORKER_XCD] worker_id=172 block=172 xcd=1
[WORKER_XCD] worker_id=76 block=76 xcd=1
[WORKER_XCD] worker_id=129 block=129 xcd=6
[WORKER_XCD] worker_id=209 block=209 xcd=6
[WORKER_XCD] worker_id=220 block=220 xcd=1
[WORKER_XCD] worker_id=113 block=113 xcd=6
[WORKER_XCD] worker_id=265 block=265 xcd=6
[WORKER_XCD] worker_id=107 block=107 xcd=0
[WORKER_XCD] worker_id=292 block=292 xcd=1
[WORKER_XCD] worker_id=67 block=67 xcd=0
[WORKER_XCD] worker_id=273 block=273 xcd=6
[WORKER_XCD] worker_id=241 block=241 xcd=6
[WORKER_XCD] worker_id=153 block=153 xcd=6
[WORKER_XCD] worker_id=204 block=204 xcd=1
[WORKER_XCD] worker_id=34 block=34 xcd=7
[WORKER_XCD] worker_id=122 block=122 xcd=7
[WORKER_XCD] worker_id=26 block=26 xcd=7
[WORKER_XCD] worker_id=66 block=66 xcd=7
[WORKER_XCD] worker_id=10 block=10 xcd=7
[WORKER_XCD] worker_id=74 block=74 xcd=7
[WORKER_XCD] worker_id=18 block=18 xcd=7
[WORKER_XCD] worker_id=90 block=90 xcd=7
[WORKER_XCD] worker_id=290 block=290 xcd=7
[WORKER_XCD] worker_id=186 block=186 xcd=7
[WORKER_XCD] worker_id=50 block=50 xcd=7
[WORKER_XCD] worker_id=177 block=177 xcd=6
[WORKER_XCD] worker_id=282 block=282 xcd=7
[WORKER_XCD] worker_id=11 block=11 xcd=0
[WORKER_XCD] worker_id=266 block=266 xcd=7
[WORKER_XCD] worker_id=244 block=244 xcd=1
[WORKER_XCD] worker_id=82 block=82 xcd=7
[WORKER_XCD] worker_id=140 block=140 xcd=1
[WORKER_XCD] worker_id=51 block=51 xcd=0
[WORKER_XCD] worker_id=19 block=19 xcd=0
[WORKER_XCD] worker_id=195 block=195 xcd=0
[WORKER_XCD] worker_id=138 block=138 xcd=7
[WORKER_XCD] worker_id=161 block=161 xcd=6
[WORKER_XCD] worker_id=121 block=121 xcd=6
[WORKER_XCD] worker_id=163 block=163 xcd=0
[WORKER_XCD] worker_id=36 block=36 xcd=1
[WORKER_XCD] worker_id=139 block=139 xcd=0
[WORKER_XCD] worker_id=33 block=33 xcd=6
[WORKER_XCD] worker_id=164 block=164 xcd=1
[WORKER_XCD] worker_id=147 block=147 xcd=0
[WORKER_XCD] worker_id=259 block=259 xcd=0
[WORKER_XCD] worker_id=3 block=3 xcd=0
[WORKER_XCD] worker_id=170 block=170 xcd=7
[WORKER_XCD] worker_id=91 block=91 xcd=0
[WORKER_XCD] worker_id=236 block=236 xcd=1
[WORKER_XCD] worker_id=146 block=146 xcd=7
[WORKER_XCD] worker_id=226 block=226 xcd=7
[WORKER_XCD] worker_id=108 block=108 xcd=1
[WORKER_XCD] worker_id=81 block=81 xcd=6
[WORKER_XCD] worker_id=84 block=84 xcd=1
[WORKER_XCD] worker_id=145 block=145 xcd=6
[WORKER_XCD] worker_id=283 block=283 xcd=0
[WORKER_XCD] worker_id=180 block=180 xcd=1
[WORKER_XCD] worker_id=242 block=242 xcd=7
[WORKER_XCD] worker_id=4 block=4 xcd=1
[WORKER_XCD] worker_id=217 block=217 xcd=6
[WORKER_XCD] worker_id=25 block=25 xcd=6
[WORKER_XCD] worker_id=187 block=187 xcd=0
[WORKER_XCD] worker_id=228 block=228 xcd=1
[WORKER_XCD] worker_id=115 block=115 xcd=0
[WORKER_XCD] worker_id=260 block=260 xcd=1
[WORKER_XCD] worker_id=68 block=68 xcd=1
[WORKER_XCD] worker_id=99 block=99 xcd=0
[WORKER_XCD] worker_id=250 block=250 xcd=7
[WORKER_XCD] worker_id=188 block=188 xcd=1
[WORKER_XCD] worker_id=155 block=155 xcd=0
[WORKER_XCD] worker_id=52 block=52 xcd=1
[WORKER_XCD] worker_id=225 block=225 xcd=6
[WORKER_XCD] worker_id=218 block=218 xcd=7
[WORKER_XCD] worker_id=9 block=9 xcd=6
[WORKER_XCD] worker_id=276 block=276 xcd=1
[WORKER_XCD] worker_id=83 block=83 xcd=0
[WORKER_XCD] worker_id=281 block=281 xcd=6
[WORKER_XCD] worker_id=212 block=212 xcd=1
[WORKER_XCD] worker_id=59 block=59 xcd=0
[WORKER_XCD] worker_id=41 block=41 xcd=6
[WORKER_XCD] worker_id=289 block=289 xcd=6
[WORKER_XCD] worker_id=162 block=162 xcd=7
[WORKER_XCD] worker_id=89 block=89 xcd=6
[WORKER_XCD] worker_id=20 block=20 xcd=1
[WORKER_XCD] worker_id=196 block=196 xcd=1
[WORKER_XCD] worker_id=42 block=42 xcd=7
[WORKER_XCD] worker_id=123 block=123 xcd=0
[WORKER_XCD] worker_id=154 block=154 xcd=7
[WORKER_XCD] worker_id=211 block=211 xcd=0
[WORKER_XCD] worker_id=193 block=193 xcd=6
[WORKER_XCD] worker_id=210 block=210 xcd=7
[WORKER_XCD] worker_id=178 block=178 xcd=7
[WORKER_XCD] worker_id=233 block=233 xcd=6
[WORKER_XCD] worker_id=106 block=106 xcd=7
[WORKER_XCD] worker_id=291 block=291 xcd=0
[WORKER_XCD] worker_id=2 block=2 xcd=7
[WORKER_XCD] worker_id=274 block=274 xcd=7
[WORKER_XCD] worker_id=202 block=202 xcd=7
[WORKER_XCD] worker_id=169 block=169 xcd=6
[WORKER_XCD] worker_id=234 block=234 xcd=7
[WORKER_XCD] worker_id=201 block=201 xcd=6
[WORKER_XCD] worker_id=1 block=1 xcd=6
[WORKER_XCD] worker_id=114 block=114 xcd=7
[WORKER_XCD] worker_id=227 block=227 xcd=0
[WORKER_XCD] worker_id=258 block=258 xcd=7
[WORKER_XCD] worker_id=194 block=194 xcd=7
[WORKER_XCD] worker_id=57 block=57 xcd=6
[WORKER_XCD] worker_id=268 block=268 xcd=1
[WORKER_XCD] worker_id=98 block=98 xcd=7
[WORKER_XCD] worker_id=58 block=58 xcd=7
[WORKER_XCD] worker_id=235 block=235 xcd=0
[WORKER_XCD] worker_id=130 block=130 xcd=7
[WORKER_XCD] worker_id=60 block=60 xcd=1
[WORKER_XCD] worker_id=17 block=17 xcd=6
[WORKER_XCD] worker_id=257 block=257 xcd=6
[WORKER_XCD] worker_id=49 block=49 xcd=6
[WORKER_XCD] worker_id=97 block=97 xcd=6
[WORKER_XCD] worker_id=219 block=219 xcd=0
[WORKER_XCD] worker_id=65 block=65 xcd=6
[WORKER_XCD] worker_id=35 block=35 xcd=0
[WORKER_XCD] worker_id=264 block=264 xcd=5
[WORKER_XCD] worker_id=144 block=144 xcd=5
[WORKER_XCD] worker_id=79 block=79 xcd=4
[WORKER_XCD] worker_id=239 block=239 xcd=4
[WORKER_XCD] worker_id=24 block=24 xcd=5
[WORKER_XCD] worker_id=207 block=207 xcd=4
[WORKER_XCD] worker_id=15 block=15 xcd=4
[WORKER_XCD] worker_id=87 block=87 xcd=4
[WORKER_XCD] worker_id=191 block=191 xcd=4
[WORKER_XCD] worker_id=175 block=175 xcd=4
[WORKER_XCD] worker_id=7 block=7 xcd=4
[WORKER_XCD] worker_id=223 block=223 xcd=4
[WORKER_XCD] worker_id=143 block=143 xcd=4
[WORKER_XCD] worker_id=288 block=288 xcd=5
[WORKER_XCD] worker_id=119 block=119 xcd=4
[WORKER_XCD] worker_id=48 block=48 xcd=5
[WORKER_XCD] worker_id=47 block=47 xcd=4
[WORKER_XCD] worker_id=256 block=256 xcd=5
[WORKER_XCD] worker_id=293 block=293 xcd=2
[WORKER_XCD] worker_id=231 block=231 xcd=4
[WORKER_XCD] worker_id=248 block=248 xcd=5
[WORKER_XCD] worker_id=280 block=280 xcd=5
[WORKER_XCD] worker_id=23 block=23 xcd=4
[WORKER_XCD] worker_id=55 block=55 xcd=4
[WORKER_XCD] worker_id=45 block=45 xcd=2
[WORKER_XCD] worker_id=245 block=245 xcd=2
[WORKER_XCD] worker_id=272 block=272 xcd=5
[WORKER_XCD] worker_id=112 block=112 xcd=5
[WORKER_XCD] worker_id=151 block=151 xcd=4
[WORKER_XCD] worker_id=208 block=208 xcd=5
[WORKER_XCD] worker_id=167 block=167 xcd=4
[WORKER_XCD] worker_id=255 block=255 xcd=4
[WORKER_XCD] worker_id=287 block=287 xcd=4
[WORKER_XCD] worker_id=183 block=183 xcd=4
[WORKER_XCD] worker_id=279 block=279 xcd=4
[WORKER_XCD] worker_id=135 block=135 xcd=4
[WORKER_XCD] worker_id=39 block=39 xcd=4
[WORKER_XCD] worker_id=54 block=54 xcd=3
[WORKER_XCD] worker_id=95 block=95 xcd=4
[WORKER_XCD] worker_id=200 block=200 xcd=5
[WORKER_XCD] worker_id=80 block=80 xcd=5
[WORKER_XCD] worker_id=152 block=152 xcd=5
[WORKER_XCD] worker_id=216 block=216 xcd=5
[WORKER_XCD] worker_id=38 block=38 xcd=3
[WORKER_XCD] worker_id=16 block=16 xcd=5
[WORKER_XCD] worker_id=31 block=31 xcd=4
[WORKER_XCD] worker_id=71 block=71 xcd=4
[WORKER_XCD] worker_id=215 block=215 xcd=4
[WORKER_XCD] worker_id=247 block=247 xcd=4
[WORKER_XCD] worker_id=199 block=199 xcd=4
[WORKER_XCD] worker_id=184 block=184 xcd=5
[WORKER_XCD] worker_id=271 block=271 xcd=4
[WORKER_XCD] worker_id=159 block=159 xcd=4
[WORKER_XCD] worker_id=8 block=8 xcd=5
[WORKER_XCD] worker_id=13 block=13 xcd=2
[WORKER_XCD] worker_id=111 block=111 xcd=4
[WORKER_XCD] worker_id=240 block=240 xcd=5
[WORKER_XCD] worker_id=46 block=46 xcd=3
[WORKER_XCD] worker_id=40 block=40 xcd=5
[WORKER_XCD] worker_id=166 block=166 xcd=3
[WORKER_XCD] worker_id=72 block=72 xcd=5
[WORKER_XCD] worker_id=136 block=136 xcd=5
[WORKER_XCD] worker_id=263 block=263 xcd=4
[WORKER_XCD] worker_id=32 block=32 xcd=5
[WORKER_XCD] worker_id=102 block=102 xcd=3
[WORKER_XCD] worker_id=221 block=221 xcd=2
[WORKER_XCD] worker_id=261 block=261 xcd=2
[WORKER_XCD] worker_id=56 block=56 xcd=5
[WORKER_XCD] worker_id=69 block=69 xcd=2
[WORKER_XCD] worker_id=63 block=63 xcd=4
[WORKER_XCD] worker_id=192 block=192 xcd=5
[WORKER_XCD] worker_id=29 block=29 xcd=2
[WORKER_XCD] worker_id=103 block=103 xcd=4
[WORKER_XCD] worker_id=37 block=37 xcd=2
[WORKER_XCD] worker_id=160 block=160 xcd=5
[WORKER_XCD] worker_id=85 block=85 xcd=2
[WORKER_XCD] worker_id=96 block=96 xcd=5
[WORKER_XCD] worker_id=295 block=295 xcd=4
[WORKER_XCD] worker_id=64 block=64 xcd=5
[WORKER_XCD] worker_id=0 block=0 xcd=5
[WORKER_XCD] worker_id=120 block=120 xcd=5
[WORKER_XCD] worker_id=165 block=165 xcd=2
[WORKER_XCD] worker_id=104 block=104 xcd=5
[WORKER_XCD] worker_id=5 block=5 xcd=2
[WORKER_XCD] worker_id=128 block=128 xcd=5
[WORKER_XCD] worker_id=189 block=189 xcd=2
[WORKER_XCD] worker_id=109 block=109 xcd=2
[WORKER_XCD] worker_id=127 block=127 xcd=4
[WORKER_XCD] worker_id=224 block=224 xcd=5
[WORKER_XCD] worker_id=168 block=168 xcd=5
[WORKER_XCD] worker_id=176 block=176 xcd=5
[WORKER_XCD] worker_id=77 block=77 xcd=2
[WORKER_XCD] worker_id=285 block=285 xcd=2
[WORKER_XCD] worker_id=88 block=88 xcd=5
[WORKER_XCD] worker_id=197 block=197 xcd=2
[WORKER_XCD] worker_id=125 block=125 xcd=2
[WORKER_XCD] worker_id=294 block=294 xcd=3
[WORKER_XCD] worker_id=232 block=232 xcd=5
[WORKER_XCD] worker_id=93 block=93 xcd=2
[WORKER_XCD] worker_id=157 block=157 xcd=2
[WORKER_XCD] worker_id=53 block=53 xcd=2
[WORKER_XCD] worker_id=133 block=133 xcd=2
[WORKER_XCD] worker_id=181 block=181 xcd=2
[WORKER_XCD] worker_id=237 block=237 xcd=2
[WORKER_XCD] worker_id=213 block=213 xcd=2
[WORKER_XCD] worker_id=253 block=253 xcd=2
[WORKER_XCD] worker_id=141 block=141 xcd=2
[WORKER_XCD] worker_id=149 block=149 xcd=2
[WORKER_XCD] worker_id=101 block=101 xcd=2
[WORKER_XCD] worker_id=61 block=61 xcd=2
[WORKER_XCD] worker_id=238 block=238 xcd=3
[WORKER_XCD] worker_id=21 block=21 xcd=2
[WORKER_XCD] worker_id=277 block=277 xcd=2
[WORKER_XCD] worker_id=117 block=117 xcd=2
[WORKER_XCD] worker_id=229 block=229 xcd=2
[WORKER_XCD] worker_id=205 block=205 xcd=2
[WORKER_XCD] worker_id=269 block=269 xcd=2
[WORKER_XCD] worker_id=173 block=173 xcd=2
[WORKER_XCD] worker_id=222 block=222 xcd=3
[WORKER_XCD] worker_id=230 block=230 xcd=3
[WORKER_XCD] worker_id=94 block=94 xcd=3
[WORKER_XCD] worker_id=254 block=254 xcd=3
[WORKER_XCD] worker_id=246 block=246 xcd=3
[WORKER_XCD] worker_id=150 block=150 xcd=3
[WORKER_XCD] worker_id=190 block=190 xcd=3
[WORKER_XCD] worker_id=126 block=126 xcd=3
[WORKER_XCD] worker_id=214 block=214 xcd=3
[WORKER_XCD] worker_id=14 block=14 xcd=3
[WORKER_XCD] worker_id=158 block=158 xcd=3
[WORKER_XCD] worker_id=262 block=262 xcd=3
[WORKER_XCD] worker_id=278 block=278 xcd=3
[WORKER_XCD] worker_id=174 block=174 xcd=3
[WORKER_XCD] worker_id=134 block=134 xcd=3
[WORKER_XCD] worker_id=78 block=78 xcd=3
[WORKER_XCD] worker_id=30 block=30 xcd=3
[WORKER_XCD] worker_id=110 block=110 xcd=3
[WORKER_XCD] worker_id=118 block=118 xcd=3
[WORKER_XCD] worker_id=86 block=86 xcd=3
[WORKER_XCD] worker_id=286 block=286 xcd=3
[WORKER_XCD] worker_id=270 block=270 xcd=3
[WORKER_XCD] worker_id=62 block=62 xcd=3
[WORKER_XCD] worker_id=182 block=182 xcd=3
[WORKER_XCD] worker_id=142 block=142 xcd=3
[WORKER_XCD] worker_id=6 block=6 xcd=3
[WORKER_XCD] worker_id=198 block=198 xcd=3
[WORKER_XCD] worker_id=22 block=22 xcd=3
[WORKER_XCD] worker_id=70 block=70 xcd=3
[WORKER_XCD] worker_id=206 block=206 xcd=3
[SCHED_XCD] sched_id=2 xcd=2 workers_on_xcd=37 block=4
[SCHED_XCD] sched_id=0 xcd=0 workers_on_xcd=37 block=2
[SCHED_XCD] sched_id=3 xcd=3 workers_on_xcd=37 block=5
[SCHED_XCD] sched_id=7 xcd=7 workers_on_xcd=37 block=1
[SCHED_XCD] sched_id=1 xcd=1 workers_on_xcd=37 block=3
[SCHED_XCD] sched_id=6 xcd=6 workers_on_xcd=37 block=0
[SCHED_XCD] sched_id=5 xcd=5 workers_on_xcd=37 block=7
[SCHED_XCD] sched_id=4 xcd=4 workers_on_xcd=37 block=6
[TIMING] worker=35 tasks=7 poll_iters=266029 dep_iters=4155 poll_cycles=153239348 dep_cycles=1186288 exec_cycles=236428 signal_cycles=11972
[TIMING] worker=188 tasks=3 poll_iters=315451 dep_iters=3146 poll_cycles=181733848 dep_cycles=871208 exec_cycles=212816 signal_cycles=4772
[TIMING] worker=140 tasks=5 poll_iters=329708 dep_iters=3192 poll_cycles=211047648 dep_cycles=942740 exec_cycles=202912 signal_cycles=9832
[TIMING] worker=252 tasks=3 poll_iters=533612 dep_iters=3286 poll_cycles=307630756 dep_cycles=919996 exec_cycles=139296 signal_cycles=4952
[TIMING] worker=91 tasks=5 poll_iters=333372 dep_iters=4097 poll_cycles=192072176 dep_cycles=1180980 exec_cycles=227568 signal_cycles=11308
[TIMING] worker=217 tasks=3 poll_iters=331333 dep_iters=2977 poll_cycles=190915876 dep_cycles=823464 exec_cycles=213432 signal_cycles=5692
[TIMING] worker=107 tasks=5 poll_iters=402823 dep_iters=4416 poll_cycles=232139728 dep_cycles=1185192 exec_cycles=218904 signal_cycles=8368
[TIMING] worker=139 tasks=5 poll_iters=338856 dep_iters=4426 poll_cycles=195225404 dep_cycles=1167588 exec_cycles=206988 signal_cycles=10484
[TIMING] worker=291 tasks=3 poll_iters=268207 dep_iters=3580 poll_cycles=155511816 dep_cycles=1144972 exec_cycles=117180 signal_cycles=5256
[TIMING] worker=155 tasks=4 poll_iters=284865 dep_iters=3994 poll_cycles=182329264 dep_cycles=1170744 exec_cycles=202724 signal_cycles=6992
[TIMING] worker=123 tasks=5 poll_iters=268350 dep_iters=3950 poll_cycles=171754936 dep_cycles=1159416 exec_cycles=222480 signal_cycles=8308
[TASK_TIME] worker=140 linear=99576/1 linear_res=22428/1 attn=0/0 rms=0/0 silu=0/0 fused=0/0
[TIMING] worker=75 tasks=5 poll_iters=496219 dep_iters=4589 poll_cycles=285986304 dep_cycles=1190852 exec_cycles=226472 signal_cycles=8192
[TIMING] worker=251 tasks=3 poll_iters=288954 dep_iters=3887 poll_cycles=184948860 dep_cycles=1174180 exec_cycles=121480 signal_cycles=8776
[TIMING] worker=19 tasks=7 poll_iters=353798 dep_iters=3575 poll_cycles=203844372 dep_cycles=956024 exec_cycles=470924 signal_cycles=13728
[TASK_TIME] worker=107 linear=101816/1 linear_res=22060/1 attn=0/0 rms=0/0 silu=0/0 fused=0/0
[TASK_TIME] worker=252 linear=22776/1 linear_res=0/0 attn=0/0 rms=0/0 silu=0/0 fused=0/0
[TIMING] worker=177 tasks=3 poll_iters=287265 dep_iters=3143 poll_cycles=183882720 dep_cycles=958036 exec_cycles=134752 signal_cycles=5560
[TASK_TIME] worker=35 linear=95468/3 linear_res=0/0 attn=0/0 rms=0/0 silu=0/0 fused=0/0
[TASK_TIME] worker=155 linear=101672/1 linear_res=22400/1 attn=0/0 rms=0/0 silu=0/0 fused=0/0
[TASK_TIME] worker=91 linear=124876/2 linear_res=21140/1 attn=0/0 rms=0/0 silu=0/0 fused=0/0
[TIMING] worker=105 tasks=5 poll_iters=321756 dep_iters=3041 poll_cycles=205975220 dep_cycles=895632 exec_cycles=218044 signal_cycles=16256
[TASK_TIME] worker=75 linear=125000/2 linear_res=22072/1 attn=0/0 rms=0/0 silu=0/0 fused=0/0
[TASK_TIME] worker=291 linear=22768/1 linear_res=0/0 attn=0/0 rms=0/0 silu=0/0 fused=0/0
[TASK_TIME] worker=251 linear=0/0 linear_res=0/0 attn=0/0 rms=4488/1 silu=0/0 fused=0/0
[TIMING] worker=273 tasks=3 poll_iters=363175 dep_iters=3007 poll_cycles=209286176 dep_cycles=880144 exec_cycles=113036 signal_cycles=5896
[TIMING] worker=292 tasks=3 poll_iters=412297 dep_iters=3281 poll_cycles=263944408 dep_cycles=905596 exec_cycles=115236 signal_cycles=5260
[TASK_TIME2] worker=107 prep=17756/1 attend=0/0 merge=0/0 router=0/0 copy=0/0 w2silu=0/0 lnorm=0/0 prefetch=0/0
[TIMING] worker=89 tasks=5 poll_iters=304957 dep_iters=3410 poll_cycles=175693492 dep_cycles=906252 exec_cycles=218044 signal_cycles=8608
[TIMING] worker=4 tasks=9 poll_iters=329980 dep_iters=2218 poll_cycles=190122964 dep_cycles=634140 exec_cycles=543896 signal_cycles=19524
[TASK_TIME2] worker=291 prep=0/0 attend=0/0 merge=0/0 router=0/0 copy=0/0 w2silu=0/0 lnorm=0/0 prefetch=0/0
[TIMING] worker=97 tasks=5 poll_iters=269870 dep_iters=3400 poll_cycles=155461356 dep_cycles=902024 exec_cycles=218168 signal_cycles=10300
[TIMING] worker=25 tasks=7 poll_iters=324037 dep_iters=2509 poll_cycles=186700248 dep_cycles=677756 exec_cycles=459272 signal_cycles=13616
[TASK_TIME2] worker=75 prep=0/0 attend=0/0 merge=0/0 router=0/0 copy=0/0 w2silu=0/0 lnorm=0/0 prefetch=0/0
[TIMING] worker=265 tasks=3 poll_iters=447383 dep_iters=2924 poll_cycles=257883644 dep_cycles=879592 exec_cycles=114672 signal_cycles=8732
[TIMING] worker=65 tasks=5 poll_iters=268751 dep_iters=3451 poll_cycles=154820372 dep_cycles=916248 exec_cycles=217256 signal_cycles=8908
[TIMING] worker=41 tasks=5 poll_iters=257576 dep_iters=3086 poll_cycles=164171272 dep_cycles=900804 exec_cycles=241980 signal_cycles=11336
[TASK_TIME2] worker=251 prep=0/0 attend=0/0 merge=0/0 router=0/0 copy=0/0 w2silu=0/0 lnorm=0/0 prefetch=0/0
[TIMING] worker=187 tasks=3 poll_iters=268067 dep_iters=3710 poll_cycles=171573996 dep_cycles=1109828 exec_cycles=214268 signal_cycles=5128
[TASK_TIME] worker=4 linear=97112/3 linear_res=0/0 attn=0/0 rms=0/0 silu=0/0 fused=0/0
[TIMING] worker=9 tasks=9 poll_iters=308536 dep_iters=2006 poll_cycles=177772820 dep_cycles=594508 exec_cycles=537716 signal_cycles=19056
[TIMING] worker=129 tasks=5 poll_iters=465562 dep_iters=3336 poll_cycles=268364672 dep_cycles=900548 exec_cycles=196760 signal_cycles=10428
[TIMING] worker=137 tasks=5 poll_iters=415135 dep_iters=3106 poll_cycles=265770968 dep_cycles=908956 exec_cycles=196404 signal_cycles=14716
[TIMING] worker=193 tasks=3 poll_iters=295189 dep_iters=3014 poll_cycles=170060088 dep_cycles=836332 exec_cycles=209864 signal_cycles=5276
[TIMING] worker=43 tasks=5 poll_iters=619405 dep_iters=4466 poll_cycles=357128692 dep_cycles=1177308 exec_cycles=253036 signal_cycles=8344
[TASK_TIME2] worker=4 prep=0/0 attend=269268/2 merge=75364/2 router=0/0 copy=0/0 w2silu=0/0 lnorm=0/0 prefetch=0/0
[TASK_TIME] worker=97 linear=117944/2 linear_res=21364/1 attn=0/0 rms=0/0 silu=0/0 fused=0/0
[TIMING] worker=201 tasks=3 poll_iters=256026 dep_iters=2775 poll_cycles=163869904 dep_cycles=829736 exec_cycles=214168 signal_cycles=6036
[TASK_TIME] worker=41 linear=139752/3 linear_res=0/0 attn=0/0 rms=0/0 silu=0/0 fused=0/0
[TIMING] worker=227 tasks=3 poll_iters=250841 dep_iters=3647 poll_cycles=160544488 dep_cycles=1089860 exec_cycles=215388 signal_cycles=7588
[TIMING] worker=99 tasks=5 poll_iters=318894 dep_iters=4098 poll_cycles=183715440 dep_cycles=1182328 exec_cycles=225540 signal_cycles=8620
[TIMING] worker=27 tasks=7 poll_iters=578543 dep_iters=3312 poll_cycles=333560912 dep_cycles=954752 exec_cycles=471708 signal_cycles=11828
[TASK_TIME2] worker=35 prep=0/0 attend=40348/2 merge=0/0 router=0/0 copy=0/0 w2silu=0/0 lnorm=0/0 prefetch=0/0
[TIMING] worker=83 tasks=5 poll_iters=294174 dep_iters=4363 poll_cycles=169459340 dep_cycles=1187136 exec_cycles=225308 signal_cycles=8704
[TASK_TIME] worker=25 linear=89532/3 linear_res=0/0 attn=0/0 rms=0/0 silu=0/0 fused=0/0
[TIMING] worker=236 tasks=3 poll_iters=287963 dep_iters=2766 poll_cycles=184320760 dep_cycles=846572 exec_cycles=216272 signal_cycles=7560
[TIMING] worker=219 tasks=3 poll_iters=243139 dep_iters=3663 poll_cycles=155615692 dep_cycles=1094140 exec_cycles=216824 signal_cycles=5280
[TASK_TIME] worker=137 linear=96052/1 linear_res=22720/1 attn=0/0 rms=0/0 silu=0/0 fused=0/0
[TASK_TIME2] worker=252 prep=0/0 attend=0/0 merge=0/0 router=0/0 copy=0/0 w2silu=0/0 lnorm=0/0 prefetch=0/0
[TIMING] worker=225 tasks=3 poll_iters=302175 dep_iters=2968 poll_cycles=174088696 dep_cycles=819636 exec_cycles=213816 signal_cycles=5888
[TIMING] worker=11 tasks=9 poll_iters=313491 dep_iters=3375 poll_cycles=180593584 dep_cycles=881240 exec_cycles=542276 signal_cycles=16748
[TIMING] worker=1 tasks=9 poll_iters=286782 dep_iters=2086 poll_cycles=165218404 dep_cycles=603812 exec_cycles=522488 signal_cycles=27684
[TASK_TIME2] worker=41 prep=0/0 attend=0/0 merge=0/0 router=0/0 copy=0/0 w2silu=0/0 lnorm=0/0 prefetch=0/0
[TIMING] worker=220 tasks=3 poll_iters=446575 dep_iters=3135 poll_cycles=257374540 dep_cycles=854348 exec_cycles=216912 signal_cycles=5604
[TASK_TIME2] worker=97 prep=0/0 attend=0/0 merge=0/0 router=0/0 copy=0/0 w2silu=0/0 lnorm=0/0 prefetch=0/0
[TIMING] worker=115 tasks=5 poll_iters=311910 dep_iters=4326 poll_cycles=179683084 dep_cycles=1178348 exec_cycles=220348 signal_cycles=11912
[TIMING] worker=131 tasks=5 poll_iters=473009 dep_iters=3938 poll_cycles=302820116 dep_cycles=1154476 exec_cycles=225048 signal_cycles=9800
[TIMING] worker=259 tasks=3 poll_iters=331377 dep_iters=3826 poll_cycles=190915428 dep_cycles=1156968 exec_cycles=117776 signal_cycles=5200
[TIMING] worker=268 tasks=3 poll_iters=285833 dep_iters=2995 poll_cycles=164669508 dep_cycles=913116 exec_cycles=117060 signal_cycles=5680
[TIMING] worker=244 tasks=3 poll_iters=370324 dep_iters=3198 poll_cycles=213407936 dep_cycles=920472 exec_cycles=139532 signal_cycles=6764
[TIMING] worker=44 tasks=5 poll_iters=416670 dep_iters=3214 poll_cycles=265176288 dep_cycles=933516 exec_cycles=248340 signal_cycles=12072
[TIMING] worker=49 tasks=5 poll_iters=246350 dep_iters=3059 poll_cycles=157677376 dep_cycles=905456 exec_cycles=231772 signal_cycles=11636
[TIMING] worker=267 tasks=3 poll_iters=462027 dep_iters=4208 poll_cycles=295806960 dep_cycles=1150064 exec_cycles=119100 signal_cycles=7680
[TASK_TIME] worker=19 linear=95120/3 linear_res=0/0 attn=0/0 rms=0/0 silu=0/0 fused=0/0
[TASK_TIME2] worker=91 prep=0/0 attend=0/0 merge=0/0 router=0/0 copy=0/0 w2silu=0/0 lnorm=0/0 prefetch=0/0
[TASK_TIME2] worker=137 prep=0/0 attend=0/0 merge=0/0 router=0/0 copy=0/0 w2silu=0/0 lnorm=0/0 prefetch=0/0
[TIMING] worker=283 tasks=3 poll_iters=332769 dep_iters=3781 poll_cycles=191719700 dep_cycles=1143224 exec_cycles=117904 signal_cycles=9872
[TIMING] worker=211 tasks=3 poll_iters=297391 dep_iters=4190 poll_cycles=171313556 dep_cycles=1098056 exec_cycles=214964 signal_cycles=5560
[TASK_TIME] worker=83 linear=126340/2 linear_res=22072/1 attn=0/0 rms=0/0 silu=0/0 fused=0/0
[TIMING] worker=171 tasks=4 poll_iters=544654 dep_iters=4257 poll_cycles=313964928 dep_cycles=1158024 exec_cycles=204196 signal_cycles=12284
[TIMING] worker=179 tasks=3 poll_iters=549162 dep_iters=4443 poll_cycles=316577268 dep_cycles=1228956 exec_cycles=139148 signal_cycles=5076
[TASK_TIME] worker=99 linear=124432/2 linear_res=21176/1 attn=0/0 rms=0/0 silu=0/0 fused=0/0
[TASK_TIME] worker=188 linear=0/0 linear_res=98404/1 attn=0/0 rms=0/0 silu=0/0 fused=0/0
[TIMING] worker=195 tasks=3 poll_iters=312034 dep_iters=3702 poll_cycles=199736000 dep_cycles=1106512 exec_cycles=213532 signal_cycles=4988
[TIMING] worker=12 tasks=9 poll_iters=516520 dep_iters=2179 poll_cycles=297762216 dep_cycles=644700 exec_cycles=534700 signal_cycles=15688
[TASK_TIME] worker=27 linear=94932/3 linear_res=0/0 attn=0/0 rms=0/0 silu=0/0 fused=0/0
[TIMING] worker=185 tasks=3 poll_iters=480930 dep_iters=3028 poll_cycles=277237088 dep_cycles=840292 exec_cycles=209124 signal_cycles=5336
[TIMING] worker=241 tasks=3 poll_iters=377500 dep_iters=2814 poll_cycles=217581788 dep_cycles=815016 exec_cycles=211976 signal_cycles=6212
[TIMING] worker=26 tasks=7 poll_iters=401518 dep_iters=2671 poll_cycles=231441880 dep_cycles=762884 exec_cycles=467768 signal_cycles=17312
[TIMING] worker=28 tasks=7 poll_iters=491890 dep_iters=2712 poll_cycles=283497984 dep_cycles=710524 exec_cycles=470376 signal_cycles=14168
[TIMING] worker=3 tasks=9 poll_iters=304599 dep_iters=2806 poll_cycles=194970772 dep_cycles=861952 exec_cycles=519412 signal_cycles=25840
[TIMING] worker=33 tasks=7 poll_iters=347518 dep_iters=3422 poll_cycles=200306860 dep_cycles=905188 exec_cycles=230336 signal_cycles=12308
[TIMING] worker=116 tasks=5 poll_iters=437741 dep_iters=3102 poll_cycles=280237712 dep_cycles=928372 exec_cycles=218256 signal_cycles=8344
[TIMING] worker=233 tasks=3 poll_iters=264928 dep_iters=2664 poll_cycles=169570912 dep_cycles=815136 exec_cycles=213140 signal_cycles=7628
[TASK_TIME] worker=292 linear=22720/1 linear_res=0/0 attn=0/0 rms=0/0 silu=0/0 fused=0/0
[TASK_TIME] worker=11 linear=95268/3 linear_res=0/0 attn=0/0 rms=0/0 silu=0/0 fused=0/0
[TIMING] worker=276 tasks=3 poll_iters=318822 dep_iters=3070 poll_cycles=183677688 dep_cycles=910112 exec_cycles=117088 signal_cycles=5584
[TIMING] worker=138 tasks=5 poll_iters=353609 dep_iters=3759 poll_cycles=203760228 dep_cycles=1008148 exec_cycles=192192 signal_cycles=10256
[TIMING] worker=281 tasks=3 poll_iters=268464 dep_iters=3137 poll_cycles=171836736 dep_cycles=877312 exec_cycles=113208 signal_cycles=5620
[TIMING] worker=203 tasks=3 poll_iters=346040 dep_iters=4080 poll_cycles=199378228 dep_cycles=1101188 exec_cycles=216568 signal_cycles=5584
[TIMING] worker=113 tasks=5 poll_iters=413444 dep_iters=3011 poll_cycles=264699836 dep_cycles=901004 exec_cycles=216152 signal_cycles=8976
[TASK_TIME2] worker=140 prep=0/0 attend=0/0 merge=0/0 router=0/0 copy=0/0 w2silu=0/0 lnorm=0/0 prefetch=0/0
[TIMING] worker=59 tasks=5 poll_iters=300301 dep_iters=4171 poll_cycles=173007988 dep_cycles=1204500 exec_cycles=216932 signal_cycles=10348
[TIMING] worker=204 tasks=3 poll_iters=284514 dep_iters=2852 poll_cycles=182112528 dep_cycles=860164 exec_cycles=218008 signal_cycles=6008
[TIMING] worker=66 tasks=5 poll_iters=397439 dep_iters=3192 poll_cycles=230427420 dep_cycles=1002004 exec_cycles=222484 signal_cycles=12816
[TIMING] worker=145 tasks=4 poll_iters=250244 dep_iters=2972 poll_cycles=160167912 dep_cycles=904532 exec_cycles=192280 signal_cycles=9808
[TIMING] worker=122 tasks=5 poll_iters=360869 dep_iters=3371 poll_cycles=231024160 dep_cycles=986656 exec_cycles=211000 signal_cycles=9296
[TIMING] worker=68 tasks=5 poll_iters=315599 dep_iters=3594 poll_cycles=181809988 dep_cycles=952216 exec_cycles=225084 signal_cycles=8936
[TIMING] worker=76 tasks=5 poll_iters=461324 dep_iters=3285 poll_cycles=265905544 dep_cycles=950120 exec_cycles=221520 signal_cycles=11136
[TIMING] worker=20 tasks=7 poll_iters=302296 dep_iters=2365 poll_cycles=174155116 dep_cycles=709728 exec_cycles=472840 signal_cycles=14840
[TASK_TIME] worker=244 linear=23312/1 linear_res=0/0 attn=0/0 rms=0/0 silu=0/0 fused=0/0
[TASK_TIME] worker=217 linear=0/0 linear_res=100368/1 attn=0/0 rms=0/0 silu=0/0 fused=0/0
[TIMING] worker=250 tasks=3 poll_iters=295886 dep_iters=3244 poll_cycles=189399088 dep_cycles=984424 exec_cycles=135924 signal_cycles=5612
[TASK_TIME2] worker=83 prep=0/0 attend=0/0 merge=0/0 router=0/0 copy=0/0 w2silu=0/0 lnorm=0/0 prefetch=0/0
[TIMING] worker=249 tasks=3 poll_iters=477942 dep_iters=3185 poll_cycles=275536148 dep_cycles=890824 exec_cycles=134356 signal_cycles=5360
[TIMING] worker=36 tasks=7 poll_iters=299795 dep_iters=3634 poll_cycles=172703592 dep_cycles=938888 exec_cycles=241160 signal_cycles=11968
[TIMING] worker=81 tasks=5 poll_iters=304991 dep_iters=3027 poll_cycles=195241032 dep_cycles=905476 exec_cycles=220620 signal_cycles=9488
[TIMING] worker=180 tasks=3 poll_iters=299601 dep_iters=2854 poll_cycles=191772140 dep_cycles=872756 exec_cycles=214344 signal_cycles=5228
[TIMING] worker=57 tasks=5 poll_iters=282532 dep_iters=3481 poll_cycles=162791824 dep_cycles=927648 exec_cycles=208396 signal_cycles=9212
[TASK_TIME] worker=236 linear=0/0 linear_res=100060/1 attn=0/0 rms=0/0 silu=0/0 fused=0/0
[TIMING] worker=17 tasks=7 poll_iters=273965 dep_iters=2254 poll_cycles=157838536 dep_cycles=678448 exec_cycles=462824 signal_cycles=13064
[TIMING] worker=284 tasks=3 poll_iters=306280 dep_iters=3286 poll_cycles=196056248 dep_cycles=906564 exec_cycles=117520 signal_cycles=5420
[TIMING] worker=84 tasks=5 poll_iters=303075 dep_iters=3112 poll_cycles=193994116 dep_cycles=938820 exec_cycles=229104 signal_cycles=15208
[TASK_TIME] worker=227 linear=0/0 linear_res=99320/1 attn=0/0 rms=0/0 silu=0/0 fused=0/0
[TIMING] worker=100 tasks=5 poll_iters=568338 dep_iters=3639 poll_cycles=327618172 dep_cycles=951552 exec_cycles=210176 signal_cycles=10660
[TIMING] worker=289 tasks=3 poll_iters=271329 dep_iters=3124 poll_cycles=173671840 dep_cycles=870912 exec_cycles=114708 signal_cycles=8056
[TIMING] worker=132 tasks=5 poll_iters=505720 dep_iters=3015 poll_cycles=292692804 dep_cycles=936544 exec_cycles=200724 signal_cycles=10692
[TIMING] worker=290 tasks=3 poll_iters=402840 dep_iters=3243 poll_cycles=232177060 dep_cycles=972920 exec_cycles=109364 signal_cycles=5628
[TIMING] worker=52 tasks=5 poll_iters=283777 dep_iters=3191 poll_cycles=181632624 dep_cycles=941756 exec_cycles=240720 signal_cycles=9208
[TASK_TIME2] worker=27 prep=0/0 attend=273464/2 merge=0/0 router=0/0 copy=0/0 w2silu=0/0 lnorm=0/0 prefetch=0/0
[TIMING] worker=121 tasks=5 poll_iters=343986 dep_iters=3264 poll_cycles=198217932 dep_cycles=883016 exec_cycles=218096 signal_cycles=8748
[TIMING] worker=258 tasks=3 poll_iters=292726 dep_iters=3239 poll_cycles=168632800 dep_cycles=981960 exec_cycles=112548 signal_cycles=5692
[TASK_TIME] worker=267 linear=23044/1 linear_res=0/0 attn=0/0 rms=0/0 silu=0/0 fused=0/0
[TASK_TIME] worker=268 linear=22856/1 linear_res=0/0 attn=0/0 rms=0/0 silu=0/0 fused=0/0
[TIMING] worker=172 tasks=4 poll_iters=353626 dep_iters=3098 poll_cycles=226372736 dep_cycles=927652 exec_cycles=199516 signal_cycles=6968
[TIMING] worker=169 tasks=4 poll_iters=263021 dep_iters=2978 poll_cycles=168348952 dep_cycles=893408 exec_cycles=197464 signal_cycles=7432
[TIMING] worker=67 tasks=5 poll_iters=433690 dep_iters=4157 poll_cycles=250194112 dep_cycles=1200084 exec_cycles=219724 signal_cycles=8640
[TIMING] worker=202 tasks=3 poll_iters=293798 dep_iters=3370 poll_cycles=169249960 dep_cycles=925208 exec_cycles=214052 signal_cycles=5888
[TIMING] worker=2 tasks=9 poll_iters=263028 dep_iters=2239 poll_cycles=168354296 dep_cycles=690900 exec_cycles=538556 signal_cycles=22392
[TIMING] worker=106 tasks=5 poll_iters=293097 dep_iters=3776 poll_cycles=168847072 dep_cycles=1011816 exec_cycles=205724 signal_cycles=9116
[TIMING] worker=282 tasks=3 poll_iters=393176 dep_iters=3228 poll_cycles=226603008 dep_cycles=968080 exec_cycles=114272 signal_cycles=8736
[TIMING] worker=82 tasks=5 poll_iters=367498 dep_iters=3667 poll_cycles=211785692 dep_cycles=1010680 exec_cycles=211500 signal_cycles=9872
[TIMING] worker=170 tasks=4 poll_iters=337295 dep_iters=3649 poll_cycles=194355084 dep_cycles=990256 exec_cycles=195412 signal_cycles=7844
[TIMING] worker=210 tasks=3 poll_iters=301118 dep_iters=3465 poll_cycles=173470204 dep_cycles=922232 exec_cycles=213880 signal_cycles=5852
[TIMING] worker=234 tasks=3 poll_iters=295526 dep_iters=3266 poll_cycles=170246344 dep_cycles=911308 exec_cycles=214132 signal_cycles=5912
[TIMING] worker=186 tasks=3 poll_iters=318219 dep_iters=3112 poll_cycles=203705084 dep_cycles=934312 exec_cycles=211360 signal_cycles=5268
[TIMING] worker=90 tasks=5 poll_iters=390155 dep_iters=3529 poll_cycles=224883500 dep_cycles=1002020 exec_cycles=216068 signal_cycles=11496
[TIMING] worker=164 tasks=4 poll_iters=321585 dep_iters=3504 poll_cycles=185267512 dep_cycles=932168 exec_cycles=199604 signal_cycles=6544
[TASK_TIME] worker=171 linear=101920/1 linear_res=22424/1 attn=0/0 rms=0/0 silu=0/0 fused=0/0
[TASK_TIME] worker=179 linear=0/0 linear_res=22532/1 attn=0/0 rms=0/0 silu=0/0 fused=0/0
[TASK_TIME] worker=211 linear=0/0 linear_res=98596/1 attn=0/0 rms=0/0 silu=0/0 fused=0/0
[TIMING] worker=42 tasks=5 poll_iters=279517 dep_iters=3791 poll_cycles=161018712 dep_cycles=1000584 exec_cycles=238000 signal_cycles=9804
[TIMING] worker=226 tasks=3 poll_iters=308807 dep_iters=3082 poll_cycles=197669444 dep_cycles=912824 exec_cycles=215468 signal_cycles=10576
[TIMING] worker=242 tasks=3 poll_iters=337984 dep_iters=3465 poll_cycles=194729580 dep_cycles=908392 exec_cycles=214612 signal_cycles=5916
[TIMING] worker=266 tasks=3 poll_iters=343624 dep_iters=3517 poll_cycles=219983976 dep_cycles=978452 exec_cycles=112692 signal_cycles=5808
[TIMING] worker=50 tasks=5 poll_iters=382873 dep_iters=3745 poll_cycles=220661216 dep_cycles=1006676 exec_cycles=228008 signal_cycles=9944
[TIMING] worker=10 tasks=9 poll_iters=396761 dep_iters=2608 poll_cycles=228668784 dep_cycles=698472 exec_cycles=532996 signal_cycles=16532
[TASK_TIME] worker=43 linear=149284/3 linear_res=0/0 attn=0/0 rms=0/0 silu=0/0 fused=0/0
[TIMING] worker=114 tasks=5 poll_iters=285638 dep_iters=3643 poll_cycles=164542984 dep_cycles=991004 exec_cycles=210128 signal_cycles=8860
[TIMING] worker=178 tasks=3 poll_iters=301542 dep_iters=3861 poll_cycles=173717344 dep_cycles=1061564 exec_cycles=119180 signal_cycles=12304
[TIMING] worker=146 tasks=4 poll_iters=341009 dep_iters=3564 poll_cycles=196500972 dep_cycles=999072 exec_cycles=195756 signal_cycles=7376
[TIMING] worker=194 tasks=3 poll_iters=257219 dep_iters=3108 poll_cycles=164631264 dep_cycles=932128 exec_cycles=210968 signal_cycles=5568
[TIMING] worker=34 tasks=7 poll_iters=409659 dep_iters=3526 poll_cycles=236185224 dep_cycles=995784 exec_cycles=235076 signal_cycles=13364
[TIMING] worker=130 tasks=5 poll_iters=249502 dep_iters=3420 poll_cycles=159691060 dep_cycles=999180 exec_cycles=194564 signal_cycles=11288
[TIMING] worker=209 tasks=3 poll_iters=424894 dep_iters=2843 poll_cycles=264217848 dep_cycles=826040 exec_cycles=215280 signal_cycles=6156
[TIMING] worker=156 tasks=4 poll_iters=484667 dep_iters=3503 poll_cycles=279358640 dep_cycles=929788 exec_cycles=203416 signal_cycles=6868
[TASK_TIME] worker=3 linear=71280/2 linear_res=0/0 attn=0/0 rms=0/0 silu=0/0 fused=0/0
[TIMING] worker=18 tasks=7 poll_iters=390548 dep_iters=2858 poll_cycles=225088816 dep_cycles=779736 exec_cycles=456972 signal_cycles=13592
[TASK_TIME] worker=28 linear=94944/3 linear_res=0/0 attn=0/0 rms=0/0 silu=0/0 fused=0/0
[TIMING] worker=58 tasks=5 poll_iters=280906 dep_iters=3524 poll_cycles=161819480 dep_cycles=1020756 exec_cycles=209080 signal_cycles=12176
[TIMING] worker=196 tasks=3 poll_iters=298324 dep_iters=3124 poll_cycles=171858952 dep_cycles=863476 exec_cycles=216072 signal_cycles=6976
[TIMING] worker=228 tasks=3 poll_iters=314163 dep_iters=3121 poll_cycles=180985416 dep_cycles=851500 exec_cycles=216276 signal_cycles=5632
[TASK_TIME] worker=129 linear=95036/1 linear_res=22656/1 attn=0/0 rms=0/0 silu=2400/1 fused=0/0
[TIMING] worker=51 tasks=5 poll_iters=328882 dep_iters=4391 poll_cycles=189477712 dep_cycles=1177600 exec_cycles=249756 signal_cycles=8212
[TIMING] worker=161 tasks=4 poll_iters=342577 dep_iters=3319 poll_cycles=197393852 dep_cycles=897884 exec_cycles=194532 signal_cycles=7068
[TIMING] worker=98 tasks=5 poll_iters=279170 dep_iters=3536 poll_cycles=160814864 dep_cycles=1008508 exec_cycles=208840 signal_cycles=13184
[TASK_TIME] worker=195 linear=0/0 linear_res=98220/1 attn=0/0 rms=0/0 silu=0/0 fused=0/0
[TASK_TIME] worker=115 linear=100684/1 linear_res=22160/1 attn=0/0 rms=0/0 silu=0/0 fused=0/0
[TASK_TIME] worker=138 linear=94544/1 linear_res=22488/1 attn=0/0 rms=0/0 silu=0/0 fused=0/0
[TASK_TIME] worker=66 linear=125248/2 linear_res=22180/1 attn=0/0 rms=0/0 silu=0/0 fused=0/0
[TASK_TIME2] worker=292 prep=0/0 attend=0/0 merge=0/0 router=0/0 copy=0/0 w2silu=0/0 lnorm=0/0 prefetch=0/0
[TASK_TIME] worker=273 linear=23028/1 linear_res=0/0 attn=0/0 rms=0/0 silu=0/0 fused=0/0
[TASK_TIME] worker=259 linear=22600/1 linear_res=0/0 attn=0/0 rms=0/0 silu=0/0 fused=0/0
[TASK_TIME] worker=203 linear=0/0 linear_res=98780/1 attn=0/0 rms=0/0 silu=0/0 fused=0/0
[TIMING] worker=60 tasks=5 poll_iters=270889 dep_iters=3629 poll_cycles=156050164 dep_cycles=961292 exec_cycles=217736 signal_cycles=9476
[TASK_TIME] worker=2 linear=94876/3 linear_res=0/0 attn=0/0 rms=0/0 silu=0/0 fused=0/0
[TASK_TIME] worker=122 linear=94232/1 linear_res=44284/2 attn=0/0 rms=0/0 silu=0/0 fused=0/0
[TIMING] worker=153 tasks=4 poll_iters=335225 dep_iters=3323 poll_cycles=193161216 dep_cycles=898764 exec_cycles=197280 signal_cycles=6964
[TIMING] worker=260 tasks=3 poll_iters=290943 dep_iters=3272 poll_cycles=186232192 dep_cycles=915652 exec_cycles=117780 signal_cycles=5232
[TASK_TIME] worker=266 linear=23220/1 linear_res=0/0 attn=0/0 rms=0/0 silu=0/0 fused=0/0
[TASK_TIME] worker=170 linear=96396/1 linear_res=22856/1 attn=0/0 rms=0/0 silu=0/0 fused=0/0
[TASK_TIME] worker=12 linear=96224/3 linear_res=0/0 attn=0/0 rms=0/0 silu=0/0 fused=0/0
[TASK_TIME] worker=42 linear=140056/3 linear_res=0/0 attn=0/0 rms=0/0 silu=0/0 fused=0/0
[TASK_TIME] worker=258 linear=23100/1 linear_res=0/0 attn=0/0 rms=0/0 silu=0/0 fused=0/0
[TASK_TIME] worker=290 linear=22160/1 linear_res=0/0 attn=0/0 rms=0/0 silu=0/0 fused=0/0
[TASK_TIME2] worker=155 prep=0/0 attend=0/0 merge=0/0 router=0/0 copy=0/0 w2silu=0/0 lnorm=0/0 prefetch=0/0
[TASK_TIME] worker=65 linear=116276/2 linear_res=22276/1 attn=0/0 rms=0/0 silu=0/0 fused=0/0
[TASK_TIME] worker=226 linear=0/0 linear_res=100544/1 attn=0/0 rms=0/0 silu=0/0 fused=0/0
[TASK_TIME] worker=194 linear=0/0 linear_res=98084/1 attn=0/0 rms=0/0 silu=0/0 fused=0/0
[TASK_TIME] worker=234 linear=0/0 linear_res=100216/1 attn=0/0 rms=0/0 silu=0/0 fused=0/0
[TASK_TIME] worker=146 linear=99484/1 linear_res=22580/1 attn=0/0 rms=0/0 silu=0/0 fused=0/0
[TASK_TIME] worker=283 linear=23128/1 linear_res=0/0 attn=0/0 rms=0/0 silu=0/0 fused=0/0
[TASK_TIME2] worker=11 prep=0/0 attend=269960/2 merge=75512/2 router=0/0 copy=0/0 w2silu=0/0 lnorm=0/0 prefetch=0/0
[TIMING] worker=163 tasks=4 poll_iters=346896 dep_iters=3976 poll_cycles=199891444 dep_cycles=1165572 exec_cycles=202372 signal_cycles=9792
[TIMING] worker=92 tasks=5 poll_iters=442060 dep_iters=3620 poll_cycles=254742232 dep_cycles=944796 exec_cycles=222876 signal_cycles=8836
[TASK_TIME] worker=219 linear=0/0 linear_res=99272/1 attn=0/0 rms=0/0 silu=0/0 fused=0/0
[TIMING] worker=275 tasks=3 poll_iters=484661 dep_iters=4333 poll_cycles=310284892 dep_cycles=1150680 exec_cycles=117560 signal_cycles=5484
[TASK_TIME] worker=98 linear=92128/1 linear_res=21600/1 attn=0/0 rms=0/0 silu=0/0 fused=0/0
[TASK_TIME] worker=178 linear=0/0 linear_res=0/0 attn=0/0 rms=4568/1 silu=0/0 fused=0/0
[TASK_TIME] worker=68 linear=124264/2 linear_res=22368/1 attn=0/0 rms=0/0 silu=0/0 fused=0/0
[TASK_TIME] worker=265 linear=23104/1 linear_res=0/0 attn=0/0 rms=0/0 silu=0/0 fused=0/0
[TIMING] worker=162 tasks=4 poll_iters=305718 dep_iters=3442 poll_cycles=176457740 dep_cycles=993784 exec_cycles=193156 signal_cycles=8768
[TASK_TIME] worker=116 linear=95304/1 linear_res=43876/2 attn=0/0 rms=0/0 silu=0/0 fused=0/0
[TIMING] worker=212 tasks=3 poll_iters=293114 dep_iters=2923 poll_cycles=168869532 dep_cycles=857632 exec_cycles=215840 signal_cycles=5740
[TASK_TIME] worker=59 linear=123988/2 linear_res=0/0 attn=0/0 rms=0/0 silu=0/0 fused=0/0
[TASK_TIME] worker=250 linear=22992/1 linear_res=0/0 attn=0/0 rms=0/0 silu=0/0 fused=0/0
[TASK_TIME] worker=90 linear=117676/2 linear_res=21468/1 attn=0/0 rms=0/0 silu=0/0 fused=0/0
[TASK_TIME] worker=276 linear=22788/1 linear_res=0/0 attn=0/0 rms=0/0 silu=0/0 fused=0/0
[TASK_TIME2] worker=138 prep=0/0 attend=0/0 merge=0/0 router=0/0 copy=0/0 w2silu=0/0 lnorm=0/0 prefetch=0/0
[TASK_TIME2] worker=244 prep=0/0 attend=0/0 merge=0/0 router=0/0 copy=0/0 w2silu=0/0 lnorm=0/0 prefetch=0/0
[TASK_TIME2] worker=266 prep=0/0 attend=0/0 merge=0/0 router=0/0 copy=0/0 w2silu=0/0 lnorm=0/0 prefetch=0/0
[TASK_TIME2] worker=2 prep=0/0 attend=271820/2 merge=74764/2 router=0/0 copy=0/0 w2silu=0/0 lnorm=0/0 prefetch=0/0
[TIMING] worker=243 tasks=3 poll_iters=532234 dep_iters=4145 poll_cycles=306784216 dep_cycles=1085472 exec_cycles=216048 signal_cycles=5536
[TASK_TIME] worker=33 linear=90908/3 linear_res=0/0 attn=0/0 rms=0/0 silu=0/0 fused=0/0
[TASK_TIME2] worker=42 prep=0/0 attend=0/0 merge=0/0 router=0/0 copy=0/0 w2silu=0/0 lnorm=0/0 prefetch=0/0
[TASK_TIME2] worker=99 prep=0/0 attend=0/0 merge=0/0 router=0/0 copy=0/0 w2silu=0/0 lnorm=0/0 prefetch=0/0
[TASK_TIME2] worker=234 prep=0/0 attend=0/0 merge=0/0 router=0/0 copy=0/0 w2silu=0/0 lnorm=0/0 prefetch=0/0
[TASK_TIME2] worker=290 prep=0/0 attend=0/0 merge=0/0 router=0/0 copy=0/0 w2silu=0/0 lnorm=0/0 prefetch=0/0
[TASK_TIME2] worker=66 prep=0/0 attend=0/0 merge=0/0 router=0/0 copy=0/0 w2silu=0/0 lnorm=0/0 prefetch=0/0
[TASK_TIME2] worker=258 prep=0/0 attend=0/0 merge=0/0 router=0/0 copy=0/0 w2silu=0/0 lnorm=0/0 prefetch=0/0
[TASK_TIME2] worker=226 prep=0/0 attend=0/0 merge=0/0 router=0/0 copy=0/0 w2silu=0/0 lnorm=0/0 prefetch=0/0
[TASK_TIME2] worker=122 prep=0/0 attend=0/0 merge=0/0 router=0/0 copy=0/0 w2silu=0/0 lnorm=0/0 prefetch=0/0
[TIMING] worker=148 tasks=4 poll_iters=286149 dep_iters=3031 poll_cycles=183155004 dep_cycles=931524 exec_cycles=204140 signal_cycles=9536
[TIMING] worker=274 tasks=3 poll_iters=258539 dep_iters=3614 poll_cycles=165479600 dep_cycles=975144 exec_cycles=112960 signal_cycles=5736
[TASK_TIME] worker=89 linear=117312/2 linear_res=21400/1 attn=0/0 rms=0/0 silu=0/0 fused=0/0
[TASK_TIME2] worker=146 prep=0/0 attend=0/0 merge=0/0 router=0/0 copy=0/0 w2silu=0/0 lnorm=0/0 prefetch=0/0
[TASK_TIME2] worker=194 prep=0/0 attend=0/0 merge=0/0 router=0/0 copy=0/0 w2silu=0/0 lnorm=0/0 prefetch=0/0
[TASK_TIME] worker=282 linear=23216/1 linear_res=0/0 attn=0/0 rms=0/0 silu=0/0 fused=0/0
[TIMING] worker=74 tasks=5 poll_iters=398900 dep_iters=3846 poll_cycles=229903344 dep_cycles=1010332 exec_cycles=214328 signal_cycles=11268
[TIMING] worker=147 tasks=5 poll_iters=336195 dep_iters=4241 poll_cycles=193697040 dep_cycles=1176764 exec_cycles=204748 signal_cycles=9764
[TIMING] worker=235 tasks=3 poll_iters=277485 dep_iters=3908 poll_cycles=159843428 dep_cycles=1087240 exec_cycles=217420 signal_cycles=5592
[TASK_TIME] worker=131 linear=101112/1 linear_res=43744/2 attn=0/0 rms=0/0 silu=0/0 fused=0/0
[TASK_TIME2] worker=170 prep=0/0 attend=0/0 merge=0/0 router=0/0 copy=0/0 w2silu=0/0 lnorm=0/0 prefetch=0/0
[TASK_TIME2] worker=98 prep=21864/1 attend=0/0 merge=0/0 router=0/0 copy=0/0 w2silu=0/0 lnorm=0/0 prefetch=0/0
[TASK_TIME2] worker=236 prep=0/0 attend=0/0 merge=0/0 router=0/0 copy=0/0 w2silu=0/0 lnorm=0/0 prefetch=0/0
[TASK_TIME] worker=225 linear=0/0 linear_res=100144/1 attn=0/0 rms=0/0 silu=0/0 fused=0/0
[TIMING] worker=218 tasks=3 poll_iters=278112 dep_iters=3104 poll_cycles=178015420 dep_cycles=919420 exec_cycles=214216 signal_cycles=6000
[TASK_TIME] worker=36 linear=95760/3 linear_res=0/0 attn=0/0 rms=0/0 silu=0/0 fused=0/0
[TIMING] worker=73 tasks=5 poll_iters=465943 dep_iters=3164 poll_cycles=268620272 dep_cycles=908108 exec_cycles=222480 signal_cycles=9120
[TASK_TIME2] worker=203 prep=0/0 attend=0/0 merge=0/0 router=0/0 copy=0/0 w2silu=0/0 lnorm=0/0 prefetch=0/0
[TASK_TIME2] worker=268 prep=0/0 attend=0/0 merge=0/0 router=0/0 copy=0/0 w2silu=0/0 lnorm=0/0 prefetch=0/0
[TASK_TIME] worker=81 linear=118340/2 linear_res=22324/1 attn=0/0 rms=0/0 silu=0/0 fused=0/0
[TASK_TIME] worker=105 linear=96368/1 linear_res=22368/1 attn=0/0 rms=0/0 silu=0/0 fused=0/0
[TASK_TIME] worker=210 linear=0/0 linear_res=100244/1 attn=0/0 rms=0/0 silu=0/0 fused=0/0
[TASK_TIME2] worker=28 prep=0/0 attend=273220/2 merge=0/0 router=0/0 copy=0/0 w2silu=0/0 lnorm=0/0 prefetch=0/0
[TASK_TIME] worker=202 linear=0/0 linear_res=100228/1 attn=0/0 rms=0/0 silu=0/0 fused=0/0
[TASK_TIME] worker=201 linear=0/0 linear_res=99772/1 attn=0/0 rms=0/0 silu=0/0 fused=0/0
[TASK_TIME] worker=9 linear=90816/3 linear_res=0/0 attn=0/0 rms=0/0 silu=0/0 fused=0/0
[TASK_TIME] worker=20 linear=95472/3 linear_res=0/0 attn=0/0 rms=0/0 silu=0/0 fused=0/0
[TASK_TIME] worker=18 linear=93636/3 linear_res=0/0 attn=0/0 rms=0/0 silu=0/0 fused=0/0
[TASK_TIME] worker=177 linear=0/0 linear_res=22720/1 attn=0/0 rms=0/0 silu=0/0 fused=0/0
[TIMING] worker=124 tasks=5 poll_iters=468908 dep_iters=3478 poll_cycles=270264432 dep_cycles=937300 exec_cycles=203668 signal_cycles=11196
[TASK_TIME] worker=67 linear=125688/2 linear_res=0/0 attn=0/0 rms=0/0 silu=0/0 fused=0/0
[TASK_TIME] worker=57 linear=115652/2 linear_res=0/0 attn=0/0 rms=0/0 silu=0/0 fused=0/0
[TASK_TIME2] worker=129 prep=0/0 attend=0/0 merge=0/0 router=0/0 copy=0/0 w2silu=0/0 lnorm=0/0 prefetch=0/0
[TASK_TIME] worker=60 linear=117564/2 linear_res=22360/1 attn=0/0 rms=0/0 silu=0/0 fused=0/0
[TASK_TIME] worker=162 linear=95016/1 linear_res=22740/1 attn=0/0 rms=0/0 silu=0/0 fused=0/0
[TASK_TIME] worker=156 linear=98712/1 linear_res=22364/1 attn=0/0 rms=0/0 silu=0/0 fused=0/0
[TASK_TIME] worker=114 linear=91976/1 linear_res=44428/2 attn=0/0 rms=0/0 silu=0/0 fused=0/0
[TASK_TIME] worker=130 linear=96564/1 linear_res=22404/1 attn=0/0 rms=0/0 silu=2372/1 fused=0/0
[TASK_TIME] worker=228 linear=0/0 linear_res=99868/1 attn=0/0 rms=0/0 silu=0/0 fused=0/0
[TASK_TIME] worker=50 linear=115208/2 linear_res=0/0 attn=0/0 rms=0/0 silu=0/0 fused=0/0
[TIMING] worker=216 tasks=3 poll_iters=54013 dep_iters=2515 poll_cycles=34598644 dep_cycles=751656 exec_cycles=215668 signal_cycles=6084
[TASK_TIME] worker=123 linear=100848/1 linear_res=43300/2 attn=0/0 rms=0/0 silu=0/0 fused=0/0
[TASK_TIME] worker=186 linear=0/0 linear_res=98824/1 attn=0/0 rms=0/0 silu=0/0 fused=0/0
[TASK_TIME2] worker=33 prep=0/0 attend=40232/2 merge=0/0 router=0/0 copy=0/0 w2silu=0/0 lnorm=0/0 prefetch=0/0
[TIMING] worker=257 tasks=3 poll_iters=244096 dep_iters=2983 poll_cycles=157448720 dep_cycles=885436 exec_cycles=114800 signal_cycles=5532
[TASK_TIME2] worker=116 prep=0/0 attend=0/0 merge=0/0 router=0/0 copy=0/0 w2silu=0/0 lnorm=0/0 prefetch=0/0
[TASK_TIME2] worker=65 prep=0/0 attend=0/0 merge=0/0 router=0/0 copy=0/0 w2silu=0/0 lnorm=0/0 prefetch=0/0
[TASK_TIME] worker=274 linear=23136/1 linear_res=0/0 attn=0/0 rms=0/0 silu=0/0 fused=0/0
[TASK_TIME] worker=1 linear=68248/2 linear_res=0/0 attn=0/0 rms=6660/1 silu=0/0 fused=0/0
[TASK_TIME] worker=204 linear=0/0 linear_res=99588/1 attn=0/0 rms=0/0 silu=0/0 fused=0/0
[TASK_TIME2] worker=227 prep=0/0 attend=0/0 merge=0/0 router=0/0 copy=0/0 w2silu=0/0 lnorm=0/0 prefetch=0/0
[TASK_TIME] worker=220 linear=0/0 linear_res=99800/1 attn=0/0 rms=0/0 silu=0/0 fused=0/0
[TASK_TIME] worker=76 linear=120572/2 linear_res=22328/1 attn=0/0 rms=0/0 silu=0/0 fused=0/0
[TASK_TIME2] worker=36 prep=0/0 attend=44044/2 merge=0/0 router=0/0 copy=0/0 w2silu=0/0 lnorm=0/0 prefetch=0/0
[TASK_TIME] worker=139 linear=99952/1 linear_res=22564/1 attn=0/0 rms=0/0 silu=2668/1 fused=0/0
[TASK_TIME] worker=34 linear=93248/3 linear_res=0/0 attn=0/0 rms=0/0 silu=0/0 fused=0/0
[TIMING] worker=154 tasks=4 poll_iters=266471 dep_iters=3442 poll_cycles=170555096 dep_cycles=993804 exec_cycles=193296 signal_cycles=12372
[TASK_TIME] worker=106 linear=93308/1 linear_res=22236/1 attn=0/0 rms=0/0 silu=0/0 fused=0/0
[TASK_TIME] worker=242 linear=0/0 linear_res=100656/1 attn=0/0 rms=0/0 silu=0/0 fused=0/0
[TASK_TIME2] worker=81 prep=0/0 attend=0/0 merge=0/0 router=0/0 copy=0/0 w2silu=0/0 lnorm=0/0 prefetch=0/0
[TASK_TIME] worker=164 linear=98340/1 linear_res=22364/1 attn=0/0 rms=0/0 silu=0/0 fused=0/0
[TASK_TIME] worker=51 linear=147276/3 linear_res=0/0 attn=0/0 rms=0/0 silu=0/0 fused=0/0
[TASK_TIME] worker=185 linear=0/0 linear_res=98136/1 attn=0/0 rms=0/0 silu=0/0 fused=0/0
[TASK_TIME2] worker=57 prep=15544/1 attend=0/0 merge=0/0 router=0/0 copy=0/0 w2silu=0/0 lnorm=0/0 prefetch=0/0
[TASK_TIME2] worker=50 prep=15496/1 attend=0/0 merge=0/0 router=0/0 copy=0/0 w2silu=0/0 lnorm=0/0 prefetch=0/0
[TASK_TIME] worker=180 linear=0/0 linear_res=97376/1 attn=0/0 rms=0/0 silu=0/0 fused=0/0
[TASK_TIME2] worker=105 prep=18816/1 attend=0/0 merge=0/0 router=0/0 copy=0/0 w2silu=0/0 lnorm=0/0 prefetch=0/0
[TASK_TIME2] worker=177 prep=0/0 attend=0/0 merge=0/0 router=0/0 copy=0/0 w2silu=0/0 lnorm=0/0 prefetch=0/0
[TASK_TIME] worker=58 linear=120408/2 linear_res=0/0 attn=0/0 rms=0/0 silu=0/0 fused=0/0
[TASK_TIME2] worker=274 prep=0/0 attend=0/0 merge=0/0 router=0/0 copy=0/0 w2silu=0/0 lnorm=0/0 prefetch=0/0
[TASK_TIME] worker=132 linear=101060/1 linear_res=22320/1 attn=0/0 rms=0/0 silu=2676/1 fused=0/0
[TASK_TIME2] worker=186 prep=0/0 attend=0/0 merge=0/0 router=0/0 copy=0/0 w2silu=0/0 lnorm=0/0 prefetch=0/0
[TASK_TIME2] worker=162 prep=0/0 attend=0/0 merge=0/0 router=0/0 copy=0/0 w2silu=0/0 lnorm=0/0 prefetch=0/0
[TASK_TIME] worker=26 linear=93788/3 linear_res=0/0 attn=0/0 rms=0/0 silu=0/0 fused=0/0
[TASK_TIME2] worker=130 prep=0/0 attend=0/0 merge=0/0 router=0/0 copy=0/0 w2silu=0/0 lnorm=0/0 prefetch=0/0
[TIMING] worker=108 tasks=5 poll_iters=284501 dep_iters=3217 poll_cycles=182098260 dep_cycles=946764 exec_cycles=212828 signal_cycles=8648
[TASK_TIME] worker=44 linear=124420/2 linear_res=0/0 attn=0/0 rms=0/0 silu=0/0 fused=0/0
[TASK_TIME] worker=92 linear=122508/2 linear_res=21440/1 attn=0/0 rms=0/0 silu=0/0 fused=0/0
[TASK_TIME] worker=284 linear=22868/1 linear_res=0/0 attn=0/0 rms=0/0 silu=0/0 fused=0/0
[TASK_TIME] worker=100 linear=94516/1 linear_res=21484/1 attn=0/0 rms=0/0 silu=0/0 fused=0/0
[TASK_TIME] worker=52 linear=120800/2 linear_res=0/0 attn=0/0 rms=0/0 silu=0/0 fused=0/0
[TASK_TIME] worker=289 linear=22472/1 linear_res=0/0 attn=0/0 rms=0/0 silu=0/0 fused=0/0
[TASK_TIME] worker=241 linear=0/0 linear_res=100204/1 attn=0/0 rms=0/0 silu=0/0 fused=0/0
[TASK_TIME] worker=196 linear=0/0 linear_res=98208/1 attn=0/0 rms=0/0 silu=0/0 fused=0/0
[TASK_TIME2] worker=19 prep=0/0 attend=274132/2 merge=0/0 router=0/0 copy=0/0 w2silu=0/0 lnorm=0/0 prefetch=0/0
[TASK_TIME2] worker=43 prep=0/0 attend=0/0 merge=0/0 router=0/0 copy=0/0 w2silu=0/0 lnorm=0/0 prefetch=0/0
[TASK_TIME] worker=148 linear=99972/1 linear_res=22488/1 attn=0/0 rms=0/0 silu=0/0 fused=0/0
[TASK_TIME2] worker=25 prep=0/0 attend=270524/2 merge=0/0 router=0/0 copy=0/0 w2silu=0/0 lnorm=0/0 prefetch=0/0
[TASK_TIME2] worker=178 prep=0/0 attend=0/0 merge=0/0 router=0/0 copy=0/0 w2silu=0/0 lnorm=0/0 prefetch=0/0
[TASK_TIME] worker=153 linear=95728/1 linear_res=22648/1 attn=0/0 rms=0/0 silu=0/0 fused=0/0
[TASK_TIME2] worker=210 prep=0/0 attend=0/0 merge=0/0 router=0/0 copy=0/0 w2silu=0/0 lnorm=0/0 prefetch=0/0
[TASK_TIME] worker=145 linear=95544/1 linear_res=22936/1 attn=0/0 rms=0/0 silu=0/0 fused=0/0
[TASK_TIME] worker=243 linear=0/0 linear_res=98568/1 attn=0/0 rms=0/0 silu=0/0 fused=0/0
[TASK_TIME] worker=49 linear=116248/2 linear_res=0/0 attn=0/0 rms=0/0 silu=0/0 fused=0/0
[TASK_TIME2] worker=90 prep=0/0 attend=0/0 merge=0/0 router=0/0 copy=0/0 w2silu=0/0 lnorm=0/0 prefetch=0/0
[TASK_TIME2] worker=188 prep=0/0 attend=0/0 merge=0/0 router=0/0 copy=0/0 w2silu=0/0 lnorm=0/0 prefetch=0/0
[TASK_TIME2] worker=211 prep=0/0 attend=0/0 merge=0/0 router=0/0 copy=0/0 w2silu=0/0 lnorm=0/0 prefetch=0/0
[TASK_TIME] worker=172 linear=99044/1 linear_res=22456/1 attn=0/0 rms=0/0 silu=0/0 fused=0/0
[TASK_TIME2] worker=139 prep=0/0 attend=0/0 merge=0/0 router=0/0 copy=0/0 w2silu=0/0 lnorm=0/0 prefetch=0/0
[TASK_TIME2] worker=9 prep=0/0 attend=274908/2 merge=74112/2 router=0/0 copy=0/0 w2silu=0/0 lnorm=0/0 prefetch=0/0
[TASK_TIME2] worker=284 prep=0/0 attend=0/0 merge=0/0 router=0/0 copy=0/0 w2silu=0/0 lnorm=0/0 prefetch=0/0
[TASK_TIME] worker=108 linear=96288/1 linear_res=22284/1 attn=0/0 rms=0/0 silu=0/0 fused=0/0
[TASK_TIME] worker=275 linear=22696/1 linear_res=0/0 attn=0/0 rms=0/0 silu=0/0 fused=0/0
[TASK_TIME] worker=17 linear=91448/3 linear_res=0/0 attn=0/0 rms=0/0 silu=0/0 fused=0/0
[TASK_TIME2] worker=12 prep=0/0 attend=264572/2 merge=73888/2 router=0/0 copy=0/0 w2silu=0/0 lnorm=0/0 prefetch=0/0
[TASK_TIME] worker=163 linear=100172/1 linear_res=22616/1 attn=0/0 rms=0/0 silu=0/0 fused=0/0
[TASK_TIME] worker=10 linear=93920/3 linear_res=0/0 attn=0/0 rms=0/0 silu=0/0 fused=0/0
[TASK_TIME] worker=147 linear=101112/1 linear_res=22488/1 attn=0/0 rms=0/0 silu=0/0 fused=0/0
[TIMING] worker=126 tasks=5 poll_iters=5877 dep_iters=4357 poll_cycles=3416156 dep_cycles=1157996 exec_cycles=201124 signal_cycles=17940
[TIMING] worker=45 tasks=5 poll_iters=12813 dep_iters=4504 poll_cycles=7390872 dep_cycles=1183976 exec_cycles=245160 signal_cycles=9332
[TASK_TIME2] worker=267 prep=0/0 attend=0/0 merge=0/0 router=0/0 copy=0/0 w2silu=0/0 lnorm=0/0 prefetch=0/0
[TASK_TIME2] worker=115 prep=18508/1 attend=0/0 merge=0/0 router=0/0 copy=0/0 w2silu=0/0 lnorm=0/0 prefetch=0/0
[TASK_TIME] worker=260 linear=22696/1 linear_res=0/0 attn=0/0 rms=0/0 silu=0/0 fused=0/0
[TASK_TIME] worker=124 linear=97720/1 linear_res=22304/1 attn=0/0 rms=3884/1 silu=0/0 fused=0/0
[TASK_TIME] worker=212 linear=0/0 linear_res=99584/1 attn=0/0 rms=0/0 silu=0/0 fused=0/0
[TASK_TIME2] worker=92 prep=0/0 attend=0/0 merge=0/0 router=0/0 copy=0/0 w2silu=0/0 lnorm=0/0 prefetch=0/0
[TASK_TIME2] worker=179 prep=0/0 attend=0/0 merge=0/0 router=0/0 copy=0/0 w2silu=0/0 lnorm=0/0 prefetch=0/0
[TASK_TIME2] worker=68 prep=0/0 attend=0/0 merge=0/0 router=0/0 copy=0/0 w2silu=0/0 lnorm=0/0 prefetch=0/0
[TASK_TIME2] worker=219 prep=0/0 attend=0/0 merge=0/0 router=0/0 copy=0/0 w2silu=0/0 lnorm=0/0 prefetch=0/0
[TASK_TIME] worker=113 linear=94884/1 linear_res=22264/1 attn=0/0 rms=0/0 silu=0/0 fused=0/0
[TASK_TIME] worker=281 linear=23108/1 linear_res=0/0 attn=0/0 rms=0/0 silu=0/0 fused=0/0
[TASK_TIME2] worker=259 prep=0/0 attend=0/0 merge=0/0 router=0/0 copy=0/0 w2silu=0/0 lnorm=0/0 prefetch=0/0
[TASK_TIME] worker=187 linear=0/0 linear_res=97424/1 attn=0/0 rms=0/0 silu=0/0 fused=0/0
[TASK_TIME2] worker=59 prep=15580/1 attend=0/0 merge=0/0 router=0/0 copy=0/0 w2silu=0/0 lnorm=0/0 prefetch=0/0
[TASK_TIME2] worker=195 prep=0/0 attend=0/0 merge=0/0 router=0/0 copy=0/0 w2silu=0/0 lnorm=0/0 prefetch=0/0
[TASK_TIME] worker=209 linear=0/0 linear_res=100164/1 attn=0/0 rms=0/0 silu=0/0 fused=0/0
[TASK_TIME2] worker=276 prep=0/0 attend=0/0 merge=0/0 router=0/0 copy=0/0 w2silu=0/0 lnorm=0/0 prefetch=0/0
[TASK_TIME2] worker=241 prep=0/0 attend=0/0 merge=0/0 router=0/0 copy=0/0 w2silu=0/0 lnorm=0/0 prefetch=0/0
[TASK_TIME] worker=74 linear=117876/2 linear_res=22364/1 attn=0/0 rms=0/0 silu=0/0 fused=0/0
[TASK_TIME] worker=169 linear=96132/1 linear_res=22836/1 attn=0/0 rms=0/0 silu=0/0 fused=0/0
[TASK_TIME2] worker=283 prep=0/0 attend=0/0 merge=0/0 router=0/0 copy=0/0 w2silu=0/0 lnorm=0/0 prefetch=0/0
[TIMING] worker=272 tasks=3 poll_iters=62401 dep_iters=3044 poll_cycles=39964900 dep_cycles=807380 exec_cycles=117180 signal_cycles=6508
[TASK_TIME2] worker=131 prep=0/0 attend=0/0 merge=0/0 router=0/0 copy=0/0 w2silu=0/0 lnorm=0/0 prefetch=0/0
[TASK_TIME] worker=193 linear=0/0 linear_res=98216/1 attn=0/0 rms=0/0 silu=0/0 fused=0/0
[TASK_TIME] worker=249 linear=22364/1 linear_res=0/0 attn=0/0 rms=0/0 silu=0/0 fused=0/0
[TASK_TIME2] worker=3 prep=0/0 attend=269952/2 merge=75832/2 router=0/0 copy=0/0 w2silu=0/0 lnorm=0/0 prefetch=0/0
[TASK_TIME] worker=161 linear=96020/1 linear_res=22740/1 attn=0/0 rms=0/0 silu=0/0 fused=0/0
[TASK_TIME2] worker=60 prep=0/0 attend=0/0 merge=0/0 router=0/0 copy=0/0 w2silu=0/0 lnorm=0/0 prefetch=0/0
[TASK_TIME2] worker=220 prep=0/0 attend=0/0 merge=0/0 router=0/0 copy=0/0 w2silu=0/0 lnorm=0/0 prefetch=0/0
[TASK_TIME2] worker=108 prep=16560/1 attend=0/0 merge=0/0 router=0/0 copy=0/0 w2silu=0/0 lnorm=0/0 prefetch=0/0
[TASK_TIME] worker=235 linear=0/0 linear_res=99476/1 attn=0/0 rms=0/0 silu=0/0 fused=0/0
[TASK_TIME] worker=121 linear=94548/1 linear_res=43760/2 attn=0/0 rms=0/0 silu=0/0 fused=0/0
[TASK_TIME] worker=84 linear=126412/2 linear_res=21492/1 attn=0/0 rms=0/0 silu=0/0 fused=0/0
[TASK_TIME2] worker=67 prep=15344/1 attend=0/0 merge=0/0 router=0/0 copy=0/0 w2silu=0/0 lnorm=0/0 prefetch=0/0
[TASK_TIME2] worker=204 prep=0/0 attend=0/0 merge=0/0 router=0/0 copy=0/0 w2silu=0/0 lnorm=0/0 prefetch=0/0
[TASK_TIME2] worker=250 prep=0/0 attend=0/0 merge=0/0 router=0/0 copy=0/0 w2silu=0/0 lnorm=0/0 prefetch=0/0
[TASK_TIME2] worker=171 prep=0/0 attend=0/0 merge=0/0 router=0/0 copy=0/0 w2silu=0/0 lnorm=0/0 prefetch=0/0
[TASK_TIME] worker=218 linear=0/0 linear_res=100208/1 attn=0/0 rms=0/0 silu=0/0 fused=0/0
[TASK_TIME2] worker=89 prep=0/0 attend=0/0 merge=0/0 router=0/0 copy=0/0 w2silu=0/0 lnorm=0/0 prefetch=0/0
[TASK_TIME] worker=257 linear=22472/1 linear_res=0/0 attn=0/0 rms=0/0 silu=0/0 fused=0/0
[TASK_TIME2] worker=100 prep=16840/1 attend=0/0 merge=0/0 router=0/0 copy=0/0 w2silu=0/0 lnorm=0/0 prefetch=0/0
[TASK_TIME2] worker=273 prep=0/0 attend=0/0 merge=0/0 router=0/0 copy=0/0 w2silu=0/0 lnorm=0/0 prefetch=0/0
[TASK_TIME] worker=82 linear=116692/2 linear_res=21684/1 attn=0/0 rms=0/0 silu=0/0 fused=0/0
[TASK_TIME2] worker=132 prep=0/0 attend=0/0 merge=0/0 router=0/0 copy=0/0 w2silu=0/0 lnorm=0/0 prefetch=0/0
[TASK_TIME2] worker=164 prep=0/0 attend=0/0 merge=0/0 router=0/0 copy=0/0 w2silu=0/0 lnorm=0/0 prefetch=0/0
[TASK_TIME2] worker=180 prep=0/0 attend=0/0 merge=0/0 router=0/0 copy=0/0 w2silu=0/0 lnorm=0/0 prefetch=0/0
[TASK_TIME2] worker=52 prep=16492/1 attend=0/0 merge=0/0 router=0/0 copy=0/0 w2silu=0/0 lnorm=0/0 prefetch=0/0
[TASK_TIME2] worker=10 prep=0/0 attend=268604/2 merge=73972/2 router=0/0 copy=0/0 w2silu=0/0 lnorm=0/0 prefetch=0/0
[TASK_TIME2] worker=201 prep=0/0 attend=0/0 merge=0/0 router=0/0 copy=0/0 w2silu=0/0 lnorm=0/0 prefetch=0/0
[TASK_TIME] worker=233 linear=0/0 linear_res=100256/1 attn=0/0 rms=0/0 silu=0/0 fused=0/0
[TASK_TIME2] worker=172 prep=0/0 attend=0/0 merge=0/0 router=0/0 copy=0/0 w2silu=0/0 lnorm=0/0 prefetch=0/0
[TIMING] worker=150 tasks=4 poll_iters=5831 dep_iters=3826 poll_cycles=3751772 dep_cycles=1158540 exec_cycles=202964 signal_cycles=7464
[TASK_TIME] worker=73 linear=118900/2 linear_res=22320/1 attn=0/0 rms=0/0 silu=0/0 fused=0/0
[TASK_TIME2] worker=265 prep=0/0 attend=0/0 merge=0/0 router=0/0 copy=0/0 w2silu=0/0 lnorm=0/0 prefetch=0/0
[TASK_TIME2] worker=76 prep=0/0 attend=0/0 merge=0/0 router=0/0 copy=0/0 w2silu=0/0 lnorm=0/0 prefetch=0/0
[TASK_TIME2] worker=217 prep=0/0 attend=0/0 merge=0/0 router=0/0 copy=0/0 w2silu=0/0 lnorm=0/0 prefetch=0/0
[TASK_TIME2] worker=20 prep=0/0 attend=274172/2 merge=0/0 router=0/0 copy=0/0 w2silu=0/0 lnorm=0/0 prefetch=0/0
[TIMING] worker=254 tasks=3 poll_iters=6972 dep_iters=4103 poll_cycles=4058184 dep_cycles=1143628 exec_cycles=140012 signal_cycles=5140
[TASK_TIME] worker=154 linear=97348/1 linear_res=22840/1 attn=0/0 rms=0/0 silu=0/0 fused=0/0
[TASK_TIME2] worker=74 prep=0/0 attend=0/0 merge=0/0 router=0/0 copy=0/0 w2silu=0/0 lnorm=0/0 prefetch=0/0
[TIMING] worker=118 tasks=5 poll_iters=3125 dep_iters=3891 poll_cycles=2010264 dep_cycles=1142700 exec_cycles=223912 signal_cycles=11548
[TIMING] worker=237 tasks=3 poll_iters=18239 dep_iters=3945 poll_cycles=10532040 dep_cycles=1094420 exec_cycles=216892 signal_cycles=5796
[TASK_TIME2] worker=228 prep=0/0 attend=0/0 merge=0/0 router=0/0 copy=0/0 w2silu=0/0 lnorm=0/0 prefetch=0/0
[TASK_TIME2] worker=156 prep=0/0 attend=0/0 merge=0/0 router=0/0 copy=0/0 w2silu=0/0 lnorm=0/0 prefetch=0/0
[TASK_TIME2] worker=153 prep=0/0 attend=0/0 merge=0/0 router=0/0 copy=0/0 w2silu=0/0 lnorm=0/0 prefetch=0/0
[TASK_TIME2] worker=44 prep=22036/1 attend=0/0 merge=0/0 router=0/0 copy=0/0 w2silu=0/0 lnorm=0/0 prefetch=0/0
[TIMING] worker=102 tasks=5 poll_iters=50654 dep_iters=4547 poll_cycles=29329156 dep_cycles=1173180 exec_cycles=217132 signal_cycles=8928
[TIMING] worker=238 tasks=3 poll_iters=7627 dep_iters=3528 poll_cycles=4910348 dep_cycles=1070516 exec_cycles=217956 signal_cycles=7136
[TIMING] worker=72 tasks=5 poll_iters=54199 dep_iters=3062 poll_cycles=31261288 dep_cycles=798712 exec_cycles=220076 signal_cycles=9752
[TASK_TIME2] worker=282 prep=0/0 attend=0/0 merge=0/0 router=0/0 copy=0/0 w2silu=0/0 lnorm=0/0 prefetch=0/0
[TIMING] worker=207 tasks=3 poll_iters=165129 dep_iters=2233 poll_cycles=105774936 dep_cycles=678800 exec_cycles=217572 signal_cycles=6384
[TASK_TIME2] worker=275 prep=0/0 attend=0/0 merge=0/0 router=0/0 copy=0/0 w2silu=0/0 lnorm=0/0 prefetch=0/0
[TIMING] worker=0 tasks=9 poll_iters=30911 dep_iters=1326 poll_cycles=21005616 dep_cycles=447836 exec_cycles=572476 signal_cycles=38488
[TASK_TIME2] worker=169 prep=0/0 attend=0/0 merge=0/0 router=0/0 copy=0/0 w2silu=0/0 lnorm=0/0 prefetch=0/0
[TASK_TIME2] worker=193 prep=0/0 attend=0/0 merge=0/0 router=0/0 copy=0/0 w2silu=0/0 lnorm=0/0 prefetch=0/0
[TIMING] worker=175 tasks=4 poll_iters=145805 dep_iters=2448 poll_cycles=93399912 dep_cycles=730420 exec_cycles=205284 signal_cycles=10744
[TASK_TIME2] worker=289 prep=0/0 attend=0/0 merge=0/0 router=0/0 copy=0/0 w2silu=0/0 lnorm=0/0 prefetch=0/0
[TIMING] worker=295 tasks=3 poll_iters=37085 dep_iters=2627 poll_cycles=23748900 dep_cycles=729708 exec_cycles=115368 signal_cycles=5772
[TASK_TIME2] worker=281 prep=0/0 attend=0/0 merge=0/0 router=0/0 copy=0/0 w2silu=0/0 lnorm=0/0 prefetch=0/0
[TASK_TIME2] worker=225 prep=0/0 attend=0/0 merge=0/0 router=0/0 copy=0/0 w2silu=0/0 lnorm=0/0 prefetch=0/0
[TIMING] worker=40 tasks=5 poll_iters=57334 dep_iters=2969 poll_cycles=33109128 dep_cycles=787924 exec_cycles=248500 signal_cycles=9980
[TIMING] worker=111 tasks=5 poll_iters=50790 dep_iters=2471 poll_cycles=32521364 dep_cycles=724820 exec_cycles=221108 signal_cycles=15968
[TASK_TIME2] worker=113 prep=17300/1 attend=0/0 merge=0/0 router=0/0 copy=0/0 w2silu=0/0 lnorm=0/0 prefetch=0/0
[TASK_TIME2] worker=161 prep=0/0 attend=0/0 merge=0/0 router=0/0 copy=0/0 w2silu=0/0 lnorm=0/0 prefetch=0/0
[TASK_TIME2] worker=145 prep=0/0 attend=0/0 merge=0/0 router=0/0 copy=0/0 w2silu=0/0 lnorm=0/0 prefetch=0/0
[TASK_TIME2] worker=233 prep=0/0 attend=0/0 merge=0/0 router=0/0 copy=0/0 w2silu=0/0 lnorm=0/0 prefetch=0/0
[TASK_TIME2] worker=212 prep=0/0 attend=0/0 merge=0/0 router=0/0 copy=0/0 w2silu=0/0 lnorm=0/0 prefetch=0/0
[TASK_TIME2] worker=218 prep=0/0 attend=0/0 merge=0/0 router=0/0 copy=0/0 w2silu=0/0 lnorm=0/0 prefetch=0/0
[TASK_TIME2] worker=249 prep=0/0 attend=0/0 merge=0/0 router=0/0 copy=0/0 w2silu=0/0 lnorm=0/0 prefetch=0/0
[TASK_TIME2] worker=163 prep=0/0 attend=0/0 merge=0/0 router=0/0 copy=0/0 w2silu=0/0 lnorm=0/0 prefetch=0/0
[TASK_TIME2] worker=121 prep=0/0 attend=0/0 merge=0/0 router=0/0 copy=0/0 w2silu=0/0 lnorm=0/0 prefetch=0/0
[TASK_TIME2] worker=82 prep=0/0 attend=0/0 merge=0/0 router=0/0 copy=0/0 w2silu=0/0 lnorm=0/0 prefetch=0/0
[TASK_TIME2] worker=51 prep=0/0 attend=0/0 merge=0/0 router=0/0 copy=0/0 w2silu=0/0 lnorm=0/0 prefetch=0/0
[TASK_TIME2] worker=84 prep=0/0 attend=0/0 merge=0/0 router=0/0 copy=0/0 w2silu=0/0 lnorm=0/0 prefetch=0/0
[TASK_TIME2] worker=123 prep=0/0 attend=0/0 merge=0/0 router=0/0 copy=0/0 w2silu=0/0 lnorm=0/0 prefetch=0/0
[TASK_TIME2] worker=154 prep=0/0 attend=0/0 merge=0/0 router=0/0 copy=0/0 w2silu=0/0 lnorm=0/0 prefetch=0/0
[TASK_TIME2] worker=18 prep=0/0 attend=267052/2 merge=0/0 router=0/0 copy=0/0 w2silu=0/0 lnorm=0/0 prefetch=0/0
[TIMING] worker=103 tasks=5 poll_iters=42207 dep_iters=2825 poll_cycles=24329340 dep_cycles=738932 exec_cycles=217528 signal_cycles=9836
[TASK_TIME2] worker=34 prep=0/0 attend=43344/2 merge=0/0 router=0/0 copy=0/0 w2silu=0/0 lnorm=0/0 prefetch=0/0
[TASK_TIME2] worker=202 prep=0/0 attend=0/0 merge=0/0 router=0/0 copy=0/0 w2silu=0/0 lnorm=0/0 prefetch=0/0
[TASK_TIME2] worker=257 prep=0/0 attend=0/0 merge=0/0 router=0/0 copy=0/0 w2silu=0/0 lnorm=0/0 prefetch=0/0
[TASK_TIME2] worker=243 prep=0/0 attend=0/0 merge=0/0 router=0/0 copy=0/0 w2silu=0/0 lnorm=0/0 prefetch=0/0
[TASK_TIME2] worker=148 prep=0/0 attend=0/0 merge=0/0 router=0/0 copy=0/0 w2silu=0/0 lnorm=0/0 prefetch=0/0
[TASK_TIME2] worker=1 prep=0/0 attend=274464/2 merge=75812/2 router=0/0 copy=0/0 w2silu=0/0 lnorm=0/0 prefetch=0/0
[TASK_TIME2] worker=73 prep=0/0 attend=0/0 merge=0/0 router=0/0 copy=0/0 w2silu=0/0 lnorm=0/0 prefetch=0/0
[TASK_TIME2] worker=147 prep=0/0 attend=0/0 merge=0/0 router=0/0 copy=0/0 w2silu=0/0 lnorm=0/0 prefetch=0/0
[TASK_TIME2] worker=260 prep=0/0 attend=0/0 merge=0/0 router=0/0 copy=0/0 w2silu=0/0 lnorm=0/0 prefetch=0/0
[TASK_TIME2] worker=187 prep=0/0 attend=0/0 merge=0/0 router=0/0 copy=0/0 w2silu=0/0 lnorm=0/0 prefetch=0/0
[TASK_TIME2] worker=242 prep=0/0 attend=0/0 merge=0/0 router=0/0 copy=0/0 w2silu=0/0 lnorm=0/0 prefetch=0/0
[TASK_TIME2] worker=58 prep=15720/1 attend=0/0 merge=0/0 router=0/0 copy=0/0 w2silu=0/0 lnorm=0/0 prefetch=0/0
[TASK_TIME2] worker=196 prep=0/0 attend=0/0 merge=0/0 router=0/0 copy=0/0 w2silu=0/0 lnorm=0/0 prefetch=0/0
[TASK_TIME2] worker=185 prep=0/0 attend=0/0 merge=0/0 router=0/0 copy=0/0 w2silu=0/0 lnorm=0/0 prefetch=0/0
[TASK_TIME2] worker=106 prep=17248/1 attend=0/0 merge=0/0 router=0/0 copy=0/0 w2silu=0/0 lnorm=0/0 prefetch=0/0
[TASK_TIME2] worker=209 prep=0/0 attend=0/0 merge=0/0 router=0/0 copy=0/0 w2silu=0/0 lnorm=0/0 prefetch=0/0
[TASK_TIME2] worker=124 prep=0/0 attend=0/0 merge=0/0 router=0/0 copy=0/0 w2silu=0/0 lnorm=0/0 prefetch=0/0
[TASK_TIME2] worker=114 prep=0/0 attend=0/0 merge=0/0 router=0/0 copy=0/0 w2silu=0/0 lnorm=0/0 prefetch=0/0
[TASK_TIME2] worker=49 prep=15628/1 attend=0/0 merge=0/0 router=0/0 copy=0/0 w2silu=0/0 lnorm=0/0 prefetch=0/0
[TASK_TIME2] worker=17 prep=0/0 attend=271848/2 merge=0/0 router=0/0 copy=0/0 w2silu=0/0 lnorm=0/0 prefetch=0/0
[TASK_TIME2] worker=26 prep=0/0 attend=276892/2 merge=0/0 router=0/0 copy=0/0 w2silu=0/0 lnorm=0/0 prefetch=0/0
[TASK_TIME2] worker=235 prep=0/0 attend=0/0 merge=0/0 router=0/0 copy=0/0 w2silu=0/0 lnorm=0/0 prefetch=0/0
[TIMING] worker=224 tasks=3 poll_iters=28738 dep_iters=2488 poll_cycles=18407052 dep_cycles=743988 exec_cycles=216728 signal_cycles=10784
[TIMING] worker=95 tasks=5 poll_iters=87964 dep_iters=2750 poll_cycles=50712296 dep_cycles=719112 exec_cycles=222088 signal_cycles=12304
[TIMING] worker=135 tasks=5 poll_iters=88234 dep_iters=2777 poll_cycles=50870416 dep_cycles=751296 exec_cycles=204292 signal_cycles=10660
[TIMING] worker=159 tasks=4 poll_iters=50814 dep_iters=2787 poll_cycles=29290620 dep_cycles=741080 exec_cycles=203236 signal_cycles=7464
[TIMING] worker=54 tasks=5 poll_iters=9542 dep_iters=4002 poll_cycles=6136164 dep_cycles=1164176 exec_cycles=241736 signal_cycles=12004
[TIMING] worker=214 tasks=3 poll_iters=5942 dep_iters=3714 poll_cycles=3471292 dep_cycles=1081220 exec_cycles=216084 signal_cycles=5904
[TIMING] worker=279 tasks=3 poll_iters=70111 dep_iters=2455 poll_cycles=40421080 dep_cycles=731664 exec_cycles=118032 signal_cycles=6124
[TIMING] worker=174 tasks=4 poll_iters=4485 dep_iters=3885 poll_cycles=2885480 dep_cycles=1143600 exec_cycles=205152 signal_cycles=10956
[TIMING] worker=287 tasks=3 poll_iters=49971 dep_iters=2627 poll_cycles=31999572 dep_cycles=727164 exec_cycles=118216 signal_cycles=7832
[TIMING] worker=182 tasks=3 poll_iters=2620 dep_iters=3614 poll_cycles=1684724 dep_cycles=1095672 exec_cycles=214540 signal_cycles=5560
[TIMING] worker=110 tasks=5 poll_iters=3475 dep_iters=4018 poll_cycles=2236700 dep_cycles=1164996 exec_cycles=219648 signal_cycles=11612
[TIMING] worker=39 tasks=7 poll_iters=86064 dep_iters=2816 poll_cycles=49620324 dep_cycles=732720 exec_cycles=236568 signal_cycles=13528
[TIMING] worker=278 tasks=3 poll_iters=5427 dep_iters=3854 poll_cycles=3153252 dep_cycles=1135996 exec_cycles=117456 signal_cycles=5716
[TIMING] worker=55 tasks=5 poll_iters=111212 dep_iters=2393 poll_cycles=71458936 dep_cycles=704412 exec_cycles=241408 signal_cycles=11612
[TIMING] worker=183 tasks=3 poll_iters=52611 dep_iters=2238 poll_cycles=33688720 dep_cycles=689456 exec_cycles=213680 signal_cycles=6096
[TIMING] worker=262 tasks=3 poll_iters=5052 dep_iters=4086 poll_cycles=3251836 dep_cycles=1138500 exec_cycles=118776 signal_cycles=7028
[TIMING] worker=143 tasks=4 poll_iters=106573 dep_iters=2528 poll_cycles=68252824 dep_cycles=744116 exec_cycles=205496 signal_cycles=7820
[TIMING] worker=239 tasks=3 poll_iters=152763 dep_iters=2166 poll_cycles=97862684 dep_cycles=667256 exec_cycles=217572 signal_cycles=6384
[TIMING] worker=80 tasks=5 poll_iters=77226 dep_iters=2895 poll_cycles=44561704 dep_cycles=790440 exec_cycles=224636 signal_cycles=9652
[TIMING] worker=6 tasks=9 poll_iters=2474 dep_iters=3046 poll_cycles=1433716 dep_cycles=861060 exec_cycles=545244 signal_cycles=19844
[TIMING] worker=71 tasks=5 poll_iters=35290 dep_iters=2442 poll_cycles=21682264 dep_cycles=717432 exec_cycles=227084 signal_cycles=9488
[TIMING] worker=125 tasks=5 poll_iters=11801 dep_iters=3941 poll_cycles=7561660 dep_cycles=1146816 exec_cycles=231228 signal_cycles=16956
[TIMING] worker=271 tasks=3 poll_iters=76450 dep_iters=2395 poll_cycles=44079520 dep_cycles=733100 exec_cycles=117428 signal_cycles=7912
[TIMING] worker=31 tasks=7 poll_iters=70490 dep_iters=1873 poll_cycles=40635512 dep_cycles=505000 exec_cycles=469900 signal_cycles=13876
[TIMING] worker=119 tasks=5 poll_iters=126870 dep_iters=2434 poll_cycles=81246460 dep_cycles=727244 exec_cycles=226892 signal_cycles=11404
[TIMING] worker=173 tasks=4 poll_iters=10956 dep_iters=4311 poll_cycles=6317508 dep_cycles=1165080 exec_cycles=206928 signal_cycles=7020
[TIMING] worker=263 tasks=3 poll_iters=57234 dep_iters=2621 poll_cycles=36651028 dep_cycles=738692 exec_cycles=117140 signal_cycles=5632
[TIMING] worker=79 tasks=5 poll_iters=139218 dep_iters=2482 poll_cycles=80328744 dep_cycles=718772 exec_cycles=225208 signal_cycles=9740
[TIMING] worker=22 tasks=7 poll_iters=2352 dep_iters=3180 poll_cycles=1366492 dep_cycles=943368 exec_cycles=468948 signal_cycles=12800
[TIMING] worker=127 tasks=5 poll_iters=28172 dep_iters=2761 poll_cycles=16244944 dep_cycles=742844 exec_cycles=205984 signal_cycles=10964
[TIMING] worker=206 tasks=3 poll_iters=2324 dep_iters=3623 poll_cycles=1494664 dep_cycles=1083856 exec_cycles=218664 signal_cycles=5968
[TIMING] worker=70 tasks=5 poll_iters=2375 dep_iters=4504 poll_cycles=1377068 dep_cycles=1179688 exec_cycles=223584 signal_cycles=8932
[TIMING] worker=38 tasks=7 poll_iters=12475 dep_iters=4542 poll_cycles=7244928 dep_cycles=1169048 exec_cycles=238016 signal_cycles=12292
[TIMING] worker=166 tasks=4 poll_iters=9433 dep_iters=4400 poll_cycles=5480960 dep_cycles=1153752 exec_cycles=201744 signal_cycles=6980
[TIMING] worker=199 tasks=3 poll_iters=78411 dep_iters=2454 poll_cycles=45209820 dep_cycles=684968 exec_cycles=214548 signal_cycles=5548
[TIMING] worker=86 tasks=5 poll_iters=2825 dep_iters=3920 poll_cycles=1817200 dep_cycles=1168580 exec_cycles=225068 signal_cycles=11784
[TIMING] worker=77 tasks=5 poll_iters=16804 dep_iters=4536 poll_cycles=9698120 dep_cycles=1188040 exec_cycles=230708 signal_cycles=9228
[TIMING] worker=222 tasks=3 poll_iters=8935 dep_iters=3981 poll_cycles=5197636 dep_cycles=1078116 exec_cycles=217960 signal_cycles=5748
[TIMING] worker=15 tasks=9 poll_iters=133363 dep_iters=1412 poll_cycles=76943984 dep_cycles=430872 exec_cycles=538820 signal_cycles=18324
[TIMING] worker=56 tasks=5 poll_iters=27792 dep_iters=2779 poll_cycles=16094956 dep_cycles=805028 exec_cycles=220296 signal_cycles=12680
[TIMING] worker=62 tasks=5 poll_iters=2768 dep_iters=4525 poll_cycles=1606124 dep_cycles=1184756 exec_cycles=221692 signal_cycles=9060
[TIMING] worker=215 tasks=3 poll_iters=52784 dep_iters=2294 poll_cycles=30448772 dep_cycles=677036 exec_cycles=217328 signal_cycles=6200
[TIMING] worker=191 tasks=3 poll_iters=108791 dep_iters=2465 poll_cycles=62737488 dep_cycles=687756 exec_cycles=214872 signal_cycles=5540
[TIMING] worker=151 tasks=4 poll_iters=104359 dep_iters=2412 poll_cycles=66839548 dep_cycles=739628 exec_cycles=207128 signal_cycles=7952
[TIMING] worker=198 tasks=3 poll_iters=2766 dep_iters=3959 poll_cycles=1603068 dep_cycles=1090220 exec_cycles=215168 signal_cycles=5116
[TIMING] worker=47 tasks=5 poll_iters=130696 dep_iters=2445 poll_cycles=81662208 dep_cycles=709480 exec_cycles=239064 signal_cycles=9952
[TIMING] worker=167 tasks=4 poll_iters=88542 dep_iters=2766 poll_cycles=51047188 dep_cycles=734236 exec_cycles=206560 signal_cycles=7916
[TIMING] worker=63 tasks=5 poll_iters=27325 dep_iters=2727 poll_cycles=15757104 dep_cycles=723064 exec_cycles=223276 signal_cycles=9484
[TIMING] worker=294 tasks=3 poll_iters=9005 dep_iters=3857 poll_cycles=6771292 dep_cycles=1121600 exec_cycles=121136 signal_cycles=10268
[TIMING] worker=286 tasks=3 poll_iters=3064 dep_iters=4119 poll_cycles=1969888 dep_cycles=1131380 exec_cycles=118772 signal_cycles=5632
[TIMING] worker=134 tasks=5 poll_iters=4632 dep_iters=4378 poll_cycles=2690396 dep_cycles=1169044 exec_cycles=203180 signal_cycles=9768
[TIMING] worker=23 tasks=7 poll_iters=101522 dep_iters=1650 poll_cycles=58598692 dep_cycles=509220 exec_cycles=468456 signal_cycles=13948
[TIMING] worker=245 tasks=3 poll_iters=110178 dep_iters=4487 poll_cycles=63625296 dep_cycles=1168080 exec_cycles=140060 signal_cycles=6408
[TIMING] worker=223 tasks=3 poll_iters=132728 dep_iters=2450 poll_cycles=76565360 dep_cycles=674248 exec_cycles=217008 signal_cycles=6156
[TIMING] worker=141 tasks=5 poll_iters=15138 dep_iters=4434 poll_cycles=8734300 dep_cycles=1181080 exec_cycles=207964 signal_cycles=10244
[TIMING] worker=13 tasks=9 poll_iters=42406 dep_iters=3333 poll_cycles=24505652 dep_cycles=878760 exec_cycles=541852 signal_cycles=18216
[TIMING] worker=231 tasks=3 poll_iters=114528 dep_iters=2431 poll_cycles=66051304 dep_cycles=669036 exec_cycles=217456 signal_cycles=8352
[TIMING] worker=247 tasks=3 poll_iters=83259 dep_iters=2571 poll_cycles=48012856 dep_cycles=743012 exec_cycles=140276 signal_cycles=5708
[TIMING] worker=87 tasks=5 poll_iters=49808 dep_iters=2366 poll_cycles=31896364 dep_cycles=714612 exec_cycles=225596 signal_cycles=11444
[TIMING] worker=94 tasks=5 poll_iters=6913 dep_iters=4525 poll_cycles=4014136 dep_cycles=1166660 exec_cycles=226208 signal_cycles=8980
[TIMING] worker=246 tasks=3 poll_iters=6796 dep_iters=4001 poll_cycles=3954820 dep_cycles=1147276 exec_cycles=139576 signal_cycles=5236
[TIMING] worker=7 tasks=9 poll_iters=145245 dep_iters=1401 poll_cycles=83806260 dep_cycles=411736 exec_cycles=555496 signal_cycles=25192
[TIMING] worker=158 tasks=4 poll_iters=5705 dep_iters=4400 poll_cycles=3314592 dep_cycles=1153108 exec_cycles=204528 signal_cycles=6960
[TIMING] worker=78 tasks=5 poll_iters=4449 dep_iters=4124 poll_cycles=2590040 dep_cycles=1178940 exec_cycles=221340 signal_cycles=9204
[TIMING] worker=256 tasks=3 poll_iters=48414 dep_iters=2693 poll_cycles=27918880 dep_cycles=812936 exec_cycles=117564 signal_cycles=6400
[TIMING] worker=232 tasks=3 poll_iters=23597 dep_iters=2677 poll_cycles=13613084 dep_cycles=745564 exec_cycles=214836 signal_cycles=6280
[TIMING] worker=46 tasks=5 poll_iters=11338 dep_iters=4092 poll_cycles=6679440 dep_cycles=1175448 exec_cycles=236272 signal_cycles=9684
[TIMING] worker=142 tasks=4 poll_iters=2479 dep_iters=4004 poll_cycles=1593564 dep_cycles=1161524 exec_cycles=203492 signal_cycles=7280
[TIMING] worker=190 tasks=3 poll_iters=6485 dep_iters=3975 poll_cycles=3770400 dep_cycles=1094244 exec_cycles=213628 signal_cycles=5080
[TIMING] worker=48 tasks=5 poll_iters=70107 dep_iters=2935 poll_cycles=40535956 dep_cycles=792252 exec_cycles=239476 signal_cycles=9972
[TIMING] worker=285 tasks=3 poll_iters=15015 dep_iters=3867 poll_cycles=8665324 dep_cycles=1154092 exec_cycles=117996 signal_cycles=5932
[TIMING] worker=133 tasks=5 poll_iters=15951 dep_iters=4046 poll_cycles=10222616 dep_cycles=1176372 exec_cycles=204536 signal_cycles=10380
[TIMING] worker=30 tasks=7 poll_iters=4306 dep_iters=3621 poll_cycles=2501608 dep_cycles=942860 exec_cycles=466892 signal_cycles=12416
[TIMING] worker=117 tasks=5 poll_iters=13202 dep_iters=4299 poll_cycles=7613488 dep_cycles=1160976 exec_cycles=228744 signal_cycles=8884
[TIMING] worker=14 tasks=9 poll_iters=5579 dep_iters=2948 poll_cycles=3248120 dep_cycles=856360 exec_cycles=547728 signal_cycles=19780
[TIMING] worker=61 tasks=5 poll_iters=13754 dep_iters=4179 poll_cycles=7943908 dep_cycles=1198596 exec_cycles=224084 signal_cycles=9616
[TIMING] worker=230 tasks=3 poll_iters=7334 dep_iters=3970 poll_cycles=4264756 dep_cycles=1074448 exec_cycles=217604 signal_cycles=5732
[TIMING] worker=270 tasks=3 poll_iters=3159 dep_iters=3754 poll_cycles=1830408 dep_cycles=1137808 exec_cycles=118136 signal_cycles=5820
[TIMING] worker=165 tasks=4 poll_iters=11916 dep_iters=4070 poll_cycles=6873956 dep_cycles=1168580 exec_cycles=207676 signal_cycles=9124
[TIMING] worker=255 tasks=3 poll_iters=110256 dep_iters=2634 poll_cycles=63592764 dep_cycles=741024 exec_cycles=139452 signal_cycles=5556
[TASK_TIME] worker=207 linear=0/0 linear_res=99956/1 attn=0/0 rms=0/0 silu=0/0 fused=0/0
[TIMING] worker=181 tasks=3 poll_iters=18004 dep_iters=4037 poll_cycles=10392580 dep_cycles=1119176 exec_cycles=215384 signal_cycles=5388
[TIMING] worker=29 tasks=7 poll_iters=24006 dep_iters=3369 poll_cycles=13874668 dep_cycles=956780 exec_cycles=468716 signal_cycles=12852
[TASK_TIME] worker=135 linear=97112/1 linear_res=22352/1 attn=0/0 rms=0/0 silu=0/0 fused=0/0
[TASK_TIME] worker=95 linear=119588/2 linear_res=21368/1 attn=0/0 rms=0/0 silu=0/0 fused=0/0
[TIMING] worker=21 tasks=7 poll_iters=13969 dep_iters=3536 poll_cycles=8058400 dep_cycles=956332 exec_cycles=471636 signal_cycles=12896
[TIMING] worker=16 tasks=7 poll_iters=84922 dep_iters=2153 poll_cycles=49000436 dep_cycles=588388 exec_cycles=475128 signal_cycles=13208
[TASK_TIME] worker=22 linear=95644/3 linear_res=0/0 attn=0/0 rms=0/0 silu=0/0 fused=0/0
[TIMING] worker=69 tasks=5 poll_iters=44994 dep_iters=4163 poll_cycles=26570284 dep_cycles=1192240 exec_cycles=226544 signal_cycles=11380
[TASK_TIME] worker=111 linear=99292/1 linear_res=22516/1 attn=0/0 rms=0/0 silu=0/0 fused=0/0
[TASK_TIME] worker=279 linear=23208/1 linear_res=0/0 attn=0/0 rms=0/0 silu=0/0 fused=0/0
[TIMING] worker=8 tasks=9 poll_iters=67063 dep_iters=1904 poll_cycles=38688828 dep_cycles=511836 exec_cycles=544324 signal_cycles=17248
[TASK_TIME] worker=126 linear=100012/1 linear_res=22100/1 attn=0/0 rms=0/0 silu=2756/1 fused=0/0
[TASK_TIME] worker=295 linear=22632/1 linear_res=0/0 attn=0/0 rms=0/0 silu=0/0 fused=0/0
[TASK_TIME] worker=71 linear=123256/2 linear_res=22368/1 attn=0/0 rms=0/0 silu=0/0 fused=0/0
[TASK_TIME] worker=102 linear=97352/1 linear_res=22020/1 attn=0/0 rms=0/0 silu=0/0 fused=0/0
[TASK_TIME] worker=63 linear=120684/2 linear_res=22364/1 attn=0/0 rms=0/0 silu=0/0 fused=0/0
[TASK_TIME] worker=158 linear=100544/1 linear_res=22524/1 attn=0/0 rms=0/0 silu=0/0 fused=0/0
[TIMING] worker=32 tasks=7 poll_iters=52131 dep_iters=2812 poll_cycles=30108804 dep_cycles=810260 exec_cycles=242712 signal_cycles=14400
[TASK_TIME] worker=119 linear=100108/1 linear_res=44296/2 attn=0/0 rms=0/0 silu=0/0 fused=0/0
[TIMING] worker=288 tasks=3 poll_iters=79039 dep_iters=2663 poll_cycles=45607704 dep_cycles=805344 exec_cycles=113800 signal_cycles=6272
[TASK_TIME] worker=159 linear=97784/1 linear_res=22724/1 attn=0/0 rms=0/0 silu=0/0 fused=0/0
[TASK_TIME] worker=94 linear=124212/2 linear_res=21848/1 attn=0/0 rms=0/0 silu=0/0 fused=0/0
[TASK_TIME] worker=70 linear=121200/2 linear_res=22156/1 attn=0/0 rms=0/0 silu=0/0 fused=0/0
[TASK_TIME] worker=199 linear=0/0 linear_res=98580/1 attn=0/0 rms=0/0 silu=0/0 fused=0/0
[TASK_TIME] worker=47 linear=117408/2 linear_res=0/0 attn=0/0 rms=0/0 silu=0/0 fused=0/0
[TASK_TIME] worker=294 linear=22956/1 linear_res=0/0 attn=0/0 rms=0/0 silu=0/0 fused=0/0
[TIMING] worker=160 tasks=4 poll_iters=46771 dep_iters=2780 poll_cycles=27506852 dep_cycles=813420 exec_cycles=202300 signal_cycles=7760
[TASK_TIME] worker=38 linear=95316/3 linear_res=0/0 attn=0/0 rms=0/0 silu=0/0 fused=0/0
[TASK_TIME] worker=150 linear=98272/1 linear_res=22564/1 attn=0/0 rms=0/0 silu=0/0 fused=0/0
[TASK_TIME] worker=238 linear=0/0 linear_res=99848/1 attn=0/0 rms=0/0 silu=0/0 fused=0/0
[TASK_TIME] worker=254 linear=22732/1 linear_res=0/0 attn=0/0 rms=0/0 silu=0/0 fused=0/0
[TASK_TIME] worker=222 linear=0/0 linear_res=99696/1 attn=0/0 rms=0/0 silu=0/0 fused=0/0
[TASK_TIME] worker=54 linear=120004/2 linear_res=0/0 attn=0/0 rms=0/0 silu=0/0 fused=0/0
[TIMING] worker=128 tasks=5 poll_iters=32881 dep_iters=2782 poll_cycles=21130924 dep_cycles=817796 exec_cycles=201320 signal_cycles=12700
[TASK_TIME] worker=118 linear=96560/1 linear_res=44576/2 attn=0/0 rms=0/0 silu=0/0 fused=0/0
[TASK_TIME] worker=287 linear=23264/1 linear_res=0/0 attn=0/0 rms=0/0 silu=0/0 fused=0/0
[TIMING] worker=293 tasks=3 poll_iters=14142 dep_iters=3631 poll_cycles=9145960 dep_cycles=1146244 exec_cycles=120080 signal_cycles=8308
[TASK_TIME] worker=167 linear=100380/1 linear_res=22704/1 attn=0/0 rms=0/0 silu=0/0 fused=0/0
[TIMING] worker=101 tasks=5 poll_iters=14559 dep_iters=4194 poll_cycles=8399712 dep_cycles=1187420 exec_cycles=220900 signal_cycles=10580
[TASK_TIME] worker=31 linear=93332/3 linear_res=0/0 attn=0/0 rms=0/0 silu=0/0 fused=0/0
[TIMING] worker=37 tasks=7 poll_iters=42665 dep_iters=4207 poll_cycles=24676204 dep_cycles=1182760 exec_cycles=239964 signal_cycles=13352
[TIMING] worker=221 tasks=3 poll_iters=47102 dep_iters=3740 poll_cycles=30195860 dep_cycles=1101752 exec_cycles=217012 signal_cycles=5900
[TASK_TIME] worker=110 linear=100488/1 linear_res=22280/1 attn=0/0 rms=0/0 silu=0/0 fused=0/0
[TASK_TIME] worker=166 linear=97572/1 linear_res=22596/1 attn=0/0 rms=0/0 silu=0/0 fused=0/0
[TASK_TIME] worker=262 linear=23336/1 linear_res=0/0 attn=0/0 rms=0/0 silu=0/0 fused=0/0
[TASK_TIME] worker=182 linear=0/0 linear_res=97280/1 attn=0/0 rms=0/0 silu=0/0 fused=0/0
[TIMING] worker=85 tasks=5 poll_iters=32896 dep_iters=4320 poll_cycles=19014372 dep_cycles=1184572 exec_cycles=230360 signal_cycles=9360
[TASK_TIME] worker=151 linear=102004/1 linear_res=22592/1 attn=0/0 rms=0/0 silu=0/0 fused=0/0
[TASK_TIME] worker=103 linear=98980/1 linear_res=21556/1 attn=0/0 rms=0/0 silu=0/0 fused=0/0
[TIMING] worker=264 tasks=3 poll_iters=138544 dep_iters=2963 poll_cycles=88768704 dep_cycles=809728 exec_cycles=117292 signal_cycles=6480
[TASK_TIME] worker=15 linear=93692/3 linear_res=0/0 attn=0/0 rms=0/0 silu=0/0 fused=0/0
[TASK_TIME] worker=215 linear=0/0 linear_res=100404/1 attn=0/0 rms=0/0 silu=0/0 fused=0/0
[TASK_TIME] worker=39 linear=92200/3 linear_res=0/0 attn=0/0 rms=0/0 silu=0/0 fused=0/0
[TASK_TIME] worker=263 linear=22892/1 linear_res=0/0 attn=0/0 rms=0/0 silu=0/0 fused=0/0
[TIMING] worker=136 tasks=5 poll_iters=63488 dep_iters=3087 poll_cycles=36694112 dep_cycles=815148 exec_cycles=208208 signal_cycles=13308
[TIMING] worker=96 tasks=5 poll_iters=43495 dep_iters=2725 poll_cycles=25086704 dep_cycles=788560 exec_cycles=221672 signal_cycles=11612
[TIMING] worker=64 tasks=5 poll_iters=38501 dep_iters=2757 poll_cycles=22212732 dep_cycles=796612 exec_cycles=226460 signal_cycles=10108
[TASK_TIME] worker=55 linear=118252/2 linear_res=0/0 attn=0/0 rms=0/0 silu=0/0 fused=0/0
[TASK_TIME] worker=239 linear=0/0 linear_res=100384/1 attn=0/0 rms=0/0 silu=0/0 fused=0/0
[TIMING] worker=192 tasks=3 poll_iters=45981 dep_iters=2545 poll_cycles=29451248 dep_cycles=760520 exec_cycles=214728 signal_cycles=5792
[TIMING] worker=112 tasks=5 poll_iters=88307 dep_iters=3001 poll_cycles=50960376 dep_cycles=816876 exec_cycles=218668 signal_cycles=11848
[TASK_TIME] worker=270 linear=22988/1 linear_res=0/0 attn=0/0 rms=0/0 silu=0/0 fused=0/0
[TIMING] worker=197 tasks=3 poll_iters=15757 dep_iters=3726 poll_cycles=10099928 dep_cycles=1113120 exec_cycles=214920 signal_cycles=5520
[TIMING] worker=120 tasks=5 poll_iters=33187 dep_iters=2716 poll_cycles=21255472 dep_cycles=796872 exec_cycles=226976 signal_cycles=9772
[TIMING] worker=280 tasks=3 poll_iters=44394 dep_iters=2655 poll_cycles=25599348 dep_cycles=802816 exec_cycles=116680 signal_cycles=8816
[TIMING] worker=144 tasks=4 poll_iters=114711 dep_iters=2962 poll_cycles=66298524 dep_cycles=818292 exec_cycles=202216 signal_cycles=7740
[TIMING] worker=248 tasks=3 poll_iters=95475 dep_iters=2709 poll_cycles=61180392 dep_cycles=818120 exec_cycles=137636 signal_cycles=6080
[TIMING] worker=152 tasks=4 poll_iters=47350 dep_iters=2787 poll_cycles=30397016 dep_cycles=815136 exec_cycles=202204 signal_cycles=7852
[TASK_TIME] worker=223 linear=0/0 linear_res=100204/1 attn=0/0 rms=0/0 silu=0/0 fused=0/0
[TIMING] worker=240 tasks=3 poll_iters=70339 dep_iters=2833 poll_cycles=40576044 dep_cycles=741712 exec_cycles=216276 signal_cycles=5828
[TIMING] worker=176 tasks=3 poll_iters=34258 dep_iters=3180 poll_cycles=19750724 dep_cycles=876596 exec_cycles=138240 signal_cycles=5636
[TIMING] worker=88 tasks=5 poll_iters=28906 dep_iters=2743 poll_cycles=16673452 dep_cycles=794228 exec_cycles=215796 signal_cycles=9536
[TIMING] worker=189 tasks=3 poll_iters=19265 dep_iters=3742 poll_cycles=12349068 dep_cycles=1116976 exec_cycles=214700 signal_cycles=5316
[TIMING] worker=24 tasks=7 poll_iters=127271 dep_iters=2002 poll_cycles=73497660 dep_cycles=587608 exec_cycles=471096 signal_cycles=14356
[TASK_TIME] worker=80 linear=120452/2 linear_res=22208/1 attn=0/0 rms=0/0 silu=0/0 fused=0/0
[TASK_TIME] worker=6 linear=94652/3 linear_res=0/0 attn=0/0 rms=0/0 silu=0/0 fused=0/0
[TIMING] worker=200 tasks=3 poll_iters=94568 dep_iters=2799 poll_cycles=54585932 dep_cycles=753592 exec_cycles=217764 signal_cycles=7724
[TASK_TIME] worker=230 linear=0/0 linear_res=99816/1 attn=0/0 rms=0/0 silu=0/0 fused=0/0
[TASK_TIME] worker=0 linear=70528/2 linear_res=0/0 attn=0/0 rms=0/0 silu=0/0 fused=0/0
[TASK_TIME] worker=271 linear=23560/1 linear_res=0/0 attn=0/0 rms=0/0 silu=0/0 fused=0/0
[TASK_TIME] worker=191 linear=0/0 linear_res=98604/1 attn=0/0 rms=0/0 silu=0/0 fused=0/0
[TIMING] worker=104 tasks=5 poll_iters=41126 dep_iters=3021 poll_cycles=23716460 dep_cycles=809816 exec_cycles=225936 signal_cycles=13880
[TIMING] worker=184 tasks=3 poll_iters=72003 dep_iters=2554 poll_cycles=46122848 dep_cycles=763420 exec_cycles=214688 signal_cycles=5980
[TASK_TIME] worker=214 linear=0/0 linear_res=99752/1 attn=0/0 rms=0/0 silu=0/0 fused=0/0
[TASK_TIME] worker=79 linear=121400/2 linear_res=22368/1 attn=0/0 rms=0/0 silu=0/0 fused=0/0
[TIMING] worker=208 tasks=3 poll_iters=74720 dep_iters=2875 poll_cycles=43108020 dep_cycles=752628 exec_cycles=217876 signal_cycles=5996
[TIMING] worker=213 tasks=3 poll_iters=13179 dep_iters=4171 poll_cycles=7598896 dep_cycles=1104560 exec_cycles=217452 signal_cycles=5572
[TIMING] worker=168 tasks=4 poll_iters=34875 dep_iters=2977 poll_cycles=20109936 dep_cycles=809748 exec_cycles=202040 signal_cycles=8588
[TASK_TIME] worker=87 linear=123528/2 linear_res=21648/1 attn=0/0 rms=0/0 silu=0/0 fused=0/0
[TIMING] worker=205 tasks=3 poll_iters=12235 dep_iters=4056 poll_cycles=7054628 dep_cycles=1107524 exec_cycles=217812 signal_cycles=5772
[TASK_TIME] worker=198 linear=0/0 linear_res=98332/1 attn=0/0 rms=0/0 silu=0/0 fused=0/0
[TASK_TIME] worker=272 linear=22900/1 linear_res=0/0 attn=0/0 rms=0/0 silu=0/0 fused=0/0
[TASK_TIME] worker=224 linear=0/0 linear_res=100060/1 attn=0/0 rms=0/0 silu=0/0 fused=0/0
[TASK_TIME] worker=56 linear=122880/2 linear_res=0/0 attn=0/0 rms=0/0 silu=0/0 fused=0/0
[TIMING] worker=53 tasks=5 poll_iters=16628 dep_iters=4424 poll_cycles=9596992 dep_cycles=1178560 exec_cycles=246280 signal_cycles=11556
[TASK_TIME] worker=32 linear=94296/3 linear_res=0/0 attn=0/0 rms=0/0 silu=0/0 fused=0/0
[TASK_TIME] worker=160 linear=96860/1 linear_res=22404/1 attn=0/0 rms=0/0 silu=0/0 fused=0/0
[TASK_TIME] worker=40 linear=141552/3 linear_res=0/0 attn=0/0 rms=0/0 silu=0/0 fused=0/0
[TASK_TIME] worker=8 linear=93992/3 linear_res=0/0 attn=0/0 rms=0/0 silu=0/0 fused=0/0
[TASK_TIME] worker=256 linear=23172/1 linear_res=0/0 attn=0/0 rms=0/0 silu=0/0 fused=0/0
[TASK_TIME] worker=72 linear=115844/2 linear_res=22440/1 attn=0/0 rms=0/0 silu=0/0 fused=0/0
[TASK_TIME] worker=175 linear=101368/1 linear_res=22956/1 attn=0/0 rms=0/0 silu=0/0 fused=0/0
[TASK_TIME] worker=232 linear=0/0 linear_res=100348/1 attn=0/0 rms=0/0 silu=0/0 fused=0/0
[TASK_TIME] worker=48 linear=116856/2 linear_res=0/0 attn=0/0 rms=0/0 silu=0/0 fused=0/0
[TASK_TIME] worker=183 linear=0/0 linear_res=97704/1 attn=0/0 rms=0/0 silu=0/0 fused=0/0
[TIMING] worker=93 tasks=5 poll_iters=21377 dep_iters=4186 poll_cycles=12352752 dep_cycles=1184904 exec_cycles=226796 signal_cycles=9368
[TASK_TIME] worker=134 linear=98652/1 linear_res=22108/1 attn=0/0 rms=0/0 silu=0/0 fused=0/0
[TASK_TIME] worker=216 linear=0/0 linear_res=100148/1 attn=0/0 rms=0/0 silu=0/0 fused=0/0
[TASK_TIME] worker=88 linear=112900/2 linear_res=21448/1 attn=0/0 rms=0/0 silu=0/0 fused=0/0
[TASK_TIME] worker=64 linear=122984/2 linear_res=22088/1 attn=0/0 rms=0/0 silu=0/0 fused=0/0
[TASK_TIME] worker=136 linear=100744/1 linear_res=22648/1 attn=0/0 rms=0/0 silu=0/0 fused=0/0
[TIMING] worker=157 tasks=4 poll_iters=20065 dep_iters=4072 poll_cycles=12862140 dep_cycles=1168616 exec_cycles=206552 signal_cycles=9616
[TASK_TIME] worker=246 linear=23020/1 linear_res=0/0 attn=0/0 rms=0/0 silu=0/0 fused=0/0
[TASK_TIME] worker=16 linear=95068/3 linear_res=0/0 attn=0/0 rms=0/0 silu=0/0 fused=0/0
[TASK_TIME] worker=23 linear=92056/3 linear_res=0/0 attn=0/0 rms=0/0 silu=0/0 fused=0/0
[TIMING] worker=229 tasks=3 poll_iters=10962 dep_iters=3718 poll_cycles=7019716 dep_cycles=1095056 exec_cycles=218276 signal_cycles=8828
[TASK_TIME] worker=278 linear=22664/1 linear_res=0/0 attn=0/0 rms=0/0 silu=0/0 fused=0/0
[TIMING] worker=109 tasks=5 poll_iters=16232 dep_iters=4452 poll_cycles=9368180 dep_cycles=1185056 exec_cycles=221088 signal_cycles=8784
[TASK_TIME] worker=128 linear=97584/1 linear_res=22432/1 attn=0/0 rms=0/0 silu=2504/1 fused=0/0
[TASK_TIME] worker=96 linear=118944/2 linear_res=21712/1 attn=0/0 rms=0/0 silu=0/0 fused=0/0
[TASK_TIME] worker=240 linear=0/0 linear_res=100196/1 attn=0/0 rms=0/0 silu=0/0 fused=0/0
[TASK_TIME] worker=14 linear=95452/3 linear_res=0/0 attn=0/0 rms=0/0 silu=0/0 fused=0/0
[TASK_TIME] worker=288 linear=22176/1 linear_res=0/0 attn=0/0 rms=0/0 silu=0/0 fused=0/0
[TASK_TIME] worker=120 linear=100884/1 linear_res=44436/2 attn=0/0 rms=0/0 silu=0/0 fused=0/0
[TASK_TIME] worker=104 linear=102320/1 linear_res=22256/1 attn=0/0 rms=0/0 silu=0/0 fused=0/0
[TASK_TIME] worker=144 linear=96892/1 linear_res=22520/1 attn=0/0 rms=0/0 silu=0/0 fused=0/0
[TIMING] worker=261 tasks=3 poll_iters=14725 dep_iters=3849 poll_cycles=8497088 dep_cycles=1163236 exec_cycles=118132 signal_cycles=5704
[TASK_TIME] worker=24 linear=93716/3 linear_res=0/0 attn=0/0 rms=0/0 silu=0/0 fused=0/0
[TASK_TIME] worker=152 linear=98724/1 linear_res=22464/1 attn=0/0 rms=0/0 silu=0/0 fused=0/0
[TASK_TIME] worker=248 linear=22060/1 linear_res=0/0 attn=0/0 rms=0/0 silu=0/0 fused=0/0
[TASK_TIME] worker=280 linear=23204/1 linear_res=0/0 attn=0/0 rms=0/0 silu=0/0 fused=0/0
[TIMING] worker=5 tasks=9 poll_iters=22153 dep_iters=2851 poll_cycles=14201988 dep_cycles=869408 exec_cycles=547536 signal_cycles=24548
[TIMING] worker=269 tasks=3 poll_iters=10787 dep_iters=4189 poll_cycles=6910148 dep_cycles=1160124 exec_cycles=117896 signal_cycles=5716
[TASK_TIME] worker=192 linear=0/0 linear_res=98484/1 attn=0/0 rms=0/0 silu=0/0 fused=0/0
[TASK_TIME] worker=176 linear=0/0 linear_res=22592/1 attn=0/0 rms=0/0 silu=0/0 fused=0/0
[TIMING] worker=253 tasks=3 poll_iters=11726 dep_iters=3860 poll_cycles=7512896 dep_cycles=1166432 exec_cycles=139976 signal_cycles=5336
[TIMING] worker=277 tasks=3 poll_iters=12235 dep_iters=4311 poll_cycles=7838608 dep_cycles=1157716 exec_cycles=117792 signal_cycles=5668
[TASK_TIME] worker=112 linear=95828/1 linear_res=22272/1 attn=0/0 rms=0/0 silu=0/0 fused=0/0
[TASK_TIME2] worker=80 prep=0/0 attend=0/0 merge=0/0 router=0/0 copy=0/0 w2silu=0/0 lnorm=0/0 prefetch=0/0
[TASK_TIME] worker=141 linear=101764/1 linear_res=22352/1 attn=0/0 rms=0/0 silu=0/0 fused=0/0
[TASK_TIME] worker=184 linear=0/0 linear_res=98236/1 attn=0/0 rms=0/0 silu=0/0 fused=0/0
[TASK_TIME] worker=264 linear=22996/1 linear_res=0/0 attn=0/0 rms=0/0 silu=0/0 fused=0/0
[TASK_TIME2] worker=224 prep=0/0 attend=0/0 merge=0/0 router=0/0 copy=0/0 w2silu=0/0 lnorm=0/0 prefetch=0/0
[TIMING] worker=149 tasks=4 poll_iters=16453 dep_iters=4213 poll_cycles=9495684 dep_cycles=1172016 exec_cycles=207872 signal_cycles=9276
[TASK_TIME] worker=168 linear=95324/1 linear_res=22636/1 attn=0/0 rms=0/0 silu=0/0 fused=0/0
[TASK_TIME] worker=200 linear=0/0 linear_res=99776/1 attn=0/0 rms=0/0 silu=0/0 fused=0/0
[TASK_TIME] worker=286 linear=22984/1 linear_res=0/0 attn=0/0 rms=0/0 silu=0/0 fused=0/0
[TASK_TIME] worker=13 linear=95092/3 linear_res=0/0 attn=0/0 rms=0/0 silu=0/0 fused=0/0
[TASK_TIME2] worker=0 prep=0/0 attend=307784/2 merge=74752/2 router=0/0 copy=0/0 w2silu=0/0 lnorm=0/0 prefetch=0/0
[TASK_TIME2] worker=207 prep=0/0 attend=0/0 merge=0/0 router=0/0 copy=0/0 w2silu=0/0 lnorm=0/0 prefetch=0/0
[TASK_TIME2] worker=56 prep=15972/1 attend=0/0 merge=0/0 router=0/0 copy=0/0 w2silu=0/0 lnorm=0/0 prefetch=0/0
[TASK_TIME2] worker=72 prep=0/0 attend=0/0 merge=0/0 router=0/0 copy=0/0 w2silu=0/0 lnorm=0/0 prefetch=0/0
[TASK_TIME] worker=208 linear=0/0 linear_res=100068/1 attn=0/0 rms=0/0 silu=0/0 fused=0/0
[TASK_TIME] worker=174 linear=101920/1 linear_res=22824/1 attn=0/0 rms=0/0 silu=0/0 fused=0/0
[TASK_TIME2] worker=256 prep=0/0 attend=0/0 merge=0/0 router=0/0 copy=0/0 w2silu=0/0 lnorm=0/0 prefetch=0/0
[TASK_TIME] worker=247 linear=22856/1 linear_res=0/0 attn=0/0 rms=0/0 silu=0/0 fused=0/0
[TASK_TIME2] worker=272 prep=0/0 attend=0/0 merge=0/0 router=0/0 copy=0/0 w2silu=0/0 lnorm=0/0 prefetch=0/0
[TASK_TIME2] worker=48 prep=15856/1 attend=0/0 merge=0/0 router=0/0 copy=0/0 w2silu=0/0 lnorm=0/0 prefetch=0/0
[TASK_TIME2] worker=136 prep=0/0 attend=0/0 merge=0/0 router=0/0 copy=0/0 w2silu=0/0 lnorm=0/0 prefetch=0/0
[TASK_TIME] worker=77 linear=126448/2 linear_res=22068/1 attn=0/0 rms=0/0 silu=0/0 fused=0/0
[TASK_TIME2] worker=288 prep=0/0 attend=0/0 merge=0/0 router=0/0 copy=0/0 w2silu=0/0 lnorm=0/0 prefetch=0/0
[TASK_TIME2] worker=160 prep=0/0 attend=0/0 merge=0/0 router=0/0 copy=0/0 w2silu=0/0 lnorm=0/0 prefetch=0/0
[TASK_TIME2] worker=16 prep=0/0 attend=270380/2 merge=0/0 router=0/0 copy=0/0 w2silu=0/0 lnorm=0/0 prefetch=0/0
[TASK_TIME2] worker=32 prep=0/0 attend=40040/2 merge=0/0 router=0/0 copy=0/0 w2silu=0/0 lnorm=0/0 prefetch=0/0
[TASK_TIME2] worker=176 prep=0/0 attend=0/0 merge=0/0 router=0/0 copy=0/0 w2silu=0/0 lnorm=0/0 prefetch=0/0
[TASK_TIME2] worker=96 prep=0/0 attend=0/0 merge=0/0 router=0/0 copy=0/0 w2silu=0/0 lnorm=0/0 prefetch=0/0
[TASK_TIME2] worker=24 prep=0/0 attend=270632/2 merge=0/0 router=0/0 copy=0/0 w2silu=0/0 lnorm=0/0 prefetch=0/0
[TASK_TIME] worker=245 linear=23548/1 linear_res=0/0 attn=0/0 rms=0/0 silu=0/0 fused=0/0
[TASK_TIME2] worker=232 prep=0/0 attend=0/0 merge=0/0 router=0/0 copy=0/0 w2silu=0/0 lnorm=0/0 prefetch=0/0
[TASK_TIME] worker=142 linear=98468/1 linear_res=22656/1 attn=0/0 rms=0/0 silu=0/0 fused=0/0
[TASK_TIME] worker=86 linear=124112/2 linear_res=21752/1 attn=0/0 rms=0/0 silu=0/0 fused=0/0
[TASK_TIME] worker=190 linear=0/0 linear_res=98184/1 attn=0/0 rms=0/0 silu=0/0 fused=0/0
[TASK_TIME] worker=46 linear=118936/2 linear_res=0/0 attn=0/0 rms=0/0 silu=0/0 fused=0/0
[TASK_TIME2] worker=216 prep=0/0 attend=0/0 merge=0/0 router=0/0 copy=0/0 w2silu=0/0 lnorm=0/0 prefetch=0/0
[TASK_TIME2] worker=64 prep=0/0 attend=0/0 merge=0/0 router=0/0 copy=0/0 w2silu=0/0 lnorm=0/0 prefetch=0/0
[TASK_TIME2] worker=168 prep=0/0 attend=0/0 merge=0/0 router=0/0 copy=0/0 w2silu=0/0 lnorm=0/0 prefetch=0/0
[TASK_TIME] worker=30 linear=95192/3 linear_res=0/0 attn=0/0 rms=0/0 silu=0/0 fused=0/0
[TASK_TIME2] worker=152 prep=0/0 attend=0/0 merge=0/0 router=0/0 copy=0/0 w2silu=0/0 lnorm=0/0 prefetch=0/0
[TASK_TIME] worker=117 linear=101424/1 linear_res=43956/2 attn=0/0 rms=0/0 silu=0/0 fused=0/0
[TASK_TIME2] worker=8 prep=0/0 attend=269372/2 merge=73952/2 router=0/0 copy=0/0 w2silu=0/0 lnorm=0/0 prefetch=0/0
[TASK_TIME2] worker=102 prep=17784/1 attend=0/0 merge=0/0 router=0/0 copy=0/0 w2silu=0/0 lnorm=0/0 prefetch=0/0
[TASK_TIME2] worker=120 prep=0/0 attend=0/0 merge=0/0 router=0/0 copy=0/0 w2silu=0/0 lnorm=0/0 prefetch=0/0
[TASK_TIME] worker=29 linear=95592/3 linear_res=0/0 attn=0/0 rms=0/0 silu=0/0 fused=0/0
[TASK_TIME2] worker=240 prep=0/0 attend=0/0 merge=0/0 router=0/0 copy=0/0 w2silu=0/0 lnorm=0/0 prefetch=0/0
[TASK_TIME2] worker=40 prep=0/0 attend=0/0 merge=0/0 router=0/0 copy=0/0 w2silu=0/0 lnorm=0/0 prefetch=0/0
[TASK_TIME2] worker=144 prep=0/0 attend=0/0 merge=0/0 router=0/0 copy=0/0 w2silu=0/0 lnorm=0/0 prefetch=0/0
[TASK_TIME] worker=143 linear=100640/1 linear_res=22780/1 attn=0/0 rms=0/0 silu=0/0 fused=0/0
[TASK_TIME2] worker=248 prep=0/0 attend=0/0 merge=0/0 router=0/0 copy=0/0 w2silu=0/0 lnorm=0/0 prefetch=0/0
[TASK_TIME] worker=127 linear=97820/1 linear_res=22368/1 attn=0/0 rms=0/0 silu=2352/1 fused=0/0
[TASK_TIME2] worker=208 prep=0/0 attend=0/0 merge=0/0 router=0/0 copy=0/0 w2silu=0/0 lnorm=0/0 prefetch=0/0
[TASK_TIME] worker=78 linear=119296/2 linear_res=22128/1 attn=0/0 rms=0/0 silu=0/0 fused=0/0
[TASK_TIME] worker=7 linear=95012/3 linear_res=0/0 attn=0/0 rms=0/0 silu=0/0 fused=0/0
[TASK_TIME2] worker=104 prep=18572/1 attend=0/0 merge=0/0 router=0/0 copy=0/0 w2silu=0/0 lnorm=0/0 prefetch=0/0
[TASK_TIME2] worker=95 prep=0/0 attend=0/0 merge=0/0 router=0/0 copy=0/0 w2silu=0/0 lnorm=0/0 prefetch=0/0
[TASK_TIME2] worker=184 prep=0/0 attend=0/0 merge=0/0 router=0/0 copy=0/0 w2silu=0/0 lnorm=0/0 prefetch=0/0
[TASK_TIME2] worker=192 prep=0/0 attend=0/0 merge=0/0 router=0/0 copy=0/0 w2silu=0/0 lnorm=0/0 prefetch=0/0
[TASK_TIME2] worker=264 prep=0/0 attend=0/0 merge=0/0 router=0/0 copy=0/0 w2silu=0/0 lnorm=0/0 prefetch=0/0
[TASK_TIME2] worker=279 prep=0/0 attend=0/0 merge=0/0 router=0/0 copy=0/0 w2silu=0/0 lnorm=0/0 prefetch=0/0
[TASK_TIME2] worker=280 prep=0/0 attend=0/0 merge=0/0 router=0/0 copy=0/0 w2silu=0/0 lnorm=0/0 prefetch=0/0
[TASK_TIME2] worker=200 prep=0/0 attend=0/0 merge=0/0 router=0/0 copy=0/0 w2silu=0/0 lnorm=0/0 prefetch=0/0
[TASK_TIME] worker=231 linear=0/0 linear_res=100672/1 attn=0/0 rms=0/0 silu=0/0 fused=0/0
[TASK_TIME] worker=61 linear=122368/2 linear_res=22088/1 attn=0/0 rms=0/0 silu=0/0 fused=0/0
[TASK_TIME2] worker=88 prep=0/0 attend=0/0 merge=0/0 router=0/0 copy=0/0 w2silu=0/0 lnorm=0/0 prefetch=0/0
[TASK_TIME2] worker=112 prep=18516/1 attend=0/0 merge=0/0 router=0/0 copy=0/0 w2silu=0/0 lnorm=0/0 prefetch=0/0
[TASK_TIME2] worker=128 prep=0/0 attend=0/0 merge=0/0 router=0/0 copy=0/0 w2silu=0/0 lnorm=0/0 prefetch=0/0
[TASK_TIME] worker=255 linear=22364/1 linear_res=0/0 attn=0/0 rms=0/0 silu=0/0 fused=0/0
[TASK_TIME] worker=206 linear=0/0 linear_res=99644/1 attn=0/0 rms=0/0 silu=0/0 fused=0/0
[TASK_TIME] worker=93 linear=125100/2 linear_res=21720/1 attn=0/0 rms=0/0 silu=0/0 fused=0/0
[TASK_TIME2] worker=135 prep=0/0 attend=0/0 merge=0/0 router=0/0 copy=0/0 w2silu=0/0 lnorm=0/0 prefetch=0/0
[TASK_TIME] worker=62 linear=118508/2 linear_res=22136/1 attn=0/0 rms=0/0 silu=0/0 fused=0/0
[TASK_TIME2] worker=238 prep=0/0 attend=0/0 merge=0/0 router=0/0 copy=0/0 w2silu=0/0 lnorm=0/0 prefetch=0/0
[TASK_TIME2] worker=103 prep=17100/1 attend=0/0 merge=0/0 router=0/0 copy=0/0 w2silu=0/0 lnorm=0/0 prefetch=0/0
[TASK_TIME2] worker=110 prep=17668/1 attend=0/0 merge=0/0 router=0/0 copy=0/0 w2silu=0/0 lnorm=0/0 prefetch=0/0
[TASK_TIME2] worker=294 prep=0/0 attend=0/0 merge=0/0 router=0/0 copy=0/0 w2silu=0/0 lnorm=0/0 prefetch=0/0
[TASK_TIME2] worker=158 prep=0/0 attend=0/0 merge=0/0 router=0/0 copy=0/0 w2silu=0/0 lnorm=0/0 prefetch=0/0
[TASK_TIME2] worker=31 prep=0/0 attend=269712/2 merge=0/0 router=0/0 copy=0/0 w2silu=0/0 lnorm=0/0 prefetch=0/0
[TASK_TIME2] worker=222 prep=0/0 attend=0/0 merge=0/0 router=0/0 copy=0/0 w2silu=0/0 lnorm=0/0 prefetch=0/0
[TASK_TIME2] worker=39 prep=0/0 attend=40124/2 merge=0/0 router=0/0 copy=0/0 w2silu=0/0 lnorm=0/0 prefetch=0/0
[TASK_TIME2] worker=199 prep=0/0 attend=0/0 merge=0/0 router=0/0 copy=0/0 w2silu=0/0 lnorm=0/0 prefetch=0/0
[TASK_TIME2] worker=111 prep=16956/1 attend=0/0 merge=0/0 router=0/0 copy=0/0 w2silu=0/0 lnorm=0/0 prefetch=0/0
[TASK_TIME2] worker=167 prep=0/0 attend=0/0 merge=0/0 router=0/0 copy=0/0 w2silu=0/0 lnorm=0/0 prefetch=0/0
[TASK_TIME2] worker=7 prep=0/0 attend=276152/2 merge=75480/2 router=0/0 copy=0/0 w2silu=0/0 lnorm=0/0 prefetch=0/0
[TASK_TIME2] worker=87 prep=0/0 attend=0/0 merge=0/0 router=0/0 copy=0/0 w2silu=0/0 lnorm=0/0 prefetch=0/0
[TASK_TIME2] worker=38 prep=0/0 attend=40156/2 merge=0/0 router=0/0 copy=0/0 w2silu=0/0 lnorm=0/0 prefetch=0/0
[TASK_TIME] worker=173 linear=101280/1 linear_res=22640/1 attn=0/0 rms=0/0 silu=0/0 fused=0/0
[TASK_TIME] worker=205 linear=0/0 linear_res=99812/1 attn=0/0 rms=0/0 silu=0/0 fused=0/0
[TASK_TIME2] worker=215 prep=0/0 attend=0/0 merge=0/0 router=0/0 copy=0/0 w2silu=0/0 lnorm=0/0 prefetch=0/0
[TASK_TIME] worker=85 linear=125192/2 linear_res=22048/1 attn=0/0 rms=0/0 silu=0/0 fused=0/0
[TASK_TIME2] worker=47 prep=15860/1 attend=0/0 merge=0/0 router=0/0 copy=0/0 w2silu=0/0 lnorm=0/0 prefetch=0/0
[TASK_TIME2] worker=295 prep=0/0 attend=0/0 merge=0/0 router=0/0 copy=0/0 w2silu=0/0 lnorm=0/0 prefetch=0/0
[TASK_TIME2] worker=271 prep=0/0 attend=0/0 merge=0/0 router=0/0 copy=0/0 w2silu=0/0 lnorm=0/0 prefetch=0/0
[TASK_TIME2] worker=263 prep=0/0 attend=0/0 merge=0/0 router=0/0 copy=0/0 w2silu=0/0 lnorm=0/0 prefetch=0/0
[TASK_TIME2] worker=54 prep=16392/1 attend=0/0 merge=0/0 router=0/0 copy=0/0 w2silu=0/0 lnorm=0/0 prefetch=0/0
[TASK_TIME2] worker=151 prep=0/0 attend=0/0 merge=0/0 router=0/0 copy=0/0 w2silu=0/0 lnorm=0/0 prefetch=0/0
[TASK_TIME2] worker=15 prep=0/0 attend=266828/2 merge=74872/2 router=0/0 copy=0/0 w2silu=0/0 lnorm=0/0 prefetch=0/0
[TASK_TIME2] worker=79 prep=0/0 attend=0/0 merge=0/0 router=0/0 copy=0/0 w2silu=0/0 lnorm=0/0 prefetch=0/0
[TASK_TIME2] worker=126 prep=0/0 attend=0/0 merge=0/0 router=0/0 copy=0/0 w2silu=0/0 lnorm=0/0 prefetch=0/0
[TASK_TIME2] worker=55 prep=16112/1 attend=0/0 merge=0/0 router=0/0 copy=0/0 w2silu=0/0 lnorm=0/0 prefetch=0/0
[TASK_TIME2] worker=166 prep=0/0 attend=0/0 merge=0/0 router=0/0 copy=0/0 w2silu=0/0 lnorm=0/0 prefetch=0/0
[TASK_TIME2] worker=22 prep=0/0 attend=270140/2 merge=0/0 router=0/0 copy=0/0 w2silu=0/0 lnorm=0/0 prefetch=0/0
[TASK_TIME2] worker=71 prep=0/0 attend=0/0 merge=0/0 router=0/0 copy=0/0 w2silu=0/0 lnorm=0/0 prefetch=0/0
[TASK_TIME2] worker=214 prep=0/0 attend=0/0 merge=0/0 router=0/0 copy=0/0 w2silu=0/0 lnorm=0/0 prefetch=0/0
[TASK_TIME2] worker=159 prep=0/0 attend=0/0 merge=0/0 router=0/0 copy=0/0 w2silu=0/0 lnorm=0/0 prefetch=0/0
[TASK_TIME2] worker=287 prep=0/0 attend=0/0 merge=0/0 router=0/0 copy=0/0 w2silu=0/0 lnorm=0/0 prefetch=0/0
[TASK_TIME2] worker=14 prep=0/0 attend=273328/2 merge=74424/2 router=0/0 copy=0/0 w2silu=0/0 lnorm=0/0 prefetch=0/0
[TASK_TIME2] worker=70 prep=0/0 attend=0/0 merge=0/0 router=0/0 copy=0/0 w2silu=0/0 lnorm=0/0 prefetch=0/0
[TASK_TIME2] worker=270 prep=0/0 attend=0/0 merge=0/0 router=0/0 copy=0/0 w2silu=0/0 lnorm=0/0 prefetch=0/0
[TASK_TIME2] worker=63 prep=0/0 attend=0/0 merge=0/0 router=0/0 copy=0/0 w2silu=0/0 lnorm=0/0 prefetch=0/0
[TASK_TIME2] worker=223 prep=0/0 attend=0/0 merge=0/0 router=0/0 copy=0/0 w2silu=0/0 lnorm=0/0 prefetch=0/0
[TASK_TIME2] worker=118 prep=0/0 attend=0/0 merge=0/0 router=0/0 copy=0/0 w2silu=0/0 lnorm=0/0 prefetch=0/0
[TASK_TIME2] worker=198 prep=0/0 attend=0/0 merge=0/0 router=0/0 copy=0/0 w2silu=0/0 lnorm=0/0 prefetch=0/0
[TASK_TIME2] worker=150 prep=0/0 attend=0/0 merge=0/0 router=0/0 copy=0/0 w2silu=0/0 lnorm=0/0 prefetch=0/0
[TASK_TIME2] worker=23 prep=0/0 attend=270316/2 merge=0/0 router=0/0 copy=0/0 w2silu=0/0 lnorm=0/0 prefetch=0/0
[TASK_TIME2] worker=142 prep=0/0 attend=0/0 merge=0/0 router=0/0 copy=0/0 w2silu=0/0 lnorm=0/0 prefetch=0/0
[TASK_TIME2] worker=94 prep=0/0 attend=0/0 merge=0/0 router=0/0 copy=0/0 w2silu=0/0 lnorm=0/0 prefetch=0/0
[TASK_TIME2] worker=278 prep=0/0 attend=0/0 merge=0/0 router=0/0 copy=0/0 w2silu=0/0 lnorm=0/0 prefetch=0/0
[TASK_TIME2] worker=246 prep=0/0 attend=0/0 merge=0/0 router=0/0 copy=0/0 w2silu=0/0 lnorm=0/0 prefetch=0/0
[TASK_TIME2] worker=143 prep=0/0 attend=0/0 merge=0/0 router=0/0 copy=0/0 w2silu=0/0 lnorm=0/0 prefetch=0/0
[TASK_TIME2] worker=119 prep=0/0 attend=0/0 merge=0/0 router=0/0 copy=0/0 w2silu=0/0 lnorm=0/0 prefetch=0/0
[TASK_TIME] worker=101 linear=99840/1 linear_res=21764/1 attn=0/0 rms=0/0 silu=0/0 fused=0/0
[TASK_TIME2] worker=182 prep=0/0 attend=0/0 merge=0/0 router=0/0 copy=0/0 w2silu=0/0 lnorm=0/0 prefetch=0/0
[TASK_TIME2] worker=190 prep=0/0 attend=0/0 merge=0/0 router=0/0 copy=0/0 w2silu=0/0 lnorm=0/0 prefetch=0/0
[TASK_TIME2] worker=183 prep=0/0 attend=0/0 merge=0/0 router=0/0 copy=0/0 w2silu=0/0 lnorm=0/0 prefetch=0/0
[TASK_TIME2] worker=231 prep=0/0 attend=0/0 merge=0/0 router=0/0 copy=0/0 w2silu=0/0 lnorm=0/0 prefetch=0/0
[TASK_TIME2] worker=6 prep=0/0 attend=271196/2 merge=74564/2 router=0/0 copy=0/0 w2silu=0/0 lnorm=0/0 prefetch=0/0
[TASK_TIME2] worker=239 prep=0/0 attend=0/0 merge=0/0 router=0/0 copy=0/0 w2silu=0/0 lnorm=0/0 prefetch=0/0
[TASK_TIME2] worker=78 prep=0/0 attend=0/0 merge=0/0 router=0/0 copy=0/0 w2silu=0/0 lnorm=0/0 prefetch=0/0
[TASK_TIME] worker=165 linear=101192/1 linear_res=22572/1 attn=0/0 rms=0/0 silu=0/0 fused=0/0
[TASK_TIME2] worker=206 prep=0/0 attend=0/0 merge=0/0 router=0/0 copy=0/0 w2silu=0/0 lnorm=0/0 prefetch=0/0
[TASK_TIME2] worker=46 prep=16356/1 attend=0/0 merge=0/0 router=0/0 copy=0/0 w2silu=0/0 lnorm=0/0 prefetch=0/0
[TASK_TIME2] worker=286 prep=0/0 attend=0/0 merge=0/0 router=0/0 copy=0/0 w2silu=0/0 lnorm=0/0 prefetch=0/0
[TASK_TIME2] worker=134 prep=0/0 attend=0/0 merge=0/0 router=0/0 copy=0/0 w2silu=0/0 lnorm=0/0 prefetch=0/0
[TASK_TIME2] worker=127 prep=0/0 attend=0/0 merge=0/0 router=0/0 copy=0/0 w2silu=0/0 lnorm=0/0 prefetch=0/0
[TASK_TIME2] worker=30 prep=0/0 attend=269456/2 merge=0/0 router=0/0 copy=0/0 w2silu=0/0 lnorm=0/0 prefetch=0/0
[TASK_TIME2] worker=62 prep=0/0 attend=0/0 merge=0/0 router=0/0 copy=0/0 w2silu=0/0 lnorm=0/0 prefetch=0/0
[TASK_TIME2] worker=254 prep=0/0 attend=0/0 merge=0/0 router=0/0 copy=0/0 w2silu=0/0 lnorm=0/0 prefetch=0/0
[TASK_TIME2] worker=262 prep=0/0 attend=0/0 merge=0/0 router=0/0 copy=0/0 w2silu=0/0 lnorm=0/0 prefetch=0/0
[TASK_TIME2] worker=174 prep=0/0 attend=0/0 merge=0/0 router=0/0 copy=0/0 w2silu=0/0 lnorm=0/0 prefetch=0/0
[TASK_TIME2] worker=191 prep=0/0 attend=0/0 merge=0/0 router=0/0 copy=0/0 w2silu=0/0 lnorm=0/0 prefetch=0/0
[TASK_TIME2] worker=230 prep=0/0 attend=0/0 merge=0/0 router=0/0 copy=0/0 w2silu=0/0 lnorm=0/0 prefetch=0/0
[TASK_TIME] worker=21 linear=96124/3 linear_res=0/0 attn=0/0 rms=0/0 silu=0/0 fused=0/0
[TASK_TIME2] worker=255 prep=0/0 attend=0/0 merge=0/0 router=0/0 copy=0/0 w2silu=0/0 lnorm=0/0 prefetch=0/0
[TASK_TIME2] worker=175 prep=0/0 attend=0/0 merge=0/0 router=0/0 copy=0/0 w2silu=0/0 lnorm=0/0 prefetch=0/0
[TASK_TIME2] worker=86 prep=0/0 attend=0/0 merge=0/0 router=0/0 copy=0/0 w2silu=0/0 lnorm=0/0 prefetch=0/0
[TASK_TIME2] worker=247 prep=0/0 attend=0/0 merge=0/0 router=0/0 copy=0/0 w2silu=0/0 lnorm=0/0 prefetch=0/0
[TASK_TIME] worker=133 linear=99756/1 linear_res=22092/1 attn=0/0 rms=0/0 silu=2624/1 fused=0/0
[TASK_TIME] worker=125 linear=101564/1 linear_res=22128/1 attn=0/0 rms=0/0 silu=0/0 fused=0/0
[TASK_TIME] worker=37 linear=95896/3 linear_res=0/0 attn=0/0 rms=0/0 silu=0/0 fused=0/0
[TASK_TIME] worker=45 linear=125472/2 linear_res=0/0 attn=0/0 rms=0/0 silu=0/0 fused=0/0
[TASK_TIME] worker=277 linear=22568/1 linear_res=0/0 attn=0/0 rms=0/0 silu=0/0 fused=0/0
[TASK_TIME] worker=213 linear=0/0 linear_res=100084/1 attn=0/0 rms=0/0 silu=0/0 fused=0/0
[TASK_TIME] worker=109 linear=99844/1 linear_res=22160/1 attn=0/0 rms=0/0 silu=0/0 fused=0/0
[TASK_TIME] worker=5 linear=95760/3 linear_res=0/0 attn=0/0 rms=0/0 silu=0/0 fused=0/0
[TASK_TIME] worker=157 linear=102384/1 linear_res=22188/1 attn=0/0 rms=0/0 silu=0/0 fused=0/0
[TASK_TIME] worker=53 linear=122580/2 linear_res=0/0 attn=0/0 rms=0/0 silu=0/0 fused=0/0
[TASK_TIME2] worker=85 prep=0/0 attend=0/0 merge=0/0 router=0/0 copy=0/0 w2silu=0/0 lnorm=0/0 prefetch=0/0
[TASK_TIME] worker=229 linear=0/0 linear_res=100104/1 attn=0/0 rms=0/0 silu=0/0 fused=0/0
[TASK_TIME] worker=181 linear=0/0 linear_res=98004/1 attn=0/0 rms=0/0 silu=0/0 fused=0/0
[TASK_TIME2] worker=77 prep=0/0 attend=0/0 merge=0/0 router=0/0 copy=0/0 w2silu=0/0 lnorm=0/0 prefetch=0/0
[TASK_TIME] worker=197 linear=0/0 linear_res=98084/1 attn=0/0 rms=0/0 silu=0/0 fused=0/0
[TASK_TIME] worker=269 linear=22524/1 linear_res=0/0 attn=0/0 rms=0/0 silu=0/0 fused=0/0
[TASK_TIME2] worker=245 prep=0/0 attend=0/0 merge=0/0 router=0/0 copy=0/0 w2silu=0/0 lnorm=0/0 prefetch=0/0
[TASK_TIME] worker=253 linear=22924/1 linear_res=0/0 attn=0/0 rms=0/0 silu=0/0 fused=0/0
[TASK_TIME] worker=293 linear=22992/1 linear_res=0/0 attn=0/0 rms=0/0 silu=0/0 fused=0/0
[TASK_TIME] worker=69 linear=124108/2 linear_res=22328/1 attn=0/0 rms=0/0 silu=0/0 fused=0/0
[TASK_TIME] worker=189 linear=0/0 linear_res=98336/1 attn=0/0 rms=0/0 silu=0/0 fused=0/0
[TASK_TIME2] worker=117 prep=0/0 attend=0/0 merge=0/0 router=0/0 copy=0/0 w2silu=0/0 lnorm=0/0 prefetch=0/0
[TASK_TIME2] worker=101 prep=17336/1 attend=0/0 merge=0/0 router=0/0 copy=0/0 w2silu=0/0 lnorm=0/0 prefetch=0/0
[TASK_TIME2] worker=61 prep=0/0 attend=0/0 merge=0/0 router=0/0 copy=0/0 w2silu=0/0 lnorm=0/0 prefetch=0/0
[TASK_TIME2] worker=205 prep=0/0 attend=0/0 merge=0/0 router=0/0 copy=0/0 w2silu=0/0 lnorm=0/0 prefetch=0/0
[TASK_TIME] worker=261 linear=22800/1 linear_res=0/0 attn=0/0 rms=0/0 silu=0/0 fused=0/0
[TASK_TIME] worker=237 linear=0/0 linear_res=100004/1 attn=0/0 rms=0/0 silu=0/0 fused=0/0
[TASK_TIME2] worker=141 prep=0/0 attend=0/0 merge=0/0 router=0/0 copy=0/0 w2silu=0/0 lnorm=0/0 prefetch=0/0
[TASK_TIME2] worker=213 prep=0/0 attend=0/0 merge=0/0 router=0/0 copy=0/0 w2silu=0/0 lnorm=0/0 prefetch=0/0
[TASK_TIME2] worker=53 prep=16800/1 attend=0/0 merge=0/0 router=0/0 copy=0/0 w2silu=0/0 lnorm=0/0 prefetch=0/0
[TASK_TIME] worker=285 linear=22612/1 linear_res=0/0 attn=0/0 rms=0/0 silu=0/0 fused=0/0
[TASK_TIME] worker=221 linear=0/0 linear_res=99796/1 attn=0/0 rms=0/0 silu=0/0 fused=0/0
[TASK_TIME2] worker=13 prep=0/0 attend=267632/2 merge=74936/2 router=0/0 copy=0/0 w2silu=0/0 lnorm=0/0 prefetch=0/0
[TASK_TIME2] worker=173 prep=0/0 attend=0/0 merge=0/0 router=0/0 copy=0/0 w2silu=0/0 lnorm=0/0 prefetch=0/0
[TASK_TIME2] worker=29 prep=0/0 attend=269084/2 merge=0/0 router=0/0 copy=0/0 w2silu=0/0 lnorm=0/0 prefetch=0/0
[TASK_TIME2] worker=133 prep=0/0 attend=0/0 merge=0/0 router=0/0 copy=0/0 w2silu=0/0 lnorm=0/0 prefetch=0/0
[TASK_TIME] worker=149 linear=100384/1 linear_res=22624/1 attn=0/0 rms=0/0 silu=0/0 fused=0/0
[EVENT_TIMING] 23 event firings recorded

================================================================================
PER-EVENT WALL-CLOCK TIMING (barrier-to-barrier)
================================================================================
Event TaskType              Count    Avg(us)    Min(us)    Max(us)    Std(us)
-------------------------------------------------------------------------

================================================================================
PER-TYPE SUMMARY (sum of avg durations across all events)
================================================================================
TaskType             Events    Total(us)  Total(ms)        %
----------------------------------------------------------
TOTAL                                0.0      0.000

Saved raw event timing to event_timing.json
