### 2026-09-18T11:36:31Z
GPU: 0
    CLOCK:
        GFX_0:
            CLK: 132 MHz
            MIN_CLK: 500 MHz
            MAX_CLK: 2100 MHz
            CLK_LOCKED: DISABLED
            DEEP_SLEEP: ENABLED
        GFX_1:
            CLK: 132 MHz
            MIN_CLK: 500 MHz
            MAX_CLK: 2100 MHz
            CLK_LOCKED: DISABLED
            DEEP_SLEEP: ENABLED
        GFX_2:
            CLK: 132 MHz
            MIN_CLK: 500 MHz
            MAX_CLK: 2100 MHz
            CLK_LOCKED: DISABLED
            DEEP_SLEEP: ENABLED
        GFX_3:
            CLK: 132 MHz
            MIN_CLK: 500 MHz
            MAX_CLK: 2100 MHz
            CLK_LOCKED: DISABLED
            DEEP_SLEEP: ENABLED
        GFX_4:
            CLK: 132 MHz
            MIN_CLK: 500 MHz
            MAX_CLK: 2100 MHz
            CLK_LOCKED: DISABLED
            DEEP_SLEEP: ENABLED
        GFX_5:
            CLK: 132 MHz
            MIN_CLK: 500 MHz
            MAX_CLK: 2100 MHz
            CLK_LOCKED: DISABLED
            DEEP_SLEEP: ENABLED
        GFX_6:
            CLK: 131 MHz
            MIN_CLK: 500 MHz
            MAX_CLK: 2100 MHz
            CLK_LOCKED: DISABLED
            DEEP_SLEEP: ENABLED
        GFX_7:
            CLK: 132 MHz
            MIN_CLK: 500 MHz
            MAX_CLK: 2100 MHz
            CLK_LOCKED: DISABLED
            DEEP_SLEEP: ENABLED
        MEM_0:
            CLK: 900 MHz
            MIN_CLK: 900 MHz
            MAX_CLK: 1300 MHz
            DEEP_SLEEP: DISABLED
        VCLK_0:
            CLK: 29 MHz
            MIN_CLK: 914 MHz
            MAX_CLK: 1333 MHz
            DEEP_SLEEP: ENABLED
        VCLK_1:
            CLK: 29 MHz
            MIN_CLK: 914 MHz
            MAX_CLK: 1333 MHz
            DEEP_SLEEP: ENABLED
        VCLK_2:
            CLK: 29 MHz
            MIN_CLK: 914 MHz
            MAX_CLK: 1333 MHz
            DEEP_SLEEP: ENABLED
        VCLK_3:
            CLK: 29 MHz
            MIN_CLK: 914 MHz
            MAX_CLK: 1333 MHz
            DEEP_SLEEP: ENABLED
        DCLK_0:
            CLK: 22 MHz
            MIN_CLK: 711 MHz
            MAX_CLK: 1143 MHz
            DEEP_SLEEP: ENABLED
        DCLK_1:
            CLK: 22 MHz
            MIN_CLK: 711 MHz
            MAX_CLK: 1143 MHz
            DEEP_SLEEP: ENABLED
        DCLK_2:
            CLK: 22 MHz
            MIN_CLK: 711 MHz
            MAX_CLK: 1143 MHz
            DEEP_SLEEP: ENABLED
        DCLK_3:
            CLK: 22 MHz
            MIN_CLK: 711 MHz
            MAX_CLK: 1143 MHz
            DEEP_SLEEP: ENABLED
        FCLK_0:
            CLK: 1300 MHz
            MIN_CLK: 1300 MHz
            MAX_CLK: 1800 MHz
            DEEP_SLEEP: DISABLED
        SOCCLK_0:
            CLK: 34 MHz
            MIN_CLK: 889 MHz
            MAX_CLK: 1143 MHz
            DEEP_SLEEP: ENABLED

### 2026-09-18T11:36:32Z
GPU: 0
    CLOCK:
        GFX_0:
            CLK: 132 MHz
            MIN_CLK: 500 MHz
            MAX_CLK: 2100 MHz
            CLK_LOCKED: DISABLED
            DEEP_SLEEP: ENABLED
        GFX_1:
            CLK: 132 MHz
            MIN_CLK: 500 MHz
            MAX_CLK: 2100 MHz
            CLK_LOCKED: DISABLED
            DEEP_SLEEP: ENABLED
        GFX_2:
            CLK: 132 MHz
            MIN_CLK: 500 MHz
            MAX_CLK: 2100 MHz
            CLK_LOCKED: DISABLED
            DEEP_SLEEP: ENABLED
        GFX_3:
            CLK: 132 MHz
            MIN_CLK: 500 MHz
            MAX_CLK: 2100 MHz
            CLK_LOCKED: DISABLED
            DEEP_SLEEP: ENABLED
        GFX_4:
            CLK: 132 MHz
            MIN_CLK: 500 MHz
            MAX_CLK: 2100 MHz
            CLK_LOCKED: DISABLED
            DEEP_SLEEP: ENABLED
        GFX_5:
            CLK: 132 MHz
            MIN_CLK: 500 MHz
            MAX_CLK: 2100 MHz
            CLK_LOCKED: DISABLED
            DEEP_SLEEP: ENABLED
        GFX_6:
            CLK: 131 MHz
            MIN_CLK: 500 MHz
            MAX_CLK: 2100 MHz
            CLK_LOCKED: DISABLED
            DEEP_SLEEP: ENABLED
        GFX_7:
            CLK: 132 MHz
            MIN_CLK: 500 MHz
            MAX_CLK: 2100 MHz
            CLK_LOCKED: DISABLED
            DEEP_SLEEP: ENABLED
        MEM_0:
            CLK: 900 MHz
            MIN_CLK: 900 MHz
            MAX_CLK: 1300 MHz
            DEEP_SLEEP: DISABLED
        VCLK_0:
            CLK: 29 MHz
            MIN_CLK: 914 MHz
            MAX_CLK: 1333 MHz
            DEEP_SLEEP: ENABLED
        VCLK_1:
            CLK: 29 MHz
            MIN_CLK: 914 MHz
            MAX_CLK: 1333 MHz
            DEEP_SLEEP: ENABLED
        VCLK_2:
            CLK: 29 MHz
            MIN_CLK: 914 MHz
            MAX_CLK: 1333 MHz
            DEEP_SLEEP: ENABLED
        VCLK_3:
            CLK: 29 MHz
            MIN_CLK: 914 MHz
            MAX_CLK: 1333 MHz
            DEEP_SLEEP: ENABLED
        DCLK_0:
            CLK: 22 MHz
            MIN_CLK: 711 MHz
            MAX_CLK: 1143 MHz
            DEEP_SLEEP: ENABLED
        DCLK_1:
            CLK: 22 MHz
            MIN_CLK: 711 MHz
            MAX_CLK: 1143 MHz
            DEEP_SLEEP: ENABLED
        DCLK_2:
            CLK: 22 MHz
            MIN_CLK: 711 MHz
            MAX_CLK: 1143 MHz
            DEEP_SLEEP: ENABLED
        DCLK_3:
            CLK: 22 MHz
            MIN_CLK: 711 MHz
            MAX_CLK: 1143 MHz
            DEEP_SLEEP: ENABLED
        FCLK_0:
            CLK: 1300 MHz
            MIN_CLK: 1300 MHz
            MAX_CLK: 1800 MHz
            DEEP_SLEEP: DISABLED
        SOCCLK_0:
            CLK: 30 MHz
            MIN_CLK: 889 MHz
            MAX_CLK: 1143 MHz
            DEEP_SLEEP: ENABLED

### 2026-09-18T11:36:33Z
GPU: 0
    CLOCK:
        GFX_0:
            CLK: 2101 MHz
            MIN_CLK: 500 MHz
            MAX_CLK: 2100 MHz
            CLK_LOCKED: DISABLED
            DEEP_SLEEP: DISABLED
        GFX_1:
            CLK: 2110 MHz
            MIN_CLK: 500 MHz
            MAX_CLK: 2100 MHz
            CLK_LOCKED: DISABLED
            DEEP_SLEEP: DISABLED
        GFX_2:
            CLK: 2101 MHz
            MIN_CLK: 500 MHz
            MAX_CLK: 2100 MHz
            CLK_LOCKED: DISABLED
            DEEP_SLEEP: DISABLED
        GFX_3:
            CLK: 2106 MHz
            MIN_CLK: 500 MHz
            MAX_CLK: 2100 MHz
            CLK_LOCKED: DISABLED
            DEEP_SLEEP: DISABLED
        GFX_4:
            CLK: 2103 MHz
            MIN_CLK: 500 MHz
            MAX_CLK: 2100 MHz
            CLK_LOCKED: DISABLED
            DEEP_SLEEP: DISABLED
        GFX_5:
            CLK: 2109 MHz
            MIN_CLK: 500 MHz
            MAX_CLK: 2100 MHz
            CLK_LOCKED: DISABLED
            DEEP_SLEEP: DISABLED
        GFX_6:
            CLK: 2096 MHz
            MIN_CLK: 500 MHz
            MAX_CLK: 2100 MHz
            CLK_LOCKED: DISABLED
            DEEP_SLEEP: DISABLED
        GFX_7:
            CLK: 2106 MHz
            MIN_CLK: 500 MHz
            MAX_CLK: 2100 MHz
            CLK_LOCKED: DISABLED
            DEEP_SLEEP: DISABLED
        MEM_0:
            CLK: 1300 MHz
            MIN_CLK: 900 MHz
            MAX_CLK: 1300 MHz
            DEEP_SLEEP: DISABLED
        VCLK_0:
            CLK: 42 MHz
            MIN_CLK: 914 MHz
            MAX_CLK: 1333 MHz
            DEEP_SLEEP: ENABLED
        VCLK_1:
            CLK: 42 MHz
            MIN_CLK: 914 MHz
            MAX_CLK: 1333 MHz
            DEEP_SLEEP: ENABLED
        VCLK_2:
            CLK: 42 MHz
            MIN_CLK: 914 MHz
            MAX_CLK: 1333 MHz
            DEEP_SLEEP: ENABLED
        VCLK_3:
            CLK: 42 MHz
            MIN_CLK: 914 MHz
            MAX_CLK: 1333 MHz
            DEEP_SLEEP: ENABLED
        DCLK_0:
            CLK: 36 MHz
            MIN_CLK: 711 MHz
            MAX_CLK: 1143 MHz
            DEEP_SLEEP: ENABLED
        DCLK_1:
            CLK: 36 MHz
            MIN_CLK: 711 MHz
            MAX_CLK: 1143 MHz
            DEEP_SLEEP: ENABLED
        DCLK_2:
            CLK: 36 MHz
            MIN_CLK: 711 MHz
            MAX_CLK: 1143 MHz
            DEEP_SLEEP: ENABLED
        DCLK_3:
            CLK: 36 MHz
            MIN_CLK: 711 MHz
            MAX_CLK: 1143 MHz
            DEEP_SLEEP: ENABLED
        FCLK_0:
            CLK: 1800 MHz
            MIN_CLK: 1300 MHz
            MAX_CLK: 1800 MHz
            DEEP_SLEEP: DISABLED
        SOCCLK_0:
            CLK: 209 MHz
            MIN_CLK: 889 MHz
            MAX_CLK: 1143 MHz
            DEEP_SLEEP: ENABLED

### 2026-09-18T11:36:35Z
GPU: 0
    CLOCK:
        GFX_0:
            CLK: 2101 MHz
            MIN_CLK: 500 MHz
            MAX_CLK: 2100 MHz
            CLK_LOCKED: DISABLED
            DEEP_SLEEP: DISABLED
        GFX_1:
            CLK: 2110 MHz
            MIN_CLK: 500 MHz
            MAX_CLK: 2100 MHz
            CLK_LOCKED: DISABLED
            DEEP_SLEEP: DISABLED
        GFX_2:
            CLK: 2101 MHz
            MIN_CLK: 500 MHz
            MAX_CLK: 2100 MHz
            CLK_LOCKED: DISABLED
            DEEP_SLEEP: DISABLED
        GFX_3:
            CLK: 2106 MHz
            MIN_CLK: 500 MHz
            MAX_CLK: 2100 MHz
            CLK_LOCKED: DISABLED
            DEEP_SLEEP: DISABLED
        GFX_4:
            CLK: 2103 MHz
            MIN_CLK: 500 MHz
            MAX_CLK: 2100 MHz
            CLK_LOCKED: DISABLED
            DEEP_SLEEP: DISABLED
        GFX_5:
            CLK: 2109 MHz
            MIN_CLK: 500 MHz
            MAX_CLK: 2100 MHz
            CLK_LOCKED: DISABLED
            DEEP_SLEEP: DISABLED
        GFX_6:
            CLK: 2097 MHz
            MIN_CLK: 500 MHz
            MAX_CLK: 2100 MHz
            CLK_LOCKED: DISABLED
            DEEP_SLEEP: DISABLED
        GFX_7:
            CLK: 2106 MHz
            MIN_CLK: 500 MHz
            MAX_CLK: 2100 MHz
            CLK_LOCKED: DISABLED
            DEEP_SLEEP: DISABLED
        MEM_0:
            CLK: 1300 MHz
            MIN_CLK: 900 MHz
            MAX_CLK: 1300 MHz
            DEEP_SLEEP: DISABLED
        VCLK_0:
            CLK: 42 MHz
            MIN_CLK: 914 MHz
            MAX_CLK: 1333 MHz
            DEEP_SLEEP: ENABLED
        VCLK_1:
            CLK: 42 MHz
            MIN_CLK: 914 MHz
            MAX_CLK: 1333 MHz
            DEEP_SLEEP: ENABLED
        VCLK_2:
            CLK: 42 MHz
            MIN_CLK: 914 MHz
            MAX_CLK: 1333 MHz
            DEEP_SLEEP: ENABLED
        VCLK_3:
            CLK: 42 MHz
            MIN_CLK: 914 MHz
            MAX_CLK: 1333 MHz
            DEEP_SLEEP: ENABLED
        DCLK_0:
            CLK: 36 MHz
            MIN_CLK: 711 MHz
            MAX_CLK: 1143 MHz
            DEEP_SLEEP: ENABLED
        DCLK_1:
            CLK: 36 MHz
            MIN_CLK: 711 MHz
            MAX_CLK: 1143 MHz
            DEEP_SLEEP: ENABLED
        DCLK_2:
            CLK: 36 MHz
            MIN_CLK: 711 MHz
            MAX_CLK: 1143 MHz
            DEEP_SLEEP: ENABLED
        DCLK_3:
            CLK: 36 MHz
            MIN_CLK: 711 MHz
            MAX_CLK: 1143 MHz
            DEEP_SLEEP: ENABLED
        FCLK_0:
            CLK: 1800 MHz
            MIN_CLK: 1300 MHz
            MAX_CLK: 1800 MHz
            DEEP_SLEEP: DISABLED
        SOCCLK_0:
            CLK: 206 MHz
            MIN_CLK: 889 MHz
            MAX_CLK: 1143 MHz
            DEEP_SLEEP: ENABLED

### 2026-09-18T11:36:36Z
GPU: 0
    CLOCK:
        GFX_0:
            CLK: 2101 MHz
            MIN_CLK: 500 MHz
            MAX_CLK: 2100 MHz
            CLK_LOCKED: DISABLED
            DEEP_SLEEP: DISABLED
        GFX_1:
            CLK: 2110 MHz
            MIN_CLK: 500 MHz
            MAX_CLK: 2100 MHz
            CLK_LOCKED: DISABLED
            DEEP_SLEEP: DISABLED
        GFX_2:
            CLK: 2102 MHz
            MIN_CLK: 500 MHz
            MAX_CLK: 2100 MHz
            CLK_LOCKED: DISABLED
            DEEP_SLEEP: DISABLED
        GFX_3:
            CLK: 2107 MHz
            MIN_CLK: 500 MHz
            MAX_CLK: 2100 MHz
            CLK_LOCKED: DISABLED
            DEEP_SLEEP: DISABLED
        GFX_4:
            CLK: 2103 MHz
            MIN_CLK: 500 MHz
            MAX_CLK: 2100 MHz
            CLK_LOCKED: DISABLED
            DEEP_SLEEP: DISABLED
        GFX_5:
            CLK: 2109 MHz
            MIN_CLK: 500 MHz
            MAX_CLK: 2100 MHz
            CLK_LOCKED: DISABLED
            DEEP_SLEEP: DISABLED
        GFX_6:
            CLK: 2096 MHz
            MIN_CLK: 500 MHz
            MAX_CLK: 2100 MHz
            CLK_LOCKED: DISABLED
            DEEP_SLEEP: DISABLED
        GFX_7:
            CLK: 2106 MHz
            MIN_CLK: 500 MHz
            MAX_CLK: 2100 MHz
            CLK_LOCKED: DISABLED
            DEEP_SLEEP: DISABLED
        MEM_0:
            CLK: 1300 MHz
            MIN_CLK: 900 MHz
            MAX_CLK: 1300 MHz
            DEEP_SLEEP: DISABLED
        VCLK_0:
            CLK: 42 MHz
            MIN_CLK: 914 MHz
            MAX_CLK: 1333 MHz
            DEEP_SLEEP: ENABLED
        VCLK_1:
            CLK: 42 MHz
            MIN_CLK: 914 MHz
            MAX_CLK: 1333 MHz
            DEEP_SLEEP: ENABLED
        VCLK_2:
            CLK: 42 MHz
            MIN_CLK: 914 MHz
            MAX_CLK: 1333 MHz
            DEEP_SLEEP: ENABLED
        VCLK_3:
            CLK: 42 MHz
            MIN_CLK: 914 MHz
            MAX_CLK: 1333 MHz
            DEEP_SLEEP: ENABLED
        DCLK_0:
            CLK: 36 MHz
            MIN_CLK: 711 MHz
            MAX_CLK: 1143 MHz
            DEEP_SLEEP: ENABLED
        DCLK_1:
            CLK: 36 MHz
            MIN_CLK: 711 MHz
            MAX_CLK: 1143 MHz
            DEEP_SLEEP: ENABLED
        DCLK_2:
            CLK: 36 MHz
            MIN_CLK: 711 MHz
            MAX_CLK: 1143 MHz
            DEEP_SLEEP: ENABLED
        DCLK_3:
            CLK: 36 MHz
            MIN_CLK: 711 MHz
            MAX_CLK: 1143 MHz
            DEEP_SLEEP: ENABLED
        FCLK_0:
            CLK: 1800 MHz
            MIN_CLK: 1300 MHz
            MAX_CLK: 1800 MHz
            DEEP_SLEEP: DISABLED
        SOCCLK_0:
            CLK: 207 MHz
            MIN_CLK: 889 MHz
            MAX_CLK: 1143 MHz
            DEEP_SLEEP: ENABLED

### 2026-09-18T11:36:37Z
GPU: 0
    CLOCK:
        GFX_0:
            CLK: 2101 MHz
            MIN_CLK: 500 MHz
            MAX_CLK: 2100 MHz
            CLK_LOCKED: DISABLED
            DEEP_SLEEP: DISABLED
        GFX_1:
            CLK: 2110 MHz
            MIN_CLK: 500 MHz
            MAX_CLK: 2100 MHz
            CLK_LOCKED: DISABLED
            DEEP_SLEEP: DISABLED
        GFX_2:
            CLK: 2101 MHz
            MIN_CLK: 500 MHz
            MAX_CLK: 2100 MHz
            CLK_LOCKED: DISABLED
            DEEP_SLEEP: DISABLED
        GFX_3:
            CLK: 2106 MHz
            MIN_CLK: 500 MHz
            MAX_CLK: 2100 MHz
            CLK_LOCKED: DISABLED
            DEEP_SLEEP: DISABLED
        GFX_4:
            CLK: 2103 MHz
            MIN_CLK: 500 MHz
            MAX_CLK: 2100 MHz
            CLK_LOCKED: DISABLED
            DEEP_SLEEP: DISABLED
        GFX_5:
            CLK: 2109 MHz
            MIN_CLK: 500 MHz
            MAX_CLK: 2100 MHz
            CLK_LOCKED: DISABLED
            DEEP_SLEEP: DISABLED
        GFX_6:
            CLK: 2096 MHz
            MIN_CLK: 500 MHz
            MAX_CLK: 2100 MHz
            CLK_LOCKED: DISABLED
            DEEP_SLEEP: DISABLED
        GFX_7:
            CLK: 2107 MHz
            MIN_CLK: 500 MHz
            MAX_CLK: 2100 MHz
            CLK_LOCKED: DISABLED
            DEEP_SLEEP: DISABLED
        MEM_0:
            CLK: 1300 MHz
            MIN_CLK: 900 MHz
            MAX_CLK: 1300 MHz
            DEEP_SLEEP: DISABLED
        VCLK_0:
            CLK: 42 MHz
            MIN_CLK: 914 MHz
            MAX_CLK: 1333 MHz
            DEEP_SLEEP: ENABLED
        VCLK_1:
            CLK: 42 MHz
            MIN_CLK: 914 MHz
            MAX_CLK: 1333 MHz
            DEEP_SLEEP: ENABLED
        VCLK_2:
            CLK: 42 MHz
            MIN_CLK: 914 MHz
            MAX_CLK: 1333 MHz
            DEEP_SLEEP: ENABLED
        VCLK_3:
            CLK: 42 MHz
            MIN_CLK: 914 MHz
            MAX_CLK: 1333 MHz
            DEEP_SLEEP: ENABLED
        DCLK_0:
            CLK: 36 MHz
            MIN_CLK: 711 MHz
            MAX_CLK: 1143 MHz
            DEEP_SLEEP: ENABLED
        DCLK_1:
            CLK: 36 MHz
            MIN_CLK: 711 MHz
            MAX_CLK: 1143 MHz
            DEEP_SLEEP: ENABLED
        DCLK_2:
            CLK: 36 MHz
            MIN_CLK: 711 MHz
            MAX_CLK: 1143 MHz
            DEEP_SLEEP: ENABLED
        DCLK_3:
            CLK: 36 MHz
            MIN_CLK: 711 MHz
            MAX_CLK: 1143 MHz
            DEEP_SLEEP: ENABLED
        FCLK_0:
            CLK: 1800 MHz
            MIN_CLK: 1300 MHz
            MAX_CLK: 1800 MHz
            DEEP_SLEEP: DISABLED
        SOCCLK_0:
            CLK: 209 MHz
            MIN_CLK: 889 MHz
            MAX_CLK: 1143 MHz
            DEEP_SLEEP: ENABLED

### 2026-09-18T11:36:38Z
GPU: 0
    CLOCK:
        GFX_0:
            CLK: 2101 MHz
            MIN_CLK: 500 MHz
            MAX_CLK: 2100 MHz
            CLK_LOCKED: DISABLED
            DEEP_SLEEP: DISABLED
        GFX_1:
            CLK: 2110 MHz
            MIN_CLK: 500 MHz
            MAX_CLK: 2100 MHz
            CLK_LOCKED: DISABLED
            DEEP_SLEEP: DISABLED
        GFX_2:
            CLK: 2101 MHz
            MIN_CLK: 500 MHz
            MAX_CLK: 2100 MHz
            CLK_LOCKED: DISABLED
            DEEP_SLEEP: DISABLED
        GFX_3:
            CLK: 2106 MHz
            MIN_CLK: 500 MHz
            MAX_CLK: 2100 MHz
            CLK_LOCKED: DISABLED
            DEEP_SLEEP: DISABLED
        GFX_4:
            CLK: 2103 MHz
            MIN_CLK: 500 MHz
            MAX_CLK: 2100 MHz
            CLK_LOCKED: DISABLED
            DEEP_SLEEP: DISABLED
        GFX_5:
            CLK: 2109 MHz
            MIN_CLK: 500 MHz
            MAX_CLK: 2100 MHz
            CLK_LOCKED: DISABLED
            DEEP_SLEEP: DISABLED
        GFX_6:
            CLK: 2096 MHz
            MIN_CLK: 500 MHz
            MAX_CLK: 2100 MHz
            CLK_LOCKED: DISABLED
            DEEP_SLEEP: DISABLED
        GFX_7:
            CLK: 2107 MHz
            MIN_CLK: 500 MHz
            MAX_CLK: 2100 MHz
            CLK_LOCKED: DISABLED
            DEEP_SLEEP: DISABLED
        MEM_0:
            CLK: 907 MHz
            MIN_CLK: 900 MHz
            MAX_CLK: 1300 MHz
            DEEP_SLEEP: DISABLED
        VCLK_0:
            CLK: 29 MHz
            MIN_CLK: 914 MHz
            MAX_CLK: 1333 MHz
            DEEP_SLEEP: ENABLED
        VCLK_1:
            CLK: 29 MHz
            MIN_CLK: 914 MHz
            MAX_CLK: 1333 MHz
            DEEP_SLEEP: ENABLED
        VCLK_2:
            CLK: 29 MHz
            MIN_CLK: 914 MHz
            MAX_CLK: 1333 MHz
            DEEP_SLEEP: ENABLED
        VCLK_3:
            CLK: 29 MHz
            MIN_CLK: 914 MHz
            MAX_CLK: 1333 MHz
            DEEP_SLEEP: ENABLED
        DCLK_0:
            CLK: 22 MHz
            MIN_CLK: 711 MHz
            MAX_CLK: 1143 MHz
            DEEP_SLEEP: ENABLED
        DCLK_1:
            CLK: 22 MHz
            MIN_CLK: 711 MHz
            MAX_CLK: 1143 MHz
            DEEP_SLEEP: ENABLED
        DCLK_2:
            CLK: 22 MHz
            MIN_CLK: 711 MHz
            MAX_CLK: 1143 MHz
            DEEP_SLEEP: ENABLED
        DCLK_3:
            CLK: 22 MHz
            MIN_CLK: 711 MHz
            MAX_CLK: 1143 MHz
            DEEP_SLEEP: ENABLED
        FCLK_0:
            CLK: 1300 MHz
            MIN_CLK: 1300 MHz
            MAX_CLK: 1800 MHz
            DEEP_SLEEP: DISABLED
        SOCCLK_0:
            CLK: 30 MHz
            MIN_CLK: 889 MHz
            MAX_CLK: 1143 MHz
            DEEP_SLEEP: ENABLED

### 2026-09-18T11:36:40Z
GPU: 0
    CLOCK:
        GFX_0:
            CLK: 2101 MHz
            MIN_CLK: 500 MHz
            MAX_CLK: 2100 MHz
            CLK_LOCKED: DISABLED
            DEEP_SLEEP: DISABLED
        GFX_1:
            CLK: 2110 MHz
            MIN_CLK: 500 MHz
            MAX_CLK: 2100 MHz
            CLK_LOCKED: DISABLED
            DEEP_SLEEP: DISABLED
        GFX_2:
            CLK: 2102 MHz
            MIN_CLK: 500 MHz
            MAX_CLK: 2100 MHz
            CLK_LOCKED: DISABLED
            DEEP_SLEEP: DISABLED
        GFX_3:
            CLK: 2107 MHz
            MIN_CLK: 500 MHz
            MAX_CLK: 2100 MHz
            CLK_LOCKED: DISABLED
            DEEP_SLEEP: DISABLED
        GFX_4:
            CLK: 2103 MHz
            MIN_CLK: 500 MHz
            MAX_CLK: 2100 MHz
            CLK_LOCKED: DISABLED
            DEEP_SLEEP: DISABLED
        GFX_5:
            CLK: 2109 MHz
            MIN_CLK: 500 MHz
            MAX_CLK: 2100 MHz
            CLK_LOCKED: DISABLED
            DEEP_SLEEP: DISABLED
        GFX_6:
            CLK: 2096 MHz
            MIN_CLK: 500 MHz
            MAX_CLK: 2100 MHz
            CLK_LOCKED: DISABLED
            DEEP_SLEEP: DISABLED
        GFX_7:
            CLK: 2107 MHz
            MIN_CLK: 500 MHz
            MAX_CLK: 2100 MHz
            CLK_LOCKED: DISABLED
            DEEP_SLEEP: DISABLED
        MEM_0:
            CLK: 900 MHz
            MIN_CLK: 900 MHz
            MAX_CLK: 1300 MHz
            DEEP_SLEEP: DISABLED
        VCLK_0:
            CLK: 29 MHz
            MIN_CLK: 914 MHz
            MAX_CLK: 1333 MHz
            DEEP_SLEEP: ENABLED
        VCLK_1:
            CLK: 29 MHz
            MIN_CLK: 914 MHz
            MAX_CLK: 1333 MHz
            DEEP_SLEEP: ENABLED
        VCLK_2:
            CLK: 29 MHz
            MIN_CLK: 914 MHz
            MAX_CLK: 1333 MHz
            DEEP_SLEEP: ENABLED
        VCLK_3:
            CLK: 29 MHz
            MIN_CLK: 914 MHz
            MAX_CLK: 1333 MHz
            DEEP_SLEEP: ENABLED
        DCLK_0:
            CLK: 22 MHz
            MIN_CLK: 711 MHz
            MAX_CLK: 1143 MHz
            DEEP_SLEEP: ENABLED
        DCLK_1:
            CLK: 22 MHz
            MIN_CLK: 711 MHz
            MAX_CLK: 1143 MHz
            DEEP_SLEEP: ENABLED
        DCLK_2:
            CLK: 22 MHz
            MIN_CLK: 711 MHz
            MAX_CLK: 1143 MHz
            DEEP_SLEEP: ENABLED
        DCLK_3:
            CLK: 22 MHz
            MIN_CLK: 711 MHz
            MAX_CLK: 1143 MHz
            DEEP_SLEEP: ENABLED
        FCLK_0:
            CLK: 1300 MHz
            MIN_CLK: 1300 MHz
            MAX_CLK: 1800 MHz
            DEEP_SLEEP: DISABLED
        SOCCLK_0:
            CLK: 30 MHz
            MIN_CLK: 889 MHz
            MAX_CLK: 1143 MHz
            DEEP_SLEEP: ENABLED

### 2026-09-18T11:36:41Z
GPU: 0
    CLOCK:
        GFX_0:
            CLK: 2102 MHz
            MIN_CLK: 500 MHz
            MAX_CLK: 2100 MHz
            CLK_LOCKED: DISABLED
            DEEP_SLEEP: DISABLED
        GFX_1:
            CLK: 2110 MHz
            MIN_CLK: 500 MHz
            MAX_CLK: 2100 MHz
            CLK_LOCKED: DISABLED
            DEEP_SLEEP: DISABLED
        GFX_2:
            CLK: 2101 MHz
            MIN_CLK: 500 MHz
            MAX_CLK: 2100 MHz
            CLK_LOCKED: DISABLED
            DEEP_SLEEP: DISABLED
        GFX_3:
            CLK: 2107 MHz
            MIN_CLK: 500 MHz
            MAX_CLK: 2100 MHz
            CLK_LOCKED: DISABLED
            DEEP_SLEEP: DISABLED
        GFX_4:
            CLK: 2103 MHz
            MIN_CLK: 500 MHz
            MAX_CLK: 2100 MHz
            CLK_LOCKED: DISABLED
            DEEP_SLEEP: DISABLED
        GFX_5:
            CLK: 2109 MHz
            MIN_CLK: 500 MHz
            MAX_CLK: 2100 MHz
            CLK_LOCKED: DISABLED
            DEEP_SLEEP: DISABLED
        GFX_6:
            CLK: 2095 MHz
            MIN_CLK: 500 MHz
            MAX_CLK: 2100 MHz
            CLK_LOCKED: DISABLED
            DEEP_SLEEP: DISABLED
        GFX_7:
            CLK: 2106 MHz
            MIN_CLK: 500 MHz
            MAX_CLK: 2100 MHz
            CLK_LOCKED: DISABLED
            DEEP_SLEEP: DISABLED
        MEM_0:
            CLK: 900 MHz
            MIN_CLK: 900 MHz
            MAX_CLK: 1300 MHz
            DEEP_SLEEP: DISABLED
        VCLK_0:
            CLK: 29 MHz
            MIN_CLK: 914 MHz
            MAX_CLK: 1333 MHz
            DEEP_SLEEP: ENABLED
        VCLK_1:
            CLK: 29 MHz
            MIN_CLK: 914 MHz
            MAX_CLK: 1333 MHz
            DEEP_SLEEP: ENABLED
        VCLK_2:
            CLK: 29 MHz
            MIN_CLK: 914 MHz
            MAX_CLK: 1333 MHz
            DEEP_SLEEP: ENABLED
        VCLK_3:
            CLK: 29 MHz
            MIN_CLK: 914 MHz
            MAX_CLK: 1333 MHz
            DEEP_SLEEP: ENABLED
        DCLK_0:
            CLK: 22 MHz
            MIN_CLK: 711 MHz
            MAX_CLK: 1143 MHz
            DEEP_SLEEP: ENABLED
        DCLK_1:
            CLK: 22 MHz
            MIN_CLK: 711 MHz
            MAX_CLK: 1143 MHz
            DEEP_SLEEP: ENABLED
        DCLK_2:
            CLK: 22 MHz
            MIN_CLK: 711 MHz
            MAX_CLK: 1143 MHz
            DEEP_SLEEP: ENABLED
        DCLK_3:
            CLK: 22 MHz
            MIN_CLK: 711 MHz
            MAX_CLK: 1143 MHz
            DEEP_SLEEP: ENABLED
        FCLK_0:
            CLK: 1300 MHz
            MIN_CLK: 1300 MHz
            MAX_CLK: 1800 MHz
            DEEP_SLEEP: DISABLED
        SOCCLK_0:
            CLK: 47 MHz
            MIN_CLK: 889 MHz
            MAX_CLK: 1143 MHz
            DEEP_SLEEP: ENABLED

### 2026-09-18T11:36:42Z
GPU: 0
    CLOCK:
        GFX_0:
            CLK: 2102 MHz
            MIN_CLK: 500 MHz
            MAX_CLK: 2100 MHz
            CLK_LOCKED: DISABLED
            DEEP_SLEEP: DISABLED
        GFX_1:
            CLK: 2110 MHz
            MIN_CLK: 500 MHz
            MAX_CLK: 2100 MHz
            CLK_LOCKED: DISABLED
            DEEP_SLEEP: DISABLED
        GFX_2:
            CLK: 2101 MHz
            MIN_CLK: 500 MHz
            MAX_CLK: 2100 MHz
            CLK_LOCKED: DISABLED
            DEEP_SLEEP: DISABLED
        GFX_3:
            CLK: 2107 MHz
            MIN_CLK: 500 MHz
            MAX_CLK: 2100 MHz
            CLK_LOCKED: DISABLED
            DEEP_SLEEP: DISABLED
        GFX_4:
            CLK: 2103 MHz
            MIN_CLK: 500 MHz
            MAX_CLK: 2100 MHz
            CLK_LOCKED: DISABLED
            DEEP_SLEEP: DISABLED
        GFX_5:
            CLK: 2109 MHz
            MIN_CLK: 500 MHz
            MAX_CLK: 2100 MHz
            CLK_LOCKED: DISABLED
            DEEP_SLEEP: DISABLED
        GFX_6:
            CLK: 2095 MHz
            MIN_CLK: 500 MHz
            MAX_CLK: 2100 MHz
            CLK_LOCKED: DISABLED
            DEEP_SLEEP: DISABLED
        GFX_7:
            CLK: 2107 MHz
            MIN_CLK: 500 MHz
            MAX_CLK: 2100 MHz
            CLK_LOCKED: DISABLED
            DEEP_SLEEP: DISABLED
        MEM_0:
            CLK: 900 MHz
            MIN_CLK: 900 MHz
            MAX_CLK: 1300 MHz
            DEEP_SLEEP: DISABLED
        VCLK_0:
            CLK: 29 MHz
            MIN_CLK: 914 MHz
            MAX_CLK: 1333 MHz
            DEEP_SLEEP: ENABLED
        VCLK_1:
            CLK: 29 MHz
            MIN_CLK: 914 MHz
            MAX_CLK: 1333 MHz
            DEEP_SLEEP: ENABLED
        VCLK_2:
            CLK: 29 MHz
            MIN_CLK: 914 MHz
            MAX_CLK: 1333 MHz
            DEEP_SLEEP: ENABLED
        VCLK_3:
            CLK: 29 MHz
            MIN_CLK: 914 MHz
            MAX_CLK: 1333 MHz
            DEEP_SLEEP: ENABLED
        DCLK_0:
            CLK: 22 MHz
            MIN_CLK: 711 MHz
            MAX_CLK: 1143 MHz
            DEEP_SLEEP: ENABLED
        DCLK_1:
            CLK: 22 MHz
            MIN_CLK: 711 MHz
            MAX_CLK: 1143 MHz
            DEEP_SLEEP: ENABLED
        DCLK_2:
            CLK: 22 MHz
            MIN_CLK: 711 MHz
            MAX_CLK: 1143 MHz
            DEEP_SLEEP: ENABLED
        DCLK_3:
            CLK: 22 MHz
            MIN_CLK: 711 MHz
            MAX_CLK: 1143 MHz
            DEEP_SLEEP: ENABLED
        FCLK_0:
            CLK: 1300 MHz
            MIN_CLK: 1300 MHz
            MAX_CLK: 1800 MHz
            DEEP_SLEEP: DISABLED
        SOCCLK_0:
            CLK: 30 MHz
            MIN_CLK: 889 MHz
            MAX_CLK: 1143 MHz
            DEEP_SLEEP: ENABLED

### 2026-09-18T11:36:43Z
GPU: 0
    CLOCK:
        GFX_0:
            CLK: 2101 MHz
            MIN_CLK: 500 MHz
            MAX_CLK: 2100 MHz
            CLK_LOCKED: DISABLED
            DEEP_SLEEP: DISABLED
        GFX_1:
            CLK: 2110 MHz
            MIN_CLK: 500 MHz
            MAX_CLK: 2100 MHz
            CLK_LOCKED: DISABLED
            DEEP_SLEEP: DISABLED
        GFX_2:
            CLK: 2101 MHz
            MIN_CLK: 500 MHz
            MAX_CLK: 2100 MHz
            CLK_LOCKED: DISABLED
            DEEP_SLEEP: DISABLED
        GFX_3:
            CLK: 2107 MHz
            MIN_CLK: 500 MHz
            MAX_CLK: 2100 MHz
            CLK_LOCKED: DISABLED
            DEEP_SLEEP: DISABLED
        GFX_4:
            CLK: 2103 MHz
            MIN_CLK: 500 MHz
            MAX_CLK: 2100 MHz
            CLK_LOCKED: DISABLED
            DEEP_SLEEP: DISABLED
        GFX_5:
            CLK: 2109 MHz
            MIN_CLK: 500 MHz
            MAX_CLK: 2100 MHz
            CLK_LOCKED: DISABLED
            DEEP_SLEEP: DISABLED
        GFX_6:
            CLK: 2096 MHz
            MIN_CLK: 500 MHz
            MAX_CLK: 2100 MHz
            CLK_LOCKED: DISABLED
            DEEP_SLEEP: DISABLED
        GFX_7:
            CLK: 2107 MHz
            MIN_CLK: 500 MHz
            MAX_CLK: 2100 MHz
            CLK_LOCKED: DISABLED
            DEEP_SLEEP: DISABLED
        MEM_0:
            CLK: 900 MHz
            MIN_CLK: 900 MHz
            MAX_CLK: 1300 MHz
            DEEP_SLEEP: DISABLED
        VCLK_0:
            CLK: 29 MHz
            MIN_CLK: 914 MHz
            MAX_CLK: 1333 MHz
            DEEP_SLEEP: ENABLED
        VCLK_1:
            CLK: 29 MHz
            MIN_CLK: 914 MHz
            MAX_CLK: 1333 MHz
            DEEP_SLEEP: ENABLED
        VCLK_2:
            CLK: 29 MHz
            MIN_CLK: 914 MHz
            MAX_CLK: 1333 MHz
            DEEP_SLEEP: ENABLED
        VCLK_3:
            CLK: 29 MHz
            MIN_CLK: 914 MHz
            MAX_CLK: 1333 MHz
            DEEP_SLEEP: ENABLED
        DCLK_0:
            CLK: 22 MHz
            MIN_CLK: 711 MHz
            MAX_CLK: 1143 MHz
            DEEP_SLEEP: ENABLED
        DCLK_1:
            CLK: 22 MHz
            MIN_CLK: 711 MHz
            MAX_CLK: 1143 MHz
            DEEP_SLEEP: ENABLED
        DCLK_2:
            CLK: 22 MHz
            MIN_CLK: 711 MHz
            MAX_CLK: 1143 MHz
            DEEP_SLEEP: ENABLED
        DCLK_3:
            CLK: 22 MHz
            MIN_CLK: 711 MHz
            MAX_CLK: 1143 MHz
            DEEP_SLEEP: ENABLED
        FCLK_0:
            CLK: 1300 MHz
            MIN_CLK: 1300 MHz
            MAX_CLK: 1800 MHz
            DEEP_SLEEP: DISABLED
        SOCCLK_0:
            CLK: 30 MHz
            MIN_CLK: 889 MHz
            MAX_CLK: 1143 MHz
            DEEP_SLEEP: ENABLED

### 2026-09-18T11:36:45Z
GPU: 0
    CLOCK:
        GFX_0:
            CLK: 2102 MHz
            MIN_CLK: 500 MHz
            MAX_CLK: 2100 MHz
            CLK_LOCKED: DISABLED
            DEEP_SLEEP: DISABLED
        GFX_1:
            CLK: 2109 MHz
            MIN_CLK: 500 MHz
            MAX_CLK: 2100 MHz
            CLK_LOCKED: DISABLED
            DEEP_SLEEP: DISABLED
        GFX_2:
            CLK: 2101 MHz
            MIN_CLK: 500 MHz
            MAX_CLK: 2100 MHz
            CLK_LOCKED: DISABLED
            DEEP_SLEEP: DISABLED
        GFX_3:
            CLK: 2106 MHz
            MIN_CLK: 500 MHz
            MAX_CLK: 2100 MHz
            CLK_LOCKED: DISABLED
            DEEP_SLEEP: DISABLED
        GFX_4:
            CLK: 2103 MHz
            MIN_CLK: 500 MHz
            MAX_CLK: 2100 MHz
            CLK_LOCKED: DISABLED
            DEEP_SLEEP: DISABLED
        GFX_5:
            CLK: 2109 MHz
            MIN_CLK: 500 MHz
            MAX_CLK: 2100 MHz
            CLK_LOCKED: DISABLED
            DEEP_SLEEP: DISABLED
        GFX_6:
            CLK: 2095 MHz
            MIN_CLK: 500 MHz
            MAX_CLK: 2100 MHz
            CLK_LOCKED: DISABLED
            DEEP_SLEEP: DISABLED
        GFX_7:
            CLK: 2107 MHz
            MIN_CLK: 500 MHz
            MAX_CLK: 2100 MHz
            CLK_LOCKED: DISABLED
            DEEP_SLEEP: DISABLED
        MEM_0:
            CLK: 900 MHz
            MIN_CLK: 900 MHz
            MAX_CLK: 1300 MHz
            DEEP_SLEEP: DISABLED
        VCLK_0:
            CLK: 29 MHz
            MIN_CLK: 914 MHz
            MAX_CLK: 1333 MHz
            DEEP_SLEEP: ENABLED
        VCLK_1:
            CLK: 29 MHz
            MIN_CLK: 914 MHz
            MAX_CLK: 1333 MHz
            DEEP_SLEEP: ENABLED
        VCLK_2:
            CLK: 29 MHz
            MIN_CLK: 914 MHz
            MAX_CLK: 1333 MHz
            DEEP_SLEEP: ENABLED
        VCLK_3:
            CLK: 29 MHz
            MIN_CLK: 914 MHz
            MAX_CLK: 1333 MHz
            DEEP_SLEEP: ENABLED
        DCLK_0:
            CLK: 22 MHz
            MIN_CLK: 711 MHz
            MAX_CLK: 1143 MHz
            DEEP_SLEEP: ENABLED
        DCLK_1:
            CLK: 22 MHz
            MIN_CLK: 711 MHz
            MAX_CLK: 1143 MHz
            DEEP_SLEEP: ENABLED
        DCLK_2:
            CLK: 22 MHz
            MIN_CLK: 711 MHz
            MAX_CLK: 1143 MHz
            DEEP_SLEEP: ENABLED
        DCLK_3:
            CLK: 22 MHz
            MIN_CLK: 711 MHz
            MAX_CLK: 1143 MHz
            DEEP_SLEEP: ENABLED
        FCLK_0:
            CLK: 1300 MHz
            MIN_CLK: 1300 MHz
            MAX_CLK: 1800 MHz
            DEEP_SLEEP: DISABLED
        SOCCLK_0:
            CLK: 30 MHz
            MIN_CLK: 889 MHz
            MAX_CLK: 1143 MHz
            DEEP_SLEEP: ENABLED

### 2026-09-18T11:36:46Z
GPU: 0
    CLOCK:
        GFX_0:
            CLK: 2101 MHz
            MIN_CLK: 500 MHz
            MAX_CLK: 2100 MHz
            CLK_LOCKED: DISABLED
            DEEP_SLEEP: DISABLED
        GFX_1:
            CLK: 2110 MHz
            MIN_CLK: 500 MHz
            MAX_CLK: 2100 MHz
            CLK_LOCKED: DISABLED
            DEEP_SLEEP: DISABLED
        GFX_2:
            CLK: 2101 MHz
            MIN_CLK: 500 MHz
            MAX_CLK: 2100 MHz
            CLK_LOCKED: DISABLED
            DEEP_SLEEP: DISABLED
        GFX_3:
            CLK: 2107 MHz
            MIN_CLK: 500 MHz
            MAX_CLK: 2100 MHz
            CLK_LOCKED: DISABLED
            DEEP_SLEEP: DISABLED
        GFX_4:
            CLK: 2103 MHz
            MIN_CLK: 500 MHz
            MAX_CLK: 2100 MHz
            CLK_LOCKED: DISABLED
            DEEP_SLEEP: DISABLED
        GFX_5:
            CLK: 2109 MHz
            MIN_CLK: 500 MHz
            MAX_CLK: 2100 MHz
            CLK_LOCKED: DISABLED
            DEEP_SLEEP: DISABLED
        GFX_6:
            CLK: 2095 MHz
            MIN_CLK: 500 MHz
            MAX_CLK: 2100 MHz
            CLK_LOCKED: DISABLED
            DEEP_SLEEP: DISABLED
        GFX_7:
            CLK: 2107 MHz
            MIN_CLK: 500 MHz
            MAX_CLK: 2100 MHz
            CLK_LOCKED: DISABLED
            DEEP_SLEEP: DISABLED
        MEM_0:
            CLK: 900 MHz
            MIN_CLK: 900 MHz
            MAX_CLK: 1300 MHz
            DEEP_SLEEP: DISABLED
        VCLK_0:
            CLK: 29 MHz
            MIN_CLK: 914 MHz
            MAX_CLK: 1333 MHz
            DEEP_SLEEP: ENABLED
        VCLK_1:
            CLK: 29 MHz
            MIN_CLK: 914 MHz
            MAX_CLK: 1333 MHz
            DEEP_SLEEP: ENABLED
        VCLK_2:
            CLK: 29 MHz
            MIN_CLK: 914 MHz
            MAX_CLK: 1333 MHz
            DEEP_SLEEP: ENABLED
        VCLK_3:
            CLK: 29 MHz
            MIN_CLK: 914 MHz
            MAX_CLK: 1333 MHz
            DEEP_SLEEP: ENABLED
        DCLK_0:
            CLK: 22 MHz
            MIN_CLK: 711 MHz
            MAX_CLK: 1143 MHz
            DEEP_SLEEP: ENABLED
        DCLK_1:
            CLK: 22 MHz
            MIN_CLK: 711 MHz
            MAX_CLK: 1143 MHz
            DEEP_SLEEP: ENABLED
        DCLK_2:
            CLK: 22 MHz
            MIN_CLK: 711 MHz
            MAX_CLK: 1143 MHz
            DEEP_SLEEP: ENABLED
        DCLK_3:
            CLK: 22 MHz
            MIN_CLK: 711 MHz
            MAX_CLK: 1143 MHz
            DEEP_SLEEP: ENABLED
        FCLK_0:
            CLK: 1300 MHz
            MIN_CLK: 1300 MHz
            MAX_CLK: 1800 MHz
            DEEP_SLEEP: DISABLED
        SOCCLK_0:
            CLK: 30 MHz
            MIN_CLK: 889 MHz
            MAX_CLK: 1143 MHz
            DEEP_SLEEP: ENABLED

### 2026-09-18T11:36:47Z
GPU: 0
    CLOCK:
        GFX_0:
            CLK: 2101 MHz
            MIN_CLK: 500 MHz
            MAX_CLK: 2100 MHz
            CLK_LOCKED: DISABLED
            DEEP_SLEEP: DISABLED
        GFX_1:
            CLK: 2110 MHz
            MIN_CLK: 500 MHz
            MAX_CLK: 2100 MHz
            CLK_LOCKED: DISABLED
            DEEP_SLEEP: DISABLED
        GFX_2:
            CLK: 2101 MHz
            MIN_CLK: 500 MHz
            MAX_CLK: 2100 MHz
            CLK_LOCKED: DISABLED
            DEEP_SLEEP: DISABLED
        GFX_3:
            CLK: 2107 MHz
            MIN_CLK: 500 MHz
            MAX_CLK: 2100 MHz
            CLK_LOCKED: DISABLED
            DEEP_SLEEP: DISABLED
        GFX_4:
            CLK: 2103 MHz
            MIN_CLK: 500 MHz
            MAX_CLK: 2100 MHz
            CLK_LOCKED: DISABLED
            DEEP_SLEEP: DISABLED
        GFX_5:
            CLK: 2109 MHz
            MIN_CLK: 500 MHz
            MAX_CLK: 2100 MHz
            CLK_LOCKED: DISABLED
            DEEP_SLEEP: DISABLED
        GFX_6:
            CLK: 2096 MHz
            MIN_CLK: 500 MHz
            MAX_CLK: 2100 MHz
            CLK_LOCKED: DISABLED
            DEEP_SLEEP: DISABLED
        GFX_7:
            CLK: 2107 MHz
            MIN_CLK: 500 MHz
            MAX_CLK: 2100 MHz
            CLK_LOCKED: DISABLED
            DEEP_SLEEP: DISABLED
        MEM_0:
            CLK: 900 MHz
            MIN_CLK: 900 MHz
            MAX_CLK: 1300 MHz
            DEEP_SLEEP: DISABLED
        VCLK_0:
            CLK: 29 MHz
            MIN_CLK: 914 MHz
            MAX_CLK: 1333 MHz
            DEEP_SLEEP: ENABLED
        VCLK_1:
            CLK: 29 MHz
            MIN_CLK: 914 MHz
            MAX_CLK: 1333 MHz
            DEEP_SLEEP: ENABLED
        VCLK_2:
            CLK: 29 MHz
            MIN_CLK: 914 MHz
            MAX_CLK: 1333 MHz
            DEEP_SLEEP: ENABLED
        VCLK_3:
            CLK: 29 MHz
            MIN_CLK: 914 MHz
            MAX_CLK: 1333 MHz
            DEEP_SLEEP: ENABLED
        DCLK_0:
            CLK: 22 MHz
            MIN_CLK: 711 MHz
            MAX_CLK: 1143 MHz
            DEEP_SLEEP: ENABLED
        DCLK_1:
            CLK: 22 MHz
            MIN_CLK: 711 MHz
            MAX_CLK: 1143 MHz
            DEEP_SLEEP: ENABLED
        DCLK_2:
            CLK: 22 MHz
            MIN_CLK: 711 MHz
            MAX_CLK: 1143 MHz
            DEEP_SLEEP: ENABLED
        DCLK_3:
            CLK: 22 MHz
            MIN_CLK: 711 MHz
            MAX_CLK: 1143 MHz
            DEEP_SLEEP: ENABLED
        FCLK_0:
            CLK: 1300 MHz
            MIN_CLK: 1300 MHz
            MAX_CLK: 1800 MHz
            DEEP_SLEEP: DISABLED
        SOCCLK_0:
            CLK: 33 MHz
            MIN_CLK: 889 MHz
            MAX_CLK: 1143 MHz
            DEEP_SLEEP: ENABLED

### 2026-09-18T11:36:48Z
GPU: 0
    CLOCK:
        GFX_0:
            CLK: 2101 MHz
            MIN_CLK: 500 MHz
            MAX_CLK: 2100 MHz
            CLK_LOCKED: DISABLED
            DEEP_SLEEP: DISABLED
        GFX_1:
            CLK: 2110 MHz
            MIN_CLK: 500 MHz
            MAX_CLK: 2100 MHz
            CLK_LOCKED: DISABLED
            DEEP_SLEEP: DISABLED
        GFX_2:
            CLK: 2101 MHz
            MIN_CLK: 500 MHz
            MAX_CLK: 2100 MHz
            CLK_LOCKED: DISABLED
            DEEP_SLEEP: DISABLED
        GFX_3:
            CLK: 2106 MHz
            MIN_CLK: 500 MHz
            MAX_CLK: 2100 MHz
            CLK_LOCKED: DISABLED
            DEEP_SLEEP: DISABLED
        GFX_4:
            CLK: 2103 MHz
            MIN_CLK: 500 MHz
            MAX_CLK: 2100 MHz
            CLK_LOCKED: DISABLED
            DEEP_SLEEP: DISABLED
        GFX_5:
            CLK: 2109 MHz
            MIN_CLK: 500 MHz
            MAX_CLK: 2100 MHz
            CLK_LOCKED: DISABLED
            DEEP_SLEEP: DISABLED
        GFX_6:
            CLK: 2096 MHz
            MIN_CLK: 500 MHz
            MAX_CLK: 2100 MHz
            CLK_LOCKED: DISABLED
            DEEP_SLEEP: DISABLED
        GFX_7:
            CLK: 2107 MHz
            MIN_CLK: 500 MHz
            MAX_CLK: 2100 MHz
            CLK_LOCKED: DISABLED
            DEEP_SLEEP: DISABLED
        MEM_0:
            CLK: 900 MHz
            MIN_CLK: 900 MHz
            MAX_CLK: 1300 MHz
            DEEP_SLEEP: DISABLED
        VCLK_0:
            CLK: 29 MHz
            MIN_CLK: 914 MHz
            MAX_CLK: 1333 MHz
            DEEP_SLEEP: ENABLED
        VCLK_1:
            CLK: 29 MHz
            MIN_CLK: 914 MHz
            MAX_CLK: 1333 MHz
            DEEP_SLEEP: ENABLED
        VCLK_2:
            CLK: 29 MHz
            MIN_CLK: 914 MHz
            MAX_CLK: 1333 MHz
            DEEP_SLEEP: ENABLED
        VCLK_3:
            CLK: 29 MHz
            MIN_CLK: 914 MHz
            MAX_CLK: 1333 MHz
            DEEP_SLEEP: ENABLED
        DCLK_0:
            CLK: 22 MHz
            MIN_CLK: 711 MHz
            MAX_CLK: 1143 MHz
            DEEP_SLEEP: ENABLED
        DCLK_1:
            CLK: 22 MHz
            MIN_CLK: 711 MHz
            MAX_CLK: 1143 MHz
            DEEP_SLEEP: ENABLED
        DCLK_2:
            CLK: 22 MHz
            MIN_CLK: 711 MHz
            MAX_CLK: 1143 MHz
            DEEP_SLEEP: ENABLED
        DCLK_3:
            CLK: 22 MHz
            MIN_CLK: 711 MHz
            MAX_CLK: 1143 MHz
            DEEP_SLEEP: ENABLED
        FCLK_0:
            CLK: 1300 MHz
            MIN_CLK: 1300 MHz
            MAX_CLK: 1800 MHz
            DEEP_SLEEP: DISABLED
        SOCCLK_0:
            CLK: 30 MHz
            MIN_CLK: 889 MHz
            MAX_CLK: 1143 MHz
            DEEP_SLEEP: ENABLED

### 2026-09-18T11:36:50Z
GPU: 0
    CLOCK:
        GFX_0:
            CLK: 2101 MHz
            MIN_CLK: 500 MHz
            MAX_CLK: 2100 MHz
            CLK_LOCKED: DISABLED
            DEEP_SLEEP: DISABLED
        GFX_1:
            CLK: 2109 MHz
            MIN_CLK: 500 MHz
            MAX_CLK: 2100 MHz
            CLK_LOCKED: DISABLED
            DEEP_SLEEP: DISABLED
        GFX_2:
            CLK: 2101 MHz
            MIN_CLK: 500 MHz
            MAX_CLK: 2100 MHz
            CLK_LOCKED: DISABLED
            DEEP_SLEEP: DISABLED
        GFX_3:
            CLK: 2107 MHz
            MIN_CLK: 500 MHz
            MAX_CLK: 2100 MHz
            CLK_LOCKED: DISABLED
            DEEP_SLEEP: DISABLED
        GFX_4:
            CLK: 2103 MHz
            MIN_CLK: 500 MHz
            MAX_CLK: 2100 MHz
            CLK_LOCKED: DISABLED
            DEEP_SLEEP: DISABLED
        GFX_5:
            CLK: 2109 MHz
            MIN_CLK: 500 MHz
            MAX_CLK: 2100 MHz
            CLK_LOCKED: DISABLED
            DEEP_SLEEP: DISABLED
        GFX_6:
            CLK: 2096 MHz
            MIN_CLK: 500 MHz
            MAX_CLK: 2100 MHz
            CLK_LOCKED: DISABLED
            DEEP_SLEEP: DISABLED
        GFX_7:
            CLK: 2107 MHz
            MIN_CLK: 500 MHz
            MAX_CLK: 2100 MHz
            CLK_LOCKED: DISABLED
            DEEP_SLEEP: DISABLED
        MEM_0:
            CLK: 900 MHz
            MIN_CLK: 900 MHz
            MAX_CLK: 1300 MHz
            DEEP_SLEEP: DISABLED
        VCLK_0:
            CLK: 29 MHz
            MIN_CLK: 914 MHz
            MAX_CLK: 1333 MHz
            DEEP_SLEEP: ENABLED
        VCLK_1:
            CLK: 29 MHz
            MIN_CLK: 914 MHz
            MAX_CLK: 1333 MHz
            DEEP_SLEEP: ENABLED
        VCLK_2:
            CLK: 29 MHz
            MIN_CLK: 914 MHz
            MAX_CLK: 1333 MHz
            DEEP_SLEEP: ENABLED
        VCLK_3:
            CLK: 29 MHz
            MIN_CLK: 914 MHz
            MAX_CLK: 1333 MHz
            DEEP_SLEEP: ENABLED
        DCLK_0:
            CLK: 22 MHz
            MIN_CLK: 711 MHz
            MAX_CLK: 1143 MHz
            DEEP_SLEEP: ENABLED
        DCLK_1:
            CLK: 22 MHz
            MIN_CLK: 711 MHz
            MAX_CLK: 1143 MHz
            DEEP_SLEEP: ENABLED
        DCLK_2:
            CLK: 22 MHz
            MIN_CLK: 711 MHz
            MAX_CLK: 1143 MHz
            DEEP_SLEEP: ENABLED
        DCLK_3:
            CLK: 22 MHz
            MIN_CLK: 711 MHz
            MAX_CLK: 1143 MHz
            DEEP_SLEEP: ENABLED
        FCLK_0:
            CLK: 1300 MHz
            MIN_CLK: 1300 MHz
            MAX_CLK: 1800 MHz
            DEEP_SLEEP: DISABLED
        SOCCLK_0:
            CLK: 30 MHz
            MIN_CLK: 889 MHz
            MAX_CLK: 1143 MHz
            DEEP_SLEEP: ENABLED

### 2026-09-18T11:36:51Z
GPU: 0
    CLOCK:
        GFX_0:
            CLK: 2101 MHz
            MIN_CLK: 500 MHz
            MAX_CLK: 2100 MHz
            CLK_LOCKED: DISABLED
            DEEP_SLEEP: DISABLED
        GFX_1:
            CLK: 2110 MHz
            MIN_CLK: 500 MHz
            MAX_CLK: 2100 MHz
            CLK_LOCKED: DISABLED
            DEEP_SLEEP: DISABLED
        GFX_2:
            CLK: 2101 MHz
            MIN_CLK: 500 MHz
            MAX_CLK: 2100 MHz
            CLK_LOCKED: DISABLED
            DEEP_SLEEP: DISABLED
        GFX_3:
            CLK: 2107 MHz
            MIN_CLK: 500 MHz
            MAX_CLK: 2100 MHz
            CLK_LOCKED: DISABLED
            DEEP_SLEEP: DISABLED
        GFX_4:
            CLK: 2103 MHz
            MIN_CLK: 500 MHz
            MAX_CLK: 2100 MHz
            CLK_LOCKED: DISABLED
            DEEP_SLEEP: DISABLED
        GFX_5:
            CLK: 2109 MHz
            MIN_CLK: 500 MHz
            MAX_CLK: 2100 MHz
            CLK_LOCKED: DISABLED
            DEEP_SLEEP: DISABLED
        GFX_6:
            CLK: 2095 MHz
            MIN_CLK: 500 MHz
            MAX_CLK: 2100 MHz
            CLK_LOCKED: DISABLED
            DEEP_SLEEP: DISABLED
        GFX_7:
            CLK: 2107 MHz
            MIN_CLK: 500 MHz
            MAX_CLK: 2100 MHz
            CLK_LOCKED: DISABLED
            DEEP_SLEEP: DISABLED
        MEM_0:
            CLK: 900 MHz
            MIN_CLK: 900 MHz
            MAX_CLK: 1300 MHz
            DEEP_SLEEP: DISABLED
        VCLK_0:
            CLK: 29 MHz
            MIN_CLK: 914 MHz
            MAX_CLK: 1333 MHz
            DEEP_SLEEP: ENABLED
        VCLK_1:
            CLK: 29 MHz
            MIN_CLK: 914 MHz
            MAX_CLK: 1333 MHz
            DEEP_SLEEP: ENABLED
        VCLK_2:
            CLK: 29 MHz
            MIN_CLK: 914 MHz
            MAX_CLK: 1333 MHz
            DEEP_SLEEP: ENABLED
        VCLK_3:
            CLK: 29 MHz
            MIN_CLK: 914 MHz
            MAX_CLK: 1333 MHz
            DEEP_SLEEP: ENABLED
        DCLK_0:
            CLK: 22 MHz
            MIN_CLK: 711 MHz
            MAX_CLK: 1143 MHz
            DEEP_SLEEP: ENABLED
        DCLK_1:
            CLK: 22 MHz
            MIN_CLK: 711 MHz
            MAX_CLK: 1143 MHz
            DEEP_SLEEP: ENABLED
        DCLK_2:
            CLK: 22 MHz
            MIN_CLK: 711 MHz
            MAX_CLK: 1143 MHz
            DEEP_SLEEP: ENABLED
        DCLK_3:
            CLK: 22 MHz
            MIN_CLK: 711 MHz
            MAX_CLK: 1143 MHz
            DEEP_SLEEP: ENABLED
        FCLK_0:
            CLK: 1300 MHz
            MIN_CLK: 1300 MHz
            MAX_CLK: 1800 MHz
            DEEP_SLEEP: DISABLED
        SOCCLK_0:
            CLK: 30 MHz
            MIN_CLK: 889 MHz
            MAX_CLK: 1143 MHz
            DEEP_SLEEP: ENABLED

### 2026-09-18T11:36:52Z
GPU: 0
    CLOCK:
        GFX_0:
            CLK: 2101 MHz
            MIN_CLK: 500 MHz
            MAX_CLK: 2100 MHz
            CLK_LOCKED: DISABLED
            DEEP_SLEEP: DISABLED
        GFX_1:
            CLK: 2110 MHz
            MIN_CLK: 500 MHz
            MAX_CLK: 2100 MHz
            CLK_LOCKED: DISABLED
            DEEP_SLEEP: DISABLED
        GFX_2:
            CLK: 2100 MHz
            MIN_CLK: 500 MHz
            MAX_CLK: 2100 MHz
            CLK_LOCKED: DISABLED
            DEEP_SLEEP: DISABLED
        GFX_3:
            CLK: 2107 MHz
            MIN_CLK: 500 MHz
            MAX_CLK: 2100 MHz
            CLK_LOCKED: DISABLED
            DEEP_SLEEP: DISABLED
        GFX_4:
            CLK: 2103 MHz
            MIN_CLK: 500 MHz
            MAX_CLK: 2100 MHz
            CLK_LOCKED: DISABLED
            DEEP_SLEEP: DISABLED
        GFX_5:
            CLK: 2109 MHz
            MIN_CLK: 500 MHz
            MAX_CLK: 2100 MHz
            CLK_LOCKED: DISABLED
            DEEP_SLEEP: DISABLED
        GFX_6:
            CLK: 2096 MHz
            MIN_CLK: 500 MHz
            MAX_CLK: 2100 MHz
            CLK_LOCKED: DISABLED
            DEEP_SLEEP: DISABLED
        GFX_7:
            CLK: 2107 MHz
            MIN_CLK: 500 MHz
            MAX_CLK: 2100 MHz
            CLK_LOCKED: DISABLED
            DEEP_SLEEP: DISABLED
        MEM_0:
            CLK: 900 MHz
            MIN_CLK: 900 MHz
            MAX_CLK: 1300 MHz
            DEEP_SLEEP: DISABLED
        VCLK_0:
            CLK: 29 MHz
            MIN_CLK: 914 MHz
            MAX_CLK: 1333 MHz
            DEEP_SLEEP: ENABLED
        VCLK_1:
            CLK: 29 MHz
            MIN_CLK: 914 MHz
            MAX_CLK: 1333 MHz
            DEEP_SLEEP: ENABLED
        VCLK_2:
            CLK: 29 MHz
            MIN_CLK: 914 MHz
            MAX_CLK: 1333 MHz
            DEEP_SLEEP: ENABLED
        VCLK_3:
            CLK: 29 MHz
            MIN_CLK: 914 MHz
            MAX_CLK: 1333 MHz
            DEEP_SLEEP: ENABLED
        DCLK_0:
            CLK: 22 MHz
            MIN_CLK: 711 MHz
            MAX_CLK: 1143 MHz
            DEEP_SLEEP: ENABLED
        DCLK_1:
            CLK: 22 MHz
            MIN_CLK: 711 MHz
            MAX_CLK: 1143 MHz
            DEEP_SLEEP: ENABLED
        DCLK_2:
            CLK: 22 MHz
            MIN_CLK: 711 MHz
            MAX_CLK: 1143 MHz
            DEEP_SLEEP: ENABLED
        DCLK_3:
            CLK: 22 MHz
            MIN_CLK: 711 MHz
            MAX_CLK: 1143 MHz
            DEEP_SLEEP: ENABLED
        FCLK_0:
            CLK: 1300 MHz
            MIN_CLK: 1300 MHz
            MAX_CLK: 1800 MHz
            DEEP_SLEEP: DISABLED
        SOCCLK_0:
            CLK: 30 MHz
            MIN_CLK: 889 MHz
            MAX_CLK: 1143 MHz
            DEEP_SLEEP: ENABLED

### 2026-09-18T11:36:53Z
GPU: 0
    CLOCK:
        GFX_0:
            CLK: 2101 MHz
            MIN_CLK: 500 MHz
            MAX_CLK: 2100 MHz
            CLK_LOCKED: DISABLED
            DEEP_SLEEP: DISABLED
        GFX_1:
            CLK: 2110 MHz
            MIN_CLK: 500 MHz
            MAX_CLK: 2100 MHz
            CLK_LOCKED: DISABLED
            DEEP_SLEEP: DISABLED
        GFX_2:
            CLK: 2101 MHz
            MIN_CLK: 500 MHz
            MAX_CLK: 2100 MHz
            CLK_LOCKED: DISABLED
            DEEP_SLEEP: DISABLED
        GFX_3:
            CLK: 2107 MHz
            MIN_CLK: 500 MHz
            MAX_CLK: 2100 MHz
            CLK_LOCKED: DISABLED
            DEEP_SLEEP: DISABLED
        GFX_4:
            CLK: 2103 MHz
            MIN_CLK: 500 MHz
            MAX_CLK: 2100 MHz
            CLK_LOCKED: DISABLED
            DEEP_SLEEP: DISABLED
        GFX_5:
            CLK: 2109 MHz
            MIN_CLK: 500 MHz
            MAX_CLK: 2100 MHz
            CLK_LOCKED: DISABLED
            DEEP_SLEEP: DISABLED
        GFX_6:
            CLK: 2096 MHz
            MIN_CLK: 500 MHz
            MAX_CLK: 2100 MHz
            CLK_LOCKED: DISABLED
            DEEP_SLEEP: DISABLED
        GFX_7:
            CLK: 2107 MHz
            MIN_CLK: 500 MHz
            MAX_CLK: 2100 MHz
            CLK_LOCKED: DISABLED
            DEEP_SLEEP: DISABLED
        MEM_0:
            CLK: 900 MHz
            MIN_CLK: 900 MHz
            MAX_CLK: 1300 MHz
            DEEP_SLEEP: DISABLED
        VCLK_0:
            CLK: 29 MHz
            MIN_CLK: 914 MHz
            MAX_CLK: 1333 MHz
            DEEP_SLEEP: ENABLED
        VCLK_1:
            CLK: 29 MHz
            MIN_CLK: 914 MHz
            MAX_CLK: 1333 MHz
            DEEP_SLEEP: ENABLED
        VCLK_2:
            CLK: 29 MHz
            MIN_CLK: 914 MHz
            MAX_CLK: 1333 MHz
            DEEP_SLEEP: ENABLED
        VCLK_3:
            CLK: 29 MHz
            MIN_CLK: 914 MHz
            MAX_CLK: 1333 MHz
            DEEP_SLEEP: ENABLED
        DCLK_0:
            CLK: 22 MHz
            MIN_CLK: 711 MHz
            MAX_CLK: 1143 MHz
            DEEP_SLEEP: ENABLED
        DCLK_1:
            CLK: 22 MHz
            MIN_CLK: 711 MHz
            MAX_CLK: 1143 MHz
            DEEP_SLEEP: ENABLED
        DCLK_2:
            CLK: 22 MHz
            MIN_CLK: 711 MHz
            MAX_CLK: 1143 MHz
            DEEP_SLEEP: ENABLED
        DCLK_3:
            CLK: 22 MHz
            MIN_CLK: 711 MHz
            MAX_CLK: 1143 MHz
            DEEP_SLEEP: ENABLED
        FCLK_0:
            CLK: 1300 MHz
            MIN_CLK: 1300 MHz
            MAX_CLK: 1800 MHz
            DEEP_SLEEP: DISABLED
        SOCCLK_0:
            CLK: 30 MHz
            MIN_CLK: 889 MHz
            MAX_CLK: 1143 MHz
            DEEP_SLEEP: ENABLED

### 2026-09-18T11:36:55Z
GPU: 0
    CLOCK:
        GFX_0:
            CLK: 2101 MHz
            MIN_CLK: 500 MHz
            MAX_CLK: 2100 MHz
            CLK_LOCKED: DISABLED
            DEEP_SLEEP: DISABLED
        GFX_1:
            CLK: 2109 MHz
            MIN_CLK: 500 MHz
            MAX_CLK: 2100 MHz
            CLK_LOCKED: DISABLED
            DEEP_SLEEP: DISABLED
        GFX_2:
            CLK: 2101 MHz
            MIN_CLK: 500 MHz
            MAX_CLK: 2100 MHz
            CLK_LOCKED: DISABLED
            DEEP_SLEEP: DISABLED
        GFX_3:
            CLK: 2107 MHz
            MIN_CLK: 500 MHz
            MAX_CLK: 2100 MHz
            CLK_LOCKED: DISABLED
            DEEP_SLEEP: DISABLED
        GFX_4:
            CLK: 2103 MHz
            MIN_CLK: 500 MHz
            MAX_CLK: 2100 MHz
            CLK_LOCKED: DISABLED
            DEEP_SLEEP: DISABLED
        GFX_5:
            CLK: 2109 MHz
            MIN_CLK: 500 MHz
            MAX_CLK: 2100 MHz
            CLK_LOCKED: DISABLED
            DEEP_SLEEP: DISABLED
        GFX_6:
            CLK: 2096 MHz
            MIN_CLK: 500 MHz
            MAX_CLK: 2100 MHz
            CLK_LOCKED: DISABLED
            DEEP_SLEEP: DISABLED
        GFX_7:
            CLK: 2107 MHz
            MIN_CLK: 500 MHz
            MAX_CLK: 2100 MHz
            CLK_LOCKED: DISABLED
            DEEP_SLEEP: DISABLED
        MEM_0:
            CLK: 900 MHz
            MIN_CLK: 900 MHz
            MAX_CLK: 1300 MHz
            DEEP_SLEEP: DISABLED
        VCLK_0:
            CLK: 29 MHz
            MIN_CLK: 914 MHz
            MAX_CLK: 1333 MHz
            DEEP_SLEEP: ENABLED
        VCLK_1:
            CLK: 29 MHz
            MIN_CLK: 914 MHz
            MAX_CLK: 1333 MHz
            DEEP_SLEEP: ENABLED
        VCLK_2:
            CLK: 29 MHz
            MIN_CLK: 914 MHz
            MAX_CLK: 1333 MHz
            DEEP_SLEEP: ENABLED
        VCLK_3:
            CLK: 29 MHz
            MIN_CLK: 914 MHz
            MAX_CLK: 1333 MHz
            DEEP_SLEEP: ENABLED
        DCLK_0:
            CLK: 22 MHz
            MIN_CLK: 711 MHz
            MAX_CLK: 1143 MHz
            DEEP_SLEEP: ENABLED
        DCLK_1:
            CLK: 22 MHz
            MIN_CLK: 711 MHz
            MAX_CLK: 1143 MHz
            DEEP_SLEEP: ENABLED
        DCLK_2:
            CLK: 22 MHz
            MIN_CLK: 711 MHz
            MAX_CLK: 1143 MHz
            DEEP_SLEEP: ENABLED
        DCLK_3:
            CLK: 22 MHz
            MIN_CLK: 711 MHz
            MAX_CLK: 1143 MHz
            DEEP_SLEEP: ENABLED
        FCLK_0:
            CLK: 1300 MHz
            MIN_CLK: 1300 MHz
            MAX_CLK: 1800 MHz
            DEEP_SLEEP: DISABLED
        SOCCLK_0:
            CLK: 30 MHz
            MIN_CLK: 889 MHz
            MAX_CLK: 1143 MHz
            DEEP_SLEEP: ENABLED

### 2026-09-18T11:36:56Z
GPU: 0
    CLOCK:
        GFX_0:
            CLK: 2101 MHz
            MIN_CLK: 500 MHz
            MAX_CLK: 2100 MHz
            CLK_LOCKED: DISABLED
            DEEP_SLEEP: DISABLED
        GFX_1:
            CLK: 2110 MHz
            MIN_CLK: 500 MHz
            MAX_CLK: 2100 MHz
            CLK_LOCKED: DISABLED
            DEEP_SLEEP: DISABLED
        GFX_2:
            CLK: 2101 MHz
            MIN_CLK: 500 MHz
            MAX_CLK: 2100 MHz
            CLK_LOCKED: DISABLED
            DEEP_SLEEP: DISABLED
        GFX_3:
            CLK: 2106 MHz
            MIN_CLK: 500 MHz
            MAX_CLK: 2100 MHz
            CLK_LOCKED: DISABLED
            DEEP_SLEEP: DISABLED
        GFX_4:
            CLK: 2103 MHz
            MIN_CLK: 500 MHz
            MAX_CLK: 2100 MHz
            CLK_LOCKED: DISABLED
            DEEP_SLEEP: DISABLED
        GFX_5:
            CLK: 2109 MHz
            MIN_CLK: 500 MHz
            MAX_CLK: 2100 MHz
            CLK_LOCKED: DISABLED
            DEEP_SLEEP: DISABLED
        GFX_6:
            CLK: 2096 MHz
            MIN_CLK: 500 MHz
            MAX_CLK: 2100 MHz
            CLK_LOCKED: DISABLED
            DEEP_SLEEP: DISABLED
        GFX_7:
            CLK: 2107 MHz
            MIN_CLK: 500 MHz
            MAX_CLK: 2100 MHz
            CLK_LOCKED: DISABLED
            DEEP_SLEEP: DISABLED
        MEM_0:
            CLK: 900 MHz
            MIN_CLK: 900 MHz
            MAX_CLK: 1300 MHz
            DEEP_SLEEP: DISABLED
        VCLK_0:
            CLK: 29 MHz
            MIN_CLK: 914 MHz
            MAX_CLK: 1333 MHz
            DEEP_SLEEP: ENABLED
        VCLK_1:
            CLK: 29 MHz
            MIN_CLK: 914 MHz
            MAX_CLK: 1333 MHz
            DEEP_SLEEP: ENABLED
        VCLK_2:
            CLK: 29 MHz
            MIN_CLK: 914 MHz
            MAX_CLK: 1333 MHz
            DEEP_SLEEP: ENABLED
        VCLK_3:
            CLK: 29 MHz
            MIN_CLK: 914 MHz
            MAX_CLK: 1333 MHz
            DEEP_SLEEP: ENABLED
        DCLK_0:
            CLK: 22 MHz
            MIN_CLK: 711 MHz
            MAX_CLK: 1143 MHz
            DEEP_SLEEP: ENABLED
        DCLK_1:
            CLK: 22 MHz
            MIN_CLK: 711 MHz
            MAX_CLK: 1143 MHz
            DEEP_SLEEP: ENABLED
        DCLK_2:
            CLK: 22 MHz
            MIN_CLK: 711 MHz
            MAX_CLK: 1143 MHz
            DEEP_SLEEP: ENABLED
        DCLK_3:
            CLK: 22 MHz
            MIN_CLK: 711 MHz
            MAX_CLK: 1143 MHz
            DEEP_SLEEP: ENABLED
        FCLK_0:
            CLK: 1300 MHz
            MIN_CLK: 1300 MHz
            MAX_CLK: 1800 MHz
            DEEP_SLEEP: DISABLED
        SOCCLK_0:
            CLK: 30 MHz
            MIN_CLK: 889 MHz
            MAX_CLK: 1143 MHz
            DEEP_SLEEP: ENABLED

### 2026-09-18T11:36:57Z
GPU: 0
    CLOCK:
        GFX_0:
            CLK: 2101 MHz
            MIN_CLK: 500 MHz
            MAX_CLK: 2100 MHz
            CLK_LOCKED: DISABLED
            DEEP_SLEEP: DISABLED
        GFX_1:
            CLK: 2109 MHz
            MIN_CLK: 500 MHz
            MAX_CLK: 2100 MHz
            CLK_LOCKED: DISABLED
            DEEP_SLEEP: DISABLED
        GFX_2:
            CLK: 2101 MHz
            MIN_CLK: 500 MHz
            MAX_CLK: 2100 MHz
            CLK_LOCKED: DISABLED
            DEEP_SLEEP: DISABLED
        GFX_3:
            CLK: 2106 MHz
            MIN_CLK: 500 MHz
            MAX_CLK: 2100 MHz
            CLK_LOCKED: DISABLED
            DEEP_SLEEP: DISABLED
        GFX_4:
            CLK: 2102 MHz
            MIN_CLK: 500 MHz
            MAX_CLK: 2100 MHz
            CLK_LOCKED: DISABLED
            DEEP_SLEEP: DISABLED
        GFX_5:
            CLK: 2109 MHz
            MIN_CLK: 500 MHz
            MAX_CLK: 2100 MHz
            CLK_LOCKED: DISABLED
            DEEP_SLEEP: DISABLED
        GFX_6:
            CLK: 2096 MHz
            MIN_CLK: 500 MHz
            MAX_CLK: 2100 MHz
            CLK_LOCKED: DISABLED
            DEEP_SLEEP: DISABLED
        GFX_7:
            CLK: 2108 MHz
            MIN_CLK: 500 MHz
            MAX_CLK: 2100 MHz
            CLK_LOCKED: DISABLED
            DEEP_SLEEP: DISABLED
        MEM_0:
            CLK: 900 MHz
            MIN_CLK: 900 MHz
            MAX_CLK: 1300 MHz
            DEEP_SLEEP: DISABLED
        VCLK_0:
            CLK: 29 MHz
            MIN_CLK: 914 MHz
            MAX_CLK: 1333 MHz
            DEEP_SLEEP: ENABLED
        VCLK_1:
            CLK: 29 MHz
            MIN_CLK: 914 MHz
            MAX_CLK: 1333 MHz
            DEEP_SLEEP: ENABLED
        VCLK_2:
            CLK: 29 MHz
            MIN_CLK: 914 MHz
            MAX_CLK: 1333 MHz
            DEEP_SLEEP: ENABLED
        VCLK_3:
            CLK: 29 MHz
            MIN_CLK: 914 MHz
            MAX_CLK: 1333 MHz
            DEEP_SLEEP: ENABLED
        DCLK_0:
            CLK: 22 MHz
            MIN_CLK: 711 MHz
            MAX_CLK: 1143 MHz
            DEEP_SLEEP: ENABLED
        DCLK_1:
            CLK: 22 MHz
            MIN_CLK: 711 MHz
            MAX_CLK: 1143 MHz
            DEEP_SLEEP: ENABLED
        DCLK_2:
            CLK: 22 MHz
            MIN_CLK: 711 MHz
            MAX_CLK: 1143 MHz
            DEEP_SLEEP: ENABLED
        DCLK_3:
            CLK: 22 MHz
            MIN_CLK: 711 MHz
            MAX_CLK: 1143 MHz
            DEEP_SLEEP: ENABLED
        FCLK_0:
            CLK: 1300 MHz
            MIN_CLK: 1300 MHz
            MAX_CLK: 1800 MHz
            DEEP_SLEEP: DISABLED
        SOCCLK_0:
            CLK: 39 MHz
            MIN_CLK: 889 MHz
            MAX_CLK: 1143 MHz
            DEEP_SLEEP: ENABLED

### 2026-09-18T11:36:59Z
GPU: 0
    CLOCK:
        GFX_0:
            CLK: 2101 MHz
            MIN_CLK: 500 MHz
            MAX_CLK: 2100 MHz
            CLK_LOCKED: DISABLED
            DEEP_SLEEP: DISABLED
        GFX_1:
            CLK: 2109 MHz
            MIN_CLK: 500 MHz
            MAX_CLK: 2100 MHz
            CLK_LOCKED: DISABLED
            DEEP_SLEEP: DISABLED
        GFX_2:
            CLK: 2102 MHz
            MIN_CLK: 500 MHz
            MAX_CLK: 2100 MHz
            CLK_LOCKED: DISABLED
            DEEP_SLEEP: DISABLED
        GFX_3:
            CLK: 2106 MHz
            MIN_CLK: 500 MHz
            MAX_CLK: 2100 MHz
            CLK_LOCKED: DISABLED
            DEEP_SLEEP: DISABLED
        GFX_4:
            CLK: 2103 MHz
            MIN_CLK: 500 MHz
            MAX_CLK: 2100 MHz
            CLK_LOCKED: DISABLED
            DEEP_SLEEP: DISABLED
        GFX_5:
            CLK: 2108 MHz
            MIN_CLK: 500 MHz
            MAX_CLK: 2100 MHz
            CLK_LOCKED: DISABLED
            DEEP_SLEEP: DISABLED
        GFX_6:
            CLK: 2095 MHz
            MIN_CLK: 500 MHz
            MAX_CLK: 2100 MHz
            CLK_LOCKED: DISABLED
            DEEP_SLEEP: DISABLED
        GFX_7:
            CLK: 2108 MHz
            MIN_CLK: 500 MHz
            MAX_CLK: 2100 MHz
            CLK_LOCKED: DISABLED
            DEEP_SLEEP: DISABLED
        MEM_0:
            CLK: 900 MHz
            MIN_CLK: 900 MHz
            MAX_CLK: 1300 MHz
            DEEP_SLEEP: DISABLED
        VCLK_0:
            CLK: 29 MHz
            MIN_CLK: 914 MHz
            MAX_CLK: 1333 MHz
            DEEP_SLEEP: ENABLED
        VCLK_1:
            CLK: 29 MHz
            MIN_CLK: 914 MHz
            MAX_CLK: 1333 MHz
            DEEP_SLEEP: ENABLED
        VCLK_2:
            CLK: 29 MHz
            MIN_CLK: 914 MHz
            MAX_CLK: 1333 MHz
            DEEP_SLEEP: ENABLED
        VCLK_3:
            CLK: 29 MHz
            MIN_CLK: 914 MHz
            MAX_CLK: 1333 MHz
            DEEP_SLEEP: ENABLED
        DCLK_0:
            CLK: 22 MHz
            MIN_CLK: 711 MHz
            MAX_CLK: 1143 MHz
            DEEP_SLEEP: ENABLED
        DCLK_1:
            CLK: 22 MHz
            MIN_CLK: 711 MHz
            MAX_CLK: 1143 MHz
            DEEP_SLEEP: ENABLED
        DCLK_2:
            CLK: 22 MHz
            MIN_CLK: 711 MHz
            MAX_CLK: 1143 MHz
            DEEP_SLEEP: ENABLED
        DCLK_3:
            CLK: 22 MHz
            MIN_CLK: 711 MHz
            MAX_CLK: 1143 MHz
            DEEP_SLEEP: ENABLED
        FCLK_0:
            CLK: 1300 MHz
            MIN_CLK: 1300 MHz
            MAX_CLK: 1800 MHz
            DEEP_SLEEP: DISABLED
        SOCCLK_0:
            CLK: 30 MHz
            MIN_CLK: 889 MHz
            MAX_CLK: 1143 MHz
            DEEP_SLEEP: ENABLED

### 2026-09-18T11:37:00Z
GPU: 0
    CLOCK:
        GFX_0:
            CLK: 2101 MHz
            MIN_CLK: 500 MHz
            MAX_CLK: 2100 MHz
            CLK_LOCKED: DISABLED
            DEEP_SLEEP: DISABLED
        GFX_1:
            CLK: 2110 MHz
            MIN_CLK: 500 MHz
            MAX_CLK: 2100 MHz
            CLK_LOCKED: DISABLED
            DEEP_SLEEP: DISABLED
        GFX_2:
            CLK: 2101 MHz
            MIN_CLK: 500 MHz
            MAX_CLK: 2100 MHz
            CLK_LOCKED: DISABLED
            DEEP_SLEEP: DISABLED
        GFX_3:
            CLK: 2106 MHz
            MIN_CLK: 500 MHz
            MAX_CLK: 2100 MHz
            CLK_LOCKED: DISABLED
            DEEP_SLEEP: DISABLED
        GFX_4:
            CLK: 2103 MHz
            MIN_CLK: 500 MHz
            MAX_CLK: 2100 MHz
            CLK_LOCKED: DISABLED
            DEEP_SLEEP: DISABLED
        GFX_5:
            CLK: 2108 MHz
            MIN_CLK: 500 MHz
            MAX_CLK: 2100 MHz
            CLK_LOCKED: DISABLED
            DEEP_SLEEP: DISABLED
        GFX_6:
            CLK: 2095 MHz
            MIN_CLK: 500 MHz
            MAX_CLK: 2100 MHz
            CLK_LOCKED: DISABLED
            DEEP_SLEEP: DISABLED
        GFX_7:
            CLK: 2107 MHz
            MIN_CLK: 500 MHz
            MAX_CLK: 2100 MHz
            CLK_LOCKED: DISABLED
            DEEP_SLEEP: DISABLED
        MEM_0:
            CLK: 900 MHz
            MIN_CLK: 900 MHz
            MAX_CLK: 1300 MHz
            DEEP_SLEEP: DISABLED
        VCLK_0:
            CLK: 29 MHz
            MIN_CLK: 914 MHz
            MAX_CLK: 1333 MHz
            DEEP_SLEEP: ENABLED
        VCLK_1:
            CLK: 29 MHz
            MIN_CLK: 914 MHz
            MAX_CLK: 1333 MHz
            DEEP_SLEEP: ENABLED
        VCLK_2:
            CLK: 29 MHz
            MIN_CLK: 914 MHz
            MAX_CLK: 1333 MHz
            DEEP_SLEEP: ENABLED
        VCLK_3:
            CLK: 29 MHz
            MIN_CLK: 914 MHz
            MAX_CLK: 1333 MHz
            DEEP_SLEEP: ENABLED
        DCLK_0:
            CLK: 22 MHz
            MIN_CLK: 711 MHz
            MAX_CLK: 1143 MHz
            DEEP_SLEEP: ENABLED
        DCLK_1:
            CLK: 22 MHz
            MIN_CLK: 711 MHz
            MAX_CLK: 1143 MHz
            DEEP_SLEEP: ENABLED
        DCLK_2:
            CLK: 22 MHz
            MIN_CLK: 711 MHz
            MAX_CLK: 1143 MHz
            DEEP_SLEEP: ENABLED
        DCLK_3:
            CLK: 22 MHz
            MIN_CLK: 711 MHz
            MAX_CLK: 1143 MHz
            DEEP_SLEEP: ENABLED
        FCLK_0:
            CLK: 1300 MHz
            MIN_CLK: 1300 MHz
            MAX_CLK: 1800 MHz
            DEEP_SLEEP: DISABLED
        SOCCLK_0:
            CLK: 30 MHz
            MIN_CLK: 889 MHz
            MAX_CLK: 1143 MHz
            DEEP_SLEEP: ENABLED

### 2026-09-18T11:37:01Z
GPU: 0
    CLOCK:
        GFX_0:
            CLK: 2101 MHz
            MIN_CLK: 500 MHz
            MAX_CLK: 2100 MHz
            CLK_LOCKED: DISABLED
            DEEP_SLEEP: DISABLED
        GFX_1:
            CLK: 2109 MHz
            MIN_CLK: 500 MHz
            MAX_CLK: 2100 MHz
            CLK_LOCKED: DISABLED
            DEEP_SLEEP: DISABLED
        GFX_2:
            CLK: 2101 MHz
            MIN_CLK: 500 MHz
            MAX_CLK: 2100 MHz
            CLK_LOCKED: DISABLED
            DEEP_SLEEP: DISABLED
        GFX_3:
            CLK: 2106 MHz
            MIN_CLK: 500 MHz
            MAX_CLK: 2100 MHz
            CLK_LOCKED: DISABLED
            DEEP_SLEEP: DISABLED
        GFX_4:
            CLK: 2103 MHz
            MIN_CLK: 500 MHz
            MAX_CLK: 2100 MHz
            CLK_LOCKED: DISABLED
            DEEP_SLEEP: DISABLED
        GFX_5:
            CLK: 2108 MHz
            MIN_CLK: 500 MHz
            MAX_CLK: 2100 MHz
            CLK_LOCKED: DISABLED
            DEEP_SLEEP: DISABLED
        GFX_6:
            CLK: 2096 MHz
            MIN_CLK: 500 MHz
            MAX_CLK: 2100 MHz
            CLK_LOCKED: DISABLED
            DEEP_SLEEP: DISABLED
        GFX_7:
            CLK: 2107 MHz
            MIN_CLK: 500 MHz
            MAX_CLK: 2100 MHz
            CLK_LOCKED: DISABLED
            DEEP_SLEEP: DISABLED
        MEM_0:
            CLK: 900 MHz
            MIN_CLK: 900 MHz
            MAX_CLK: 1300 MHz
            DEEP_SLEEP: DISABLED
        VCLK_0:
            CLK: 29 MHz
            MIN_CLK: 914 MHz
            MAX_CLK: 1333 MHz
            DEEP_SLEEP: ENABLED
        VCLK_1:
            CLK: 29 MHz
            MIN_CLK: 914 MHz
            MAX_CLK: 1333 MHz
            DEEP_SLEEP: ENABLED
        VCLK_2:
            CLK: 29 MHz
            MIN_CLK: 914 MHz
            MAX_CLK: 1333 MHz
            DEEP_SLEEP: ENABLED
        VCLK_3:
            CLK: 29 MHz
            MIN_CLK: 914 MHz
            MAX_CLK: 1333 MHz
            DEEP_SLEEP: ENABLED
        DCLK_0:
            CLK: 22 MHz
            MIN_CLK: 711 MHz
            MAX_CLK: 1143 MHz
            DEEP_SLEEP: ENABLED
        DCLK_1:
            CLK: 22 MHz
            MIN_CLK: 711 MHz
            MAX_CLK: 1143 MHz
            DEEP_SLEEP: ENABLED
        DCLK_2:
            CLK: 22 MHz
            MIN_CLK: 711 MHz
            MAX_CLK: 1143 MHz
            DEEP_SLEEP: ENABLED
        DCLK_3:
            CLK: 22 MHz
            MIN_CLK: 711 MHz
            MAX_CLK: 1143 MHz
            DEEP_SLEEP: ENABLED
        FCLK_0:
            CLK: 1300 MHz
            MIN_CLK: 1300 MHz
            MAX_CLK: 1800 MHz
            DEEP_SLEEP: DISABLED
        SOCCLK_0:
            CLK: 30 MHz
            MIN_CLK: 889 MHz
            MAX_CLK: 1143 MHz
            DEEP_SLEEP: ENABLED

### 2026-09-18T11:37:02Z
GPU: 0
    CLOCK:
        GFX_0:
            CLK: 2101 MHz
            MIN_CLK: 500 MHz
            MAX_CLK: 2100 MHz
            CLK_LOCKED: DISABLED
            DEEP_SLEEP: DISABLED
        GFX_1:
            CLK: 2110 MHz
            MIN_CLK: 500 MHz
            MAX_CLK: 2100 MHz
            CLK_LOCKED: DISABLED
            DEEP_SLEEP: DISABLED
        GFX_2:
            CLK: 2101 MHz
            MIN_CLK: 500 MHz
            MAX_CLK: 2100 MHz
            CLK_LOCKED: DISABLED
            DEEP_SLEEP: DISABLED
        GFX_3:
            CLK: 2107 MHz
            MIN_CLK: 500 MHz
            MAX_CLK: 2100 MHz
            CLK_LOCKED: DISABLED
            DEEP_SLEEP: DISABLED
        GFX_4:
            CLK: 2102 MHz
            MIN_CLK: 500 MHz
            MAX_CLK: 2100 MHz
            CLK_LOCKED: DISABLED
            DEEP_SLEEP: DISABLED
        GFX_5:
            CLK: 2108 MHz
            MIN_CLK: 500 MHz
            MAX_CLK: 2100 MHz
            CLK_LOCKED: DISABLED
            DEEP_SLEEP: DISABLED
        GFX_6:
            CLK: 2096 MHz
            MIN_CLK: 500 MHz
            MAX_CLK: 2100 MHz
            CLK_LOCKED: DISABLED
            DEEP_SLEEP: DISABLED
        GFX_7:
            CLK: 2106 MHz
            MIN_CLK: 500 MHz
            MAX_CLK: 2100 MHz
            CLK_LOCKED: DISABLED
            DEEP_SLEEP: DISABLED
        MEM_0:
            CLK: 900 MHz
            MIN_CLK: 900 MHz
            MAX_CLK: 1300 MHz
            DEEP_SLEEP: DISABLED
        VCLK_0:
            CLK: 29 MHz
            MIN_CLK: 914 MHz
            MAX_CLK: 1333 MHz
            DEEP_SLEEP: ENABLED
        VCLK_1:
            CLK: 29 MHz
            MIN_CLK: 914 MHz
            MAX_CLK: 1333 MHz
            DEEP_SLEEP: ENABLED
        VCLK_2:
            CLK: 29 MHz
            MIN_CLK: 914 MHz
            MAX_CLK: 1333 MHz
            DEEP_SLEEP: ENABLED
        VCLK_3:
            CLK: 29 MHz
            MIN_CLK: 914 MHz
            MAX_CLK: 1333 MHz
            DEEP_SLEEP: ENABLED
        DCLK_0:
            CLK: 22 MHz
            MIN_CLK: 711 MHz
            MAX_CLK: 1143 MHz
            DEEP_SLEEP: ENABLED
        DCLK_1:
            CLK: 22 MHz
            MIN_CLK: 711 MHz
            MAX_CLK: 1143 MHz
            DEEP_SLEEP: ENABLED
        DCLK_2:
            CLK: 22 MHz
            MIN_CLK: 711 MHz
            MAX_CLK: 1143 MHz
            DEEP_SLEEP: ENABLED
        DCLK_3:
            CLK: 22 MHz
            MIN_CLK: 711 MHz
            MAX_CLK: 1143 MHz
            DEEP_SLEEP: ENABLED
        FCLK_0:
            CLK: 1300 MHz
            MIN_CLK: 1300 MHz
            MAX_CLK: 1800 MHz
            DEEP_SLEEP: DISABLED
        SOCCLK_0:
            CLK: 30 MHz
            MIN_CLK: 889 MHz
            MAX_CLK: 1143 MHz
            DEEP_SLEEP: ENABLED

### 2026-09-18T11:37:04Z
GPU: 0
    CLOCK:
        GFX_0:
            CLK: 2101 MHz
            MIN_CLK: 500 MHz
            MAX_CLK: 2100 MHz
            CLK_LOCKED: DISABLED
            DEEP_SLEEP: DISABLED
        GFX_1:
            CLK: 2109 MHz
            MIN_CLK: 500 MHz
            MAX_CLK: 2100 MHz
            CLK_LOCKED: DISABLED
            DEEP_SLEEP: DISABLED
        GFX_2:
            CLK: 2102 MHz
            MIN_CLK: 500 MHz
            MAX_CLK: 2100 MHz
            CLK_LOCKED: DISABLED
            DEEP_SLEEP: DISABLED
        GFX_3:
            CLK: 2107 MHz
            MIN_CLK: 500 MHz
            MAX_CLK: 2100 MHz
            CLK_LOCKED: DISABLED
            DEEP_SLEEP: DISABLED
        GFX_4:
            CLK: 2103 MHz
            MIN_CLK: 500 MHz
            MAX_CLK: 2100 MHz
            CLK_LOCKED: DISABLED
            DEEP_SLEEP: DISABLED
        GFX_5:
            CLK: 2108 MHz
            MIN_CLK: 500 MHz
            MAX_CLK: 2100 MHz
            CLK_LOCKED: DISABLED
            DEEP_SLEEP: DISABLED
        GFX_6:
            CLK: 2096 MHz
            MIN_CLK: 500 MHz
            MAX_CLK: 2100 MHz
            CLK_LOCKED: DISABLED
            DEEP_SLEEP: DISABLED
        GFX_7:
            CLK: 2108 MHz
            MIN_CLK: 500 MHz
            MAX_CLK: 2100 MHz
            CLK_LOCKED: DISABLED
            DEEP_SLEEP: DISABLED
        MEM_0:
            CLK: 900 MHz
            MIN_CLK: 900 MHz
            MAX_CLK: 1300 MHz
            DEEP_SLEEP: DISABLED
        VCLK_0:
            CLK: 29 MHz
            MIN_CLK: 914 MHz
            MAX_CLK: 1333 MHz
            DEEP_SLEEP: ENABLED
        VCLK_1:
            CLK: 29 MHz
            MIN_CLK: 914 MHz
            MAX_CLK: 1333 MHz
            DEEP_SLEEP: ENABLED
        VCLK_2:
            CLK: 29 MHz
            MIN_CLK: 914 MHz
            MAX_CLK: 1333 MHz
            DEEP_SLEEP: ENABLED
        VCLK_3:
            CLK: 29 MHz
            MIN_CLK: 914 MHz
            MAX_CLK: 1333 MHz
            DEEP_SLEEP: ENABLED
        DCLK_0:
            CLK: 22 MHz
            MIN_CLK: 711 MHz
            MAX_CLK: 1143 MHz
            DEEP_SLEEP: ENABLED
        DCLK_1:
            CLK: 22 MHz
            MIN_CLK: 711 MHz
            MAX_CLK: 1143 MHz
            DEEP_SLEEP: ENABLED
        DCLK_2:
            CLK: 22 MHz
            MIN_CLK: 711 MHz
            MAX_CLK: 1143 MHz
            DEEP_SLEEP: ENABLED
        DCLK_3:
            CLK: 22 MHz
            MIN_CLK: 711 MHz
            MAX_CLK: 1143 MHz
            DEEP_SLEEP: ENABLED
        FCLK_0:
            CLK: 1300 MHz
            MIN_CLK: 1300 MHz
            MAX_CLK: 1800 MHz
            DEEP_SLEEP: DISABLED
        SOCCLK_0:
            CLK: 32 MHz
            MIN_CLK: 889 MHz
            MAX_CLK: 1143 MHz
            DEEP_SLEEP: ENABLED

### 2026-09-18T11:37:05Z
GPU: 0
    CLOCK:
        GFX_0:
            CLK: 2101 MHz
            MIN_CLK: 500 MHz
            MAX_CLK: 2100 MHz
            CLK_LOCKED: DISABLED
            DEEP_SLEEP: DISABLED
        GFX_1:
            CLK: 2110 MHz
            MIN_CLK: 500 MHz
            MAX_CLK: 2100 MHz
            CLK_LOCKED: DISABLED
            DEEP_SLEEP: DISABLED
        GFX_2:
            CLK: 2101 MHz
            MIN_CLK: 500 MHz
            MAX_CLK: 2100 MHz
            CLK_LOCKED: DISABLED
            DEEP_SLEEP: DISABLED
        GFX_3:
            CLK: 2107 MHz
            MIN_CLK: 500 MHz
            MAX_CLK: 2100 MHz
            CLK_LOCKED: DISABLED
            DEEP_SLEEP: DISABLED
        GFX_4:
            CLK: 2103 MHz
            MIN_CLK: 500 MHz
            MAX_CLK: 2100 MHz
            CLK_LOCKED: DISABLED
            DEEP_SLEEP: DISABLED
        GFX_5:
            CLK: 2109 MHz
            MIN_CLK: 500 MHz
            MAX_CLK: 2100 MHz
            CLK_LOCKED: DISABLED
            DEEP_SLEEP: DISABLED
        GFX_6:
            CLK: 2096 MHz
            MIN_CLK: 500 MHz
            MAX_CLK: 2100 MHz
            CLK_LOCKED: DISABLED
            DEEP_SLEEP: DISABLED
        GFX_7:
            CLK: 2107 MHz
            MIN_CLK: 500 MHz
            MAX_CLK: 2100 MHz
            CLK_LOCKED: DISABLED
            DEEP_SLEEP: DISABLED
        MEM_0:
            CLK: 900 MHz
            MIN_CLK: 900 MHz
            MAX_CLK: 1300 MHz
            DEEP_SLEEP: DISABLED
        VCLK_0:
            CLK: 29 MHz
            MIN_CLK: 914 MHz
            MAX_CLK: 1333 MHz
            DEEP_SLEEP: ENABLED
        VCLK_1:
            CLK: 29 MHz
            MIN_CLK: 914 MHz
            MAX_CLK: 1333 MHz
            DEEP_SLEEP: ENABLED
        VCLK_2:
            CLK: 29 MHz
            MIN_CLK: 914 MHz
            MAX_CLK: 1333 MHz
            DEEP_SLEEP: ENABLED
        VCLK_3:
            CLK: 29 MHz
            MIN_CLK: 914 MHz
            MAX_CLK: 1333 MHz
            DEEP_SLEEP: ENABLED
        DCLK_0:
            CLK: 22 MHz
            MIN_CLK: 711 MHz
            MAX_CLK: 1143 MHz
            DEEP_SLEEP: ENABLED
        DCLK_1:
            CLK: 22 MHz
            MIN_CLK: 711 MHz
            MAX_CLK: 1143 MHz
            DEEP_SLEEP: ENABLED
        DCLK_2:
            CLK: 22 MHz
            MIN_CLK: 711 MHz
            MAX_CLK: 1143 MHz
            DEEP_SLEEP: ENABLED
        DCLK_3:
            CLK: 22 MHz
            MIN_CLK: 711 MHz
            MAX_CLK: 1143 MHz
            DEEP_SLEEP: ENABLED
        FCLK_0:
            CLK: 1300 MHz
            MIN_CLK: 1300 MHz
            MAX_CLK: 1800 MHz
            DEEP_SLEEP: DISABLED
        SOCCLK_0:
            CLK: 30 MHz
            MIN_CLK: 889 MHz
            MAX_CLK: 1143 MHz
            DEEP_SLEEP: ENABLED

### 2026-09-18T11:37:06Z
GPU: 0
    CLOCK:
        GFX_0:
            CLK: 2101 MHz
            MIN_CLK: 500 MHz
            MAX_CLK: 2100 MHz
            CLK_LOCKED: DISABLED
            DEEP_SLEEP: DISABLED
        GFX_1:
            CLK: 2110 MHz
            MIN_CLK: 500 MHz
            MAX_CLK: 2100 MHz
            CLK_LOCKED: DISABLED
            DEEP_SLEEP: DISABLED
        GFX_2:
            CLK: 2102 MHz
            MIN_CLK: 500 MHz
            MAX_CLK: 2100 MHz
            CLK_LOCKED: DISABLED
            DEEP_SLEEP: DISABLED
        GFX_3:
            CLK: 2106 MHz
            MIN_CLK: 500 MHz
            MAX_CLK: 2100 MHz
            CLK_LOCKED: DISABLED
            DEEP_SLEEP: DISABLED
        GFX_4:
            CLK: 2103 MHz
            MIN_CLK: 500 MHz
            MAX_CLK: 2100 MHz
            CLK_LOCKED: DISABLED
            DEEP_SLEEP: DISABLED
        GFX_5:
            CLK: 2108 MHz
            MIN_CLK: 500 MHz
            MAX_CLK: 2100 MHz
            CLK_LOCKED: DISABLED
            DEEP_SLEEP: DISABLED
        GFX_6:
            CLK: 2096 MHz
            MIN_CLK: 500 MHz
            MAX_CLK: 2100 MHz
            CLK_LOCKED: DISABLED
            DEEP_SLEEP: DISABLED
        GFX_7:
            CLK: 2108 MHz
            MIN_CLK: 500 MHz
            MAX_CLK: 2100 MHz
            CLK_LOCKED: DISABLED
            DEEP_SLEEP: DISABLED
        MEM_0:
            CLK: 900 MHz
            MIN_CLK: 900 MHz
            MAX_CLK: 1300 MHz
            DEEP_SLEEP: DISABLED
        VCLK_0:
            CLK: 29 MHz
            MIN_CLK: 914 MHz
            MAX_CLK: 1333 MHz
            DEEP_SLEEP: ENABLED
        VCLK_1:
            CLK: 29 MHz
            MIN_CLK: 914 MHz
            MAX_CLK: 1333 MHz
            DEEP_SLEEP: ENABLED
        VCLK_2:
            CLK: 29 MHz
            MIN_CLK: 914 MHz
            MAX_CLK: 1333 MHz
            DEEP_SLEEP: ENABLED
        VCLK_3:
            CLK: 29 MHz
            MIN_CLK: 914 MHz
            MAX_CLK: 1333 MHz
            DEEP_SLEEP: ENABLED
        DCLK_0:
            CLK: 22 MHz
            MIN_CLK: 711 MHz
            MAX_CLK: 1143 MHz
            DEEP_SLEEP: ENABLED
        DCLK_1:
            CLK: 22 MHz
            MIN_CLK: 711 MHz
            MAX_CLK: 1143 MHz
            DEEP_SLEEP: ENABLED
        DCLK_2:
            CLK: 22 MHz
            MIN_CLK: 711 MHz
            MAX_CLK: 1143 MHz
            DEEP_SLEEP: ENABLED
        DCLK_3:
            CLK: 22 MHz
            MIN_CLK: 711 MHz
            MAX_CLK: 1143 MHz
            DEEP_SLEEP: ENABLED
        FCLK_0:
            CLK: 1300 MHz
            MIN_CLK: 1300 MHz
            MAX_CLK: 1800 MHz
            DEEP_SLEEP: DISABLED
        SOCCLK_0:
            CLK: 30 MHz
            MIN_CLK: 889 MHz
            MAX_CLK: 1143 MHz
            DEEP_SLEEP: ENABLED

### 2026-09-18T11:37:07Z
GPU: 0
    CLOCK:
        GFX_0:
            CLK: 2102 MHz
            MIN_CLK: 500 MHz
            MAX_CLK: 2100 MHz
            CLK_LOCKED: DISABLED
            DEEP_SLEEP: DISABLED
        GFX_1:
            CLK: 2110 MHz
            MIN_CLK: 500 MHz
            MAX_CLK: 2100 MHz
            CLK_LOCKED: DISABLED
            DEEP_SLEEP: DISABLED
        GFX_2:
            CLK: 2101 MHz
            MIN_CLK: 500 MHz
            MAX_CLK: 2100 MHz
            CLK_LOCKED: DISABLED
            DEEP_SLEEP: DISABLED
        GFX_3:
            CLK: 2107 MHz
            MIN_CLK: 500 MHz
            MAX_CLK: 2100 MHz
            CLK_LOCKED: DISABLED
            DEEP_SLEEP: DISABLED
        GFX_4:
            CLK: 2103 MHz
            MIN_CLK: 500 MHz
            MAX_CLK: 2100 MHz
            CLK_LOCKED: DISABLED
            DEEP_SLEEP: DISABLED
        GFX_5:
            CLK: 2109 MHz
            MIN_CLK: 500 MHz
            MAX_CLK: 2100 MHz
            CLK_LOCKED: DISABLED
            DEEP_SLEEP: DISABLED
        GFX_6:
            CLK: 2096 MHz
            MIN_CLK: 500 MHz
            MAX_CLK: 2100 MHz
            CLK_LOCKED: DISABLED
            DEEP_SLEEP: DISABLED
        GFX_7:
            CLK: 2107 MHz
            MIN_CLK: 500 MHz
            MAX_CLK: 2100 MHz
            CLK_LOCKED: DISABLED
            DEEP_SLEEP: DISABLED
        MEM_0:
            CLK: 900 MHz
            MIN_CLK: 900 MHz
            MAX_CLK: 1300 MHz
            DEEP_SLEEP: DISABLED
        VCLK_0:
            CLK: 29 MHz
            MIN_CLK: 914 MHz
            MAX_CLK: 1333 MHz
            DEEP_SLEEP: ENABLED
        VCLK_1:
            CLK: 29 MHz
            MIN_CLK: 914 MHz
            MAX_CLK: 1333 MHz
            DEEP_SLEEP: ENABLED
        VCLK_2:
            CLK: 29 MHz
            MIN_CLK: 914 MHz
            MAX_CLK: 1333 MHz
            DEEP_SLEEP: ENABLED
        VCLK_3:
            CLK: 29 MHz
            MIN_CLK: 914 MHz
            MAX_CLK: 1333 MHz
            DEEP_SLEEP: ENABLED
        DCLK_0:
            CLK: 22 MHz
            MIN_CLK: 711 MHz
            MAX_CLK: 1143 MHz
            DEEP_SLEEP: ENABLED
        DCLK_1:
            CLK: 22 MHz
            MIN_CLK: 711 MHz
            MAX_CLK: 1143 MHz
            DEEP_SLEEP: ENABLED
        DCLK_2:
            CLK: 22 MHz
            MIN_CLK: 711 MHz
            MAX_CLK: 1143 MHz
            DEEP_SLEEP: ENABLED
        DCLK_3:
            CLK: 22 MHz
            MIN_CLK: 711 MHz
            MAX_CLK: 1143 MHz
            DEEP_SLEEP: ENABLED
        FCLK_0:
            CLK: 1300 MHz
            MIN_CLK: 1300 MHz
            MAX_CLK: 1800 MHz
            DEEP_SLEEP: DISABLED
        SOCCLK_0:
            CLK: 30 MHz
            MIN_CLK: 889 MHz
            MAX_CLK: 1143 MHz
            DEEP_SLEEP: ENABLED

### 2026-09-18T11:37:09Z
GPU: 0
    CLOCK:
        GFX_0:
            CLK: 2102 MHz
            MIN_CLK: 500 MHz
            MAX_CLK: 2100 MHz
            CLK_LOCKED: DISABLED
            DEEP_SLEEP: DISABLED
        GFX_1:
            CLK: 2110 MHz
            MIN_CLK: 500 MHz
            MAX_CLK: 2100 MHz
            CLK_LOCKED: DISABLED
            DEEP_SLEEP: DISABLED
        GFX_2:
            CLK: 2101 MHz
            MIN_CLK: 500 MHz
            MAX_CLK: 2100 MHz
            CLK_LOCKED: DISABLED
            DEEP_SLEEP: DISABLED
        GFX_3:
            CLK: 2107 MHz
            MIN_CLK: 500 MHz
            MAX_CLK: 2100 MHz
            CLK_LOCKED: DISABLED
            DEEP_SLEEP: DISABLED
        GFX_4:
            CLK: 2103 MHz
            MIN_CLK: 500 MHz
            MAX_CLK: 2100 MHz
            CLK_LOCKED: DISABLED
            DEEP_SLEEP: DISABLED
        GFX_5:
            CLK: 2109 MHz
            MIN_CLK: 500 MHz
            MAX_CLK: 2100 MHz
            CLK_LOCKED: DISABLED
            DEEP_SLEEP: DISABLED
        GFX_6:
            CLK: 2096 MHz
            MIN_CLK: 500 MHz
            MAX_CLK: 2100 MHz
            CLK_LOCKED: DISABLED
            DEEP_SLEEP: DISABLED
        GFX_7:
            CLK: 2107 MHz
            MIN_CLK: 500 MHz
            MAX_CLK: 2100 MHz
            CLK_LOCKED: DISABLED
            DEEP_SLEEP: DISABLED
        MEM_0:
            CLK: 900 MHz
            MIN_CLK: 900 MHz
            MAX_CLK: 1300 MHz
            DEEP_SLEEP: DISABLED
        VCLK_0:
            CLK: 29 MHz
            MIN_CLK: 914 MHz
            MAX_CLK: 1333 MHz
            DEEP_SLEEP: ENABLED
        VCLK_1:
            CLK: 29 MHz
            MIN_CLK: 914 MHz
            MAX_CLK: 1333 MHz
            DEEP_SLEEP: ENABLED
        VCLK_2:
            CLK: 29 MHz
            MIN_CLK: 914 MHz
            MAX_CLK: 1333 MHz
            DEEP_SLEEP: ENABLED
        VCLK_3:
            CLK: 29 MHz
            MIN_CLK: 914 MHz
            MAX_CLK: 1333 MHz
            DEEP_SLEEP: ENABLED
        DCLK_0:
            CLK: 22 MHz
            MIN_CLK: 711 MHz
            MAX_CLK: 1143 MHz
            DEEP_SLEEP: ENABLED
        DCLK_1:
            CLK: 22 MHz
            MIN_CLK: 711 MHz
            MAX_CLK: 1143 MHz
            DEEP_SLEEP: ENABLED
        DCLK_2:
            CLK: 22 MHz
            MIN_CLK: 711 MHz
            MAX_CLK: 1143 MHz
            DEEP_SLEEP: ENABLED
        DCLK_3:
            CLK: 22 MHz
            MIN_CLK: 711 MHz
            MAX_CLK: 1143 MHz
            DEEP_SLEEP: ENABLED
        FCLK_0:
            CLK: 1300 MHz
            MIN_CLK: 1300 MHz
            MAX_CLK: 1800 MHz
            DEEP_SLEEP: DISABLED
        SOCCLK_0:
            CLK: 30 MHz
            MIN_CLK: 889 MHz
            MAX_CLK: 1143 MHz
            DEEP_SLEEP: ENABLED

### 2026-09-18T11:37:10Z
GPU: 0
    CLOCK:
        GFX_0:
            CLK: 2102 MHz
            MIN_CLK: 500 MHz
            MAX_CLK: 2100 MHz
            CLK_LOCKED: DISABLED
            DEEP_SLEEP: DISABLED
        GFX_1:
            CLK: 2111 MHz
            MIN_CLK: 500 MHz
            MAX_CLK: 2100 MHz
            CLK_LOCKED: DISABLED
            DEEP_SLEEP: DISABLED
        GFX_2:
            CLK: 2101 MHz
            MIN_CLK: 500 MHz
            MAX_CLK: 2100 MHz
            CLK_LOCKED: DISABLED
            DEEP_SLEEP: DISABLED
        GFX_3:
            CLK: 2107 MHz
            MIN_CLK: 500 MHz
            MAX_CLK: 2100 MHz
            CLK_LOCKED: DISABLED
            DEEP_SLEEP: DISABLED
        GFX_4:
            CLK: 2102 MHz
            MIN_CLK: 500 MHz
            MAX_CLK: 2100 MHz
            CLK_LOCKED: DISABLED
            DEEP_SLEEP: DISABLED
        GFX_5:
            CLK: 2109 MHz
            MIN_CLK: 500 MHz
            MAX_CLK: 2100 MHz
            CLK_LOCKED: DISABLED
            DEEP_SLEEP: DISABLED
        GFX_6:
            CLK: 2096 MHz
            MIN_CLK: 500 MHz
            MAX_CLK: 2100 MHz
            CLK_LOCKED: DISABLED
            DEEP_SLEEP: DISABLED
        GFX_7:
            CLK: 2107 MHz
            MIN_CLK: 500 MHz
            MAX_CLK: 2100 MHz
            CLK_LOCKED: DISABLED
            DEEP_SLEEP: DISABLED
        MEM_0:
            CLK: 900 MHz
            MIN_CLK: 900 MHz
            MAX_CLK: 1300 MHz
            DEEP_SLEEP: DISABLED
        VCLK_0:
            CLK: 29 MHz
            MIN_CLK: 914 MHz
            MAX_CLK: 1333 MHz
            DEEP_SLEEP: ENABLED
        VCLK_1:
            CLK: 29 MHz
            MIN_CLK: 914 MHz
            MAX_CLK: 1333 MHz
            DEEP_SLEEP: ENABLED
        VCLK_2:
            CLK: 29 MHz
            MIN_CLK: 914 MHz
            MAX_CLK: 1333 MHz
            DEEP_SLEEP: ENABLED
        VCLK_3:
            CLK: 29 MHz
            MIN_CLK: 914 MHz
            MAX_CLK: 1333 MHz
            DEEP_SLEEP: ENABLED
        DCLK_0:
            CLK: 22 MHz
            MIN_CLK: 711 MHz
            MAX_CLK: 1143 MHz
            DEEP_SLEEP: ENABLED
        DCLK_1:
            CLK: 22 MHz
            MIN_CLK: 711 MHz
            MAX_CLK: 1143 MHz
            DEEP_SLEEP: ENABLED
        DCLK_2:
            CLK: 22 MHz
            MIN_CLK: 711 MHz
            MAX_CLK: 1143 MHz
            DEEP_SLEEP: ENABLED
        DCLK_3:
            CLK: 22 MHz
            MIN_CLK: 711 MHz
            MAX_CLK: 1143 MHz
            DEEP_SLEEP: ENABLED
        FCLK_0:
            CLK: 1300 MHz
            MIN_CLK: 1300 MHz
            MAX_CLK: 1800 MHz
            DEEP_SLEEP: DISABLED
        SOCCLK_0:
            CLK: 30 MHz
            MIN_CLK: 889 MHz
            MAX_CLK: 1143 MHz
            DEEP_SLEEP: ENABLED

### 2026-09-18T11:37:11Z
GPU: 0
    CLOCK:
        GFX_0:
            CLK: 2102 MHz
            MIN_CLK: 500 MHz
            MAX_CLK: 2100 MHz
            CLK_LOCKED: DISABLED
            DEEP_SLEEP: DISABLED
        GFX_1:
            CLK: 2110 MHz
            MIN_CLK: 500 MHz
            MAX_CLK: 2100 MHz
            CLK_LOCKED: DISABLED
            DEEP_SLEEP: DISABLED
        GFX_2:
            CLK: 2101 MHz
            MIN_CLK: 500 MHz
            MAX_CLK: 2100 MHz
            CLK_LOCKED: DISABLED
            DEEP_SLEEP: DISABLED
        GFX_3:
            CLK: 2107 MHz
            MIN_CLK: 500 MHz
            MAX_CLK: 2100 MHz
            CLK_LOCKED: DISABLED
            DEEP_SLEEP: DISABLED
        GFX_4:
            CLK: 2102 MHz
            MIN_CLK: 500 MHz
            MAX_CLK: 2100 MHz
            CLK_LOCKED: DISABLED
            DEEP_SLEEP: DISABLED
        GFX_5:
            CLK: 2108 MHz
            MIN_CLK: 500 MHz
            MAX_CLK: 2100 MHz
            CLK_LOCKED: DISABLED
            DEEP_SLEEP: DISABLED
        GFX_6:
            CLK: 2096 MHz
            MIN_CLK: 500 MHz
            MAX_CLK: 2100 MHz
            CLK_LOCKED: DISABLED
            DEEP_SLEEP: DISABLED
        GFX_7:
            CLK: 2107 MHz
            MIN_CLK: 500 MHz
            MAX_CLK: 2100 MHz
            CLK_LOCKED: DISABLED
            DEEP_SLEEP: DISABLED
        MEM_0:
            CLK: 900 MHz
            MIN_CLK: 900 MHz
            MAX_CLK: 1300 MHz
            DEEP_SLEEP: DISABLED
        VCLK_0:
            CLK: 29 MHz
            MIN_CLK: 914 MHz
            MAX_CLK: 1333 MHz
            DEEP_SLEEP: ENABLED
        VCLK_1:
            CLK: 29 MHz
            MIN_CLK: 914 MHz
            MAX_CLK: 1333 MHz
            DEEP_SLEEP: ENABLED
        VCLK_2:
            CLK: 29 MHz
            MIN_CLK: 914 MHz
            MAX_CLK: 1333 MHz
            DEEP_SLEEP: ENABLED
        VCLK_3:
            CLK: 29 MHz
            MIN_CLK: 914 MHz
            MAX_CLK: 1333 MHz
            DEEP_SLEEP: ENABLED
        DCLK_0:
            CLK: 22 MHz
            MIN_CLK: 711 MHz
            MAX_CLK: 1143 MHz
            DEEP_SLEEP: ENABLED
        DCLK_1:
            CLK: 22 MHz
            MIN_CLK: 711 MHz
            MAX_CLK: 1143 MHz
            DEEP_SLEEP: ENABLED
        DCLK_2:
            CLK: 22 MHz
            MIN_CLK: 711 MHz
            MAX_CLK: 1143 MHz
            DEEP_SLEEP: ENABLED
        DCLK_3:
            CLK: 22 MHz
            MIN_CLK: 711 MHz
            MAX_CLK: 1143 MHz
            DEEP_SLEEP: ENABLED
        FCLK_0:
            CLK: 1300 MHz
            MIN_CLK: 1300 MHz
            MAX_CLK: 1800 MHz
            DEEP_SLEEP: DISABLED
        SOCCLK_0:
            CLK: 30 MHz
            MIN_CLK: 889 MHz
            MAX_CLK: 1143 MHz
            DEEP_SLEEP: ENABLED

### 2026-09-18T11:37:12Z
GPU: 0
    CLOCK:
        GFX_0:
            CLK: 2102 MHz
            MIN_CLK: 500 MHz
            MAX_CLK: 2100 MHz
            CLK_LOCKED: DISABLED
            DEEP_SLEEP: DISABLED
        GFX_1:
            CLK: 2111 MHz
            MIN_CLK: 500 MHz
            MAX_CLK: 2100 MHz
            CLK_LOCKED: DISABLED
            DEEP_SLEEP: DISABLED
        GFX_2:
            CLK: 2101 MHz
            MIN_CLK: 500 MHz
            MAX_CLK: 2100 MHz
            CLK_LOCKED: DISABLED
            DEEP_SLEEP: DISABLED
        GFX_3:
            CLK: 2107 MHz
            MIN_CLK: 500 MHz
            MAX_CLK: 2100 MHz
            CLK_LOCKED: DISABLED
            DEEP_SLEEP: DISABLED
        GFX_4:
            CLK: 2103 MHz
            MIN_CLK: 500 MHz
            MAX_CLK: 2100 MHz
            CLK_LOCKED: DISABLED
            DEEP_SLEEP: DISABLED
        GFX_5:
            CLK: 2109 MHz
            MIN_CLK: 500 MHz
            MAX_CLK: 2100 MHz
            CLK_LOCKED: DISABLED
            DEEP_SLEEP: DISABLED
        GFX_6:
            CLK: 2095 MHz
            MIN_CLK: 500 MHz
            MAX_CLK: 2100 MHz
            CLK_LOCKED: DISABLED
            DEEP_SLEEP: DISABLED
        GFX_7:
            CLK: 2107 MHz
            MIN_CLK: 500 MHz
            MAX_CLK: 2100 MHz
            CLK_LOCKED: DISABLED
            DEEP_SLEEP: DISABLED
        MEM_0:
            CLK: 900 MHz
            MIN_CLK: 900 MHz
            MAX_CLK: 1300 MHz
            DEEP_SLEEP: DISABLED
        VCLK_0:
            CLK: 29 MHz
            MIN_CLK: 914 MHz
            MAX_CLK: 1333 MHz
            DEEP_SLEEP: ENABLED
        VCLK_1:
            CLK: 29 MHz
            MIN_CLK: 914 MHz
            MAX_CLK: 1333 MHz
            DEEP_SLEEP: ENABLED
        VCLK_2:
            CLK: 29 MHz
            MIN_CLK: 914 MHz
            MAX_CLK: 1333 MHz
            DEEP_SLEEP: ENABLED
        VCLK_3:
            CLK: 29 MHz
            MIN_CLK: 914 MHz
            MAX_CLK: 1333 MHz
            DEEP_SLEEP: ENABLED
        DCLK_0:
            CLK: 22 MHz
            MIN_CLK: 711 MHz
            MAX_CLK: 1143 MHz
            DEEP_SLEEP: ENABLED
        DCLK_1:
            CLK: 22 MHz
            MIN_CLK: 711 MHz
            MAX_CLK: 1143 MHz
            DEEP_SLEEP: ENABLED
        DCLK_2:
            CLK: 22 MHz
            MIN_CLK: 711 MHz
            MAX_CLK: 1143 MHz
            DEEP_SLEEP: ENABLED
        DCLK_3:
            CLK: 22 MHz
            MIN_CLK: 711 MHz
            MAX_CLK: 1143 MHz
            DEEP_SLEEP: ENABLED
        FCLK_0:
            CLK: 1300 MHz
            MIN_CLK: 1300 MHz
            MAX_CLK: 1800 MHz
            DEEP_SLEEP: DISABLED
        SOCCLK_0:
            CLK: 30 MHz
            MIN_CLK: 889 MHz
            MAX_CLK: 1143 MHz
            DEEP_SLEEP: ENABLED

### 2026-09-18T11:37:14Z
GPU: 0
    CLOCK:
        GFX_0:
            CLK: 2102 MHz
            MIN_CLK: 500 MHz
            MAX_CLK: 2100 MHz
            CLK_LOCKED: DISABLED
            DEEP_SLEEP: DISABLED
        GFX_1:
            CLK: 2111 MHz
            MIN_CLK: 500 MHz
            MAX_CLK: 2100 MHz
            CLK_LOCKED: DISABLED
            DEEP_SLEEP: DISABLED
        GFX_2:
            CLK: 2102 MHz
            MIN_CLK: 500 MHz
            MAX_CLK: 2100 MHz
            CLK_LOCKED: DISABLED
            DEEP_SLEEP: DISABLED
        GFX_3:
            CLK: 2106 MHz
            MIN_CLK: 500 MHz
            MAX_CLK: 2100 MHz
            CLK_LOCKED: DISABLED
            DEEP_SLEEP: DISABLED
        GFX_4:
            CLK: 2103 MHz
            MIN_CLK: 500 MHz
            MAX_CLK: 2100 MHz
            CLK_LOCKED: DISABLED
            DEEP_SLEEP: DISABLED
        GFX_5:
            CLK: 2108 MHz
            MIN_CLK: 500 MHz
            MAX_CLK: 2100 MHz
            CLK_LOCKED: DISABLED
            DEEP_SLEEP: DISABLED
        GFX_6:
            CLK: 2096 MHz
            MIN_CLK: 500 MHz
            MAX_CLK: 2100 MHz
            CLK_LOCKED: DISABLED
            DEEP_SLEEP: DISABLED
        GFX_7:
            CLK: 2107 MHz
            MIN_CLK: 500 MHz
            MAX_CLK: 2100 MHz
            CLK_LOCKED: DISABLED
            DEEP_SLEEP: DISABLED
        MEM_0:
            CLK: 900 MHz
            MIN_CLK: 900 MHz
            MAX_CLK: 1300 MHz
            DEEP_SLEEP: DISABLED
        VCLK_0:
            CLK: 29 MHz
            MIN_CLK: 914 MHz
            MAX_CLK: 1333 MHz
            DEEP_SLEEP: ENABLED
        VCLK_1:
            CLK: 29 MHz
            MIN_CLK: 914 MHz
            MAX_CLK: 1333 MHz
            DEEP_SLEEP: ENABLED
        VCLK_2:
            CLK: 29 MHz
            MIN_CLK: 914 MHz
            MAX_CLK: 1333 MHz
            DEEP_SLEEP: ENABLED
        VCLK_3:
            CLK: 29 MHz
            MIN_CLK: 914 MHz
            MAX_CLK: 1333 MHz
            DEEP_SLEEP: ENABLED
        DCLK_0:
            CLK: 22 MHz
            MIN_CLK: 711 MHz
            MAX_CLK: 1143 MHz
            DEEP_SLEEP: ENABLED
        DCLK_1:
            CLK: 22 MHz
            MIN_CLK: 711 MHz
            MAX_CLK: 1143 MHz
            DEEP_SLEEP: ENABLED
        DCLK_2:
            CLK: 22 MHz
            MIN_CLK: 711 MHz
            MAX_CLK: 1143 MHz
            DEEP_SLEEP: ENABLED
        DCLK_3:
            CLK: 22 MHz
            MIN_CLK: 711 MHz
            MAX_CLK: 1143 MHz
            DEEP_SLEEP: ENABLED
        FCLK_0:
            CLK: 1300 MHz
            MIN_CLK: 1300 MHz
            MAX_CLK: 1800 MHz
            DEEP_SLEEP: DISABLED
        SOCCLK_0:
            CLK: 41 MHz
            MIN_CLK: 889 MHz
            MAX_CLK: 1143 MHz
            DEEP_SLEEP: ENABLED

### 2026-09-18T11:37:15Z
GPU: 0
    CLOCK:
        GFX_0:
            CLK: 2102 MHz
            MIN_CLK: 500 MHz
            MAX_CLK: 2100 MHz
            CLK_LOCKED: DISABLED
            DEEP_SLEEP: DISABLED
        GFX_1:
            CLK: 2111 MHz
            MIN_CLK: 500 MHz
            MAX_CLK: 2100 MHz
            CLK_LOCKED: DISABLED
            DEEP_SLEEP: DISABLED
        GFX_2:
            CLK: 2102 MHz
            MIN_CLK: 500 MHz
            MAX_CLK: 2100 MHz
            CLK_LOCKED: DISABLED
            DEEP_SLEEP: DISABLED
        GFX_3:
            CLK: 2107 MHz
            MIN_CLK: 500 MHz
            MAX_CLK: 2100 MHz
            CLK_LOCKED: DISABLED
            DEEP_SLEEP: DISABLED
        GFX_4:
            CLK: 2103 MHz
            MIN_CLK: 500 MHz
            MAX_CLK: 2100 MHz
            CLK_LOCKED: DISABLED
            DEEP_SLEEP: DISABLED
        GFX_5:
            CLK: 2109 MHz
            MIN_CLK: 500 MHz
            MAX_CLK: 2100 MHz
            CLK_LOCKED: DISABLED
            DEEP_SLEEP: DISABLED
        GFX_6:
            CLK: 2096 MHz
            MIN_CLK: 500 MHz
            MAX_CLK: 2100 MHz
            CLK_LOCKED: DISABLED
            DEEP_SLEEP: DISABLED
        GFX_7:
            CLK: 2107 MHz
            MIN_CLK: 500 MHz
            MAX_CLK: 2100 MHz
            CLK_LOCKED: DISABLED
            DEEP_SLEEP: DISABLED
        MEM_0:
            CLK: 900 MHz
            MIN_CLK: 900 MHz
            MAX_CLK: 1300 MHz
            DEEP_SLEEP: DISABLED
        VCLK_0:
            CLK: 29 MHz
            MIN_CLK: 914 MHz
            MAX_CLK: 1333 MHz
            DEEP_SLEEP: ENABLED
        VCLK_1:
            CLK: 29 MHz
            MIN_CLK: 914 MHz
            MAX_CLK: 1333 MHz
            DEEP_SLEEP: ENABLED
        VCLK_2:
            CLK: 29 MHz
            MIN_CLK: 914 MHz
            MAX_CLK: 1333 MHz
            DEEP_SLEEP: ENABLED
        VCLK_3:
            CLK: 29 MHz
            MIN_CLK: 914 MHz
            MAX_CLK: 1333 MHz
            DEEP_SLEEP: ENABLED
        DCLK_0:
            CLK: 22 MHz
            MIN_CLK: 711 MHz
            MAX_CLK: 1143 MHz
            DEEP_SLEEP: ENABLED
        DCLK_1:
            CLK: 22 MHz
            MIN_CLK: 711 MHz
            MAX_CLK: 1143 MHz
            DEEP_SLEEP: ENABLED
        DCLK_2:
            CLK: 22 MHz
            MIN_CLK: 711 MHz
            MAX_CLK: 1143 MHz
            DEEP_SLEEP: ENABLED
        DCLK_3:
            CLK: 22 MHz
            MIN_CLK: 711 MHz
            MAX_CLK: 1143 MHz
            DEEP_SLEEP: ENABLED
        FCLK_0:
            CLK: 1300 MHz
            MIN_CLK: 1300 MHz
            MAX_CLK: 1800 MHz
            DEEP_SLEEP: DISABLED
        SOCCLK_0:
            CLK: 30 MHz
            MIN_CLK: 889 MHz
            MAX_CLK: 1143 MHz
            DEEP_SLEEP: ENABLED

### 2026-09-18T11:37:16Z
GPU: 0
    CLOCK:
        GFX_0:
            CLK: 2102 MHz
            MIN_CLK: 500 MHz
            MAX_CLK: 2100 MHz
            CLK_LOCKED: DISABLED
            DEEP_SLEEP: DISABLED
        GFX_1:
            CLK: 2111 MHz
            MIN_CLK: 500 MHz
            MAX_CLK: 2100 MHz
            CLK_LOCKED: DISABLED
            DEEP_SLEEP: DISABLED
        GFX_2:
            CLK: 2102 MHz
            MIN_CLK: 500 MHz
            MAX_CLK: 2100 MHz
            CLK_LOCKED: DISABLED
            DEEP_SLEEP: DISABLED
        GFX_3:
            CLK: 2106 MHz
            MIN_CLK: 500 MHz
            MAX_CLK: 2100 MHz
            CLK_LOCKED: DISABLED
            DEEP_SLEEP: DISABLED
        GFX_4:
            CLK: 2103 MHz
            MIN_CLK: 500 MHz
            MAX_CLK: 2100 MHz
            CLK_LOCKED: DISABLED
            DEEP_SLEEP: DISABLED
        GFX_5:
            CLK: 2109 MHz
            MIN_CLK: 500 MHz
            MAX_CLK: 2100 MHz
            CLK_LOCKED: DISABLED
            DEEP_SLEEP: DISABLED
        GFX_6:
            CLK: 2095 MHz
            MIN_CLK: 500 MHz
            MAX_CLK: 2100 MHz
            CLK_LOCKED: DISABLED
            DEEP_SLEEP: DISABLED
        GFX_7:
            CLK: 2107 MHz
            MIN_CLK: 500 MHz
            MAX_CLK: 2100 MHz
            CLK_LOCKED: DISABLED
            DEEP_SLEEP: DISABLED
        MEM_0:
            CLK: 900 MHz
            MIN_CLK: 900 MHz
            MAX_CLK: 1300 MHz
            DEEP_SLEEP: DISABLED
        VCLK_0:
            CLK: 29 MHz
            MIN_CLK: 914 MHz
            MAX_CLK: 1333 MHz
            DEEP_SLEEP: ENABLED
        VCLK_1:
            CLK: 29 MHz
            MIN_CLK: 914 MHz
            MAX_CLK: 1333 MHz
            DEEP_SLEEP: ENABLED
        VCLK_2:
            CLK: 29 MHz
            MIN_CLK: 914 MHz
            MAX_CLK: 1333 MHz
            DEEP_SLEEP: ENABLED
        VCLK_3:
            CLK: 29 MHz
            MIN_CLK: 914 MHz
            MAX_CLK: 1333 MHz
            DEEP_SLEEP: ENABLED
        DCLK_0:
            CLK: 22 MHz
            MIN_CLK: 711 MHz
            MAX_CLK: 1143 MHz
            DEEP_SLEEP: ENABLED
        DCLK_1:
            CLK: 22 MHz
            MIN_CLK: 711 MHz
            MAX_CLK: 1143 MHz
            DEEP_SLEEP: ENABLED
        DCLK_2:
            CLK: 22 MHz
            MIN_CLK: 711 MHz
            MAX_CLK: 1143 MHz
            DEEP_SLEEP: ENABLED
        DCLK_3:
            CLK: 22 MHz
            MIN_CLK: 711 MHz
            MAX_CLK: 1143 MHz
            DEEP_SLEEP: ENABLED
        FCLK_0:
            CLK: 1300 MHz
            MIN_CLK: 1300 MHz
            MAX_CLK: 1800 MHz
            DEEP_SLEEP: DISABLED
        SOCCLK_0:
            CLK: 30 MHz
            MIN_CLK: 889 MHz
            MAX_CLK: 1143 MHz
            DEEP_SLEEP: ENABLED

### 2026-09-18T11:37:17Z
GPU: 0
    CLOCK:
        GFX_0:
            CLK: 2102 MHz
            MIN_CLK: 500 MHz
            MAX_CLK: 2100 MHz
            CLK_LOCKED: DISABLED
            DEEP_SLEEP: DISABLED
        GFX_1:
            CLK: 2111 MHz
            MIN_CLK: 500 MHz
            MAX_CLK: 2100 MHz
            CLK_LOCKED: DISABLED
            DEEP_SLEEP: DISABLED
        GFX_2:
            CLK: 2102 MHz
            MIN_CLK: 500 MHz
            MAX_CLK: 2100 MHz
            CLK_LOCKED: DISABLED
            DEEP_SLEEP: DISABLED
        GFX_3:
            CLK: 2107 MHz
            MIN_CLK: 500 MHz
            MAX_CLK: 2100 MHz
            CLK_LOCKED: DISABLED
            DEEP_SLEEP: DISABLED
        GFX_4:
            CLK: 2104 MHz
            MIN_CLK: 500 MHz
            MAX_CLK: 2100 MHz
            CLK_LOCKED: DISABLED
            DEEP_SLEEP: DISABLED
        GFX_5:
            CLK: 2109 MHz
            MIN_CLK: 500 MHz
            MAX_CLK: 2100 MHz
            CLK_LOCKED: DISABLED
            DEEP_SLEEP: DISABLED
        GFX_6:
            CLK: 2095 MHz
            MIN_CLK: 500 MHz
            MAX_CLK: 2100 MHz
            CLK_LOCKED: DISABLED
            DEEP_SLEEP: DISABLED
        GFX_7:
            CLK: 2107 MHz
            MIN_CLK: 500 MHz
            MAX_CLK: 2100 MHz
            CLK_LOCKED: DISABLED
            DEEP_SLEEP: DISABLED
        MEM_0:
            CLK: 900 MHz
            MIN_CLK: 900 MHz
            MAX_CLK: 1300 MHz
            DEEP_SLEEP: DISABLED
        VCLK_0:
            CLK: 29 MHz
            MIN_CLK: 914 MHz
            MAX_CLK: 1333 MHz
            DEEP_SLEEP: ENABLED
        VCLK_1:
            CLK: 29 MHz
            MIN_CLK: 914 MHz
            MAX_CLK: 1333 MHz
            DEEP_SLEEP: ENABLED
        VCLK_2:
            CLK: 29 MHz
            MIN_CLK: 914 MHz
            MAX_CLK: 1333 MHz
            DEEP_SLEEP: ENABLED
        VCLK_3:
            CLK: 29 MHz
            MIN_CLK: 914 MHz
            MAX_CLK: 1333 MHz
            DEEP_SLEEP: ENABLED
        DCLK_0:
            CLK: 22 MHz
            MIN_CLK: 711 MHz
            MAX_CLK: 1143 MHz
            DEEP_SLEEP: ENABLED
        DCLK_1:
            CLK: 22 MHz
            MIN_CLK: 711 MHz
            MAX_CLK: 1143 MHz
            DEEP_SLEEP: ENABLED
        DCLK_2:
            CLK: 22 MHz
            MIN_CLK: 711 MHz
            MAX_CLK: 1143 MHz
            DEEP_SLEEP: ENABLED
        DCLK_3:
            CLK: 22 MHz
            MIN_CLK: 711 MHz
            MAX_CLK: 1143 MHz
            DEEP_SLEEP: ENABLED
        FCLK_0:
            CLK: 1300 MHz
            MIN_CLK: 1300 MHz
            MAX_CLK: 1800 MHz
            DEEP_SLEEP: DISABLED
        SOCCLK_0:
            CLK: 30 MHz
            MIN_CLK: 889 MHz
            MAX_CLK: 1143 MHz
            DEEP_SLEEP: ENABLED

### 2026-09-18T11:37:19Z
GPU: 0
    CLOCK:
        GFX_0:
            CLK: 2102 MHz
            MIN_CLK: 500 MHz
            MAX_CLK: 2100 MHz
            CLK_LOCKED: DISABLED
            DEEP_SLEEP: DISABLED
        GFX_1:
            CLK: 2110 MHz
            MIN_CLK: 500 MHz
            MAX_CLK: 2100 MHz
            CLK_LOCKED: DISABLED
            DEEP_SLEEP: DISABLED
        GFX_2:
            CLK: 2101 MHz
            MIN_CLK: 500 MHz
            MAX_CLK: 2100 MHz
            CLK_LOCKED: DISABLED
            DEEP_SLEEP: DISABLED
        GFX_3:
            CLK: 2106 MHz
            MIN_CLK: 500 MHz
            MAX_CLK: 2100 MHz
            CLK_LOCKED: DISABLED
            DEEP_SLEEP: DISABLED
        GFX_4:
            CLK: 2103 MHz
            MIN_CLK: 500 MHz
            MAX_CLK: 2100 MHz
            CLK_LOCKED: DISABLED
            DEEP_SLEEP: DISABLED
        GFX_5:
            CLK: 2109 MHz
            MIN_CLK: 500 MHz
            MAX_CLK: 2100 MHz
            CLK_LOCKED: DISABLED
            DEEP_SLEEP: DISABLED
        GFX_6:
            CLK: 2096 MHz
            MIN_CLK: 500 MHz
            MAX_CLK: 2100 MHz
            CLK_LOCKED: DISABLED
            DEEP_SLEEP: DISABLED
        GFX_7:
            CLK: 2107 MHz
            MIN_CLK: 500 MHz
            MAX_CLK: 2100 MHz
            CLK_LOCKED: DISABLED
            DEEP_SLEEP: DISABLED
        MEM_0:
            CLK: 900 MHz
            MIN_CLK: 900 MHz
            MAX_CLK: 1300 MHz
            DEEP_SLEEP: DISABLED
        VCLK_0:
            CLK: 29 MHz
            MIN_CLK: 914 MHz
            MAX_CLK: 1333 MHz
            DEEP_SLEEP: ENABLED
        VCLK_1:
            CLK: 29 MHz
            MIN_CLK: 914 MHz
            MAX_CLK: 1333 MHz
            DEEP_SLEEP: ENABLED
        VCLK_2:
            CLK: 29 MHz
            MIN_CLK: 914 MHz
            MAX_CLK: 1333 MHz
            DEEP_SLEEP: ENABLED
        VCLK_3:
            CLK: 29 MHz
            MIN_CLK: 914 MHz
            MAX_CLK: 1333 MHz
            DEEP_SLEEP: ENABLED
        DCLK_0:
            CLK: 22 MHz
            MIN_CLK: 711 MHz
            MAX_CLK: 1143 MHz
            DEEP_SLEEP: ENABLED
        DCLK_1:
            CLK: 22 MHz
            MIN_CLK: 711 MHz
            MAX_CLK: 1143 MHz
            DEEP_SLEEP: ENABLED
        DCLK_2:
            CLK: 22 MHz
            MIN_CLK: 711 MHz
            MAX_CLK: 1143 MHz
            DEEP_SLEEP: ENABLED
        DCLK_3:
            CLK: 22 MHz
            MIN_CLK: 711 MHz
            MAX_CLK: 1143 MHz
            DEEP_SLEEP: ENABLED
        FCLK_0:
            CLK: 1300 MHz
            MIN_CLK: 1300 MHz
            MAX_CLK: 1800 MHz
            DEEP_SLEEP: DISABLED
        SOCCLK_0:
            CLK: 30 MHz
            MIN_CLK: 889 MHz
            MAX_CLK: 1143 MHz
            DEEP_SLEEP: ENABLED

### 2026-09-18T11:37:20Z
GPU: 0
    CLOCK:
        GFX_0:
            CLK: 2102 MHz
            MIN_CLK: 500 MHz
            MAX_CLK: 2100 MHz
            CLK_LOCKED: DISABLED
            DEEP_SLEEP: DISABLED
        GFX_1:
            CLK: 2111 MHz
            MIN_CLK: 500 MHz
            MAX_CLK: 2100 MHz
            CLK_LOCKED: DISABLED
            DEEP_SLEEP: DISABLED
        GFX_2:
            CLK: 2102 MHz
            MIN_CLK: 500 MHz
            MAX_CLK: 2100 MHz
            CLK_LOCKED: DISABLED
            DEEP_SLEEP: DISABLED
        GFX_3:
            CLK: 2106 MHz
            MIN_CLK: 500 MHz
            MAX_CLK: 2100 MHz
            CLK_LOCKED: DISABLED
            DEEP_SLEEP: DISABLED
        GFX_4:
            CLK: 2103 MHz
            MIN_CLK: 500 MHz
            MAX_CLK: 2100 MHz
            CLK_LOCKED: DISABLED
            DEEP_SLEEP: DISABLED
        GFX_5:
            CLK: 2109 MHz
            MIN_CLK: 500 MHz
            MAX_CLK: 2100 MHz
            CLK_LOCKED: DISABLED
            DEEP_SLEEP: DISABLED
        GFX_6:
            CLK: 2095 MHz
            MIN_CLK: 500 MHz
            MAX_CLK: 2100 MHz
            CLK_LOCKED: DISABLED
            DEEP_SLEEP: DISABLED
        GFX_7:
            CLK: 2107 MHz
            MIN_CLK: 500 MHz
            MAX_CLK: 2100 MHz
            CLK_LOCKED: DISABLED
            DEEP_SLEEP: DISABLED
        MEM_0:
            CLK: 900 MHz
            MIN_CLK: 900 MHz
            MAX_CLK: 1300 MHz
            DEEP_SLEEP: DISABLED
        VCLK_0:
            CLK: 29 MHz
            MIN_CLK: 914 MHz
            MAX_CLK: 1333 MHz
            DEEP_SLEEP: ENABLED
        VCLK_1:
            CLK: 29 MHz
            MIN_CLK: 914 MHz
            MAX_CLK: 1333 MHz
            DEEP_SLEEP: ENABLED
        VCLK_2:
            CLK: 29 MHz
            MIN_CLK: 914 MHz
            MAX_CLK: 1333 MHz
            DEEP_SLEEP: ENABLED
        VCLK_3:
            CLK: 29 MHz
            MIN_CLK: 914 MHz
            MAX_CLK: 1333 MHz
            DEEP_SLEEP: ENABLED
        DCLK_0:
            CLK: 22 MHz
            MIN_CLK: 711 MHz
            MAX_CLK: 1143 MHz
            DEEP_SLEEP: ENABLED
        DCLK_1:
            CLK: 22 MHz
            MIN_CLK: 711 MHz
            MAX_CLK: 1143 MHz
            DEEP_SLEEP: ENABLED
        DCLK_2:
            CLK: 22 MHz
            MIN_CLK: 711 MHz
            MAX_CLK: 1143 MHz
            DEEP_SLEEP: ENABLED
        DCLK_3:
            CLK: 22 MHz
            MIN_CLK: 711 MHz
            MAX_CLK: 1143 MHz
            DEEP_SLEEP: ENABLED
        FCLK_0:
            CLK: 1300 MHz
            MIN_CLK: 1300 MHz
            MAX_CLK: 1800 MHz
            DEEP_SLEEP: DISABLED
        SOCCLK_0:
            CLK: 32 MHz
            MIN_CLK: 889 MHz
            MAX_CLK: 1143 MHz
            DEEP_SLEEP: ENABLED

### 2026-09-18T11:37:21Z
GPU: 0
    CLOCK:
        GFX_0:
            CLK: 2102 MHz
            MIN_CLK: 500 MHz
            MAX_CLK: 2100 MHz
            CLK_LOCKED: DISABLED
            DEEP_SLEEP: DISABLED
        GFX_1:
            CLK: 2110 MHz
            MIN_CLK: 500 MHz
            MAX_CLK: 2100 MHz
            CLK_LOCKED: DISABLED
            DEEP_SLEEP: DISABLED
        GFX_2:
            CLK: 2102 MHz
            MIN_CLK: 500 MHz
            MAX_CLK: 2100 MHz
            CLK_LOCKED: DISABLED
            DEEP_SLEEP: DISABLED
        GFX_3:
            CLK: 2107 MHz
            MIN_CLK: 500 MHz
            MAX_CLK: 2100 MHz
            CLK_LOCKED: DISABLED
            DEEP_SLEEP: DISABLED
        GFX_4:
            CLK: 2103 MHz
            MIN_CLK: 500 MHz
            MAX_CLK: 2100 MHz
            CLK_LOCKED: DISABLED
            DEEP_SLEEP: DISABLED
        GFX_5:
            CLK: 2108 MHz
            MIN_CLK: 500 MHz
            MAX_CLK: 2100 MHz
            CLK_LOCKED: DISABLED
            DEEP_SLEEP: DISABLED
        GFX_6:
            CLK: 2095 MHz
            MIN_CLK: 500 MHz
            MAX_CLK: 2100 MHz
            CLK_LOCKED: DISABLED
            DEEP_SLEEP: DISABLED
        GFX_7:
            CLK: 2108 MHz
            MIN_CLK: 500 MHz
            MAX_CLK: 2100 MHz
            CLK_LOCKED: DISABLED
            DEEP_SLEEP: DISABLED
        MEM_0:
            CLK: 900 MHz
            MIN_CLK: 900 MHz
            MAX_CLK: 1300 MHz
            DEEP_SLEEP: DISABLED
        VCLK_0:
            CLK: 29 MHz
            MIN_CLK: 914 MHz
            MAX_CLK: 1333 MHz
            DEEP_SLEEP: ENABLED
        VCLK_1:
            CLK: 29 MHz
            MIN_CLK: 914 MHz
            MAX_CLK: 1333 MHz
            DEEP_SLEEP: ENABLED
        VCLK_2:
            CLK: 29 MHz
            MIN_CLK: 914 MHz
            MAX_CLK: 1333 MHz
            DEEP_SLEEP: ENABLED
        VCLK_3:
            CLK: 29 MHz
            MIN_CLK: 914 MHz
            MAX_CLK: 1333 MHz
            DEEP_SLEEP: ENABLED
        DCLK_0:
            CLK: 22 MHz
            MIN_CLK: 711 MHz
            MAX_CLK: 1143 MHz
            DEEP_SLEEP: ENABLED
        DCLK_1:
            CLK: 22 MHz
            MIN_CLK: 711 MHz
            MAX_CLK: 1143 MHz
            DEEP_SLEEP: ENABLED
        DCLK_2:
            CLK: 22 MHz
            MIN_CLK: 711 MHz
            MAX_CLK: 1143 MHz
            DEEP_SLEEP: ENABLED
        DCLK_3:
            CLK: 22 MHz
            MIN_CLK: 711 MHz
            MAX_CLK: 1143 MHz
            DEEP_SLEEP: ENABLED
        FCLK_0:
            CLK: 1300 MHz
            MIN_CLK: 1300 MHz
            MAX_CLK: 1800 MHz
            DEEP_SLEEP: DISABLED
        SOCCLK_0:
            CLK: 30 MHz
            MIN_CLK: 889 MHz
            MAX_CLK: 1143 MHz
            DEEP_SLEEP: ENABLED

### 2026-09-18T11:37:23Z
GPU: 0
    CLOCK:
        GFX_0:
            CLK: 2102 MHz
            MIN_CLK: 500 MHz
            MAX_CLK: 2100 MHz
            CLK_LOCKED: DISABLED
            DEEP_SLEEP: DISABLED
        GFX_1:
            CLK: 2110 MHz
            MIN_CLK: 500 MHz
            MAX_CLK: 2100 MHz
            CLK_LOCKED: DISABLED
            DEEP_SLEEP: DISABLED
        GFX_2:
            CLK: 2101 MHz
            MIN_CLK: 500 MHz
            MAX_CLK: 2100 MHz
            CLK_LOCKED: DISABLED
            DEEP_SLEEP: DISABLED
        GFX_3:
            CLK: 2107 MHz
            MIN_CLK: 500 MHz
            MAX_CLK: 2100 MHz
            CLK_LOCKED: DISABLED
            DEEP_SLEEP: DISABLED
        GFX_4:
            CLK: 2103 MHz
            MIN_CLK: 500 MHz
            MAX_CLK: 2100 MHz
            CLK_LOCKED: DISABLED
            DEEP_SLEEP: DISABLED
        GFX_5:
            CLK: 2109 MHz
            MIN_CLK: 500 MHz
            MAX_CLK: 2100 MHz
            CLK_LOCKED: DISABLED
            DEEP_SLEEP: DISABLED
        GFX_6:
            CLK: 2095 MHz
            MIN_CLK: 500 MHz
            MAX_CLK: 2100 MHz
            CLK_LOCKED: DISABLED
            DEEP_SLEEP: DISABLED
        GFX_7:
            CLK: 2107 MHz
            MIN_CLK: 500 MHz
            MAX_CLK: 2100 MHz
            CLK_LOCKED: DISABLED
            DEEP_SLEEP: DISABLED
        MEM_0:
            CLK: 900 MHz
            MIN_CLK: 900 MHz
            MAX_CLK: 1300 MHz
            DEEP_SLEEP: DISABLED
        VCLK_0:
            CLK: 29 MHz
            MIN_CLK: 914 MHz
            MAX_CLK: 1333 MHz
            DEEP_SLEEP: ENABLED
        VCLK_1:
            CLK: 29 MHz
            MIN_CLK: 914 MHz
            MAX_CLK: 1333 MHz
            DEEP_SLEEP: ENABLED
        VCLK_2:
            CLK: 29 MHz
            MIN_CLK: 914 MHz
            MAX_CLK: 1333 MHz
            DEEP_SLEEP: ENABLED
        VCLK_3:
            CLK: 29 MHz
            MIN_CLK: 914 MHz
            MAX_CLK: 1333 MHz
            DEEP_SLEEP: ENABLED
        DCLK_0:
            CLK: 22 MHz
            MIN_CLK: 711 MHz
            MAX_CLK: 1143 MHz
            DEEP_SLEEP: ENABLED
        DCLK_1:
            CLK: 22 MHz
            MIN_CLK: 711 MHz
            MAX_CLK: 1143 MHz
            DEEP_SLEEP: ENABLED
        DCLK_2:
            CLK: 22 MHz
            MIN_CLK: 711 MHz
            MAX_CLK: 1143 MHz
            DEEP_SLEEP: ENABLED
        DCLK_3:
            CLK: 22 MHz
            MIN_CLK: 711 MHz
            MAX_CLK: 1143 MHz
            DEEP_SLEEP: ENABLED
        FCLK_0:
            CLK: 1300 MHz
            MIN_CLK: 1300 MHz
            MAX_CLK: 1800 MHz
            DEEP_SLEEP: DISABLED
        SOCCLK_0:
            CLK: 30 MHz
            MIN_CLK: 889 MHz
            MAX_CLK: 1143 MHz
            DEEP_SLEEP: ENABLED

### 2026-09-18T11:37:24Z
GPU: 0
    CLOCK:
        GFX_0:
            CLK: 2102 MHz
            MIN_CLK: 500 MHz
            MAX_CLK: 2100 MHz
            CLK_LOCKED: DISABLED
            DEEP_SLEEP: DISABLED
        GFX_1:
            CLK: 2111 MHz
            MIN_CLK: 500 MHz
            MAX_CLK: 2100 MHz
            CLK_LOCKED: DISABLED
            DEEP_SLEEP: DISABLED
        GFX_2:
            CLK: 2101 MHz
            MIN_CLK: 500 MHz
            MAX_CLK: 2100 MHz
            CLK_LOCKED: DISABLED
            DEEP_SLEEP: DISABLED
        GFX_3:
            CLK: 2106 MHz
            MIN_CLK: 500 MHz
            MAX_CLK: 2100 MHz
            CLK_LOCKED: DISABLED
            DEEP_SLEEP: DISABLED
        GFX_4:
            CLK: 2103 MHz
            MIN_CLK: 500 MHz
            MAX_CLK: 2100 MHz
            CLK_LOCKED: DISABLED
            DEEP_SLEEP: DISABLED
        GFX_5:
            CLK: 2108 MHz
            MIN_CLK: 500 MHz
            MAX_CLK: 2100 MHz
            CLK_LOCKED: DISABLED
            DEEP_SLEEP: DISABLED
        GFX_6:
            CLK: 2095 MHz
            MIN_CLK: 500 MHz
            MAX_CLK: 2100 MHz
            CLK_LOCKED: DISABLED
            DEEP_SLEEP: DISABLED
        GFX_7:
            CLK: 2107 MHz
            MIN_CLK: 500 MHz
            MAX_CLK: 2100 MHz
            CLK_LOCKED: DISABLED
            DEEP_SLEEP: DISABLED
        MEM_0:
            CLK: 900 MHz
            MIN_CLK: 900 MHz
            MAX_CLK: 1300 MHz
            DEEP_SLEEP: DISABLED
        VCLK_0:
            CLK: 29 MHz
            MIN_CLK: 914 MHz
            MAX_CLK: 1333 MHz
            DEEP_SLEEP: ENABLED
        VCLK_1:
            CLK: 29 MHz
            MIN_CLK: 914 MHz
            MAX_CLK: 1333 MHz
            DEEP_SLEEP: ENABLED
        VCLK_2:
            CLK: 29 MHz
            MIN_CLK: 914 MHz
            MAX_CLK: 1333 MHz
            DEEP_SLEEP: ENABLED
        VCLK_3:
            CLK: 29 MHz
            MIN_CLK: 914 MHz
            MAX_CLK: 1333 MHz
            DEEP_SLEEP: ENABLED
        DCLK_0:
            CLK: 22 MHz
            MIN_CLK: 711 MHz
            MAX_CLK: 1143 MHz
            DEEP_SLEEP: ENABLED
        DCLK_1:
            CLK: 22 MHz
            MIN_CLK: 711 MHz
            MAX_CLK: 1143 MHz
            DEEP_SLEEP: ENABLED
        DCLK_2:
            CLK: 22 MHz
            MIN_CLK: 711 MHz
            MAX_CLK: 1143 MHz
            DEEP_SLEEP: ENABLED
        DCLK_3:
            CLK: 22 MHz
            MIN_CLK: 711 MHz
            MAX_CLK: 1143 MHz
            DEEP_SLEEP: ENABLED
        FCLK_0:
            CLK: 1300 MHz
            MIN_CLK: 1300 MHz
            MAX_CLK: 1800 MHz
            DEEP_SLEEP: DISABLED
        SOCCLK_0:
            CLK: 30 MHz
            MIN_CLK: 889 MHz
            MAX_CLK: 1143 MHz
            DEEP_SLEEP: ENABLED

### 2026-09-18T11:37:25Z
GPU: 0
    CLOCK:
        GFX_0:
            CLK: 2102 MHz
            MIN_CLK: 500 MHz
            MAX_CLK: 2100 MHz
            CLK_LOCKED: DISABLED
            DEEP_SLEEP: DISABLED
        GFX_1:
            CLK: 2110 MHz
            MIN_CLK: 500 MHz
            MAX_CLK: 2100 MHz
            CLK_LOCKED: DISABLED
            DEEP_SLEEP: DISABLED
        GFX_2:
            CLK: 2101 MHz
            MIN_CLK: 500 MHz
            MAX_CLK: 2100 MHz
            CLK_LOCKED: DISABLED
            DEEP_SLEEP: DISABLED
        GFX_3:
            CLK: 2107 MHz
            MIN_CLK: 500 MHz
            MAX_CLK: 2100 MHz
            CLK_LOCKED: DISABLED
            DEEP_SLEEP: DISABLED
        GFX_4:
            CLK: 2103 MHz
            MIN_CLK: 500 MHz
            MAX_CLK: 2100 MHz
            CLK_LOCKED: DISABLED
            DEEP_SLEEP: DISABLED
        GFX_5:
            CLK: 2109 MHz
            MIN_CLK: 500 MHz
            MAX_CLK: 2100 MHz
            CLK_LOCKED: DISABLED
            DEEP_SLEEP: DISABLED
        GFX_6:
            CLK: 2095 MHz
            MIN_CLK: 500 MHz
            MAX_CLK: 2100 MHz
            CLK_LOCKED: DISABLED
            DEEP_SLEEP: DISABLED
        GFX_7:
            CLK: 2108 MHz
            MIN_CLK: 500 MHz
            MAX_CLK: 2100 MHz
            CLK_LOCKED: DISABLED
            DEEP_SLEEP: DISABLED
        MEM_0:
            CLK: 900 MHz
            MIN_CLK: 900 MHz
            MAX_CLK: 1300 MHz
            DEEP_SLEEP: DISABLED
        VCLK_0:
            CLK: 29 MHz
            MIN_CLK: 914 MHz
            MAX_CLK: 1333 MHz
            DEEP_SLEEP: ENABLED
        VCLK_1:
            CLK: 29 MHz
            MIN_CLK: 914 MHz
            MAX_CLK: 1333 MHz
            DEEP_SLEEP: ENABLED
        VCLK_2:
            CLK: 29 MHz
            MIN_CLK: 914 MHz
            MAX_CLK: 1333 MHz
            DEEP_SLEEP: ENABLED
        VCLK_3:
            CLK: 29 MHz
            MIN_CLK: 914 MHz
            MAX_CLK: 1333 MHz
            DEEP_SLEEP: ENABLED
        DCLK_0:
            CLK: 22 MHz
            MIN_CLK: 711 MHz
            MAX_CLK: 1143 MHz
            DEEP_SLEEP: ENABLED
        DCLK_1:
            CLK: 22 MHz
            MIN_CLK: 711 MHz
            MAX_CLK: 1143 MHz
            DEEP_SLEEP: ENABLED
        DCLK_2:
            CLK: 22 MHz
            MIN_CLK: 711 MHz
            MAX_CLK: 1143 MHz
            DEEP_SLEEP: ENABLED
        DCLK_3:
            CLK: 22 MHz
            MIN_CLK: 711 MHz
            MAX_CLK: 1143 MHz
            DEEP_SLEEP: ENABLED
        FCLK_0:
            CLK: 1300 MHz
            MIN_CLK: 1300 MHz
            MAX_CLK: 1800 MHz
            DEEP_SLEEP: DISABLED
        SOCCLK_0:
            CLK: 30 MHz
            MIN_CLK: 889 MHz
            MAX_CLK: 1143 MHz
            DEEP_SLEEP: ENABLED

### 2026-09-18T11:37:26Z
GPU: 0
    CLOCK:
        GFX_0:
            CLK: 2102 MHz
            MIN_CLK: 500 MHz
            MAX_CLK: 2100 MHz
            CLK_LOCKED: DISABLED
            DEEP_SLEEP: DISABLED
        GFX_1:
            CLK: 2110 MHz
            MIN_CLK: 500 MHz
            MAX_CLK: 2100 MHz
            CLK_LOCKED: DISABLED
            DEEP_SLEEP: DISABLED
        GFX_2:
            CLK: 2101 MHz
            MIN_CLK: 500 MHz
            MAX_CLK: 2100 MHz
            CLK_LOCKED: DISABLED
            DEEP_SLEEP: DISABLED
        GFX_3:
            CLK: 2107 MHz
            MIN_CLK: 500 MHz
            MAX_CLK: 2100 MHz
            CLK_LOCKED: DISABLED
            DEEP_SLEEP: DISABLED
        GFX_4:
            CLK: 2103 MHz
            MIN_CLK: 500 MHz
            MAX_CLK: 2100 MHz
            CLK_LOCKED: DISABLED
            DEEP_SLEEP: DISABLED
        GFX_5:
            CLK: 2109 MHz
            MIN_CLK: 500 MHz
            MAX_CLK: 2100 MHz
            CLK_LOCKED: DISABLED
            DEEP_SLEEP: DISABLED
        GFX_6:
            CLK: 2095 MHz
            MIN_CLK: 500 MHz
            MAX_CLK: 2100 MHz
            CLK_LOCKED: DISABLED
            DEEP_SLEEP: DISABLED
        GFX_7:
            CLK: 2107 MHz
            MIN_CLK: 500 MHz
            MAX_CLK: 2100 MHz
            CLK_LOCKED: DISABLED
            DEEP_SLEEP: DISABLED
        MEM_0:
            CLK: 900 MHz
            MIN_CLK: 900 MHz
            MAX_CLK: 1300 MHz
            DEEP_SLEEP: DISABLED
        VCLK_0:
            CLK: 29 MHz
            MIN_CLK: 914 MHz
            MAX_CLK: 1333 MHz
            DEEP_SLEEP: ENABLED
        VCLK_1:
            CLK: 29 MHz
            MIN_CLK: 914 MHz
            MAX_CLK: 1333 MHz
            DEEP_SLEEP: ENABLED
        VCLK_2:
            CLK: 29 MHz
            MIN_CLK: 914 MHz
            MAX_CLK: 1333 MHz
            DEEP_SLEEP: ENABLED
        VCLK_3:
            CLK: 29 MHz
            MIN_CLK: 914 MHz
            MAX_CLK: 1333 MHz
            DEEP_SLEEP: ENABLED
        DCLK_0:
            CLK: 22 MHz
            MIN_CLK: 711 MHz
            MAX_CLK: 1143 MHz
            DEEP_SLEEP: ENABLED
        DCLK_1:
            CLK: 22 MHz
            MIN_CLK: 711 MHz
            MAX_CLK: 1143 MHz
            DEEP_SLEEP: ENABLED
        DCLK_2:
            CLK: 22 MHz
            MIN_CLK: 711 MHz
            MAX_CLK: 1143 MHz
            DEEP_SLEEP: ENABLED
        DCLK_3:
            CLK: 22 MHz
            MIN_CLK: 711 MHz
            MAX_CLK: 1143 MHz
            DEEP_SLEEP: ENABLED
        FCLK_0:
            CLK: 1300 MHz
            MIN_CLK: 1300 MHz
            MAX_CLK: 1800 MHz
            DEEP_SLEEP: DISABLED
        SOCCLK_0:
            CLK: 30 MHz
            MIN_CLK: 889 MHz
            MAX_CLK: 1143 MHz
            DEEP_SLEEP: ENABLED

### 2026-09-18T11:37:28Z
GPU: 0
    CLOCK:
        GFX_0:
            CLK: 2102 MHz
            MIN_CLK: 500 MHz
            MAX_CLK: 2100 MHz
            CLK_LOCKED: DISABLED
            DEEP_SLEEP: DISABLED
        GFX_1:
            CLK: 2111 MHz
            MIN_CLK: 500 MHz
            MAX_CLK: 2100 MHz
            CLK_LOCKED: DISABLED
            DEEP_SLEEP: DISABLED
        GFX_2:
            CLK: 2101 MHz
            MIN_CLK: 500 MHz
            MAX_CLK: 2100 MHz
            CLK_LOCKED: DISABLED
            DEEP_SLEEP: DISABLED
        GFX_3:
            CLK: 2107 MHz
            MIN_CLK: 500 MHz
            MAX_CLK: 2100 MHz
            CLK_LOCKED: DISABLED
            DEEP_SLEEP: DISABLED
        GFX_4:
            CLK: 2103 MHz
            MIN_CLK: 500 MHz
            MAX_CLK: 2100 MHz
            CLK_LOCKED: DISABLED
            DEEP_SLEEP: DISABLED
        GFX_5:
            CLK: 2109 MHz
            MIN_CLK: 500 MHz
            MAX_CLK: 2100 MHz
            CLK_LOCKED: DISABLED
            DEEP_SLEEP: DISABLED
        GFX_6:
            CLK: 2096 MHz
            MIN_CLK: 500 MHz
            MAX_CLK: 2100 MHz
            CLK_LOCKED: DISABLED
            DEEP_SLEEP: DISABLED
        GFX_7:
            CLK: 2108 MHz
            MIN_CLK: 500 MHz
            MAX_CLK: 2100 MHz
            CLK_LOCKED: DISABLED
            DEEP_SLEEP: DISABLED
        MEM_0:
            CLK: 900 MHz
            MIN_CLK: 900 MHz
            MAX_CLK: 1300 MHz
            DEEP_SLEEP: DISABLED
        VCLK_0:
            CLK: 29 MHz
            MIN_CLK: 914 MHz
            MAX_CLK: 1333 MHz
            DEEP_SLEEP: ENABLED
        VCLK_1:
            CLK: 29 MHz
            MIN_CLK: 914 MHz
            MAX_CLK: 1333 MHz
            DEEP_SLEEP: ENABLED
        VCLK_2:
            CLK: 29 MHz
            MIN_CLK: 914 MHz
            MAX_CLK: 1333 MHz
            DEEP_SLEEP: ENABLED
        VCLK_3:
            CLK: 29 MHz
            MIN_CLK: 914 MHz
            MAX_CLK: 1333 MHz
            DEEP_SLEEP: ENABLED
        DCLK_0:
            CLK: 22 MHz
            MIN_CLK: 711 MHz
            MAX_CLK: 1143 MHz
            DEEP_SLEEP: ENABLED
        DCLK_1:
            CLK: 22 MHz
            MIN_CLK: 711 MHz
            MAX_CLK: 1143 MHz
            DEEP_SLEEP: ENABLED
        DCLK_2:
            CLK: 22 MHz
            MIN_CLK: 711 MHz
            MAX_CLK: 1143 MHz
            DEEP_SLEEP: ENABLED
        DCLK_3:
            CLK: 22 MHz
            MIN_CLK: 711 MHz
            MAX_CLK: 1143 MHz
            DEEP_SLEEP: ENABLED
        FCLK_0:
            CLK: 1300 MHz
            MIN_CLK: 1300 MHz
            MAX_CLK: 1800 MHz
            DEEP_SLEEP: DISABLED
        SOCCLK_0:
            CLK: 30 MHz
            MIN_CLK: 889 MHz
            MAX_CLK: 1143 MHz
            DEEP_SLEEP: ENABLED

### 2026-09-18T11:37:29Z
GPU: 0
    CLOCK:
        GFX_0:
            CLK: 2101 MHz
            MIN_CLK: 500 MHz
            MAX_CLK: 2100 MHz
            CLK_LOCKED: DISABLED
            DEEP_SLEEP: DISABLED
        GFX_1:
            CLK: 2111 MHz
            MIN_CLK: 500 MHz
            MAX_CLK: 2100 MHz
            CLK_LOCKED: DISABLED
            DEEP_SLEEP: DISABLED
        GFX_2:
            CLK: 2101 MHz
            MIN_CLK: 500 MHz
            MAX_CLK: 2100 MHz
            CLK_LOCKED: DISABLED
            DEEP_SLEEP: DISABLED
        GFX_3:
            CLK: 2107 MHz
            MIN_CLK: 500 MHz
            MAX_CLK: 2100 MHz
            CLK_LOCKED: DISABLED
            DEEP_SLEEP: DISABLED
        GFX_4:
            CLK: 2103 MHz
            MIN_CLK: 500 MHz
            MAX_CLK: 2100 MHz
            CLK_LOCKED: DISABLED
            DEEP_SLEEP: DISABLED
        GFX_5:
            CLK: 2109 MHz
            MIN_CLK: 500 MHz
            MAX_CLK: 2100 MHz
            CLK_LOCKED: DISABLED
            DEEP_SLEEP: DISABLED
        GFX_6:
            CLK: 2096 MHz
            MIN_CLK: 500 MHz
            MAX_CLK: 2100 MHz
            CLK_LOCKED: DISABLED
            DEEP_SLEEP: DISABLED
        GFX_7:
            CLK: 2107 MHz
            MIN_CLK: 500 MHz
            MAX_CLK: 2100 MHz
            CLK_LOCKED: DISABLED
            DEEP_SLEEP: DISABLED
        MEM_0:
            CLK: 900 MHz
            MIN_CLK: 900 MHz
            MAX_CLK: 1300 MHz
            DEEP_SLEEP: DISABLED
        VCLK_0:
            CLK: 29 MHz
            MIN_CLK: 914 MHz
            MAX_CLK: 1333 MHz
            DEEP_SLEEP: ENABLED
        VCLK_1:
            CLK: 29 MHz
            MIN_CLK: 914 MHz
            MAX_CLK: 1333 MHz
            DEEP_SLEEP: ENABLED
        VCLK_2:
            CLK: 29 MHz
            MIN_CLK: 914 MHz
            MAX_CLK: 1333 MHz
            DEEP_SLEEP: ENABLED
        VCLK_3:
            CLK: 29 MHz
            MIN_CLK: 914 MHz
            MAX_CLK: 1333 MHz
            DEEP_SLEEP: ENABLED
        DCLK_0:
            CLK: 22 MHz
            MIN_CLK: 711 MHz
            MAX_CLK: 1143 MHz
            DEEP_SLEEP: ENABLED
        DCLK_1:
            CLK: 22 MHz
            MIN_CLK: 711 MHz
            MAX_CLK: 1143 MHz
            DEEP_SLEEP: ENABLED
        DCLK_2:
            CLK: 22 MHz
            MIN_CLK: 711 MHz
            MAX_CLK: 1143 MHz
            DEEP_SLEEP: ENABLED
        DCLK_3:
            CLK: 22 MHz
            MIN_CLK: 711 MHz
            MAX_CLK: 1143 MHz
            DEEP_SLEEP: ENABLED
        FCLK_0:
            CLK: 1300 MHz
            MIN_CLK: 1300 MHz
            MAX_CLK: 1800 MHz
            DEEP_SLEEP: DISABLED
        SOCCLK_0:
            CLK: 30 MHz
            MIN_CLK: 889 MHz
            MAX_CLK: 1143 MHz
            DEEP_SLEEP: ENABLED

### 2026-09-18T11:37:30Z
GPU: 0
    CLOCK:
        GFX_0:
            CLK: 2102 MHz
            MIN_CLK: 500 MHz
            MAX_CLK: 2100 MHz
            CLK_LOCKED: DISABLED
            DEEP_SLEEP: DISABLED
        GFX_1:
            CLK: 2111 MHz
            MIN_CLK: 500 MHz
            MAX_CLK: 2100 MHz
            CLK_LOCKED: DISABLED
            DEEP_SLEEP: DISABLED
        GFX_2:
            CLK: 2101 MHz
            MIN_CLK: 500 MHz
            MAX_CLK: 2100 MHz
            CLK_LOCKED: DISABLED
            DEEP_SLEEP: DISABLED
        GFX_3:
            CLK: 2107 MHz
            MIN_CLK: 500 MHz
            MAX_CLK: 2100 MHz
            CLK_LOCKED: DISABLED
            DEEP_SLEEP: DISABLED
        GFX_4:
            CLK: 2103 MHz
            MIN_CLK: 500 MHz
            MAX_CLK: 2100 MHz
            CLK_LOCKED: DISABLED
            DEEP_SLEEP: DISABLED
        GFX_5:
            CLK: 2109 MHz
            MIN_CLK: 500 MHz
            MAX_CLK: 2100 MHz
            CLK_LOCKED: DISABLED
            DEEP_SLEEP: DISABLED
        GFX_6:
            CLK: 2095 MHz
            MIN_CLK: 500 MHz
            MAX_CLK: 2100 MHz
            CLK_LOCKED: DISABLED
            DEEP_SLEEP: DISABLED
        GFX_7:
            CLK: 2107 MHz
            MIN_CLK: 500 MHz
            MAX_CLK: 2100 MHz
            CLK_LOCKED: DISABLED
            DEEP_SLEEP: DISABLED
        MEM_0:
            CLK: 900 MHz
            MIN_CLK: 900 MHz
            MAX_CLK: 1300 MHz
            DEEP_SLEEP: DISABLED
        VCLK_0:
            CLK: 29 MHz
            MIN_CLK: 914 MHz
            MAX_CLK: 1333 MHz
            DEEP_SLEEP: ENABLED
        VCLK_1:
            CLK: 29 MHz
            MIN_CLK: 914 MHz
            MAX_CLK: 1333 MHz
            DEEP_SLEEP: ENABLED
        VCLK_2:
            CLK: 29 MHz
            MIN_CLK: 914 MHz
            MAX_CLK: 1333 MHz
            DEEP_SLEEP: ENABLED
        VCLK_3:
            CLK: 29 MHz
            MIN_CLK: 914 MHz
            MAX_CLK: 1333 MHz
            DEEP_SLEEP: ENABLED
        DCLK_0:
            CLK: 22 MHz
            MIN_CLK: 711 MHz
            MAX_CLK: 1143 MHz
            DEEP_SLEEP: ENABLED
        DCLK_1:
            CLK: 22 MHz
            MIN_CLK: 711 MHz
            MAX_CLK: 1143 MHz
            DEEP_SLEEP: ENABLED
        DCLK_2:
            CLK: 22 MHz
            MIN_CLK: 711 MHz
            MAX_CLK: 1143 MHz
            DEEP_SLEEP: ENABLED
        DCLK_3:
            CLK: 22 MHz
            MIN_CLK: 711 MHz
            MAX_CLK: 1143 MHz
            DEEP_SLEEP: ENABLED
        FCLK_0:
            CLK: 1300 MHz
            MIN_CLK: 1300 MHz
            MAX_CLK: 1800 MHz
            DEEP_SLEEP: DISABLED
        SOCCLK_0:
            CLK: 44 MHz
            MIN_CLK: 889 MHz
            MAX_CLK: 1143 MHz
            DEEP_SLEEP: ENABLED

### 2026-09-18T11:37:31Z
GPU: 0
    CLOCK:
        GFX_0:
            CLK: 2102 MHz
            MIN_CLK: 500 MHz
            MAX_CLK: 2100 MHz
            CLK_LOCKED: DISABLED
            DEEP_SLEEP: DISABLED
        GFX_1:
            CLK: 2110 MHz
            MIN_CLK: 500 MHz
            MAX_CLK: 2100 MHz
            CLK_LOCKED: DISABLED
            DEEP_SLEEP: DISABLED
        GFX_2:
            CLK: 2101 MHz
            MIN_CLK: 500 MHz
            MAX_CLK: 2100 MHz
            CLK_LOCKED: DISABLED
            DEEP_SLEEP: DISABLED
        GFX_3:
            CLK: 2107 MHz
            MIN_CLK: 500 MHz
            MAX_CLK: 2100 MHz
            CLK_LOCKED: DISABLED
            DEEP_SLEEP: DISABLED
        GFX_4:
            CLK: 2103 MHz
            MIN_CLK: 500 MHz
            MAX_CLK: 2100 MHz
            CLK_LOCKED: DISABLED
            DEEP_SLEEP: DISABLED
        GFX_5:
            CLK: 2109 MHz
            MIN_CLK: 500 MHz
            MAX_CLK: 2100 MHz
            CLK_LOCKED: DISABLED
            DEEP_SLEEP: DISABLED
        GFX_6:
            CLK: 2095 MHz
            MIN_CLK: 500 MHz
            MAX_CLK: 2100 MHz
            CLK_LOCKED: DISABLED
            DEEP_SLEEP: DISABLED
        GFX_7:
            CLK: 2107 MHz
            MIN_CLK: 500 MHz
            MAX_CLK: 2100 MHz
            CLK_LOCKED: DISABLED
            DEEP_SLEEP: DISABLED
        MEM_0:
            CLK: 900 MHz
            MIN_CLK: 900 MHz
            MAX_CLK: 1300 MHz
            DEEP_SLEEP: DISABLED
        VCLK_0:
            CLK: 29 MHz
            MIN_CLK: 914 MHz
            MAX_CLK: 1333 MHz
            DEEP_SLEEP: ENABLED
        VCLK_1:
            CLK: 29 MHz
            MIN_CLK: 914 MHz
            MAX_CLK: 1333 MHz
            DEEP_SLEEP: ENABLED
        VCLK_2:
            CLK: 29 MHz
            MIN_CLK: 914 MHz
            MAX_CLK: 1333 MHz
            DEEP_SLEEP: ENABLED
        VCLK_3:
            CLK: 29 MHz
            MIN_CLK: 914 MHz
            MAX_CLK: 1333 MHz
            DEEP_SLEEP: ENABLED
        DCLK_0:
            CLK: 22 MHz
            MIN_CLK: 711 MHz
            MAX_CLK: 1143 MHz
            DEEP_SLEEP: ENABLED
        DCLK_1:
            CLK: 22 MHz
            MIN_CLK: 711 MHz
            MAX_CLK: 1143 MHz
            DEEP_SLEEP: ENABLED
        DCLK_2:
            CLK: 22 MHz
            MIN_CLK: 711 MHz
            MAX_CLK: 1143 MHz
            DEEP_SLEEP: ENABLED
        DCLK_3:
            CLK: 22 MHz
            MIN_CLK: 711 MHz
            MAX_CLK: 1143 MHz
            DEEP_SLEEP: ENABLED
        FCLK_0:
            CLK: 1300 MHz
            MIN_CLK: 1300 MHz
            MAX_CLK: 1800 MHz
            DEEP_SLEEP: DISABLED
        SOCCLK_0:
            CLK: 30 MHz
            MIN_CLK: 889 MHz
            MAX_CLK: 1143 MHz
            DEEP_SLEEP: ENABLED

### 2026-09-18T11:37:33Z
GPU: 0
    CLOCK:
        GFX_0:
            CLK: 2102 MHz
            MIN_CLK: 500 MHz
            MAX_CLK: 2100 MHz
            CLK_LOCKED: DISABLED
            DEEP_SLEEP: DISABLED
        GFX_1:
            CLK: 2111 MHz
            MIN_CLK: 500 MHz
            MAX_CLK: 2100 MHz
            CLK_LOCKED: DISABLED
            DEEP_SLEEP: DISABLED
        GFX_2:
            CLK: 2101 MHz
            MIN_CLK: 500 MHz
            MAX_CLK: 2100 MHz
            CLK_LOCKED: DISABLED
            DEEP_SLEEP: DISABLED
        GFX_3:
            CLK: 2107 MHz
            MIN_CLK: 500 MHz
            MAX_CLK: 2100 MHz
            CLK_LOCKED: DISABLED
            DEEP_SLEEP: DISABLED
        GFX_4:
            CLK: 2103 MHz
            MIN_CLK: 500 MHz
            MAX_CLK: 2100 MHz
            CLK_LOCKED: DISABLED
            DEEP_SLEEP: DISABLED
        GFX_5:
            CLK: 2109 MHz
            MIN_CLK: 500 MHz
            MAX_CLK: 2100 MHz
            CLK_LOCKED: DISABLED
            DEEP_SLEEP: DISABLED
        GFX_6:
            CLK: 2095 MHz
            MIN_CLK: 500 MHz
            MAX_CLK: 2100 MHz
            CLK_LOCKED: DISABLED
            DEEP_SLEEP: DISABLED
        GFX_7:
            CLK: 2107 MHz
            MIN_CLK: 500 MHz
            MAX_CLK: 2100 MHz
            CLK_LOCKED: DISABLED
            DEEP_SLEEP: DISABLED
        MEM_0:
            CLK: 900 MHz
            MIN_CLK: 900 MHz
            MAX_CLK: 1300 MHz
            DEEP_SLEEP: DISABLED
        VCLK_0:
            CLK: 29 MHz
            MIN_CLK: 914 MHz
            MAX_CLK: 1333 MHz
            DEEP_SLEEP: ENABLED
        VCLK_1:
            CLK: 29 MHz
            MIN_CLK: 914 MHz
            MAX_CLK: 1333 MHz
            DEEP_SLEEP: ENABLED
        VCLK_2:
            CLK: 29 MHz
            MIN_CLK: 914 MHz
            MAX_CLK: 1333 MHz
            DEEP_SLEEP: ENABLED
        VCLK_3:
            CLK: 29 MHz
            MIN_CLK: 914 MHz
            MAX_CLK: 1333 MHz
            DEEP_SLEEP: ENABLED
        DCLK_0:
            CLK: 22 MHz
            MIN_CLK: 711 MHz
            MAX_CLK: 1143 MHz
            DEEP_SLEEP: ENABLED
        DCLK_1:
            CLK: 22 MHz
            MIN_CLK: 711 MHz
            MAX_CLK: 1143 MHz
            DEEP_SLEEP: ENABLED
        DCLK_2:
            CLK: 22 MHz
            MIN_CLK: 711 MHz
            MAX_CLK: 1143 MHz
            DEEP_SLEEP: ENABLED
        DCLK_3:
            CLK: 22 MHz
            MIN_CLK: 711 MHz
            MAX_CLK: 1143 MHz
            DEEP_SLEEP: ENABLED
        FCLK_0:
            CLK: 1300 MHz
            MIN_CLK: 1300 MHz
            MAX_CLK: 1800 MHz
            DEEP_SLEEP: DISABLED
        SOCCLK_0:
            CLK: 30 MHz
            MIN_CLK: 889 MHz
            MAX_CLK: 1143 MHz
            DEEP_SLEEP: ENABLED

### 2026-09-18T11:37:34Z
GPU: 0
    CLOCK:
        GFX_0:
            CLK: 2102 MHz
            MIN_CLK: 500 MHz
            MAX_CLK: 2100 MHz
            CLK_LOCKED: DISABLED
            DEEP_SLEEP: DISABLED
        GFX_1:
            CLK: 2111 MHz
            MIN_CLK: 500 MHz
            MAX_CLK: 2100 MHz
            CLK_LOCKED: DISABLED
            DEEP_SLEEP: DISABLED
        GFX_2:
            CLK: 2101 MHz
            MIN_CLK: 500 MHz
            MAX_CLK: 2100 MHz
            CLK_LOCKED: DISABLED
            DEEP_SLEEP: DISABLED
        GFX_3:
            CLK: 2107 MHz
            MIN_CLK: 500 MHz
            MAX_CLK: 2100 MHz
            CLK_LOCKED: DISABLED
            DEEP_SLEEP: DISABLED
        GFX_4:
            CLK: 2103 MHz
            MIN_CLK: 500 MHz
            MAX_CLK: 2100 MHz
            CLK_LOCKED: DISABLED
            DEEP_SLEEP: DISABLED
        GFX_5:
            CLK: 2109 MHz
            MIN_CLK: 500 MHz
            MAX_CLK: 2100 MHz
            CLK_LOCKED: DISABLED
            DEEP_SLEEP: DISABLED
        GFX_6:
            CLK: 2095 MHz
            MIN_CLK: 500 MHz
            MAX_CLK: 2100 MHz
            CLK_LOCKED: DISABLED
            DEEP_SLEEP: DISABLED
        GFX_7:
            CLK: 2108 MHz
            MIN_CLK: 500 MHz
            MAX_CLK: 2100 MHz
            CLK_LOCKED: DISABLED
            DEEP_SLEEP: DISABLED
        MEM_0:
            CLK: 900 MHz
            MIN_CLK: 900 MHz
            MAX_CLK: 1300 MHz
            DEEP_SLEEP: DISABLED
        VCLK_0:
            CLK: 29 MHz
            MIN_CLK: 914 MHz
            MAX_CLK: 1333 MHz
            DEEP_SLEEP: ENABLED
        VCLK_1:
            CLK: 29 MHz
            MIN_CLK: 914 MHz
            MAX_CLK: 1333 MHz
            DEEP_SLEEP: ENABLED
        VCLK_2:
            CLK: 29 MHz
            MIN_CLK: 914 MHz
            MAX_CLK: 1333 MHz
            DEEP_SLEEP: ENABLED
        VCLK_3:
            CLK: 29 MHz
            MIN_CLK: 914 MHz
            MAX_CLK: 1333 MHz
            DEEP_SLEEP: ENABLED
        DCLK_0:
            CLK: 22 MHz
            MIN_CLK: 711 MHz
            MAX_CLK: 1143 MHz
            DEEP_SLEEP: ENABLED
        DCLK_1:
            CLK: 22 MHz
            MIN_CLK: 711 MHz
            MAX_CLK: 1143 MHz
            DEEP_SLEEP: ENABLED
        DCLK_2:
            CLK: 22 MHz
            MIN_CLK: 711 MHz
            MAX_CLK: 1143 MHz
            DEEP_SLEEP: ENABLED
        DCLK_3:
            CLK: 22 MHz
            MIN_CLK: 711 MHz
            MAX_CLK: 1143 MHz
            DEEP_SLEEP: ENABLED
        FCLK_0:
            CLK: 1300 MHz
            MIN_CLK: 1300 MHz
            MAX_CLK: 1800 MHz
            DEEP_SLEEP: DISABLED
        SOCCLK_0:
            CLK: 30 MHz
            MIN_CLK: 889 MHz
            MAX_CLK: 1143 MHz
            DEEP_SLEEP: ENABLED

### 2026-09-18T11:37:35Z
GPU: 0
    CLOCK:
        GFX_0:
            CLK: 2102 MHz
            MIN_CLK: 500 MHz
            MAX_CLK: 2100 MHz
            CLK_LOCKED: DISABLED
            DEEP_SLEEP: DISABLED
        GFX_1:
            CLK: 2111 MHz
            MIN_CLK: 500 MHz
            MAX_CLK: 2100 MHz
            CLK_LOCKED: DISABLED
            DEEP_SLEEP: DISABLED
        GFX_2:
            CLK: 2101 MHz
            MIN_CLK: 500 MHz
            MAX_CLK: 2100 MHz
            CLK_LOCKED: DISABLED
            DEEP_SLEEP: DISABLED
        GFX_3:
            CLK: 2107 MHz
            MIN_CLK: 500 MHz
            MAX_CLK: 2100 MHz
            CLK_LOCKED: DISABLED
            DEEP_SLEEP: DISABLED
        GFX_4:
            CLK: 2103 MHz
            MIN_CLK: 500 MHz
            MAX_CLK: 2100 MHz
            CLK_LOCKED: DISABLED
            DEEP_SLEEP: DISABLED
        GFX_5:
            CLK: 2109 MHz
            MIN_CLK: 500 MHz
            MAX_CLK: 2100 MHz
            CLK_LOCKED: DISABLED
            DEEP_SLEEP: DISABLED
        GFX_6:
            CLK: 2095 MHz
            MIN_CLK: 500 MHz
            MAX_CLK: 2100 MHz
            CLK_LOCKED: DISABLED
            DEEP_SLEEP: DISABLED
        GFX_7:
            CLK: 2107 MHz
            MIN_CLK: 500 MHz
            MAX_CLK: 2100 MHz
            CLK_LOCKED: DISABLED
            DEEP_SLEEP: DISABLED
        MEM_0:
            CLK: 900 MHz
            MIN_CLK: 900 MHz
            MAX_CLK: 1300 MHz
            DEEP_SLEEP: DISABLED
        VCLK_0:
            CLK: 29 MHz
            MIN_CLK: 914 MHz
            MAX_CLK: 1333 MHz
            DEEP_SLEEP: ENABLED
        VCLK_1:
            CLK: 29 MHz
            MIN_CLK: 914 MHz
            MAX_CLK: 1333 MHz
            DEEP_SLEEP: ENABLED
        VCLK_2:
            CLK: 29 MHz
            MIN_CLK: 914 MHz
            MAX_CLK: 1333 MHz
            DEEP_SLEEP: ENABLED
        VCLK_3:
            CLK: 29 MHz
            MIN_CLK: 914 MHz
            MAX_CLK: 1333 MHz
            DEEP_SLEEP: ENABLED
        DCLK_0:
            CLK: 22 MHz
            MIN_CLK: 711 MHz
            MAX_CLK: 1143 MHz
            DEEP_SLEEP: ENABLED
        DCLK_1:
            CLK: 22 MHz
            MIN_CLK: 711 MHz
            MAX_CLK: 1143 MHz
            DEEP_SLEEP: ENABLED
        DCLK_2:
            CLK: 22 MHz
            MIN_CLK: 711 MHz
            MAX_CLK: 1143 MHz
            DEEP_SLEEP: ENABLED
        DCLK_3:
            CLK: 22 MHz
            MIN_CLK: 711 MHz
            MAX_CLK: 1143 MHz
            DEEP_SLEEP: ENABLED
        FCLK_0:
            CLK: 1300 MHz
            MIN_CLK: 1300 MHz
            MAX_CLK: 1800 MHz
            DEEP_SLEEP: DISABLED
        SOCCLK_0:
            CLK: 30 MHz
            MIN_CLK: 889 MHz
            MAX_CLK: 1143 MHz
            DEEP_SLEEP: ENABLED

### 2026-09-18T11:37:36Z
GPU: 0
    CLOCK:
        GFX_0:
            CLK: 2102 MHz
            MIN_CLK: 500 MHz
            MAX_CLK: 2100 MHz
            CLK_LOCKED: DISABLED
            DEEP_SLEEP: DISABLED
        GFX_1:
            CLK: 2111 MHz
            MIN_CLK: 500 MHz
            MAX_CLK: 2100 MHz
            CLK_LOCKED: DISABLED
            DEEP_SLEEP: DISABLED
        GFX_2:
            CLK: 2102 MHz
            MIN_CLK: 500 MHz
            MAX_CLK: 2100 MHz
            CLK_LOCKED: DISABLED
            DEEP_SLEEP: DISABLED
        GFX_3:
            CLK: 2107 MHz
            MIN_CLK: 500 MHz
            MAX_CLK: 2100 MHz
            CLK_LOCKED: DISABLED
            DEEP_SLEEP: DISABLED
        GFX_4:
            CLK: 2103 MHz
            MIN_CLK: 500 MHz
            MAX_CLK: 2100 MHz
            CLK_LOCKED: DISABLED
            DEEP_SLEEP: DISABLED
        GFX_5:
            CLK: 2109 MHz
            MIN_CLK: 500 MHz
            MAX_CLK: 2100 MHz
            CLK_LOCKED: DISABLED
            DEEP_SLEEP: DISABLED
        GFX_6:
            CLK: 2095 MHz
            MIN_CLK: 500 MHz
            MAX_CLK: 2100 MHz
            CLK_LOCKED: DISABLED
            DEEP_SLEEP: DISABLED
        GFX_7:
            CLK: 2108 MHz
            MIN_CLK: 500 MHz
            MAX_CLK: 2100 MHz
            CLK_LOCKED: DISABLED
            DEEP_SLEEP: DISABLED
        MEM_0:
            CLK: 900 MHz
            MIN_CLK: 900 MHz
            MAX_CLK: 1300 MHz
            DEEP_SLEEP: DISABLED
        VCLK_0:
            CLK: 29 MHz
            MIN_CLK: 914 MHz
            MAX_CLK: 1333 MHz
            DEEP_SLEEP: ENABLED
        VCLK_1:
            CLK: 29 MHz
            MIN_CLK: 914 MHz
            MAX_CLK: 1333 MHz
            DEEP_SLEEP: ENABLED
        VCLK_2:
            CLK: 29 MHz
            MIN_CLK: 914 MHz
            MAX_CLK: 1333 MHz
            DEEP_SLEEP: ENABLED
        VCLK_3:
            CLK: 29 MHz
            MIN_CLK: 914 MHz
            MAX_CLK: 1333 MHz
            DEEP_SLEEP: ENABLED
        DCLK_0:
            CLK: 22 MHz
            MIN_CLK: 711 MHz
            MAX_CLK: 1143 MHz
            DEEP_SLEEP: ENABLED
        DCLK_1:
            CLK: 22 MHz
            MIN_CLK: 711 MHz
            MAX_CLK: 1143 MHz
            DEEP_SLEEP: ENABLED
        DCLK_2:
            CLK: 22 MHz
            MIN_CLK: 711 MHz
            MAX_CLK: 1143 MHz
            DEEP_SLEEP: ENABLED
        DCLK_3:
            CLK: 22 MHz
            MIN_CLK: 711 MHz
            MAX_CLK: 1143 MHz
            DEEP_SLEEP: ENABLED
        FCLK_0:
            CLK: 1300 MHz
            MIN_CLK: 1300 MHz
            MAX_CLK: 1800 MHz
            DEEP_SLEEP: DISABLED
        SOCCLK_0:
            CLK: 32 MHz
            MIN_CLK: 889 MHz
            MAX_CLK: 1143 MHz
            DEEP_SLEEP: ENABLED

### 2026-09-18T11:37:38Z
GPU: 0
    CLOCK:
        GFX_0:
            CLK: 2102 MHz
            MIN_CLK: 500 MHz
            MAX_CLK: 2100 MHz
            CLK_LOCKED: DISABLED
            DEEP_SLEEP: DISABLED
        GFX_1:
            CLK: 2111 MHz
            MIN_CLK: 500 MHz
            MAX_CLK: 2100 MHz
            CLK_LOCKED: DISABLED
            DEEP_SLEEP: DISABLED
        GFX_2:
            CLK: 2102 MHz
            MIN_CLK: 500 MHz
            MAX_CLK: 2100 MHz
            CLK_LOCKED: DISABLED
            DEEP_SLEEP: DISABLED
        GFX_3:
            CLK: 2107 MHz
            MIN_CLK: 500 MHz
            MAX_CLK: 2100 MHz
            CLK_LOCKED: DISABLED
            DEEP_SLEEP: DISABLED
        GFX_4:
            CLK: 2104 MHz
            MIN_CLK: 500 MHz
            MAX_CLK: 2100 MHz
            CLK_LOCKED: DISABLED
            DEEP_SLEEP: DISABLED
        GFX_5:
            CLK: 2109 MHz
            MIN_CLK: 500 MHz
            MAX_CLK: 2100 MHz
            CLK_LOCKED: DISABLED
            DEEP_SLEEP: DISABLED
        GFX_6:
            CLK: 2095 MHz
            MIN_CLK: 500 MHz
            MAX_CLK: 2100 MHz
            CLK_LOCKED: DISABLED
            DEEP_SLEEP: DISABLED
        GFX_7:
            CLK: 2108 MHz
            MIN_CLK: 500 MHz
            MAX_CLK: 2100 MHz
            CLK_LOCKED: DISABLED
            DEEP_SLEEP: DISABLED
        MEM_0:
            CLK: 900 MHz
            MIN_CLK: 900 MHz
            MAX_CLK: 1300 MHz
            DEEP_SLEEP: DISABLED
        VCLK_0:
            CLK: 29 MHz
            MIN_CLK: 914 MHz
            MAX_CLK: 1333 MHz
            DEEP_SLEEP: ENABLED
        VCLK_1:
            CLK: 29 MHz
            MIN_CLK: 914 MHz
            MAX_CLK: 1333 MHz
            DEEP_SLEEP: ENABLED
        VCLK_2:
            CLK: 29 MHz
            MIN_CLK: 914 MHz
            MAX_CLK: 1333 MHz
            DEEP_SLEEP: ENABLED
        VCLK_3:
            CLK: 29 MHz
            MIN_CLK: 914 MHz
            MAX_CLK: 1333 MHz
            DEEP_SLEEP: ENABLED
        DCLK_0:
            CLK: 22 MHz
            MIN_CLK: 711 MHz
            MAX_CLK: 1143 MHz
            DEEP_SLEEP: ENABLED
        DCLK_1:
            CLK: 22 MHz
            MIN_CLK: 711 MHz
            MAX_CLK: 1143 MHz
            DEEP_SLEEP: ENABLED
        DCLK_2:
            CLK: 22 MHz
            MIN_CLK: 711 MHz
            MAX_CLK: 1143 MHz
            DEEP_SLEEP: ENABLED
        DCLK_3:
            CLK: 22 MHz
            MIN_CLK: 711 MHz
            MAX_CLK: 1143 MHz
            DEEP_SLEEP: ENABLED
        FCLK_0:
            CLK: 1300 MHz
            MIN_CLK: 1300 MHz
            MAX_CLK: 1800 MHz
            DEEP_SLEEP: DISABLED
        SOCCLK_0:
            CLK: 30 MHz
            MIN_CLK: 889 MHz
            MAX_CLK: 1143 MHz
            DEEP_SLEEP: ENABLED

### 2026-09-18T11:37:39Z
