First tasks: 1
Number of all events: 20
Number of all tasks: 455
Number of triggered events: 18
Number of executed tasks: 453
[EVENT_TIMING] Allocated buffer for 2000 entries (20 events x 100 iters)
[WORKER_XCD] worker_id=43 block=43 xcd=0
[WORKER_XCD] worker_id=266 block=266 xcd=7
[WORKER_XCD] worker_id=147 block=147 xcd=0
[WORKER_XCD] worker_id=234 block=234 xcd=7
[WORKER_XCD] worker_id=274 block=274 xcd=7
[WORKER_XCD] worker_id=236 block=236 xcd=1
[WORKER_XCD] worker_id=91 block=91 xcd=0
[WORKER_XCD] worker_id=169 block=169 xcd=6
[WORKER_XCD] worker_id=105 block=105 xcd=6
[WORKER_XCD] worker_id=3 block=3 xcd=0
[WORKER_XCD] worker_id=59 block=59 xcd=0
[WORKER_XCD] worker_id=179 block=179 xcd=0
[WORKER_XCD] worker_id=51 block=51 xcd=0
[WORKER_XCD] worker_id=137 block=137 xcd=6
[WORKER_XCD] worker_id=83 block=83 xcd=0
[WORKER_XCD] worker_id=227 block=227 xcd=0
[WORKER_XCD] worker_id=163 block=163 xcd=0
[WORKER_XCD] worker_id=275 block=275 xcd=0
[WORKER_XCD] worker_id=203 block=203 xcd=0
[WORKER_XCD] worker_id=243 block=243 xcd=0
[WORKER_XCD] worker_id=131 block=131 xcd=0
[WORKER_XCD] worker_id=219 block=219 xcd=0
[WORKER_XCD] worker_id=155 block=155 xcd=0
[WORKER_XCD] worker_id=211 block=211 xcd=0
[WORKER_XCD] worker_id=291 block=291 xcd=0
[WORKER_XCD] worker_id=195 block=195 xcd=0
[WORKER_XCD] worker_id=265 block=265 xcd=6
[WORKER_XCD] worker_id=233 block=233 xcd=6
[WORKER_XCD] worker_id=225 block=225 xcd=6
[WORKER_XCD] worker_id=171 block=171 xcd=0
[WORKER_XCD] worker_id=281 block=281 xcd=6
[WORKER_XCD] worker_id=65 block=65 xcd=6
[WORKER_XCD] worker_id=10 block=10 xcd=7
[WORKER_XCD] worker_id=217 block=217 xcd=6
[WORKER_XCD] worker_id=27 block=27 xcd=0
[WORKER_XCD] worker_id=115 block=115 xcd=0
[WORKER_XCD] worker_id=186 block=186 xcd=7
[WORKER_XCD] worker_id=73 block=73 xcd=6
[WORKER_XCD] worker_id=185 block=185 xcd=6
[WORKER_XCD] worker_id=145 block=145 xcd=6
[WORKER_XCD] worker_id=90 block=90 xcd=7
[WORKER_XCD] worker_id=228 block=228 xcd=1
[WORKER_XCD] worker_id=273 block=273 xcd=6
[WORKER_XCD] worker_id=209 block=209 xcd=6
[WORKER_XCD] worker_id=9 block=9 xcd=6
[WORKER_XCD] worker_id=201 block=201 xcd=6
[WORKER_XCD] worker_id=26 block=26 xcd=7
[WORKER_XCD] worker_id=226 block=226 xcd=7
[WORKER_XCD] worker_id=177 block=177 xcd=6
[WORKER_XCD] worker_id=81 block=81 xcd=6
[WORKER_XCD] worker_id=121 block=121 xcd=6
[WORKER_XCD] worker_id=75 block=75 xcd=0
[WORKER_XCD] worker_id=122 block=122 xcd=7
[WORKER_XCD] worker_id=156 block=156 xcd=1
[WORKER_XCD] worker_id=260 block=260 xcd=1
[WORKER_XCD] worker_id=50 block=50 xcd=7
[WORKER_XCD] worker_id=107 block=107 xcd=0
[WORKER_XCD] worker_id=154 block=154 xcd=7
[WORKER_XCD] worker_id=106 block=106 xcd=7
[WORKER_XCD] worker_id=196 block=196 xcd=1
[WORKER_XCD] worker_id=108 block=108 xcd=1
[WORKER_XCD] worker_id=138 block=138 xcd=7
[WORKER_XCD] worker_id=202 block=202 xcd=7
[WORKER_XCD] worker_id=162 block=162 xcd=7
[WORKER_XCD] worker_id=258 block=258 xcd=7
[WORKER_XCD] worker_id=146 block=146 xcd=7
[WORKER_XCD] worker_id=187 block=187 xcd=0
[WORKER_XCD] worker_id=218 block=218 xcd=7
[WORKER_XCD] worker_id=58 block=58 xcd=7
[WORKER_XCD] worker_id=194 block=194 xcd=7
[WORKER_XCD] worker_id=2 block=2 xcd=7
[WORKER_XCD] worker_id=98 block=98 xcd=7
[WORKER_XCD] worker_id=282 block=282 xcd=7
[WORKER_XCD] worker_id=164 block=164 xcd=1
[WORKER_XCD] worker_id=18 block=18 xcd=7
[WORKER_XCD] worker_id=130 block=130 xcd=7
[WORKER_XCD] worker_id=52 block=52 xcd=1
[WORKER_XCD] worker_id=276 block=276 xcd=1
[WORKER_XCD] worker_id=68 block=68 xcd=1
[WORKER_XCD] worker_id=284 block=284 xcd=1
[WORKER_XCD] worker_id=4 block=4 xcd=1
[WORKER_XCD] worker_id=60 block=60 xcd=1
[WORKER_XCD] worker_id=76 block=76 xcd=1
[WORKER_XCD] worker_id=292 block=292 xcd=1
[WORKER_XCD] worker_id=116 block=116 xcd=1
[WORKER_XCD] worker_id=244 block=244 xcd=1
[WORKER_XCD] worker_id=140 block=140 xcd=1
[WORKER_XCD] worker_id=20 block=20 xcd=1
[WORKER_XCD] worker_id=36 block=36 xcd=1
[WORKER_XCD] worker_id=220 block=220 xcd=1
[WORKER_XCD] worker_id=84 block=84 xcd=1
[WORKER_XCD] worker_id=212 block=212 xcd=1
[WORKER_XCD] worker_id=12 block=12 xcd=1
[WORKER_XCD] worker_id=268 block=268 xcd=1
[WORKER_XCD] worker_id=19 block=19 xcd=0
[WORKER_XCD] worker_id=267 block=267 xcd=0
[WORKER_XCD] worker_id=235 block=235 xcd=0
[WORKER_XCD] worker_id=180 block=180 xcd=1
[WORKER_XCD] worker_id=129 block=129 xcd=6
[WORKER_XCD] worker_id=41 block=41 xcd=6
[WORKER_XCD] worker_id=283 block=283 xcd=0
[WORKER_XCD] worker_id=289 block=289 xcd=6
[WORKER_XCD] worker_id=11 block=11 xcd=0
[WORKER_XCD] worker_id=250 block=250 xcd=7
[WORKER_XCD] worker_id=42 block=42 xcd=7
[WORKER_XCD] worker_id=34 block=34 xcd=7
[WORKER_XCD] worker_id=123 block=123 xcd=0
[WORKER_XCD] worker_id=28 block=28 xcd=1
[WORKER_XCD] worker_id=148 block=148 xcd=1
[WORKER_XCD] worker_id=113 block=113 xcd=6
[WORKER_XCD] worker_id=89 block=89 xcd=6
[WORKER_XCD] worker_id=259 block=259 xcd=0
[WORKER_XCD] worker_id=153 block=153 xcd=6
[WORKER_XCD] worker_id=139 block=139 xcd=0
[WORKER_XCD] worker_id=74 block=74 xcd=7
[WORKER_XCD] worker_id=252 block=252 xcd=1
[WORKER_XCD] worker_id=57 block=57 xcd=6
[WORKER_XCD] worker_id=132 block=132 xcd=1
[WORKER_XCD] worker_id=193 block=193 xcd=6
[WORKER_XCD] worker_id=170 block=170 xcd=7
[WORKER_XCD] worker_id=49 block=49 xcd=6
[WORKER_XCD] worker_id=188 block=188 xcd=1
[WORKER_XCD] worker_id=100 block=100 xcd=1
[WORKER_XCD] worker_id=92 block=92 xcd=1
[WORKER_XCD] worker_id=290 block=290 xcd=7
[WORKER_XCD] worker_id=97 block=97 xcd=6
[WORKER_XCD] worker_id=66 block=66 xcd=7
[WORKER_XCD] worker_id=178 block=178 xcd=7
[WORKER_XCD] worker_id=99 block=99 xcd=0
[WORKER_XCD] worker_id=242 block=242 xcd=7
[WORKER_XCD] worker_id=25 block=25 xcd=6
[WORKER_XCD] worker_id=44 block=44 xcd=1
[WORKER_XCD] worker_id=161 block=161 xcd=6
[WORKER_XCD] worker_id=172 block=172 xcd=1
[WORKER_XCD] worker_id=82 block=82 xcd=7
[WORKER_XCD] worker_id=210 block=210 xcd=7
[WORKER_XCD] worker_id=251 block=251 xcd=0
[WORKER_XCD] worker_id=249 block=249 xcd=6
[WORKER_XCD] worker_id=124 block=124 xcd=1
[WORKER_XCD] worker_id=67 block=67 xcd=0
[WORKER_XCD] worker_id=17 block=17 xcd=6
[WORKER_XCD] worker_id=1 block=1 xcd=6
[WORKER_XCD] worker_id=257 block=257 xcd=6
[WORKER_XCD] worker_id=35 block=35 xcd=0
[WORKER_XCD] worker_id=114 block=114 xcd=7
[WORKER_XCD] worker_id=241 block=241 xcd=6
[WORKER_XCD] worker_id=204 block=204 xcd=1
[WORKER_XCD] worker_id=33 block=33 xcd=6
[WORKER_XCD] worker_id=141 block=141 xcd=2
[WORKER_XCD] worker_id=245 block=245 xcd=2
[WORKER_XCD] worker_id=133 block=133 xcd=2
[WORKER_XCD] worker_id=198 block=198 xcd=3
[WORKER_XCD] worker_id=13 block=13 xcd=2
[WORKER_XCD] worker_id=213 block=213 xcd=2
[WORKER_XCD] worker_id=29 block=29 xcd=2
[WORKER_XCD] worker_id=117 block=117 xcd=2
[WORKER_XCD] worker_id=205 block=205 xcd=2
[WORKER_XCD] worker_id=85 block=85 xcd=2
[WORKER_XCD] worker_id=61 block=61 xcd=2
[WORKER_XCD] worker_id=175 block=175 xcd=4
[WORKER_XCD] worker_id=247 block=247 xcd=4
[WORKER_XCD] worker_id=101 block=101 xcd=2
[WORKER_XCD] worker_id=255 block=255 xcd=4
[WORKER_XCD] worker_id=286 block=286 xcd=3
[WORKER_XCD] worker_id=295 block=295 xcd=4
[WORKER_XCD] worker_id=93 block=93 xcd=2
[WORKER_XCD] worker_id=45 block=45 xcd=2
[WORKER_XCD] worker_id=21 block=21 xcd=2
[WORKER_XCD] worker_id=110 block=110 xcd=3
[WORKER_XCD] worker_id=150 block=150 xcd=3
[WORKER_XCD] worker_id=221 block=221 xcd=2
[WORKER_XCD] worker_id=181 block=181 xcd=2
[WORKER_XCD] worker_id=125 block=125 xcd=2
[WORKER_XCD] worker_id=277 block=277 xcd=2
[WORKER_XCD] worker_id=238 block=238 xcd=3
[WORKER_XCD] worker_id=253 block=253 xcd=2
[WORKER_XCD] worker_id=69 block=69 xcd=2
[WORKER_XCD] worker_id=285 block=285 xcd=2
[WORKER_XCD] worker_id=261 block=261 xcd=2
[WORKER_XCD] worker_id=173 block=173 xcd=2
[WORKER_XCD] worker_id=157 block=157 xcd=2
[WORKER_XCD] worker_id=229 block=229 xcd=2
[WORKER_XCD] worker_id=118 block=118 xcd=3
[WORKER_XCD] worker_id=269 block=269 xcd=2
[WORKER_XCD] worker_id=109 block=109 xcd=2
[WORKER_XCD] worker_id=197 block=197 xcd=2
[WORKER_XCD] worker_id=293 block=293 xcd=2
[WORKER_XCD] worker_id=149 block=149 xcd=2
[WORKER_XCD] worker_id=37 block=37 xcd=2
[WORKER_XCD] worker_id=237 block=237 xcd=2
[WORKER_XCD] worker_id=5 block=5 xcd=2
[WORKER_XCD] worker_id=278 block=278 xcd=3
[WORKER_XCD] worker_id=53 block=53 xcd=2
[WORKER_XCD] worker_id=189 block=189 xcd=2
[WORKER_XCD] worker_id=135 block=135 xcd=4
[WORKER_XCD] worker_id=102 block=102 xcd=3
[WORKER_XCD] worker_id=54 block=54 xcd=3
[WORKER_XCD] worker_id=126 block=126 xcd=3
[WORKER_XCD] worker_id=262 block=262 xcd=3
[WORKER_XCD] worker_id=215 block=215 xcd=4
[WORKER_XCD] worker_id=287 block=287 xcd=4
[WORKER_XCD] worker_id=165 block=165 xcd=2
[WORKER_XCD] worker_id=190 block=190 xcd=3
[WORKER_XCD] worker_id=62 block=62 xcd=3
[WORKER_XCD] worker_id=46 block=46 xcd=3
[WORKER_XCD] worker_id=192 block=192 xcd=5
[WORKER_XCD] worker_id=166 block=166 xcd=3
[WORKER_XCD] worker_id=77 block=77 xcd=2
[WORKER_XCD] worker_id=230 block=230 xcd=3
[WORKER_XCD] worker_id=14 block=14 xcd=3
[WORKER_XCD] worker_id=94 block=94 xcd=3
[WORKER_XCD] worker_id=199 block=199 xcd=4
[WORKER_XCD] worker_id=142 block=142 xcd=3
[WORKER_XCD] worker_id=112 block=112 xcd=5
[WORKER_XCD] worker_id=71 block=71 xcd=4
[WORKER_XCD] worker_id=15 block=15 xcd=4
[WORKER_XCD] worker_id=134 block=134 xcd=3
[WORKER_XCD] worker_id=32 block=32 xcd=5
[WORKER_XCD] worker_id=222 block=222 xcd=3
[WORKER_XCD] worker_id=254 block=254 xcd=3
[WORKER_XCD] worker_id=63 block=63 xcd=4
[WORKER_XCD] worker_id=158 block=158 xcd=3
[WORKER_XCD] worker_id=214 block=214 xcd=3
[WORKER_XCD] worker_id=78 block=78 xcd=3
[WORKER_XCD] worker_id=47 block=47 xcd=4
[WORKER_XCD] worker_id=206 block=206 xcd=3
[WORKER_XCD] worker_id=86 block=86 xcd=3
[WORKER_XCD] worker_id=111 block=111 xcd=4
[WORKER_XCD] worker_id=7 block=7 xcd=4
[WORKER_XCD] worker_id=38 block=38 xcd=3
[WORKER_XCD] worker_id=103 block=103 xcd=4
[WORKER_XCD] worker_id=70 block=70 xcd=3
[WORKER_XCD] worker_id=182 block=182 xcd=3
[WORKER_XCD] worker_id=223 block=223 xcd=4
[WORKER_XCD] worker_id=22 block=22 xcd=3
[WORKER_XCD] worker_id=191 block=191 xcd=4
[WORKER_XCD] worker_id=143 block=143 xcd=4
[WORKER_XCD] worker_id=87 block=87 xcd=4
[WORKER_XCD] worker_id=183 block=183 xcd=4
[WORKER_XCD] worker_id=159 block=159 xcd=4
[WORKER_XCD] worker_id=294 block=294 xcd=3
[WORKER_XCD] worker_id=55 block=55 xcd=4
[WORKER_XCD] worker_id=239 block=239 xcd=4
[WORKER_XCD] worker_id=30 block=30 xcd=3
[WORKER_XCD] worker_id=95 block=95 xcd=4
[WORKER_XCD] worker_id=151 block=151 xcd=4
[WORKER_XCD] worker_id=270 block=270 xcd=3
[WORKER_XCD] worker_id=271 block=271 xcd=4
[WORKER_XCD] worker_id=174 block=174 xcd=3
[WORKER_XCD] worker_id=6 block=6 xcd=3
[WORKER_XCD] worker_id=207 block=207 xcd=4
[WORKER_XCD] worker_id=279 block=279 xcd=4
[WORKER_XCD] worker_id=231 block=231 xcd=4
[WORKER_XCD] worker_id=167 block=167 xcd=4
[WORKER_XCD] worker_id=263 block=263 xcd=4
[WORKER_XCD] worker_id=119 block=119 xcd=4
[WORKER_XCD] worker_id=39 block=39 xcd=4
[WORKER_XCD] worker_id=23 block=23 xcd=4
[WORKER_XCD] worker_id=31 block=31 xcd=4
[WORKER_XCD] worker_id=127 block=127 xcd=4
[WORKER_XCD] worker_id=79 block=79 xcd=4
[WORKER_XCD] worker_id=208 block=208 xcd=5
[WORKER_XCD] worker_id=240 block=240 xcd=5
[WORKER_XCD] worker_id=48 block=48 xcd=5
[WORKER_XCD] worker_id=80 block=80 xcd=5
[WORKER_XCD] worker_id=16 block=16 xcd=5
[WORKER_XCD] worker_id=246 block=246 xcd=3
[WORKER_XCD] worker_id=104 block=104 xcd=5
[WORKER_XCD] worker_id=280 block=280 xcd=5
[WORKER_XCD] worker_id=232 block=232 xcd=5
[WORKER_XCD] worker_id=72 block=72 xcd=5
[WORKER_XCD] worker_id=152 block=152 xcd=5
[WORKER_XCD] worker_id=64 block=64 xcd=5
[WORKER_XCD] worker_id=40 block=40 xcd=5
[WORKER_XCD] worker_id=256 block=256 xcd=5
[WORKER_XCD] worker_id=0 block=0 xcd=5
[WORKER_XCD] worker_id=272 block=272 xcd=5
[WORKER_XCD] worker_id=168 block=168 xcd=5
[WORKER_XCD] worker_id=248 block=248 xcd=5
[WORKER_XCD] worker_id=120 block=120 xcd=5
[WORKER_XCD] worker_id=224 block=224 xcd=5
[WORKER_XCD] worker_id=160 block=160 xcd=5
[WORKER_XCD] worker_id=88 block=88 xcd=5
[WORKER_XCD] worker_id=176 block=176 xcd=5
[WORKER_XCD] worker_id=288 block=288 xcd=5
[WORKER_XCD] worker_id=8 block=8 xcd=5
[WORKER_XCD] worker_id=264 block=264 xcd=5
[WORKER_XCD] worker_id=96 block=96 xcd=5
[WORKER_XCD] worker_id=128 block=128 xcd=5
[WORKER_XCD] worker_id=56 block=56 xcd=5
[WORKER_XCD] worker_id=136 block=136 xcd=5
[WORKER_XCD] worker_id=24 block=24 xcd=5
[WORKER_XCD] worker_id=184 block=184 xcd=5
[WORKER_XCD] worker_id=200 block=200 xcd=5
[WORKER_XCD] worker_id=216 block=216 xcd=5
[WORKER_XCD] worker_id=144 block=144 xcd=5
[SCHED_XCD] sched_id=6 xcd=6 workers_on_xcd=37 block=0
[SCHED_XCD] sched_id=2 xcd=2 workers_on_xcd=37 block=4
[SCHED_XCD] sched_id=5 xcd=5 workers_on_xcd=37 block=7
[SCHED_XCD] sched_id=3 xcd=3 workers_on_xcd=37 block=5
[SCHED_XCD] sched_id=1 xcd=1 workers_on_xcd=37 block=3
[SCHED_XCD] sched_id=0 xcd=0 workers_on_xcd=37 block=2
[SCHED_XCD] sched_id=7 xcd=7 workers_on_xcd=37 block=1
[SCHED_XCD] sched_id=4 xcd=4 workers_on_xcd=37 block=6
[TIMING] worker=99 tasks=5 poll_iters=199738 dep_iters=6043 poll_cycles=115056292 dep_cycles=1656804 exec_cycles=216292 signal_cycles=11432
[TIMING] worker=251 tasks=3 poll_iters=208570 dep_iters=5925 poll_cycles=120147480 dep_cycles=1650796 exec_cycles=148516 signal_cycles=5712
[TIMING] worker=43 tasks=5 poll_iters=572558 dep_iters=5656 poll_cycles=330079900 dep_cycles=1645012 exec_cycles=251184 signal_cycles=12820
[TIMING] worker=51 tasks=5 poll_iters=429679 dep_iters=5290 poll_cycles=247667676 dep_cycles=1642820 exec_cycles=250720 signal_cycles=10352
[TIMING] worker=108 tasks=4 poll_iters=290040 dep_iters=6275 poll_cycles=167110740 dep_cycles=1694376 exec_cycles=192380 signal_cycles=7860
[TIMING] worker=195 tasks=3 poll_iters=410401 dep_iters=5853 poll_cycles=236482540 dep_cycles=1608972 exec_cycles=212748 signal_cycles=5704
[TIMING] worker=115 tasks=4 poll_iters=235064 dep_iters=5779 poll_cycles=135408612 dep_cycles=1696344 exec_cycles=189224 signal_cycles=8136
[TIMING] worker=91 tasks=5 poll_iters=435099 dep_iters=6050 poll_cycles=250712688 dep_cycles=1657780 exec_cycles=218032 signal_cycles=9956
[TASK_TIME] worker=43 linear=90892/1 linear_res=22436/1 attn=0/0 rms=0/0 silu=0/0 fused=0/0
[TASK_TIME] worker=99 linear=88476/1 linear_res=21240/1 attn=0/0 rms=0/0 silu=0/0 fused=0/0
[TIMING] worker=275 tasks=3 poll_iters=426765 dep_iters=5486 poll_cycles=245907712 dep_cycles=1640800 exec_cycles=123108 signal_cycles=6168
[TIMING] worker=267 tasks=3 poll_iters=254366 dep_iters=5289 poll_cycles=146544972 dep_cycles=1643432 exec_cycles=123800 signal_cycles=6300
[TIMING] worker=236 tasks=3 poll_iters=388721 dep_iters=5979 poll_cycles=224073680 dep_cycles=1666576 exec_cycles=143992 signal_cycles=5760
[TASK_TIME] worker=251 linear=0/0 linear_res=0/0 attn=0/0 rms=0/0 silu=0/0 fused=0/0
[TIMING] worker=290 tasks=3 poll_iters=222053 dep_iters=5397 poll_cycles=129051564 dep_cycles=1598540 exec_cycles=122800 signal_cycles=7728
[TIMING] worker=163 tasks=4 poll_iters=422550 dep_iters=6049 poll_cycles=243492092 dep_cycles=1674516 exec_cycles=193072 signal_cycles=8188
[TASK_TIME] worker=91 linear=89580/1 linear_res=21204/1 attn=0/0 rms=0/0 silu=0/0 fused=0/0
[TIMING] worker=171 tasks=4 poll_iters=265191 dep_iters=5229 poll_cycles=152787040 dep_cycles=1558764 exec_cycles=268772 signal_cycles=8616
[TIMING] worker=155 tasks=4 poll_iters=411753 dep_iters=6050 poll_cycles=237255556 dep_cycles=1675508 exec_cycles=192288 signal_cycles=10132
[TASK_TIME] worker=275 linear=0/0 linear_res=0/0 attn=0/0 rms=0/0 silu=0/0 fused=0/0
[TIMING] worker=146 tasks=4 poll_iters=311272 dep_iters=5719 poll_cycles=179371984 dep_cycles=1657948 exec_cycles=176728 signal_cycles=7464
[TIMING] worker=84 tasks=5 poll_iters=268123 dep_iters=5861 poll_cycles=154475316 dep_cycles=1656468 exec_cycles=222992 signal_cycles=10040
[TIMING] worker=252 tasks=3 poll_iters=242463 dep_iters=5475 poll_cycles=139697952 dep_cycles=1660276 exec_cycles=143836 signal_cycles=5944
[TASK_TIME] worker=163 linear=89756/1 linear_res=22232/1 attn=0/0 rms=0/0 silu=0/0 fused=0/0
[TIMING] worker=67 tasks=5 poll_iters=200005 dep_iters=6251 poll_cycles=115209228 dep_cycles=1668576 exec_cycles=215884 signal_cycles=9720
[TIMING] worker=234 tasks=3 poll_iters=330786 dep_iters=5350 poll_cycles=190649976 dep_cycles=1624140 exec_cycles=141320 signal_cycles=5520
[TIMING] worker=283 tasks=3 poll_iters=251589 dep_iters=5705 poll_cycles=144944472 dep_cycles=1632528 exec_cycles=124168 signal_cycles=11280
[TIMING] worker=147 tasks=4 poll_iters=505245 dep_iters=5807 poll_cycles=291221236 dep_cycles=1684304 exec_cycles=190376 signal_cycles=8060
[TIMING] worker=203 tasks=3 poll_iters=423875 dep_iters=5227 poll_cycles=244327836 dep_cycles=1602828 exec_cycles=215104 signal_cycles=6216
[TIMING] worker=186 tasks=3 poll_iters=333990 dep_iters=5739 poll_cycles=192459924 dep_cycles=1578680 exec_cycles=205592 signal_cycles=5260
[TIMING] worker=226 tasks=3 poll_iters=319173 dep_iters=5522 poll_cycles=183911992 dep_cycles=1561840 exec_cycles=206336 signal_cycles=5492
[TIMING] worker=268 tasks=3 poll_iters=273908 dep_iters=5769 poll_cycles=157837844 dep_cycles=1652788 exec_cycles=120132 signal_cycles=6220
[TASK_TIME] worker=171 linear=89084/1 linear_res=98256/1 attn=0/0 rms=0/0 silu=0/0 fused=0/0
[TIMING] worker=59 tasks=5 poll_iters=433301 dep_iters=6257 poll_cycles=249675496 dep_cycles=1671068 exec_cycles=218652 signal_cycles=9656
[TIMING] worker=17 tasks=7 poll_iters=204000 dep_iters=5201 poll_cycles=117514452 dep_cycles=1479772 exec_cycles=435132 signal_cycles=16932
[TASK_TIME] worker=195 linear=0/0 linear_res=98608/1 attn=0/0 rms=0/0 silu=0/0 fused=0/0
[TIMING] worker=11 tasks=9 poll_iters=247287 dep_iters=4674 poll_cycles=142459180 dep_cycles=1384888 exec_cycles=525784 signal_cycles=18120
[TIMING] worker=105 tasks=4 poll_iters=362425 dep_iters=6323 poll_cycles=208848480 dep_cycles=1712064 exec_cycles=180540 signal_cycles=6976
[TIMING] worker=122 tasks=4 poll_iters=312718 dep_iters=6172 poll_cycles=180169800 dep_cycles=1668412 exec_cycles=176928 signal_cycles=7024
[TIMING] worker=107 tasks=5 poll_iters=280224 dep_iters=5784 poll_cycles=161446396 dep_cycles=1703424 exec_cycles=192968 signal_cycles=11172
[TIMING] worker=130 tasks=4 poll_iters=294864 dep_iters=6159 poll_cycles=169882544 dep_cycles=1665164 exec_cycles=177440 signal_cycles=7228
[TIMING] worker=60 tasks=5 poll_iters=284325 dep_iters=5717 poll_cycles=163844092 dep_cycles=1665472 exec_cycles=222416 signal_cycles=10952
[TIMING] worker=145 tasks=4 poll_iters=363900 dep_iters=6376 poll_cycles=209700476 dep_cycles=1697172 exec_cycles=178124 signal_cycles=7208
[TIMING] worker=131 tasks=4 poll_iters=420686 dep_iters=6268 poll_cycles=242398592 dep_cycles=1690688 exec_cycles=189388 signal_cycles=7560
[TIMING] worker=89 tasks=5 poll_iters=238636 dep_iters=5568 poll_cycles=137487416 dep_cycles=1667884 exec_cycles=211808 signal_cycles=11908
[TIMING] worker=193 tasks=3 poll_iters=237015 dep_iters=5385 poll_cycles=136553140 dep_cycles=1619080 exec_cycles=205376 signal_cycles=5444
[TIMING] worker=148 tasks=4 poll_iters=228903 dep_iters=6324 poll_cycles=131860432 dep_cycles=1681428 exec_cycles=192080 signal_cycles=7908
[TIMING] worker=139 tasks=4 poll_iters=234732 dep_iters=5584 poll_cycles=135223120 dep_cycles=1682400 exec_cycles=191984 signal_cycles=9948
[TIMING] worker=204 tasks=3 poll_iters=192754 dep_iters=5708 poll_cycles=111038236 dep_cycles=1612032 exec_cycles=211172 signal_cycles=6052
[TIMING] worker=106 tasks=4 poll_iters=320792 dep_iters=5682 poll_cycles=184869856 dep_cycles=1672512 exec_cycles=178752 signal_cycles=7292
[TIMING] worker=113 tasks=4 poll_iters=231714 dep_iters=6322 poll_cycles=133483092 dep_cycles=1708060 exec_cycles=180144 signal_cycles=7208
[TIMING] worker=170 tasks=4 poll_iters=237782 dep_iters=5121 poll_cycles=136986780 dep_cycles=1533272 exec_cycles=254868 signal_cycles=7328
[TIMING] worker=114 tasks=4 poll_iters=195560 dep_iters=5673 poll_cycles=112653936 dep_cycles=1667736 exec_cycles=178332 signal_cycles=9328
[TIMING] worker=74 tasks=5 poll_iters=220647 dep_iters=5438 poll_cycles=127109948 dep_cycles=1630104 exec_cycles=207824 signal_cycles=9608
[TIMING] worker=178 tasks=3 poll_iters=216903 dep_iters=5285 poll_cycles=124950384 dep_cycles=1579872 exec_cycles=206336 signal_cycles=5868
[TIMING] worker=25 tasks=7 poll_iters=213876 dep_iters=4986 poll_cycles=123208724 dep_cycles=1480336 exec_cycles=434320 signal_cycles=14204
[TIMING] worker=123 tasks=4 poll_iters=231268 dep_iters=6287 poll_cycles=133222084 dep_cycles=1695204 exec_cycles=187004 signal_cycles=7676
[TIMING] worker=138 tasks=4 poll_iters=309957 dep_iters=5492 poll_cycles=178611804 dep_cycles=1657600 exec_cycles=181316 signal_cycles=7784
[TIMING] worker=188 tasks=3 poll_iters=236040 dep_iters=5411 poll_cycles=135982568 dep_cycles=1619768 exec_cycles=209604 signal_cycles=5960
[TIMING] worker=76 tasks=5 poll_iters=277965 dep_iters=6062 poll_cycles=160149820 dep_cycles=1661028 exec_cycles=219040 signal_cycles=10160
[TIMING] worker=282 tasks=3 poll_iters=300940 dep_iters=5603 poll_cycles=173411600 dep_cycles=1606372 exec_cycles=119936 signal_cycles=5696
[TIMING] worker=250 tasks=3 poll_iters=240283 dep_iters=5807 poll_cycles=138425976 dep_cycles=1619916 exec_cycles=140080 signal_cycles=5272
[TIMING] worker=50 tasks=5 poll_iters=329302 dep_iters=5175 poll_cycles=189788236 dep_cycles=1612672 exec_cycles=232536 signal_cycles=9596
[TIMING] worker=162 tasks=4 poll_iters=315948 dep_iters=5997 poll_cycles=182043536 dep_cycles=1665748 exec_cycles=157544 signal_cycles=14428
[TIMING] worker=194 tasks=3 poll_iters=302351 dep_iters=5732 poll_cycles=174195652 dep_cycles=1576572 exec_cycles=204448 signal_cycles=5296
[TIMING] worker=34 tasks=7 poll_iters=234358 dep_iters=6051 poll_cycles=135007032 dep_cycles=1642556 exec_cycles=235196 signal_cycles=12812
[TIMING] worker=97 tasks=5 poll_iters=226749 dep_iters=4371 poll_cycles=130625456 dep_cycles=1320832 exec_cycles=595320 signal_cycles=14732
[TIMING] worker=137 tasks=4 poll_iters=300728 dep_iters=6099 poll_cycles=173289056 dep_cycles=1696848 exec_cycles=182624 signal_cycles=7352
[TIMING] worker=218 tasks=3 poll_iters=307079 dep_iters=5528 poll_cycles=176933436 dep_cycles=1561752 exec_cycles=206020 signal_cycles=7304
[TIMING] worker=284 tasks=3 poll_iters=294152 dep_iters=5292 poll_cycles=169503304 dep_cycles=1641748 exec_cycles=121612 signal_cycles=10856
[TIMING] worker=281 tasks=3 poll_iters=364346 dep_iters=5271 poll_cycles=209984728 dep_cycles=1647092 exec_cycles=119980 signal_cycles=5940
[TIMING] worker=124 tasks=4 poll_iters=205132 dep_iters=5736 poll_cycles=118168132 dep_cycles=1689116 exec_cycles=192080 signal_cycles=8068
[TIMING] worker=65 tasks=5 poll_iters=359326 dep_iters=5741 poll_cycles=207094448 dep_cycles=1678796 exec_cycles=204612 signal_cycles=9104
[TIMING] worker=129 tasks=4 poll_iters=251364 dep_iters=5761 poll_cycles=144827872 dep_cycles=1701400 exec_cycles=181124 signal_cycles=7304
[TIMING] worker=265 tasks=3 poll_iters=265724 dep_iters=5747 poll_cycles=153126084 dep_cycles=1653632 exec_cycles=120308 signal_cycles=5644
[TIMING] worker=161 tasks=4 poll_iters=209377 dep_iters=5572 poll_cycles=120613636 dep_cycles=1684532 exec_cycles=185188 signal_cycles=7640
[TIMING] worker=10 tasks=9 poll_iters=371246 dep_iters=4595 poll_cycles=213977952 dep_cycles=1361532 exec_cycles=514244 signal_cycles=17216
[TIMING] worker=274 tasks=3 poll_iters=394416 dep_iters=5379 poll_cycles=227290304 dep_cycles=1609272 exec_cycles=120260 signal_cycles=5876
[TIMING] worker=249 tasks=3 poll_iters=200865 dep_iters=5449 poll_cycles=115710872 dep_cycles=1659932 exec_cycles=141684 signal_cycles=5464
[TIMING] worker=27 tasks=7 poll_iters=295082 dep_iters=5415 poll_cycles=169999096 dep_cycles=1467736 exec_cycles=445116 signal_cycles=16040
[TIMING] worker=41 tasks=5 poll_iters=244626 dep_iters=6208 poll_cycles=140932084 dep_cycles=1662168 exec_cycles=231324 signal_cycles=9592
[TIMING] worker=3 tasks=9 poll_iters=432496 dep_iters=4793 poll_cycles=249272312 dep_cycles=1376620 exec_cycles=501608 signal_cycles=29988
[TIMING] worker=242 tasks=3 poll_iters=208923 dep_iters=5343 poll_cycles=120353112 dep_cycles=1618600 exec_cycles=140988 signal_cycles=7428
[TIMING] worker=58 tasks=5 poll_iters=306570 dep_iters=6124 poll_cycles=176635552 dep_cycles=1639924 exec_cycles=202456 signal_cycles=8652
[TIMING] worker=201 tasks=3 poll_iters=353429 dep_iters=5693 poll_cycles=203689120 dep_cycles=1614280 exec_cycles=207724 signal_cycles=5552
[TIMING] worker=209 tasks=3 poll_iters=358274 dep_iters=5927 poll_cycles=206460344 dep_cycles=1611064 exec_cycles=207144 signal_cycles=5224
[TIMING] worker=257 tasks=3 poll_iters=205354 dep_iters=5440 poll_cycles=118292840 dep_cycles=1657176 exec_cycles=119956 signal_cycles=5560
[TIMING] worker=100 tasks=5 poll_iters=227647 dep_iters=5420 poll_cycles=132180404 dep_cycles=1699620 exec_cycles=198164 signal_cycles=15352
[TIMING] worker=292 tasks=3 poll_iters=276819 dep_iters=5287 poll_cycles=159499128 dep_cycles=1643384 exec_cycles=120820 signal_cycles=6280
[TIMING] worker=153 tasks=4 poll_iters=243125 dep_iters=5571 poll_cycles=140075180 dep_cycles=1683664 exec_cycles=186172 signal_cycles=11132
[TIMING] worker=258 tasks=3 poll_iters=307450 dep_iters=5796 poll_cycles=177168276 dep_cycles=1616752 exec_cycles=118860 signal_cycles=5396
[TIMING] worker=156 tasks=4 poll_iters=332716 dep_iters=5556 poll_cycles=191791316 dep_cycles=1676348 exec_cycles=192872 signal_cycles=9248
[TIMING] worker=202 tasks=3 poll_iters=313912 dep_iters=5111 poll_cycles=180904196 dep_cycles=1570416 exec_cycles=206704 signal_cycles=5768
[TASK_TIME] worker=147 linear=89532/1 linear_res=22072/1 attn=0/0 rms=0/0 silu=0/0 fused=0/0
[TIMING] worker=52 tasks=5 poll_iters=280828 dep_iters=5731 poll_cycles=161817144 dep_cycles=1640228 exec_cycles=252804 signal_cycles=10584
[TIMING] worker=217 tasks=3 poll_iters=366078 dep_iters=5209 poll_cycles=211037228 dep_cycles=1604592 exec_cycles=207788 signal_cycles=7452
[TIMING] worker=26 tasks=7 poll_iters=312235 dep_iters=5346 poll_cycles=179892512 dep_cycles=1450780 exec_cycles=429432 signal_cycles=12788
[TIMING] worker=2 tasks=9 poll_iters=297759 dep_iters=4687 poll_cycles=171572580 dep_cycles=1348260 exec_cycles=524636 signal_cycles=23856
[TIMING] worker=154 tasks=4 poll_iters=325579 dep_iters=5951 poll_cycles=187623044 dep_cycles=1651868 exec_cycles=181396 signal_cycles=7384
[TIMING] worker=66 tasks=5 poll_iters=224051 dep_iters=6120 poll_cycles=129067772 dep_cycles=1638548 exec_cycles=201048 signal_cycles=8732
[TIMING] worker=241 tasks=3 poll_iters=196335 dep_iters=5948 poll_cycles=113097640 dep_cycles=1663072 exec_cycles=140868 signal_cycles=5532
[TIMING] worker=9 tasks=9 poll_iters=354914 dep_iters=5107 poll_cycles=204510448 dep_cycles=1396660 exec_cycles=516628 signal_cycles=17064
[TIMING] worker=235 tasks=3 poll_iters=248696 dep_iters=5463 poll_cycles=143273504 dep_cycles=1655692 exec_cycles=149472 signal_cycles=5944
[TIMING] worker=20 tasks=7 poll_iters=270497 dep_iters=5157 poll_cycles=155849096 dep_cycles=1463276 exec_cycles=447360 signal_cycles=17848
[TIMING] worker=211 tasks=3 poll_iters=412252 dep_iters=5422 poll_cycles=237595484 dep_cycles=1600888 exec_cycles=214152 signal_cycles=6148
[TASK_TIME] worker=226 linear=0/0 linear_res=99536/1 attn=0/0 rms=0/0 silu=0/0 fused=0/0
[TIMING] worker=164 tasks=4 poll_iters=283297 dep_iters=5187 poll_cycles=163249060 dep_cycles=1566068 exec_cycles=269880 signal_cycles=10252
[TIMING] worker=172 tasks=4 poll_iters=213464 dep_iters=5721 poll_cycles=122967828 dep_cycles=1566220 exec_cycles=268944 signal_cycles=7736
[TASK_TIME] worker=67 linear=83764/1 linear_res=22004/1 attn=0/0 rms=0/0 silu=0/0 fused=0/0
[TIMING] worker=4 tasks=9 poll_iters=283006 dep_iters=4370 poll_cycles=163095928 dep_cycles=1366704 exec_cycles=536924 signal_cycles=25616
[TASK_TIME] worker=84 linear=91180/1 linear_res=21552/1 attn=0/0 rms=0/0 silu=0/0 fused=0/0
[TIMING] worker=35 tasks=7 poll_iters=200941 dep_iters=4573 poll_cycles=115748016 dep_cycles=1247680 exec_cycles=660424 signal_cycles=17368
[TIMING] worker=273 tasks=3 poll_iters=300626 dep_iters=5977 poll_cycles=173252260 dep_cycles=1648676 exec_cycles=120984 signal_cycles=7132
[TASK_TIME] worker=268 linear=0/0 linear_res=0/0 attn=0/0 rms=0/0 silu=0/0 fused=0/0
[TIMING] worker=33 tasks=7 poll_iters=188348 dep_iters=5640 poll_cycles=108497468 dep_cycles=1675456 exec_cycles=237156 signal_cycles=14192
[TIMING] worker=75 tasks=5 poll_iters=317106 dep_iters=5563 poll_cycles=182727280 dep_cycles=1659556 exec_cycles=219572 signal_cycles=10160
[TIMING] worker=210 tasks=3 poll_iters=205866 dep_iters=5312 poll_cycles=118592000 dep_cycles=1567804 exec_cycles=206604 signal_cycles=5480
[TASK_TIME] worker=236 linear=0/0 linear_res=0/0 attn=0/0 rms=0/0 silu=0/0 fused=0/0
[TASK_TIME] worker=108 linear=91400/1 linear_res=22368/1 attn=0/0 rms=0/0 silu=0/0 fused=0/0
[TIMING] worker=68 tasks=5 poll_iters=289649 dep_iters=5711 poll_cycles=166907840 dep_cycles=1663476 exec_cycles=219212 signal_cycles=10908
[TIMING] worker=98 tasks=5 poll_iters=221541 dep_iters=6139 poll_cycles=127621112 dep_cycles=1682812 exec_cycles=183328 signal_cycles=10440
[TASK_TIME] worker=115 linear=88272/1 linear_res=22248/1 attn=0/0 rms=0/0 silu=0/0 fused=0/0
[TIMING] worker=82 tasks=5 poll_iters=204810 dep_iters=5280 poll_cycles=117983608 dep_cycles=1627456 exec_cycles=209472 signal_cycles=11616
[TIMING] worker=196 tasks=3 poll_iters=297638 dep_iters=5401 poll_cycles=171536596 dep_cycles=1616952 exec_cycles=209656 signal_cycles=5940
[TIMING] worker=233 tasks=3 poll_iters=353905 dep_iters=5949 poll_cycles=203942088 dep_cycles=1666596 exec_cycles=141072 signal_cycles=5276
[TIMING] worker=244 tasks=3 poll_iters=278994 dep_iters=5973 poll_cycles=160749996 dep_cycles=1661680 exec_cycles=145656 signal_cycles=5728
[TIMING] worker=81 tasks=5 poll_iters=342643 dep_iters=5892 poll_cycles=197453840 dep_cycles=1672128 exec_cycles=209428 signal_cycles=8896
[TIMING] worker=44 tasks=5 poll_iters=205417 dep_iters=6183 poll_cycles=118331328 dep_cycles=1650768 exec_cycles=248444 signal_cycles=10420
[TIMING] worker=177 tasks=3 poll_iters=350237 dep_iters=5893 poll_cycles=201827604 dep_cycles=1623964 exec_cycles=206580 signal_cycles=5500
[TIMING] worker=1 tasks=9 poll_iters=201803 dep_iters=4410 poll_cycles=116250888 dep_cycles=1385232 exec_cycles=523072 signal_cycles=24264
[TASK_TIME] worker=25 linear=48368/1 linear_res=0/0 attn=0/0 rms=0/0 silu=0/0 fused=0/0
[TASK_TIME] worker=97 linear=90540/1 linear_res=0/0 attn=0/0 rms=0/0 silu=0/0 fused=0/0
[TASK_TIME] worker=122 linear=83924/1 linear_res=22292/1 attn=0/0 rms=0/0 silu=0/0 fused=0/0
[TASK_TIME] worker=148 linear=90696/1 linear_res=22244/1 attn=0/0 rms=0/0 silu=0/0 fused=0/0
[TIMING] worker=259 tasks=3 poll_iters=231180 dep_iters=5913 poll_cycles=133175364 dep_cycles=1646848 exec_cycles=124228 signal_cycles=5756
[TASK_TIME] worker=250 linear=0/0 linear_res=0/0 attn=0/0 rms=0/0 silu=0/0 fused=0/0
[TASK_TIME] worker=153 linear=92116/1 linear_res=22748/1 attn=0/0 rms=0/0 silu=0/0 fused=0/0
[TASK_TIME] worker=290 linear=0/0 linear_res=0/0 attn=0/0 rms=0/0 silu=0/0 fused=0/0
[TASK_TIME2] worker=163 prep=0/0 attend=0/0 merge=0/0 router=0/0 copy=0/0 w2silu=36624/1 lnorm=0/0 prefetch=0/0
[TIMING] worker=185 tasks=3 poll_iters=367264 dep_iters=5393 poll_cycles=211687212 dep_cycles=1622020 exec_cycles=206468 signal_cycles=5476
[TIMING] worker=276 tasks=3 poll_iters=281354 dep_iters=6013 poll_cycles=162126128 dep_cycles=1650940 exec_cycles=119556 signal_cycles=6184
[TASK_TIME] worker=145 linear=85436/1 linear_res=22244/1 attn=0/0 rms=0/0 silu=0/0 fused=0/0
[TASK_TIME] worker=267 linear=0/0 linear_res=0/0 attn=0/0 rms=0/0 silu=0/0 fused=0/0
[TASK_TIME2] worker=43 prep=0/0 attend=0/0 merge=0/0 router=0/0 copy=0/0 w2silu=36692/1 lnorm=34796/1 prefetch=0/0
[TIMING] worker=90 tasks=5 poll_iters=350502 dep_iters=5906 poll_cycles=201971112 dep_cycles=1625752 exec_cycles=207944 signal_cycles=11608
[TIMING] worker=116 tasks=4 poll_iters=275239 dep_iters=6272 poll_cycles=158575260 dep_cycles=1687776 exec_cycles=193272 signal_cycles=10400
[TIMING] worker=121 tasks=4 poll_iters=343008 dep_iters=5756 poll_cycles=197676412 dep_cycles=1697648 exec_cycles=184848 signal_cycles=9428
[TIMING] worker=92 tasks=5 poll_iters=223756 dep_iters=5418 poll_cycles=128903524 dep_cycles=1618240 exec_cycles=250656 signal_cycles=20680
[TIMING] worker=225 tasks=3 poll_iters=361375 dep_iters=5051 poll_cycles=209194292 dep_cycles=1599640 exec_cycles=210296 signal_cycles=10460
[TIMING] worker=243 tasks=3 poll_iters=418514 dep_iters=5462 poll_cycles=241201060 dep_cycles=1652976 exec_cycles=147704 signal_cycles=6124
[TASK_TIME] worker=59 linear=84084/1 linear_res=22488/1 attn=0/0 rms=0/0 silu=0/0 fused=0/0
[TASK_TIME] worker=234 linear=0/0 linear_res=0/0 attn=0/0 rms=0/0 silu=0/0 fused=0/0
[TIMING] worker=57 tasks=5 poll_iters=231993 dep_iters=5730 poll_cycles=133655964 dep_cycles=1671496 exec_cycles=212472 signal_cycles=10964
[TASK_TIME] worker=283 linear=0/0 linear_res=0/0 attn=0/0 rms=0/0 silu=0/0 fused=0/0
[TIMING] worker=169 tasks=4 poll_iters=429317 dep_iters=5719 poll_cycles=247454304 dep_cycles=1572016 exec_cycles=260388 signal_cycles=7060
[TIMING] worker=179 tasks=3 poll_iters=428286 dep_iters=5400 poll_cycles=246845676 dep_cycles=1611868 exec_cycles=214648 signal_cycles=6140
[TASK_TIME] worker=66 linear=81220/1 linear_res=21828/1 attn=0/0 rms=0/0 silu=0/0 fused=0/0
[TASK_TIME] worker=34 linear=47176/1 linear_res=22376/1 attn=0/0 rms=0/0 silu=0/0 fused=0/0
[TASK_TIME] worker=252 linear=0/0 linear_res=0/0 attn=0/0 rms=0/0 silu=0/0 fused=0/0
[TASK_TIME] worker=138 linear=87648/1 linear_res=22316/1 attn=0/0 rms=0/0 silu=0/0 fused=0/0
[TASK_TIME] worker=203 linear=0/0 linear_res=99768/1 attn=0/0 rms=0/0 silu=0/0 fused=0/0
[TIMING] worker=28 tasks=7 poll_iters=238616 dep_iters=4977 poll_cycles=137467780 dep_cycles=1473408 exec_cycles=433176 signal_cycles=19264
[TASK_TIME2] worker=195 prep=0/0 attend=0/0 merge=0/0 router=0/0 copy=0/0 w2silu=36964/1 lnorm=0/0 prefetch=0/0
[TIMING] worker=36 tasks=7 poll_iters=267772 dep_iters=5587 poll_cycles=154280776 dep_cycles=1651220 exec_cycles=254044 signal_cycles=17532
[TIMING] worker=140 tasks=4 poll_iters=269947 dep_iters=6058 poll_cycles=155525132 dep_cycles=1681072 exec_cycles=192980 signal_cycles=10736
[TIMING] worker=42 tasks=5 poll_iters=246816 dep_iters=5538 poll_cycles=142195760 dep_cycles=1615700 exec_cycles=228652 signal_cycles=10588
[TASK_TIME] worker=139 linear=90024/1 linear_res=22156/1 attn=0/0 rms=0/0 silu=0/0 fused=0/0
[TASK_TIME2] worker=115 prep=0/0 attend=0/0 merge=0/0 router=0/0 copy=0/0 w2silu=36816/1 lnorm=0/0 prefetch=0/0
[TIMING] worker=12 tasks=9 poll_iters=267235 dep_iters=5073 poll_cycles=153957768 dep_cycles=1379164 exec_cycles=528456 signal_cycles=18128
[TASK_TIME] worker=194 linear=0/0 linear_res=98544/1 attn=0/0 rms=0/0 silu=0/0 fused=0/0
[TASK_TIME] worker=235 linear=0/0 linear_res=0/0 attn=0/0 rms=0/0 silu=0/0 fused=0/0
[TASK_TIME] worker=193 linear=0/0 linear_res=98868/1 attn=0/0 rms=0/0 silu=0/0 fused=0/0
[TASK_TIME] worker=155 linear=92100/1 linear_res=22132/1 attn=0/0 rms=0/0 silu=0/0 fused=0/0
[TASK_TIME] worker=259 linear=0/0 linear_res=0/0 attn=0/0 rms=0/0 silu=0/0 fused=0/0
[TASK_TIME] worker=131 linear=87264/1 linear_res=22248/1 attn=0/0 rms=0/0 silu=0/0 fused=0/0
[TASK_TIME] worker=3 linear=47952/1 linear_res=0/0 attn=0/0 rms=0/0 silu=0/0 fused=0/0
[TASK_TIME] worker=75 linear=90768/1 linear_res=21348/1 attn=0/0 rms=0/0 silu=0/0 fused=0/0
[TASK_TIME] worker=211 linear=0/0 linear_res=99860/1 attn=0/0 rms=0/0 silu=0/0 fused=0/0
[TIMING] worker=291 tasks=3 poll_iters=412858 dep_iters=5713 poll_cycles=237967500 dep_cycles=1635928 exec_cycles=121808 signal_cycles=5784
[TASK_TIME2] worker=203 prep=0/0 attend=0/0 merge=0/0 router=0/0 copy=0/0 w2silu=36896/1 lnorm=0/0 prefetch=0/0
[TASK_TIME2] worker=275 prep=0/0 attend=0/0 merge=0/0 router=0/0 copy=0/0 w2silu=10860/1 lnorm=34980/1 prefetch=0/0
[TASK_TIME] worker=243 linear=0/0 linear_res=0/0 attn=0/0 rms=0/0 silu=0/0 fused=0/0
[TASK_TIME2] worker=283 prep=0/0 attend=0/0 merge=0/0 router=0/0 copy=0/0 w2silu=10948/1 lnorm=35744/1 prefetch=0/0
[TASK_TIME2] worker=59 prep=0/0 attend=0/0 merge=0/0 router=0/0 copy=0/0 w2silu=35860/1 lnorm=34780/1 prefetch=0/0
[TASK_TIME] worker=249 linear=0/0 linear_res=0/0 attn=0/0 rms=0/0 silu=0/0 fused=0/0
[TASK_TIME2] worker=139 prep=0/0 attend=0/0 merge=0/0 router=0/0 copy=0/0 w2silu=35960/1 lnorm=0/0 prefetch=0/0
[TASK_TIME2] worker=235 prep=0/0 attend=0/0 merge=0/0 router=0/0 copy=0/0 w2silu=35904/1 lnorm=35412/1 prefetch=0/0
[TASK_TIME2] worker=259 prep=0/0 attend=0/0 merge=0/0 router=0/0 copy=0/0 w2silu=10912/1 lnorm=35168/1 prefetch=0/0
[TASK_TIME2] worker=211 prep=0/0 attend=0/0 merge=0/0 router=0/0 copy=0/0 w2silu=37104/1 lnorm=0/0 prefetch=0/0
[TASK_TIME2] worker=75 prep=0/0 attend=0/0 merge=0/0 router=0/0 copy=0/0 w2silu=36252/1 lnorm=28324/1 prefetch=0/0
[TASK_TIME2] worker=131 prep=0/0 attend=0/0 merge=0/0 router=0/0 copy=0/0 w2silu=36600/1 lnorm=0/0 prefetch=0/0
[TASK_TIME2] worker=3 prep=0/0 attend=226192/2 merge=87036/2 router=0/0 copy=0/0 w2silu=36188/1 lnorm=35336/1 prefetch=0/0
[TASK_TIME2] worker=243 prep=0/0 attend=0/0 merge=0/0 router=0/0 copy=0/0 w2silu=35080/1 lnorm=35168/1 prefetch=0/0
[TASK_TIME] worker=129 linear=86700/1 linear_res=22232/1 attn=0/0 rms=0/0 silu=0/0 fused=0/0
[TIMING] worker=289 tasks=3 poll_iters=242398 dep_iters=5266 poll_cycles=139658676 dep_cycles=1644780 exec_cycles=119444 signal_cycles=5628
[TASK_TIME] worker=124 linear=91368/1 linear_res=22508/1 attn=0/0 rms=0/0 silu=0/0 fused=0/0
[TIMING] worker=132 tasks=4 poll_iters=223471 dep_iters=5728 poll_cycles=128736852 dep_cycles=1686164 exec_cycles=192404 signal_cycles=8316
[TASK_TIME] worker=106 linear=85652/1 linear_res=22164/1 attn=0/0 rms=0/0 silu=0/0 fused=0/0
[TIMING] worker=228 tasks=3 poll_iters=356217 dep_iters=5438 poll_cycles=205384584 dep_cycles=1668564 exec_cycles=145992 signal_cycles=6228
[TIMING] worker=73 tasks=5 poll_iters=202975 dep_iters=6070 poll_cycles=116927256 dep_cycles=1669536 exec_cycles=212080 signal_cycles=9212
[TASK_TIME] worker=60 linear=88704/1 linear_res=21336/1 attn=0/0 rms=0/0 silu=0/0 fused=0/0
[TASK_TIME] worker=20 linear=48088/1 linear_res=0/0 attn=0/0 rms=0/0 silu=0/0 fused=0/0
[TASK_TIME] worker=11 linear=48020/1 linear_res=0/0 attn=0/0 rms=0/0 silu=0/0 fused=0/0
[TASK_TIME] worker=161 linear=91620/1 linear_res=22364/1 attn=0/0 rms=0/0 silu=0/0 fused=0/0
[TASK_TIME] worker=265 linear=0/0 linear_res=0/0 attn=0/0 rms=0/0 silu=0/0 fused=0/0
[TASK_TIME2] worker=91 prep=0/0 attend=0/0 merge=0/0 router=0/0 copy=0/0 w2silu=36444/1 lnorm=27848/1 prefetch=0/0
[TIMING] worker=266 tasks=3 poll_iters=367555 dep_iters=5179 poll_cycles=211812576 dep_cycles=1611368 exec_cycles=120392 signal_cycles=5884
[TASK_TIME] worker=89 linear=91388/1 linear_res=21136/1 attn=0/0 rms=0/0 silu=0/0 fused=0/0
[TASK_TIME] worker=27 linear=48060/1 linear_res=0/0 attn=0/0 rms=0/0 silu=0/0 fused=0/0
[TASK_TIME] worker=178 linear=0/0 linear_res=98812/1 attn=0/0 rms=0/0 silu=0/0 fused=0/0
[TASK_TIME] worker=137 linear=88860/1 linear_res=22456/1 attn=0/0 rms=0/0 silu=0/0 fused=0/0
[TIMING] worker=227 tasks=3 poll_iters=425608 dep_iters=5454 poll_cycles=246347016 dep_cycles=1586840 exec_cycles=213612 signal_cycles=16528
[TASK_TIME] worker=41 linear=83824/1 linear_res=21924/1 attn=0/0 rms=0/0 silu=0/0 fused=0/0
[TASK_TIME] worker=52 linear=91112/1 linear_res=22056/1 attn=0/0 rms=0/0 silu=0/0 fused=0/0
[TIMING] worker=38 tasks=7 poll_iters=26562 dep_iters=5611 poll_cycles=15320112 dep_cycles=1659380 exec_cycles=248464 signal_cycles=14788
[TIMING] worker=83 tasks=5 poll_iters=430831 dep_iters=5400 poll_cycles=248328432 dep_cycles=1660240 exec_cycles=217468 signal_cycles=9912
[TASK_TIME] worker=281 linear=0/0 linear_res=0/0 attn=0/0 rms=0/0 silu=0/0 fused=0/0
[TASK_TIME2] worker=108 prep=0/0 attend=0/0 merge=0/0 router=0/0 copy=0/0 w2silu=36644/1 lnorm=0/0 prefetch=0/0
[TASK_TIME2] worker=251 prep=0/0 attend=0/0 merge=0/0 router=0/0 copy=0/0 w2silu=36016/1 lnorm=35124/1 prefetch=0/0
[TASK_TIME] worker=170 linear=85200/1 linear_res=97740/1 attn=0/0 rms=0/0 silu=0/0 fused=0/0
[TASK_TIME2] worker=99 prep=0/0 attend=0/0 merge=0/0 router=0/0 copy=0/0 w2silu=35764/1 lnorm=27752/1 prefetch=0/0
[TASK_TIME2] worker=84 prep=0/0 attend=0/0 merge=0/0 router=0/0 copy=0/0 w2silu=36944/1 lnorm=28200/1 prefetch=0/0
[TASK_TIME] worker=218 linear=0/0 linear_res=99800/1 attn=0/0 rms=0/0 silu=0/0 fused=0/0
[TASK_TIME] worker=107 linear=89200/1 linear_res=22040/1 attn=0/0 rms=0/0 silu=0/0 fused=0/0
[TASK_TIME] worker=76 linear=90488/1 linear_res=21036/1 attn=0/0 rms=0/0 silu=0/0 fused=0/0
[TASK_TIME] worker=284 linear=0/0 linear_res=0/0 attn=0/0 rms=0/0 silu=0/0 fused=0/0
[TASK_TIME] worker=26 linear=48184/1 linear_res=0/0 attn=0/0 rms=0/0 silu=0/0 fused=0/0
[TASK_TIME] worker=172 linear=90544/1 linear_res=97984/1 attn=0/0 rms=0/0 silu=0/0 fused=0/0
[TIMING] worker=180 tasks=3 poll_iters=216958 dep_iters=5914 poll_cycles=124982228 dep_cycles=1620484 exec_cycles=211232 signal_cycles=6080
[TIMING] worker=18 tasks=7 poll_iters=298835 dep_iters=4702 poll_cycles=172204224 dep_cycles=1448392 exec_cycles=430736 signal_cycles=17320
[TIMING] worker=219 tasks=3 poll_iters=403733 dep_iters=5649 poll_cycles=232640640 dep_cycles=1594292 exec_cycles=214680 signal_cycles=8152
[TASK_TIME] worker=50 linear=87816/1 linear_res=22260/1 attn=0/0 rms=0/0 silu=0/0 fused=0/0
[TASK_TIME] worker=132 linear=91120/1 linear_res=22524/1 attn=0/0 rms=0/0 silu=0/0 fused=0/0
[TIMING] worker=111 tasks=4 poll_iters=20224 dep_iters=5662 poll_cycles=11673516 dep_cycles=1533612 exec_cycles=194172 signal_cycles=7024
[TIMING] worker=187 tasks=3 poll_iters=279076 dep_iters=5865 poll_cycles=160788436 dep_cycles=1611536 exec_cycles=213632 signal_cycles=5700
[TIMING] worker=19 tasks=7 poll_iters=256615 dep_iters=4778 poll_cycles=147835984 dep_cycles=1472380 exec_cycles=444900 signal_cycles=14488
[TIMING] worker=212 tasks=3 poll_iters=271332 dep_iters=5958 poll_cycles=156324336 dep_cycles=1611704 exec_cycles=209184 signal_cycles=5680
[TASK_TIME] worker=257 linear=0/0 linear_res=0/0 attn=0/0 rms=0/0 silu=0/0 fused=0/0
[TASK_TIME] worker=17 linear=47960/1 linear_res=0/0 attn=0/0 rms=0/0 silu=0/0 fused=0/0
[TASK_TIME2] worker=148 prep=0/0 attend=0/0 merge=0/0 router=0/0 copy=0/0 w2silu=36500/1 lnorm=0/0 prefetch=0/0
[TASK_TIME] worker=209 linear=0/0 linear_res=100396/1 attn=0/0 rms=0/0 silu=0/0 fused=0/0
[TASK_TIME] worker=188 linear=0/0 linear_res=98824/1 attn=0/0 rms=0/0 silu=0/0 fused=0/0
[TASK_TIME] worker=204 linear=0/0 linear_res=99996/1 attn=0/0 rms=0/0 silu=0/0 fused=0/0
[TASK_TIME] worker=186 linear=0/0 linear_res=98640/1 attn=0/0 rms=0/0 silu=0/0 fused=0/0
[TASK_TIME] worker=44 linear=86988/1 linear_res=21984/1 attn=0/0 rms=0/0 silu=0/0 fused=0/0
[TIMING] worker=260 tasks=3 poll_iters=333872 dep_iters=5460 poll_cycles=192421488 dep_cycles=1656596 exec_cycles=119572 signal_cycles=6428
[TASK_TIME] worker=244 linear=0/0 linear_res=0/0 attn=0/0 rms=0/0 silu=0/0 fused=0/0
[TASK_TIME] worker=228 linear=0/0 linear_res=0/0 attn=0/0 rms=0/0 silu=0/0 fused=0/0
[TASK_TIME] worker=116 linear=93000/1 linear_res=22460/1 attn=0/0 rms=0/0 silu=0/0 fused=0/0
[TASK_TIME] worker=164 linear=90544/1 linear_res=98316/1 attn=0/0 rms=0/0 silu=0/0 fused=0/0
[TIMING] worker=271 tasks=3 poll_iters=18000 dep_iters=5173 poll_cycles=10393784 dep_cycles=1485592 exec_cycles=122800 signal_cycles=5500
[TASK_TIME] worker=146 linear=84092/1 linear_res=22172/1 attn=0/0 rms=0/0 silu=0/0 fused=0/0
[TASK_TIME2] worker=226 prep=0/0 attend=0/0 merge=0/0 router=0/0 copy=0/0 w2silu=32976/1 lnorm=0/0 prefetch=0/0
[TASK_TIME2] worker=20 prep=0/0 attend=226432/2 merge=0/0 router=0/0 copy=0/0 w2silu=37032/1 lnorm=69892/2 prefetch=0/0
[TASK_TIME2] worker=171 prep=0/0 attend=0/0 merge=0/0 router=0/0 copy=0/0 w2silu=36528/1 lnorm=0/0 prefetch=0/0
[TASK_TIME] worker=179 linear=0/0 linear_res=99664/1 attn=0/0 rms=0/0 silu=0/0 fused=0/0
[TASK_TIME] worker=1 linear=47500/1 linear_res=0/0 attn=0/0 rms=0/0 silu=0/0 fused=0/0
[TASK_TIME] worker=4 linear=48292/1 linear_res=0/0 attn=0/0 rms=0/0 silu=0/0 fused=0/0
[TASK_TIME2] worker=52 prep=0/0 attend=0/0 merge=0/0 router=0/0 copy=0/0 w2silu=36968/1 lnorm=34912/1 prefetch=0/0
[TASK_TIME] worker=51 linear=90748/1 linear_res=22428/1 attn=0/0 rms=0/0 silu=0/0 fused=0/0
[TIMING] worker=238 tasks=3 poll_iters=54617 dep_iters=5961 poll_cycles=31508500 dep_cycles=1661208 exec_cycles=144664 signal_cycles=5444
[TASK_TIME] worker=212 linear=0/0 linear_res=99992/1 attn=0/0 rms=0/0 silu=0/0 fused=0/0
[TASK_TIME2] worker=284 prep=0/0 attend=0/0 merge=0/0 router=0/0 copy=0/0 w2silu=11028/1 lnorm=35424/1 prefetch=0/0
[TIMING] worker=214 tasks=3 poll_iters=27731 dep_iters=5935 poll_cycles=15987188 dep_cycles=1605604 exec_cycles=210420 signal_cycles=5460
[TASK_TIME2] worker=60 prep=0/0 attend=0/0 merge=0/0 router=0/0 copy=0/0 w2silu=36504/1 lnorm=32140/1 prefetch=0/0
[TASK_TIME2] worker=252 prep=0/0 attend=0/0 merge=0/0 router=0/0 copy=0/0 w2silu=35576/1 lnorm=35080/1 prefetch=0/0
[TASK_TIME2] worker=124 prep=0/0 attend=0/0 merge=0/0 router=0/0 copy=0/0 w2silu=36188/1 lnorm=0/0 prefetch=0/0
[TASK_TIME2] worker=164 prep=0/0 attend=0/0 merge=0/0 router=0/0 copy=0/0 w2silu=37464/1 lnorm=0/0 prefetch=0/0
[TASK_TIME] worker=180 linear=0/0 linear_res=99356/1 attn=0/0 rms=0/0 silu=0/0 fused=0/0
[TIMING] worker=93 tasks=5 poll_iters=99245 dep_iters=6141 poll_cycles=57195288 dep_cycles=1684400 exec_cycles=199416 signal_cycles=12944
[TASK_TIME2] worker=76 prep=0/0 attend=0/0 merge=0/0 router=0/0 copy=0/0 w2silu=35852/1 lnorm=27904/1 prefetch=0/0
[TASK_TIME2] worker=244 prep=0/0 attend=0/0 merge=0/0 router=0/0 copy=0/0 w2silu=35632/1 lnorm=35584/1 prefetch=0/0
[TASK_TIME] worker=114 linear=85708/1 linear_res=22368/1 attn=0/0 rms=0/0 silu=0/0 fused=0/0
[TASK_TIME2] worker=4 prep=0/0 attend=226060/2 merge=88532/2 router=0/0 copy=0/0 w2silu=36932/1 lnorm=69844/2 prefetch=0/0
[TASK_TIME] worker=241 linear=0/0 linear_res=0/0 attn=0/0 rms=0/0 silu=0/0 fused=0/0
[TASK_TIME] worker=123 linear=85360/1 linear_res=22144/1 attn=0/0 rms=0/0 silu=0/0 fused=0/0
[TASK_TIME2] worker=212 prep=0/0 attend=0/0 merge=0/0 router=0/0 copy=0/0 w2silu=36180/1 lnorm=0/0 prefetch=0/0
[TASK_TIME] worker=140 linear=91372/1 linear_res=22540/1 attn=0/0 rms=0/0 silu=0/0 fused=0/0
[TASK_TIME2] worker=180 prep=0/0 attend=0/0 merge=0/0 router=0/0 copy=0/0 w2silu=36868/1 lnorm=0/0 prefetch=0/0
[TASK_TIME] worker=74 linear=87468/1 linear_res=21676/1 attn=0/0 rms=0/0 silu=0/0 fused=0/0
[TASK_TIME2] worker=147 prep=0/0 attend=0/0 merge=0/0 router=0/0 copy=0/0 w2silu=37128/1 lnorm=0/0 prefetch=0/0
[TASK_TIME] worker=113 linear=87380/1 linear_res=22580/1 attn=0/0 rms=0/0 silu=0/0 fused=0/0
[TASK_TIME] worker=282 linear=0/0 linear_res=0/0 attn=0/0 rms=0/0 silu=0/0 fused=0/0
[TASK_TIME] worker=258 linear=0/0 linear_res=0/0 attn=0/0 rms=0/0 silu=0/0 fused=0/0
[TASK_TIME2] worker=67 prep=0/0 attend=0/0 merge=0/0 router=0/0 copy=0/0 w2silu=35780/1 lnorm=32028/1 prefetch=0/0
[TASK_TIME] worker=154 linear=87344/1 linear_res=22344/1 attn=0/0 rms=0/0 silu=0/0 fused=0/0
[TIMING] worker=128 tasks=4 poll_iters=3470 dep_iters=6167 poll_cycles=2014776 dep_cycles=1665312 exec_cycles=198588 signal_cycles=6996
[TASK_TIME] worker=10 linear=47096/1 linear_res=0/0 attn=0/0 rms=0/0 silu=0/0 fused=0/0
[TIMING] worker=77 tasks=5 poll_iters=42275 dep_iters=5537 poll_cycles=24361972 dep_cycles=1655904 exec_cycles=219032 signal_cycles=9672
[TASK_TIME] worker=42 linear=85324/1 linear_res=22348/1 attn=0/0 rms=0/0 silu=0/0 fused=0/0
[TIMING] worker=286 tasks=3 poll_iters=116090 dep_iters=5272 poll_cycles=67000280 dep_cycles=1636104 exec_cycles=121912 signal_cycles=8880
[TASK_TIME] worker=65 linear=84808/1 linear_res=21320/1 attn=0/0 rms=0/0 silu=0/0 fused=0/0
[TASK_TIME] worker=2 linear=47556/1 linear_res=0/0 attn=0/0 rms=0/0 silu=0/0 fused=0/0
[TASK_TIME] worker=90 linear=87636/1 linear_res=21672/1 attn=0/0 rms=0/0 silu=0/0 fused=0/0
[TIMING] worker=72 tasks=5 poll_iters=6695 dep_iters=5451 poll_cycles=3895876 dep_cycles=1631424 exec_cycles=227620 signal_cycles=9236
[TASK_TIME] worker=57 linear=91204/1 linear_res=21972/1 attn=0/0 rms=0/0 silu=0/0 fused=0/0
[TASK_TIME] worker=276 linear=0/0 linear_res=0/0 attn=0/0 rms=0/0 silu=0/0 fused=0/0
[TASK_TIME2] worker=132 prep=0/0 attend=0/0 merge=0/0 router=0/0 copy=0/0 w2silu=36208/1 lnorm=0/0 prefetch=0/0
[TASK_TIME] worker=58 linear=81376/1 linear_res=22144/1 attn=0/0 rms=0/0 silu=0/0 fused=0/0
[TIMING] worker=16 tasks=7 poll_iters=9245 dep_iters=4696 poll_cycles=5380996 dep_cycles=1452232 exec_cycles=450404 signal_cycles=20924
[TASK_TIME] worker=81 linear=87940/1 linear_res=21500/1 attn=0/0 rms=0/0 silu=0/0 fused=0/0
[TASK_TIME] worker=105 linear=87236/1 linear_res=22272/1 attn=0/0 rms=0/0 silu=0/0 fused=0/0
[TASK_TIME] worker=33 linear=47536/1 linear_res=22016/1 attn=0/0 rms=0/0 silu=0/0 fused=0/0
[TASK_TIME] worker=68 linear=90136/1 linear_res=21332/1 attn=0/0 rms=0/0 silu=0/0 fused=0/0
[TIMING] worker=49 tasks=5 poll_iters=225902 dep_iters=5764 poll_cycles=130140140 dep_cycles=1654984 exec_cycles=233544 signal_cycles=9764
[TASK_TIME] worker=242 linear=0/0 linear_res=0/0 attn=0/0 rms=0/0 silu=0/0 fused=0/0
[TASK_TIME] worker=82 linear=87516/1 linear_res=21824/1 attn=0/0 rms=0/0 silu=0/0 fused=0/0
[TIMING] worker=109 tasks=4 poll_iters=81748 dep_iters=5741 poll_cycles=47106728 dep_cycles=1692684 exec_cycles=191532 signal_cycles=7632
[TASK_TIME] worker=233 linear=0/0 linear_res=0/0 attn=0/0 rms=0/0 silu=0/0 fused=0/0
[TASK_TIME] worker=274 linear=0/0 linear_res=0/0 attn=0/0 rms=0/0 silu=0/0 fused=0/0
[TASK_TIME] worker=266 linear=0/0 linear_res=0/0 attn=0/0 rms=0/0 silu=0/0 fused=0/0
[TASK_TIME2] worker=290 prep=0/0 attend=0/0 merge=0/0 router=0/0 copy=0/0 w2silu=11236/1 lnorm=35028/1 prefetch=0/0
[TASK_TIME] worker=130 linear=83728/1 linear_res=22320/1 attn=0/0 rms=0/0 silu=0/0 fused=0/0
[TIMING] worker=192 tasks=3 poll_iters=36287 dep_iters=5749 poll_cycles=20996532 dep_cycles=1586852 exec_cycles=211276 signal_cycles=4952
[TASK_TIME] worker=219 linear=0/0 linear_res=100428/1 attn=0/0 rms=0/0 silu=0/0 fused=0/0
[TASK_TIME2] worker=250 prep=0/0 attend=0/0 merge=0/0 router=0/0 copy=0/0 w2silu=32672/1 lnorm=34872/1 prefetch=0/0
[TASK_TIME2] worker=122 prep=0/0 attend=0/0 merge=0/0 router=0/0 copy=0/0 w2silu=32680/1 lnorm=0/0 prefetch=0/0
[TASK_TIME] worker=201 linear=0/0 linear_res=99076/1 attn=0/0 rms=0/0 silu=0/0 fused=0/0
[TIMING] worker=143 tasks=4 poll_iters=18282 dep_iters=5443 poll_cycles=10555228 dep_cycles=1515760 exec_cycles=198460 signal_cycles=9980
[TIMING] worker=30 tasks=7 poll_iters=22549 dep_iters=4990 poll_cycles=13005092 dep_cycles=1477196 exec_cycles=431360 signal_cycles=16428
[TASK_TIME] worker=156 linear=91564/1 linear_res=22508/1 attn=0/0 rms=0/0 silu=0/0 fused=0/0
[TASK_TIME] worker=196 linear=0/0 linear_res=98920/1 attn=0/0 rms=0/0 silu=0/0 fused=0/0
[TIMING] worker=85 tasks=5 poll_iters=120057 dep_iters=5372 poll_cycles=69231432 dep_cycles=1656620 exec_cycles=215364 signal_cycles=10140
[TIMING] worker=255 tasks=3 poll_iters=72944 dep_iters=4911 poll_cycles=42173068 dep_cycles=1491996 exec_cycles=149848 signal_cycles=5196
[TASK_TIME] worker=98 linear=87016/1 linear_res=22496/1 attn=0/0 rms=0/0 silu=0/0 fused=0/0
[TIMING] worker=280 tasks=3 poll_iters=14977 dep_iters=5609 poll_cycles=8677020 dep_cycles=1612480 exec_cycles=121532 signal_cycles=8772
[TASK_TIME] worker=121 linear=92336/1 linear_res=22152/1 attn=0/0 rms=0/0 silu=0/0 fused=0/0
[TASK_TIME] worker=185 linear=0/0 linear_res=98864/1 attn=0/0 rms=0/0 silu=0/0 fused=0/0
[TASK_TIME2] worker=236 prep=0/0 attend=0/0 merge=0/0 router=0/0 copy=0/0 w2silu=35828/1 lnorm=35180/1 prefetch=0/0
[TASK_TIME2] worker=194 prep=0/0 attend=0/0 merge=0/0 router=0/0 copy=0/0 w2silu=33268/1 lnorm=0/0 prefetch=0/0
[TASK_TIME] worker=177 linear=0/0 linear_res=99032/1 attn=0/0 rms=0/0 silu=0/0 fused=0/0
[TASK_TIME2] worker=145 prep=0/0 attend=0/0 merge=0/0 router=0/0 copy=0/0 w2silu=32580/1 lnorm=0/0 prefetch=0/0
[TIMING] worker=78 tasks=5 poll_iters=31513 dep_iters=6059 poll_cycles=18171468 dep_cycles=1663044 exec_cycles=217344 signal_cycles=9504
[TIMING] worker=239 tasks=3 poll_iters=17835 dep_iters=5361 poll_cycles=10299396 dep_cycles=1499540 exec_cycles=148140 signal_cycles=5168
[TASK_TIME] worker=210 linear=0/0 linear_res=99560/1 attn=0/0 rms=0/0 silu=0/0 fused=0/0
[TASK_TIME] worker=169 linear=91068/1 linear_res=98000/1 attn=0/0 rms=0/0 silu=0/0 fused=0/0
[TASK_TIME2] worker=186 prep=0/0 attend=0/0 merge=0/0 router=0/0 copy=0/0 w2silu=33560/1 lnorm=0/0 prefetch=0/0
[TASK_TIME] worker=28 linear=47936/1 linear_res=22044/1 attn=0/0 rms=0/0 silu=0/0 fused=0/0
[TASK_TIME] worker=273 linear=0/0 linear_res=0/0 attn=0/0 rms=0/0 silu=0/0 fused=0/0
[TASK_TIME] worker=100 linear=92600/1 linear_res=22540/1 attn=0/0 rms=0/0 silu=0/0 fused=0/0
[TIMING] worker=270 tasks=3 poll_iters=17850 dep_iters=5750 poll_cycles=10298896 dep_cycles=1645100 exec_cycles=121084 signal_cycles=5904
[TASK_TIME] worker=217 linear=0/0 linear_res=100236/1 attn=0/0 rms=0/0 silu=0/0 fused=0/0
[TIMING] worker=247 tasks=3 poll_iters=44421 dep_iters=5356 poll_cycles=25655788 dep_cycles=1494212 exec_cycles=149656 signal_cycles=5284
[TIMING] worker=216 tasks=3 poll_iters=7038 dep_iters=5555 poll_cycles=4072564 dep_cycles=1575776 exec_cycles=212324 signal_cycles=5356
[TIMING] worker=288 tasks=3 poll_iters=12429 dep_iters=5607 poll_cycles=7187844 dep_cycles=1612008 exec_cycles=122448 signal_cycles=5292
[TASK_TIME2] worker=66 prep=0/0 attend=0/0 merge=0/0 router=0/0 copy=0/0 w2silu=32612/1 lnorm=27668/1 prefetch=0/0
[TASK_TIME] worker=162 linear=82252/1 linear_res=0/0 attn=0/0 rms=4076/1 silu=0/0 fused=0/0
[TASK_TIME2] worker=172 prep=0/0 attend=0/0 merge=0/0 router=0/0 copy=0/0 w2silu=37092/1 lnorm=0/0 prefetch=0/0
[TASK_TIME] worker=292 linear=0/0 linear_res=0/0 attn=0/0 rms=0/0 silu=0/0 fused=0/0
[TASK_TIME2] worker=106 prep=0/0 attend=0/0 merge=0/0 router=0/0 copy=0/0 w2silu=33284/1 lnorm=0/0 prefetch=0/0
[TASK_TIME2] worker=34 prep=0/0 attend=44968/2 merge=0/0 router=0/0 copy=0/0 w2silu=32888/1 lnorm=27932/1 prefetch=0/0
[TIMING] worker=174 tasks=4 poll_iters=15952 dep_iters=5707 poll_cycles=9199800 dep_cycles=1562832 exec_cycles=268756 signal_cycles=7240
[TIMING] worker=88 tasks=5 poll_iters=3621 dep_iters=5941 poll_cycles=2106036 dep_cycles=1633792 exec_cycles=221220 signal_cycles=8664
[TIMING] worker=208 tasks=3 poll_iters=15897 dep_iters=5327 poll_cycles=9229556 dep_cycles=1577544 exec_cycles=213992 signal_cycles=5148
[TASK_TIME2] worker=153 prep=0/0 attend=0/0 merge=0/0 router=0/0 copy=0/0 w2silu=33400/1 lnorm=0/0 prefetch=0/0
[TASK_TIME2] worker=268 prep=0/0 attend=0/0 merge=0/0 router=0/0 copy=0/0 w2silu=11016/1 lnorm=34692/1 prefetch=0/0
[TASK_TIME] worker=289 linear=0/0 linear_res=0/0 attn=0/0 rms=0/0 silu=0/0 fused=0/0
[TIMING] worker=94 tasks=5 poll_iters=43200 dep_iters=5682 poll_cycles=24932708 dep_cycles=1692512 exec_cycles=198332 signal_cycles=13640
[TASK_TIME2] worker=146 prep=0/0 attend=0/0 merge=0/0 router=0/0 copy=0/0 w2silu=32832/1 lnorm=0/0 prefetch=0/0
[TASK_TIME2] worker=218 prep=0/0 attend=0/0 merge=0/0 router=0/0 copy=0/0 w2silu=32492/1 lnorm=0/0 prefetch=0/0
[TASK_TIME2] worker=11 prep=0/0 attend=225036/2 merge=82316/2 router=0/0 copy=0/0 w2silu=35736/1 lnorm=70200/2 prefetch=0/0
[TIMING] worker=264 tasks=3 poll_iters=10878 dep_iters=5195 poll_cycles=6288288 dep_cycles=1620060 exec_cycles=123140 signal_cycles=5852
[TASK_TIME] worker=291 linear=0/0 linear_res=0/0 attn=0/0 rms=0/0 silu=0/0 fused=0/0
[TASK_TIME2] worker=26 prep=0/0 attend=225812/2 merge=0/0 router=0/0 copy=0/0 w2silu=32920/1 lnorm=62668/2 prefetch=0/0
[TIMING] worker=176 tasks=3 poll_iters=5764 dep_iters=5295 poll_cycles=3341532 dep_cycles=1585760 exec_cycles=217940 signal_cycles=7136
[TASK_TIME2] worker=25 prep=0/0 attend=224400/2 merge=0/0 router=0/0 copy=0/0 w2silu=32588/1 lnorm=68988/2 prefetch=0/0
[TASK_TIME] worker=9 linear=47752/1 linear_res=0/0 attn=0/0 rms=0/0 silu=0/0 fused=0/0
[TIMING] worker=62 tasks=5 poll_iters=9076 dep_iters=5724 poll_cycles=5239132 dep_cycles=1667016 exec_cycles=217240 signal_cycles=9376
[TASK_TIME] worker=19 linear=48148/1 linear_res=0/0 attn=0/0 rms=0/0 silu=0/0 fused=0/0
[TASK_TIME2] worker=74 prep=0/0 attend=0/0 merge=0/0 router=0/0 copy=0/0 w2silu=32756/1 lnorm=28084/1 prefetch=0/0
[TIMING] worker=181 tasks=3 poll_iters=93577 dep_iters=5381 poll_cycles=53935004 dep_cycles=1606468 exec_cycles=212760 signal_cycles=8032
[TASK_TIME2] worker=114 prep=0/0 attend=0/0 merge=0/0 router=0/0 copy=0/0 w2silu=32648/1 lnorm=0/0 prefetch=0/0
[TASK_TIME] worker=12 linear=47928/1 linear_res=0/0 attn=0/0 rms=0/0 silu=0/0 fused=0/0
[TASK_TIME] worker=18 linear=47504/1 linear_res=0/0 attn=0/0 rms=0/0 silu=0/0 fused=0/0
[TIMING] worker=54 tasks=5 poll_iters=60159 dep_iters=5736 poll_cycles=34734820 dep_cycles=1643088 exec_cycles=244224 signal_cycles=10312
[TASK_TIME2] worker=10 prep=0/0 attend=225956/2 merge=82680/2 router=0/0 copy=0/0 w2silu=32508/1 lnorm=66196/2 prefetch=0/0
[TIMING] worker=220 tasks=3 poll_iters=274588 dep_iters=5231 poll_cycles=158221948 dep_cycles=1603964 exec_cycles=211616 signal_cycles=8376
[TASK_TIME2] worker=2 prep=0/0 attend=226388/2 merge=87648/2 router=0/0 copy=0/0 w2silu=33724/1 lnorm=68664/2 prefetch=0/0
[TASK_TIME2] worker=242 prep=0/0 attend=0/0 merge=0/0 router=0/0 copy=0/0 w2silu=31636/1 lnorm=35580/1 prefetch=0/0
[TASK_TIME2] worker=90 prep=0/0 attend=0/0 merge=0/0 router=0/0 copy=0/0 w2silu=32592/1 lnorm=27776/1 prefetch=0/0
[TASK_TIME2] worker=234 prep=0/0 attend=0/0 merge=0/0 router=0/0 copy=0/0 w2silu=32744/1 lnorm=34784/1 prefetch=0/0
[TIMING] worker=278 tasks=3 poll_iters=57521 dep_iters=5988 poll_cycles=33204528 dep_cycles=1643584 exec_cycles=119852 signal_cycles=5788
[TASK_TIME2] worker=274 prep=0/0 attend=0/0 merge=0/0 router=0/0 copy=0/0 w2silu=11256/1 lnorm=35192/1 prefetch=0/0
[TIMING] worker=272 tasks=3 poll_iters=11824 dep_iters=5390 poll_cycles=6835624 dep_cycles=1618888 exec_cycles=121372 signal_cycles=5732
[TASK_TIME2] worker=98 prep=0/0 attend=0/0 merge=0/0 router=0/0 copy=0/0 w2silu=33536/1 lnorm=0/0 prefetch=0/0
[TIMING] worker=167 tasks=4 poll_iters=14890 dep_iters=4595 poll_cycles=8597672 dep_cycles=1390752 exec_cycles=278440 signal_cycles=15364
[TASK_TIME2] worker=154 prep=0/0 attend=0/0 merge=0/0 router=0/0 copy=0/0 w2silu=33640/1 lnorm=0/0 prefetch=0/0
[TASK_TIME] worker=225 linear=0/0 linear_res=100008/1 attn=0/0 rms=0/0 silu=0/0 fused=0/0
[TASK_TIME2] worker=82 prep=0/0 attend=0/0 merge=0/0 router=0/0 copy=0/0 w2silu=33784/1 lnorm=28136/1 prefetch=0/0
[TASK_TIME] worker=36 linear=48220/1 linear_res=22056/1 attn=0/0 rms=0/0 silu=0/0 fused=0/0
[TIMING] worker=71 tasks=5 poll_iters=34520 dep_iters=5125 poll_cycles=19939184 dep_cycles=1500580 exec_cycles=221784 signal_cycles=8968
[TASK_TIME2] worker=162 prep=0/0 attend=0/0 merge=0/0 router=0/0 copy=0/0 w2silu=33244/1 lnorm=0/0 prefetch=0/0
[TIMING] worker=120 tasks=4 poll_iters=4264 dep_iters=6187 poll_cycles=2476436 dep_cycles=1671772 exec_cycles=195312 signal_cycles=6572
[TIMING] worker=293 tasks=3 poll_iters=72344 dep_iters=5701 poll_cycles=41691688 dep_cycles=1633036 exec_cycles=121004 signal_cycles=5492
[TASK_TIME2] worker=18 prep=0/0 attend=225812/2 merge=0/0 router=0/0 copy=0/0 w2silu=33496/1 lnorm=63204/2 prefetch=0/0
[TIMING] worker=5 tasks=9 poll_iters=69113 dep_iters=4759 poll_cycles=39817112 dep_cycles=1371752 exec_cycles=534228 signal_cycles=24752
[TASK_TIME2] worker=44 prep=0/0 attend=0/0 merge=0/0 router=0/0 copy=0/0 w2silu=37516/1 lnorm=34880/1 prefetch=0/0
[TASK_TIME] worker=83 linear=88644/1 linear_res=22000/1 attn=0/0 rms=0/0 silu=0/0 fused=0/0
[TASK_TIME] worker=187 linear=0/0 linear_res=98268/1 attn=0/0 rms=0/0 silu=0/0 fused=0/0
[TASK_TIME2] worker=155 prep=0/0 attend=0/0 merge=0/0 router=0/0 copy=0/0 w2silu=36040/1 lnorm=0/0 prefetch=0/0
[TASK_TIME2] worker=178 prep=0/0 attend=0/0 merge=0/0 router=0/0 copy=0/0 w2silu=33132/1 lnorm=0/0 prefetch=0/0
[TASK_TIME2] worker=41 prep=0/0 attend=0/0 merge=0/0 router=0/0 copy=0/0 w2silu=33172/1 lnorm=32084/1 prefetch=0/0
[TASK_TIME] worker=227 linear=0/0 linear_res=100332/1 attn=0/0 rms=0/0 silu=0/0 fused=0/0
[TIMING] worker=245 tasks=3 poll_iters=136341 dep_iters=5447 poll_cycles=78646000 dep_cycles=1648880 exec_cycles=146264 signal_cycles=8200
[TIMING] worker=197 tasks=3 poll_iters=66617 dep_iters=5839 poll_cycles=38382764 dep_cycles=1606864 exec_cycles=209724 signal_cycles=5360
[TASK_TIME2] worker=129 prep=0/0 attend=0/0 merge=0/0 router=0/0 copy=0/0 w2silu=33784/1 lnorm=0/0 prefetch=0/0
[TIMING] worker=279 tasks=3 poll_iters=19345 dep_iters=5386 poll_cycles=11168360 dep_cycles=1484076 exec_cycles=121192 signal_cycles=5424
[TASK_TIME] worker=73 linear=92396/1 linear_res=21116/1 attn=0/0 rms=0/0 silu=0/0 fused=0/0
[TASK_TIME2] worker=170 prep=0/0 attend=0/0 merge=0/0 router=0/0 copy=0/0 w2silu=33688/1 lnorm=0/0 prefetch=0/0
[TASK_TIME2] worker=97 prep=431100/1 attend=0/0 merge=0/0 router=0/0 copy=0/0 w2silu=32856/1 lnorm=0/0 prefetch=0/0
[TIMING] worker=80 tasks=5 poll_iters=9651 dep_iters=5300 poll_cycles=5617344 dep_cycles=1631776 exec_cycles=225984 signal_cycles=8656
[TASK_TIME2] worker=193 prep=0/0 attend=0/0 merge=0/0 router=0/0 copy=0/0 w2silu=32580/1 lnorm=0/0 prefetch=0/0
[TASK_TIME2] worker=161 prep=0/0 attend=0/0 merge=0/0 router=0/0 copy=0/0 w2silu=32884/1 lnorm=0/0 prefetch=0/0
[TIMING] worker=0 tasks=9 poll_iters=4885 dep_iters=4729 poll_cycles=2840104 dep_cycles=1364644 exec_cycles=517192 signal_cycles=23916
[TASK_TIME2] worker=265 prep=0/0 attend=0/0 merge=0/0 router=0/0 copy=0/0 w2silu=11144/1 lnorm=35068/1 prefetch=0/0
[TIMING] worker=198 tasks=3 poll_iters=51199 dep_iters=5391 poll_cycles=29553236 dep_cycles=1611248 exec_cycles=209988 signal_cycles=5660
[TASK_TIME2] worker=137 prep=0/0 attend=0/0 merge=0/0 router=0/0 copy=0/0 w2silu=33128/1 lnorm=0/0 prefetch=0/0
[TASK_TIME] worker=35 linear=47880/1 linear_res=0/0 attn=0/0 rms=0/0 silu=0/0 fused=0/0
[TASK_TIME2] worker=50 prep=0/0 attend=0/0 merge=0/0 router=0/0 copy=0/0 w2silu=33540/1 lnorm=28524/1 prefetch=0/0
[TIMING] worker=151 tasks=4 poll_iters=20727 dep_iters=5693 poll_cycles=11961804 dep_cycles=1517864 exec_cycles=196368 signal_cycles=7328
[TIMING] worker=117 tasks=4 poll_iters=117902 dep_iters=5758 poll_cycles=67967320 dep_cycles=1695452 exec_cycles=186940 signal_cycles=7760
[TASK_TIME2] worker=281 prep=0/0 attend=0/0 merge=0/0 router=0/0 copy=0/0 w2silu=11116/1 lnorm=35004/1 prefetch=0/0
[TASK_TIME2] worker=1 prep=0/0 attend=224584/2 merge=88296/2 router=0/0 copy=0/0 w2silu=33180/1 lnorm=68872/2 prefetch=0/0
[TIMING] worker=24 tasks=7 poll_iters=2740 dep_iters=5354 poll_cycles=1589140 dep_cycles=1459364 exec_cycles=451940 signal_cycles=12012
[TASK_TIME] worker=49 linear=88340/1 linear_res=22092/1 attn=0/0 rms=0/0 silu=0/0 fused=0/0
[TASK_TIME2] worker=138 prep=0/0 attend=0/0 merge=0/0 router=0/0 copy=0/0 w2silu=33696/1 lnorm=0/0 prefetch=0/0
[TASK_TIME2] worker=209 prep=0/0 attend=0/0 merge=0/0 router=0/0 copy=0/0 w2silu=32604/1 lnorm=0/0 prefetch=0/0
[TIMING] worker=133 tasks=4 poll_iters=146340 dep_iters=5807 poll_cycles=85274920 dep_cycles=1681476 exec_cycles=194692 signal_cycles=8176
[TASK_TIME2] worker=89 prep=0/0 attend=0/0 merge=0/0 router=0/0 copy=0/0 w2silu=33396/1 lnorm=28008/1 prefetch=0/0
[TASK_TIME2] worker=65 prep=0/0 attend=0/0 merge=0/0 router=0/0 copy=0/0 w2silu=32716/1 lnorm=27728/1 prefetch=0/0
[TIMING] worker=70 tasks=5 poll_iters=28781 dep_iters=5722 poll_cycles=16601256 dep_cycles=1669084 exec_cycles=213112 signal_cycles=9500
[TASK_TIME2] worker=258 prep=0/0 attend=0/0 merge=0/0 router=0/0 copy=0/0 w2silu=11292/1 lnorm=35016/1 prefetch=0/0
[TIMING] worker=165 tasks=4 poll_iters=60076 dep_iters=5600 poll_cycles=34616028 dep_cycles=1557224 exec_cycles=269088 signal_cycles=7644
[TASK_TIME2] worker=276 prep=0/0 attend=0/0 merge=0/0 router=0/0 copy=0/0 w2silu=10984/1 lnorm=34896/1 prefetch=0/0
[TASK_TIME2] worker=177 prep=0/0 attend=0/0 merge=0/0 router=0/0 copy=0/0 w2silu=32660/1 lnorm=0/0 prefetch=0/0
[TASK_TIME2] worker=219 prep=0/0 attend=0/0 merge=0/0 router=0/0 copy=0/0 w2silu=36524/1 lnorm=0/0 prefetch=0/0
[TASK_TIME2] worker=17 prep=0/0 attend=224576/2 merge=0/0 router=0/0 copy=0/0 w2silu=32976/1 lnorm=69168/2 prefetch=0/0
[TASK_TIME2] worker=57 prep=0/0 attend=0/0 merge=0/0 router=0/0 copy=0/0 w2silu=33048/1 lnorm=28348/1 prefetch=0/0
[TASK_TIME2] worker=249 prep=0/0 attend=0/0 merge=0/0 router=0/0 copy=0/0 w2silu=32360/1 lnorm=35120/1 prefetch=0/0
[TIMING] worker=64 tasks=5 poll_iters=6106 dep_iters=6131 poll_cycles=3541444 dep_cycles=1640820 exec_cycles=219348 signal_cycles=8128
[TASK_TIME2] worker=257 prep=0/0 attend=0/0 merge=0/0 router=0/0 copy=0/0 w2silu=10932/1 lnorm=35160/1 prefetch=0/0
[TIMING] worker=87 tasks=5 poll_iters=26572 dep_iters=5253 poll_cycles=15342480 dep_cycles=1491572 exec_cycles=228164 signal_cycles=8808
[TIMING] worker=231 tasks=3 poll_iters=15710 dep_iters=4882 poll_cycles=9071620 dep_cycles=1501736 exec_cycles=149516 signal_cycles=5480
[TIMING] worker=254 tasks=3 poll_iters=20799 dep_iters=5455 poll_cycles=12000412 dep_cycles=1653484 exec_cycles=144544 signal_cycles=5700
[TASK_TIME2] worker=105 prep=0/0 attend=0/0 merge=0/0 router=0/0 copy=0/0 w2silu=33140/1 lnorm=0/0 prefetch=0/0
[TASK_TIME2] worker=233 prep=0/0 attend=0/0 merge=0/0 router=0/0 copy=0/0 w2silu=31964/1 lnorm=34848/1 prefetch=0/0
[TASK_TIME2] worker=273 prep=0/0 attend=0/0 merge=0/0 router=0/0 copy=0/0 w2silu=11316/1 lnorm=35540/1 prefetch=0/0
[TASK_TIME2] worker=113 prep=0/0 attend=0/0 merge=0/0 router=0/0 copy=0/0 w2silu=32316/1 lnorm=0/0 prefetch=0/0
[TASK_TIME2] worker=81 prep=0/0 attend=0/0 merge=0/0 router=0/0 copy=0/0 w2silu=33716/1 lnorm=28336/1 prefetch=0/0
[TASK_TIME2] worker=121 prep=0/0 attend=0/0 merge=0/0 router=0/0 copy=0/0 w2silu=32448/1 lnorm=0/0 prefetch=0/0
[TASK_TIME2] worker=225 prep=0/0 attend=0/0 merge=0/0 router=0/0 copy=0/0 w2silu=33832/1 lnorm=0/0 prefetch=0/0
[TASK_TIME2] worker=185 prep=0/0 attend=0/0 merge=0/0 router=0/0 copy=0/0 w2silu=33628/1 lnorm=0/0 prefetch=0/0
[TASK_TIME2] worker=9 prep=0/0 attend=224064/2 merge=82684/2 router=0/0 copy=0/0 w2silu=33196/1 lnorm=68864/2 prefetch=0/0
[TASK_TIME2] worker=217 prep=0/0 attend=0/0 merge=0/0 router=0/0 copy=0/0 w2silu=33328/1 lnorm=0/0 prefetch=0/0
[TIMING] worker=206 tasks=3 poll_iters=30356 dep_iters=5694 poll_cycles=17509488 dep_cycles=1605888 exec_cycles=211928 signal_cycles=5784
[TASK_TIME2] worker=289 prep=0/0 attend=0/0 merge=0/0 router=0/0 copy=0/0 w2silu=10780/1 lnorm=34972/1 prefetch=0/0
[TASK_TIME] worker=92 linear=90896/1 linear_res=0/0 attn=0/0 rms=0/0 silu=0/0 fused=0/0
[TIMING] worker=95 tasks=5 poll_iters=20493 dep_iters=5088 poll_cycles=11835444 dep_cycles=1523952 exec_cycles=204160 signal_cycles=14852
[TASK_TIME] worker=202 linear=0/0 linear_res=98872/1 attn=0/0 rms=0/0 silu=0/0 fused=0/0
[TIMING] worker=32 tasks=7 poll_iters=26854 dep_iters=6047 poll_cycles=15551860 dep_cycles=1649328 exec_cycles=253864 signal_cycles=12564
[TIMING] worker=55 tasks=5 poll_iters=16400 dep_iters=5128 poll_cycles=9469164 dep_cycles=1473464 exec_cycles=254728 signal_cycles=10444
[TASK_TIME2] worker=49 prep=0/0 attend=0/0 merge=0/0 router=0/0 copy=0/0 w2silu=33720/1 lnorm=28944/1 prefetch=0/0
[TASK_TIME2] worker=33 prep=0/0 attend=40756/2 merge=0/0 router=0/0 copy=0/0 w2silu=32792/1 lnorm=33988/1 prefetch=0/0
[TIMING] worker=183 tasks=3 poll_iters=21772 dep_iters=5284 poll_cycles=12568088 dep_cycles=1455520 exec_cycles=214292 signal_cycles=5272
[TIMING] worker=173 tasks=4 poll_iters=95743 dep_iters=5200 poll_cycles=55187840 dep_cycles=1554204 exec_cycles=270644 signal_cycles=7844
[TIMING] worker=224 tasks=3 poll_iters=8681 dep_iters=5527 poll_cycles=5024992 dep_cycles=1564800 exec_cycles=216060 signal_cycles=7408
[TIMING] worker=232 tasks=3 poll_iters=12851 dep_iters=5370 poll_cycles=7456756 dep_cycles=1634512 exec_cycles=146408 signal_cycles=5192
[TASK_TIME2] worker=28 prep=0/0 attend=226084/2 merge=0/0 router=0/0 copy=0/0 w2silu=36248/1 lnorm=34884/1 prefetch=0/0
[TASK_TIME2] worker=267 prep=0/0 attend=0/0 merge=0/0 router=0/0 copy=0/0 w2silu=11108/1 lnorm=35096/1 prefetch=0/0
[TASK_TIME2] worker=201 prep=0/0 attend=0/0 merge=0/0 router=0/0 copy=0/0 w2silu=33648/1 lnorm=0/0 prefetch=0/0
[TIMING] worker=126 tasks=4 poll_iters=48912 dep_iters=5756 poll_cycles=28231940 dep_cycles=1693220 exec_cycles=187340 signal_cycles=7536
[TIMING] worker=61 tasks=5 poll_iters=80190 dep_iters=6231 poll_cycles=46207920 dep_cycles=1666060 exec_cycles=215180 signal_cycles=9956
[TASK_TIME2] worker=27 prep=0/0 attend=225616/2 merge=0/0 router=0/0 copy=0/0 w2silu=36320/1 lnorm=69856/2 prefetch=0/0
[TASK_TIME2] worker=292 prep=0/0 attend=0/0 merge=0/0 router=0/0 copy=0/0 w2silu=10736/1 lnorm=35320/1 prefetch=0/0
[TIMING] worker=39 tasks=7 poll_iters=14770 dep_iters=5068 poll_cycles=8525920 dep_cycles=1505060 exec_cycles=248788 signal_cycles=12992
[TASK_TIME2] worker=68 prep=0/0 attend=0/0 merge=0/0 router=0/0 copy=0/0 w2silu=36844/1 lnorm=28676/1 prefetch=0/0
[TIMING] worker=159 tasks=4 poll_iters=18149 dep_iters=5005 poll_cycles=10482592 dep_cycles=1515496 exec_cycles=196080 signal_cycles=7540
[TIMING] worker=207 tasks=3 poll_iters=17081 dep_iters=5101 poll_cycles=9860516 dep_cycles=1445856 exec_cycles=215188 signal_cycles=5292
[TIMING] worker=47 tasks=5 poll_iters=30211 dep_iters=5527 poll_cycles=17442908 dep_cycles=1482876 exec_cycles=246148 signal_cycles=8132
[TASK_TIME2] worker=19 prep=0/0 attend=225704/2 merge=0/0 router=0/0 copy=0/0 w2silu=36648/1 lnorm=69792/2 prefetch=0/0
[TIMING] worker=48 tasks=5 poll_iters=9887 dep_iters=5179 poll_cycles=5762328 dep_cycles=1613420 exec_cycles=253476 signal_cycles=9112
[TASK_TIME2] worker=210 prep=0/0 attend=0/0 merge=0/0 router=0/0 copy=0/0 w2silu=33360/1 lnorm=0/0 prefetch=0/0
[TASK_TIME2] worker=116 prep=0/0 attend=0/0 merge=0/0 router=0/0 copy=0/0 w2silu=35856/1 lnorm=0/0 prefetch=0/0
[TASK_TIME2] worker=130 prep=0/0 attend=0/0 merge=0/0 router=0/0 copy=0/0 w2silu=33324/1 lnorm=0/0 prefetch=0/0
[TASK_TIME2] worker=266 prep=0/0 attend=0/0 merge=0/0 router=0/0 copy=0/0 w2silu=11136/1 lnorm=35256/1 prefetch=0/0
[TIMING] worker=248 tasks=3 poll_iters=10589 dep_iters=5822 poll_cycles=6129844 dep_cycles=1629248 exec_cycles=146112 signal_cycles=5160
[TIMING] worker=152 tasks=4 poll_iters=7802 dep_iters=5940 poll_cycles=4529256 dep_cycles=1647708 exec_cycles=199228 signal_cycles=11852
[TASK_TIME2] worker=123 prep=0/0 attend=0/0 merge=0/0 router=0/0 copy=0/0 w2silu=36132/1 lnorm=0/0 prefetch=0/0
[TASK_TIME2] worker=58 prep=0/0 attend=0/0 merge=0/0 router=0/0 copy=0/0 w2silu=32884/1 lnorm=28400/1 prefetch=0/0
[TASK_TIME2] worker=204 prep=0/0 attend=0/0 merge=0/0 router=0/0 copy=0/0 w2silu=36592/1 lnorm=0/0 prefetch=0/0
[TASK_TIME2] worker=107 prep=0/0 attend=0/0 merge=0/0 router=0/0 copy=0/0 w2silu=36032/1 lnorm=0/0 prefetch=0/0
[TASK_TIME2] worker=42 prep=0/0 attend=0/0 merge=0/0 router=0/0 copy=0/0 w2silu=33136/1 lnorm=27804/1 prefetch=0/0
[TASK_TIME2] worker=187 prep=0/0 attend=0/0 merge=0/0 router=0/0 copy=0/0 w2silu=36904/1 lnorm=0/0 prefetch=0/0
[TIMING] worker=263 tasks=3 poll_iters=17491 dep_iters=4899 poll_cycles=10094368 dep_cycles=1489564 exec_cycles=122240 signal_cycles=5740
[TASK_TIME2] worker=241 prep=0/0 attend=0/0 merge=0/0 router=0/0 copy=0/0 w2silu=31840/1 lnorm=34984/1 prefetch=0/0
[TASK_TIME2] worker=83 prep=0/0 attend=0/0 merge=0/0 router=0/0 copy=0/0 w2silu=36704/1 lnorm=28216/1 prefetch=0/0
[TIMING] worker=118 tasks=4 poll_iters=93952 dep_iters=6299 poll_cycles=54185388 dep_cycles=1696952 exec_cycles=186000 signal_cycles=7724
[TIMING] worker=205 tasks=3 poll_iters=132246 dep_iters=5209 poll_cycles=76287116 dep_cycles=1600028 exec_cycles=212792 signal_cycles=6000
[TIMING] worker=40 tasks=5 poll_iters=5635 dep_iters=5536 poll_cycles=3276272 dep_cycles=1614432 exec_cycles=255644 signal_cycles=10500
[TIMING] worker=46 tasks=5 poll_iters=60507 dep_iters=6174 poll_cycles=34907112 dep_cycles=1647980 exec_cycles=243976 signal_cycles=11580
[TASK_TIME2] worker=202 prep=0/0 attend=0/0 merge=0/0 router=0/0 copy=0/0 w2silu=33260/1 lnorm=0/0 prefetch=0/0
[TASK_TIME2] worker=36 prep=0/0 attend=44300/2 merge=0/0 router=0/0 copy=0/0 w2silu=36328/1 lnorm=34880/1 prefetch=0/0
[TASK_TIME] worker=260 linear=0/0 linear_res=0/0 attn=0/0 rms=0/0 silu=0/0 fused=0/0
[TIMING] worker=150 tasks=4 poll_iters=49933 dep_iters=6355 poll_cycles=28794228 dep_cycles=1686596 exec_cycles=184464 signal_cycles=7560
[TASK_TIME] worker=220 linear=0/0 linear_res=99956/1 attn=0/0 rms=0/0 silu=0/0 fused=0/0
[TIMING] worker=144 tasks=4 poll_iters=3491 dep_iters=5711 poll_cycles=2024668 dep_cycles=1657112 exec_cycles=200628 signal_cycles=10888
[TASK_TIME2] worker=169 prep=0/0 attend=0/0 merge=0/0 router=0/0 copy=0/0 w2silu=33124/1 lnorm=0/0 prefetch=0/0
[TIMING] worker=63 tasks=5 poll_iters=16286 dep_iters=5132 poll_cycles=9404512 dep_cycles=1502408 exec_cycles=222412 signal_cycles=9336
[TASK_TIME2] worker=228 prep=0/0 attend=0/0 merge=0/0 router=0/0 copy=0/0 w2silu=36832/1 lnorm=34764/1 prefetch=0/0
[TIMING] worker=29 tasks=7 poll_iters=128877 dep_iters=5449 poll_cycles=74280440 dep_cycles=1480692 exec_cycles=431364 signal_cycles=13856
[TIMING] worker=6 tasks=9 poll_iters=17042 dep_iters=4384 poll_cycles=9828968 dep_cycles=1370568 exec_cycles=534896 signal_cycles=21988
[TASK_TIME2] worker=140 prep=0/0 attend=0/0 merge=0/0 router=0/0 copy=0/0 w2silu=37044/1 lnorm=0/0 prefetch=0/0
[TASK_TIME2] worker=73 prep=0/0 attend=0/0 merge=0/0 router=0/0 copy=0/0 w2silu=32476/1 lnorm=28108/1 prefetch=0/0
[TIMING] worker=182 tasks=3 poll_iters=29928 dep_iters=5900 poll_cycles=17254116 dep_cycles=1616028 exec_cycles=211252 signal_cycles=5712
[TIMING] worker=200 tasks=3 poll_iters=6555 dep_iters=5131 poll_cycles=3796832 dep_cycles=1579472 exec_cycles=214520 signal_cycles=5728
[TIMING] worker=240 tasks=3 poll_iters=16074 dep_iters=5363 poll_cycles=9332000 dep_cycles=1628336 exec_cycles=149744 signal_cycles=5352
[TIMING] worker=142 tasks=4 poll_iters=39071 dep_iters=6068 poll_cycles=22538476 dep_cycles=1681944 exec_cycles=192620 signal_cycles=7720
[TASK_TIME2] worker=179 prep=0/0 attend=0/0 merge=0/0 router=0/0 copy=0/0 w2silu=37024/1 lnorm=0/0 prefetch=0/0
[TASK_TIME2] worker=282 prep=0/0 attend=0/0 merge=0/0 router=0/0 copy=0/0 w2silu=11164/1 lnorm=34900/1 prefetch=0/0
[TIMING] worker=13 tasks=9 poll_iters=142103 dep_iters=4665 poll_cycles=81947388 dep_cycles=1384364 exec_cycles=525548 signal_cycles=17744
[TASK_TIME2] worker=291 prep=0/0 attend=0/0 merge=0/0 router=0/0 copy=0/0 w2silu=10612/1 lnorm=34960/1 prefetch=0/0
[TIMING] worker=141 tasks=4 poll_iters=139769 dep_iters=5550 poll_cycles=80615108 dep_cycles=1676080 exec_cycles=194840 signal_cycles=11052
[TASK_TIME2] worker=51 prep=0/0 attend=0/0 merge=0/0 router=0/0 copy=0/0 w2silu=36704/1 lnorm=34792/1 prefetch=0/0
[TIMING] worker=104 tasks=4 poll_iters=9202 dep_iters=5699 poll_cycles=5348692 dep_cycles=1680168 exec_cycles=198256 signal_cycles=6888
[TASK_TIME2] worker=35 prep=434644/1 attend=41008/2 merge=0/0 router=0/0 copy=0/0 w2silu=35784/1 lnorm=34828/1 prefetch=0/0
[TIMING] worker=79 tasks=5 poll_iters=13162 dep_iters=5427 poll_cycles=7599556 dep_cycles=1496016 exec_cycles=224528 signal_cycles=9020
[TIMING] worker=222 tasks=3 poll_iters=34682 dep_iters=5217 poll_cycles=20010640 dep_cycles=1597856 exec_cycles=211144 signal_cycles=8228
[TASK_TIME2] worker=12 prep=0/0 attend=226064/2 merge=83156/2 router=0/0 copy=0/0 w2silu=35852/1 lnorm=69952/2 prefetch=0/0
[TASK_TIME2] worker=156 prep=0/0 attend=0/0 merge=0/0 router=0/0 copy=0/0 w2silu=36584/1 lnorm=0/0 prefetch=0/0
[TASK_TIME2] worker=188 prep=0/0 attend=0/0 merge=0/0 router=0/0 copy=0/0 w2silu=36876/1 lnorm=0/0 prefetch=0/0
[TASK_TIME2] worker=196 prep=0/0 attend=0/0 merge=0/0 router=0/0 copy=0/0 w2silu=36916/1 lnorm=0/0 prefetch=0/0
[TIMING] worker=256 tasks=3 poll_iters=12085 dep_iters=5813 poll_cycles=6997060 dep_cycles=1625808 exec_cycles=120060 signal_cycles=5532
[TIMING] worker=277 tasks=3 poll_iters=94588 dep_iters=5478 poll_cycles=54510248 dep_cycles=1639948 exec_cycles=120392 signal_cycles=5820
[TIMING] worker=22 tasks=7 poll_iters=29460 dep_iters=5163 poll_cycles=16987104 dep_cycles=1464276 exec_cycles=447136 signal_cycles=16500
[TASK_TIME2] worker=227 prep=0/0 attend=0/0 merge=0/0 router=0/0 copy=0/0 w2silu=30168/1 lnorm=0/0 prefetch=0/0
[TASK_TIME2] worker=92 prep=0/0 attend=0/0 merge=0/0 router=58592/1 copy=0/0 w2silu=36300/1 lnorm=27956/1 prefetch=0/0
[TIMING] worker=262 tasks=3 poll_iters=43878 dep_iters=5446 poll_cycles=25311336 dep_cycles=1649336 exec_cycles=120000 signal_cycles=6020
[TIMING] worker=103 tasks=4 poll_iters=24746 dep_iters=5139 poll_cycles=14290736 dep_cycles=1536192 exec_cycles=199608 signal_cycles=9856
[TASK_TIME2] worker=100 prep=0/0 attend=0/0 merge=0/0 router=0/0 copy=0/0 w2silu=37364/1 lnorm=0/0 prefetch=0/0
[TIMING] worker=56 tasks=5 poll_iters=3009 dep_iters=6123 poll_cycles=1750320 dep_cycles=1635976 exec_cycles=225552 signal_cycles=8672
[TIMING] worker=149 tasks=4 poll_iters=82771 dep_iters=5789 poll_cycles=47694328 dep_cycles=1682888 exec_cycles=188400 signal_cycles=7520
[TIMING] worker=119 tasks=4 poll_iters=16209 dep_iters=5659 poll_cycles=9356076 dep_cycles=1531040 exec_cycles=195616 signal_cycles=7364
[TASK_TIME2] worker=220 prep=0/0 attend=0/0 merge=0/0 router=0/0 copy=0/0 w2silu=36844/1 lnorm=0/0 prefetch=0/0
[TASK_TIME2] worker=260 prep=0/0 attend=0/0 merge=0/0 router=0/0 copy=0/0 w2silu=10860/1 lnorm=34840/1 prefetch=0/0
[TIMING] worker=189 tasks=3 poll_iters=64211 dep_iters=5852 poll_cycles=36998540 dep_cycles=1609872 exec_cycles=209592 signal_cycles=5364
[TIMING] worker=157 tasks=4 poll_iters=91540 dep_iters=6031 poll_cycles=52754848 dep_cycles=1674740 exec_cycles=191108 signal_cycles=9568
[TIMING] worker=261 tasks=3 poll_iters=91833 dep_iters=5910 poll_cycles=52927264 dep_cycles=1647060 exec_cycles=119380 signal_cycles=5712
[TIMING] worker=287 tasks=3 poll_iters=65746 dep_iters=4732 poll_cycles=37979844 dep_cycles=1473320 exec_cycles=125084 signal_cycles=9240
[TIMING] worker=168 tasks=4 poll_iters=6801 dep_iters=5130 poll_cycles=3950500 dep_cycles=1531892 exec_cycles=275384 signal_cycles=7364
[TIMING] worker=221 tasks=3 poll_iters=113786 dep_iters=5643 poll_cycles=65591864 dep_cycles=1594040 exec_cycles=211044 signal_cycles=9816
[TIMING] worker=184 tasks=3 poll_iters=5616 dep_iters=5758 poll_cycles=3253232 dep_cycles=1589180 exec_cycles=211956 signal_cycles=4996
[TIMING] worker=86 tasks=5 poll_iters=25489 dep_iters=5872 poll_cycles=14694708 dep_cycles=1661708 exec_cycles=217116 signal_cycles=9264
[TIMING] worker=134 tasks=4 poll_iters=29380 dep_iters=5738 poll_cycles=16946468 dep_cycles=1687484 exec_cycles=190252 signal_cycles=7804
[TIMING] worker=166 tasks=4 poll_iters=50897 dep_iters=5181 poll_cycles=29382604 dep_cycles=1562068 exec_cycles=269028 signal_cycles=8260
[TIMING] worker=160 tasks=4 poll_iters=5347 dep_iters=5939 poll_cycles=3097928 dep_cycles=1646828 exec_cycles=201140 signal_cycles=7256
[TIMING] worker=14 tasks=9 poll_iters=51935 dep_iters=5074 poll_cycles=29958056 dep_cycles=1379272 exec_cycles=527360 signal_cycles=17520
[TIMING] worker=223 tasks=3 poll_iters=15223 dep_iters=4668 poll_cycles=8789884 dep_cycles=1437504 exec_cycles=217784 signal_cycles=5596
[TIMING] worker=253 tasks=3 poll_iters=100835 dep_iters=5923 poll_cycles=58119192 dep_cycles=1650560 exec_cycles=143992 signal_cycles=5412
[TIMING] worker=230 tasks=3 poll_iters=33795 dep_iters=5245 poll_cycles=20471740 dep_cycles=1657420 exec_cycles=149528 signal_cycles=9564
[TIMING] worker=136 tasks=4 poll_iters=3783 dep_iters=5478 poll_cycles=2196728 dep_cycles=1651568 exec_cycles=203752 signal_cycles=12372
[TIMING] worker=246 tasks=3 poll_iters=9084 dep_iters=5956 poll_cycles=5241056 dep_cycles=1656756 exec_cycles=142824 signal_cycles=5644
[TIMING] worker=102 tasks=4 poll_iters=57693 dep_iters=5709 poll_cycles=33296948 dep_cycles=1699456 exec_cycles=189916 signal_cycles=8040
[TIMING] worker=215 tasks=3 poll_iters=39706 dep_iters=5310 poll_cycles=22927624 dep_cycles=1443784 exec_cycles=214376 signal_cycles=4976
[TIMING] worker=110 tasks=4 poll_iters=47961 dep_iters=6295 poll_cycles=27658704 dep_cycles=1697840 exec_cycles=188736 signal_cycles=7172
[TIMING] worker=125 tasks=4 poll_iters=91182 dep_iters=6256 poll_cycles=52537716 dep_cycles=1692204 exec_cycles=186588 signal_cycles=7248
[TIMING] worker=96 tasks=5 poll_iters=1521 dep_iters=5687 poll_cycles=1785416 dep_cycles=1654572 exec_cycles=213380 signal_cycles=12448
[TASK_TIME] worker=272 linear=0/0 linear_res=0/0 attn=0/0 rms=0/0 silu=0/0 fused=0/0
[TIMING] worker=101 tasks=4 poll_iters=82403 dep_iters=6205 poll_cycles=47478536 dep_cycles=1700504 exec_cycles=187008 signal_cycles=7416
[TIMING] worker=69 tasks=5 poll_iters=96018 dep_iters=6224 poll_cycles=55328708 dep_cycles=1664752 exec_cycles=212840 signal_cycles=9840
[TASK_TIME] worker=128 linear=89984/1 linear_res=23016/1 attn=0/0 rms=0/0 silu=0/0 fused=0/0
[TIMING] worker=190 tasks=3 poll_iters=35851 dep_iters=5402 poll_cycles=20683268 dep_cycles=1614724 exec_cycles=209920 signal_cycles=5660
[TIMING] worker=294 tasks=3 poll_iters=25968 dep_iters=5267 poll_cycles=14974852 dep_cycles=1636212 exec_cycles=120572 signal_cycles=5936
[TASK_TIME] worker=192 linear=0/0 linear_res=98884/1 attn=0/0 rms=0/0 silu=0/0 fused=0/0
[TIMING] worker=21 tasks=7 poll_iters=86141 dep_iters=4753 poll_cycles=49641336 dep_cycles=1465924 exec_cycles=446508 signal_cycles=17288
[TIMING] worker=53 tasks=5 poll_iters=72074 dep_iters=5263 poll_cycles=41529576 dep_cycles=1637852 exec_cycles=248920 signal_cycles=10512
[TIMING] worker=45 tasks=5 poll_iters=82023 dep_iters=5632 poll_cycles=47265280 dep_cycles=1639936 exec_cycles=250108 signal_cycles=11852
[TASK_TIME] worker=104 linear=92404/1 linear_res=22840/1 attn=0/0 rms=0/0 silu=0/0 fused=0/0
[TIMING] worker=37 tasks=7 poll_iters=80446 dep_iters=6129 poll_cycles=46350296 dep_cycles=1663516 exec_cycles=246056 signal_cycles=13804
[TIMING] worker=199 tasks=3 poll_iters=40307 dep_iters=4646 poll_cycles=24525156 dep_cycles=1444940 exec_cycles=218896 signal_cycles=7684
[TIMING] worker=269 tasks=3 poll_iters=83321 dep_iters=5283 poll_cycles=48015612 dep_cycles=1641632 exec_cycles=121456 signal_cycles=6528
[TIMING] worker=237 tasks=3 poll_iters=68129 dep_iters=5456 poll_cycles=39260332 dep_cycles=1655300 exec_cycles=145984 signal_cycles=5608
[TIMING] worker=158 tasks=4 poll_iters=17473 dep_iters=5547 poll_cycles=10077912 dep_cycles=1669636 exec_cycles=193176 signal_cycles=13748
[TIMING] worker=229 tasks=3 poll_iters=93130 dep_iters=5870 poll_cycles=53672104 dep_cycles=1657500 exec_cycles=146052 signal_cycles=5736
[TIMING] worker=112 tasks=4 poll_iters=10727 dep_iters=5688 poll_cycles=6233644 dep_cycles=1675332 exec_cycles=195544 signal_cycles=7056
[TIMING] worker=8 tasks=9 poll_iters=3149 dep_iters=4599 poll_cycles=1828112 dep_cycles=1371532 exec_cycles=533684 signal_cycles=16256
[TASK_TIME] worker=16 linear=48112/1 linear_res=0/0 attn=0/0 rms=0/0 silu=0/0 fused=0/0
[TASK_TIME] worker=264 linear=0/0 linear_res=0/0 attn=0/0 rms=0/0 silu=0/0 fused=0/0
[TIMING] worker=213 tasks=3 poll_iters=125445 dep_iters=5406 poll_cycles=72337696 dep_cycles=1598112 exec_cycles=212632 signal_cycles=5716
[TASK_TIME] worker=56 linear=90020/1 linear_res=21940/1 attn=0/0 rms=0/0 silu=0/0 fused=0/0
[TASK_TIME] worker=176 linear=0/0 linear_res=99388/1 attn=0/0 rms=0/0 silu=0/0 fused=0/0
[TASK_TIME] worker=24 linear=48144/1 linear_res=0/0 attn=0/0 rms=0/0 silu=0/0 fused=0/0
[TASK_TIME] worker=109 linear=89396/1 linear_res=22368/1 attn=0/0 rms=0/0 silu=0/0 fused=0/0
[TASK_TIME] worker=224 linear=0/0 linear_res=100336/1 attn=0/0 rms=0/0 silu=0/0 fused=0/0
[TASK_TIME] worker=232 linear=0/0 linear_res=0/0 attn=0/0 rms=0/0 silu=0/0 fused=0/0
[TASK_TIME] worker=200 linear=0/0 linear_res=99480/1 attn=0/0 rms=0/0 silu=0/0 fused=0/0
[TIMING] worker=295 tasks=3 poll_iters=123872 dep_iters=4737 poll_cycles=71563912 dep_cycles=1475648 exec_cycles=123092 signal_cycles=5360
[TASK_TIME] worker=181 linear=0/0 linear_res=99156/1 attn=0/0 rms=0/0 silu=0/0 fused=0/0
[TASK_TIME] worker=48 linear=91440/1 linear_res=22140/1 attn=0/0 rms=0/0 silu=0/0 fused=0/0
[TASK_TIME] worker=72 linear=92400/1 linear_res=21108/1 attn=0/0 rms=0/0 silu=0/0 fused=0/0
[TIMING] worker=285 tasks=3 poll_iters=79871 dep_iters=5716 poll_cycles=46031436 dep_cycles=1637804 exec_cycles=119580 signal_cycles=5788
[TASK_TIME] worker=280 linear=0/0 linear_res=0/0 attn=0/0 rms=0/0 silu=0/0 fused=0/0
[TASK_TIME] worker=245 linear=0/0 linear_res=0/0 attn=0/0 rms=0/0 silu=0/0 fused=0/0
[TASK_TIME] worker=120 linear=90680/1 linear_res=22968/1 attn=0/0 rms=0/0 silu=0/0 fused=0/0
[TASK_TIME] worker=240 linear=0/0 linear_res=0/0 attn=0/0 rms=0/0 silu=0/0 fused=0/0
[TASK_TIME] worker=13 linear=46664/1 linear_res=0/0 attn=0/0 rms=0/0 silu=0/0 fused=0/0
[TASK_TIME] worker=253 linear=0/0 linear_res=0/0 attn=0/0 rms=0/0 silu=0/0 fused=0/0
[TIMING] worker=175 tasks=4 poll_iters=68224 dep_iters=5083 poll_cycles=39400592 dep_cycles=1399660 exec_cycles=273508 signal_cycles=6984
[TASK_TIME] worker=168 linear=91280/1 linear_res=98408/1 attn=0/0 rms=0/0 silu=0/0 fused=0/0
[TASK_TIME] worker=32 linear=48312/1 linear_res=22060/1 attn=0/0 rms=0/0 silu=0/0 fused=0/0
[TASK_TIME] worker=40 linear=91516/1 linear_res=22116/1 attn=0/0 rms=0/0 silu=0/0 fused=0/0
[TASK_TIME] worker=38 linear=48172/1 linear_res=22048/1 attn=0/0 rms=0/0 silu=0/0 fused=0/0
[TASK_TIME] worker=248 linear=0/0 linear_res=0/0 attn=0/0 rms=0/0 silu=0/0 fused=0/0
[TASK_TIME] worker=0 linear=48232/1 linear_res=0/0 attn=0/0 rms=0/0 silu=0/0 fused=0/0
[TASK_TIME] worker=165 linear=90920/1 linear_res=98168/1 attn=0/0 rms=0/0 silu=0/0 fused=0/0
[TASK_TIME] worker=88 linear=89496/1 linear_res=21016/1 attn=0/0 rms=0/0 silu=0/0 fused=0/0
[TASK_TIME] worker=64 linear=88736/1 linear_res=21368/1 attn=0/0 rms=0/0 silu=0/0 fused=0/0
[TASK_TIME] worker=69 linear=84504/1 linear_res=21384/1 attn=0/0 rms=0/0 silu=0/0 fused=0/0
[TASK_TIME] worker=288 linear=0/0 linear_res=0/0 attn=0/0 rms=0/0 silu=0/0 fused=0/0
[TASK_TIME] worker=184 linear=0/0 linear_res=98996/1 attn=0/0 rms=0/0 silu=0/0 fused=0/0
[TASK_TIME] worker=37 linear=46600/1 linear_res=21956/1 attn=0/0 rms=0/0 silu=0/0 fused=0/0
[TASK_TIME] worker=261 linear=0/0 linear_res=0/0 attn=0/0 rms=0/0 silu=0/0 fused=0/0
[TASK_TIME] worker=141 linear=91740/1 linear_res=22236/1 attn=0/0 rms=0/0 silu=0/0 fused=0/0
[TASK_TIME] worker=85 linear=85672/1 linear_res=21512/1 attn=0/0 rms=0/0 silu=0/0 fused=0/0
[TASK_TIME] worker=160 linear=92420/1 linear_res=22772/1 attn=0/0 rms=0/0 silu=0/0 fused=0/0
[TASK_TIME] worker=216 linear=0/0 linear_res=100104/1 attn=0/0 rms=0/0 silu=0/0 fused=0/0
[TIMING] worker=191 tasks=3 poll_iters=20206 dep_iters=4840 poll_cycles=11669924 dep_cycles=1454884 exec_cycles=212676 signal_cycles=5184
[TIMING] worker=7 tasks=9 poll_iters=28184 dep_iters=3849 poll_cycles=16294000 dep_cycles=1204868 exec_cycles=542740 signal_cycles=26028
[TASK_TIME] worker=205 linear=0/0 linear_res=99760/1 attn=0/0 rms=0/0 silu=0/0 fused=0/0
[TASK_TIME] worker=5 linear=47376/1 linear_res=0/0 attn=0/0 rms=0/0 silu=0/0 fused=0/0
[TASK_TIME] worker=293 linear=0/0 linear_res=0/0 attn=0/0 rms=0/0 silu=0/0 fused=0/0
[TASK_TIME] worker=77 linear=90832/1 linear_res=20872/1 attn=0/0 rms=0/0 silu=0/0 fused=0/0
[TASK_TIME] worker=29 linear=47724/1 linear_res=21868/1 attn=0/0 rms=0/0 silu=0/0 fused=0/0
[TASK_TIME] worker=133 linear=90808/1 linear_res=22520/1 attn=0/0 rms=0/0 silu=0/0 fused=0/0
[TASK_TIME] worker=93 linear=90544/1 linear_res=0/0 attn=0/0 rms=0/0 silu=0/0 fused=0/0
[TASK_TIME] worker=208 linear=0/0 linear_res=100224/1 attn=0/0 rms=0/0 silu=0/0 fused=0/0
[TASK_TIME] worker=78 linear=90664/1 linear_res=20772/1 attn=0/0 rms=0/0 silu=0/0 fused=0/0
[TASK_TIME] worker=21 linear=47128/1 linear_res=0/0 attn=0/0 rms=0/0 silu=0/0 fused=0/0
[TASK_TIME] worker=117 linear=86212/1 linear_res=22068/1 attn=0/0 rms=0/0 silu=0/0 fused=0/0
[TASK_TIME] worker=136 linear=92620/1 linear_res=22980/1 attn=0/0 rms=0/0 silu=0/0 fused=0/0
[TASK_TIME] worker=112 linear=91012/1 linear_res=22952/1 attn=0/0 rms=0/0 silu=0/0 fused=0/0
[TASK_TIME] worker=61 linear=84396/1 linear_res=21316/1 attn=0/0 rms=0/0 silu=0/0 fused=0/0
[TIMING] worker=135 tasks=4 poll_iters=58507 dep_iters=5153 poll_cycles=33812244 dep_cycles=1522624 exec_cycles=198984 signal_cycles=7428
[TIMING] worker=31 tasks=7 poll_iters=14069 dep_iters=4436 poll_cycles=8123948 dep_cycles=1319776 exec_cycles=434236 signal_cycles=15060
[TIMING] worker=127 tasks=4 poll_iters=14097 dep_iters=5174 poll_cycles=8139564 dep_cycles=1528536 exec_cycles=194436 signal_cycles=7472
[TASK_TIME] worker=182 linear=0/0 linear_res=99516/1 attn=0/0 rms=0/0 silu=0/0 fused=0/0
[TASK_TIME] worker=173 linear=91480/1 linear_res=98444/1 attn=0/0 rms=0/0 silu=0/0 fused=0/0
[TASK_TIME] worker=197 linear=0/0 linear_res=98664/1 attn=0/0 rms=0/0 silu=0/0 fused=0/0
[TASK_TIME] worker=221 linear=0/0 linear_res=100144/1 attn=0/0 rms=0/0 silu=0/0 fused=0/0
[TASK_TIME] worker=149 linear=87340/1 linear_res=22648/1 attn=0/0 rms=0/0 silu=0/0 fused=0/0
[TASK_TIME] worker=189 linear=0/0 linear_res=98704/1 attn=0/0 rms=0/0 silu=0/0 fused=0/0
[TASK_TIME] worker=150 linear=85504/1 linear_res=22060/1 attn=0/0 rms=0/0 silu=0/0 fused=0/0
[TIMING] worker=23 tasks=7 poll_iters=14324 dep_iters=4602 poll_cycles=8271420 dep_cycles=1310584 exec_cycles=448436 signal_cycles=12784
[TASK_TIME] worker=101 linear=85812/1 linear_res=22140/1 attn=0/0 rms=0/0 silu=0/0 fused=0/0
[TASK_TIME] worker=157 linear=89360/1 linear_res=22360/1 attn=0/0 rms=0/0 silu=0/0 fused=0/0
[TIMING] worker=15 tasks=9 poll_iters=38272 dep_iters=4477 poll_cycles=22102500 dep_cycles=1222008 exec_cycles=532036 signal_cycles=16208
[TASK_TIME] worker=125 linear=86488/1 linear_res=22096/1 attn=0/0 rms=0/0 silu=0/0 fused=0/0
[TASK_TIME] worker=80 linear=90380/1 linear_res=21372/1 attn=0/0 rms=0/0 silu=0/0 fused=0/0
[TASK_TIME] worker=229 linear=0/0 linear_res=0/0 attn=0/0 rms=0/0 silu=0/0 fused=0/0
[TASK_TIME] worker=270 linear=0/0 linear_res=0/0 attn=0/0 rms=0/0 silu=0/0 fused=0/0
[TASK_TIME] worker=269 linear=0/0 linear_res=0/0 attn=0/0 rms=0/0 silu=0/0 fused=0/0
[TASK_TIME] worker=277 linear=0/0 linear_res=0/0 attn=0/0 rms=0/0 silu=0/0 fused=0/0
[TASK_TIME2] worker=192 prep=0/0 attend=0/0 merge=0/0 router=0/0 copy=0/0 w2silu=37932/1 lnorm=0/0 prefetch=0/0
[TASK_TIME] worker=53 linear=89168/1 linear_res=21848/1 attn=0/0 rms=0/0 silu=0/0 fused=0/0
[TASK_TIME2] worker=272 prep=0/0 attend=0/0 merge=0/0 router=0/0 copy=0/0 w2silu=10784/1 lnorm=34368/1 prefetch=0/0
[TASK_TIME] worker=111 linear=86440/1 linear_res=22568/1 attn=0/0 rms=0/0 silu=0/0 fused=0/0
[TASK_TIME] worker=144 linear=90000/1 linear_res=23004/1 attn=0/0 rms=0/0 silu=0/0 fused=0/0
[TASK_TIME] worker=167 linear=92588/1 linear_res=97984/1 attn=0/0 rms=0/0 silu=0/0 fused=0/0
[TASK_TIME] worker=256 linear=0/0 linear_res=0/0 attn=0/0 rms=0/0 silu=0/0 fused=0/0
[TASK_TIME] worker=237 linear=0/0 linear_res=0/0 attn=0/0 rms=0/0 silu=0/0 fused=0/0
[TASK_TIME] worker=279 linear=0/0 linear_res=0/0 attn=0/0 rms=0/0 silu=0/0 fused=0/0
[TASK_TIME] worker=247 linear=0/0 linear_res=0/0 attn=0/0 rms=0/0 silu=0/0 fused=0/0
[TASK_TIME] worker=47 linear=87856/1 linear_res=21836/1 attn=0/0 rms=0/0 silu=0/0 fused=0/0
[TASK_TIME] worker=213 linear=0/0 linear_res=99856/1 attn=0/0 rms=0/0 silu=0/0 fused=0/0
[TASK_TIME] worker=263 linear=0/0 linear_res=0/0 attn=0/0 rms=0/0 silu=0/0 fused=0/0
[TASK_TIME] worker=45 linear=90744/1 linear_res=21992/1 attn=0/0 rms=0/0 silu=0/0 fused=0/0
[TASK_TIME] worker=39 linear=47996/1 linear_res=21832/1 attn=0/0 rms=0/0 silu=0/0 fused=0/0
[TASK_TIME2] worker=104 prep=0/0 attend=0/0 merge=0/0 router=0/0 copy=0/0 w2silu=39172/1 lnorm=0/0 prefetch=0/0
[TASK_TIME] worker=70 linear=85560/1 linear_res=21232/1 attn=0/0 rms=0/0 silu=0/0 fused=0/0
[TASK_TIME2] worker=56 prep=0/0 attend=0/0 merge=0/0 router=0/0 copy=0/0 w2silu=36816/1 lnorm=28716/1 prefetch=0/0
[TASK_TIME] worker=285 linear=0/0 linear_res=0/0 attn=0/0 rms=0/0 silu=0/0 fused=0/0
[TASK_TIME2] worker=181 prep=0/0 attend=0/0 merge=0/0 router=0/0 copy=0/0 w2silu=36352/1 lnorm=0/0 prefetch=0/0
[TASK_TIME] worker=151 linear=91564/1 linear_res=22244/1 attn=0/0 rms=0/0 silu=0/0 fused=0/0
[TASK_TIME] worker=207 linear=0/0 linear_res=100044/1 attn=0/0 rms=0/0 silu=0/0 fused=0/0
[TASK_TIME2] worker=200 prep=0/0 attend=0/0 merge=0/0 router=0/0 copy=0/0 w2silu=37948/1 lnorm=0/0 prefetch=0/0
[TASK_TIME] worker=63 linear=90128/1 linear_res=21304/1 attn=0/0 rms=0/0 silu=0/0 fused=0/0
[TASK_TIME] worker=8 linear=48204/1 linear_res=0/0 attn=0/0 rms=0/0 silu=0/0 fused=0/0
[TASK_TIME2] worker=128 prep=0/0 attend=0/0 merge=0/0 router=0/0 copy=0/0 w2silu=39420/1 lnorm=0/0 prefetch=0/0
[TASK_TIME2] worker=232 prep=0/0 attend=0/0 merge=0/0 router=0/0 copy=0/0 w2silu=36064/1 lnorm=34684/1 prefetch=0/0
[TASK_TIME] worker=255 linear=0/0 linear_res=0/0 attn=0/0 rms=0/0 silu=0/0 fused=0/0
[TASK_TIME2] worker=120 prep=0/0 attend=0/0 merge=0/0 router=0/0 copy=0/0 w2silu=37832/1 lnorm=0/0 prefetch=0/0
[TASK_TIME2] worker=224 prep=0/0 attend=0/0 merge=0/0 router=0/0 copy=0/0 w2silu=37432/1 lnorm=0/0 prefetch=0/0
[TASK_TIME] worker=152 linear=91720/1 linear_res=22936/1 attn=0/0 rms=0/0 silu=0/0 fused=0/0
[TASK_TIME] worker=95 linear=89604/1 linear_res=0/0 attn=0/0 rms=0/0 silu=0/0 fused=0/0
[TASK_TIME2] worker=24 prep=0/0 attend=224788/2 merge=0/0 router=0/0 copy=0/0 w2silu=41420/1 lnorm=67288/2 prefetch=0/0
[TASK_TIME] worker=96 linear=91700/1 linear_res=0/0 attn=0/0 rms=0/0 silu=0/0 fused=0/0
[TASK_TIME2] worker=64 prep=0/0 attend=0/0 merge=0/0 router=0/0 copy=0/0 w2silu=37792/1 lnorm=27840/1 prefetch=0/0
[TASK_TIME] worker=239 linear=0/0 linear_res=0/0 attn=0/0 rms=0/0 silu=0/0 fused=0/0
[TASK_TIME2] worker=288 prep=0/0 attend=0/0 merge=0/0 router=0/0 copy=0/0 w2silu=10740/1 lnorm=34676/1 prefetch=0/0
[TASK_TIME2] worker=40 prep=0/0 attend=0/0 merge=0/0 router=0/0 copy=0/0 w2silu=36800/1 lnorm=32984/1 prefetch=0/0
[TASK_TIME] worker=103 linear=90996/1 linear_res=22584/1 attn=0/0 rms=0/0 silu=0/0 fused=0/0
[TASK_TIME2] worker=0 prep=0/0 attend=225024/2 merge=88160/2 router=0/0 copy=0/0 w2silu=38112/1 lnorm=34480/1 prefetch=0/0
[TASK_TIME2] worker=32 prep=0/0 attend=40868/2 merge=0/0 router=0/0 copy=0/0 w2silu=37068/1 lnorm=32648/1 prefetch=0/0
[TASK_TIME] worker=30 linear=48176/1 linear_res=22124/1 attn=0/0 rms=0/0 silu=0/0 fused=0/0
[TASK_TIME2] worker=216 prep=0/0 attend=0/0 merge=0/0 router=0/0 copy=0/0 w2silu=37728/1 lnorm=0/0 prefetch=0/0
[TASK_TIME2] worker=48 prep=0/0 attend=0/0 merge=0/0 router=0/0 copy=0/0 w2silu=37996/1 lnorm=31068/1 prefetch=0/0
[TASK_TIME] worker=143 linear=90904/1 linear_res=22540/1 attn=0/0 rms=0/0 silu=0/0 fused=0/0
[TASK_TIME2] worker=280 prep=0/0 attend=0/0 merge=0/0 router=0/0 copy=0/0 w2silu=11048/1 lnorm=34572/1 prefetch=0/0
[TASK_TIME2] worker=160 prep=0/0 attend=0/0 merge=0/0 router=0/0 copy=0/0 w2silu=38016/1 lnorm=0/0 prefetch=0/0
[TASK_TIME] worker=175 linear=90820/1 linear_res=98012/1 attn=0/0 rms=0/0 silu=0/0 fused=0/0
[TASK_TIME2] worker=176 prep=0/0 attend=0/0 merge=0/0 router=0/0 copy=0/0 w2silu=39512/1 lnorm=0/0 prefetch=0/0
[TASK_TIME2] worker=88 prep=0/0 attend=0/0 merge=0/0 router=0/0 copy=0/0 w2silu=38500/1 lnorm=27912/1 prefetch=0/0
[TASK_TIME2] worker=168 prep=0/0 attend=0/0 merge=0/0 router=0/0 copy=0/0 w2silu=40068/1 lnorm=0/0 prefetch=0/0
[TASK_TIME] worker=191 linear=0/0 linear_res=98692/1 attn=0/0 rms=0/0 silu=0/0 fused=0/0
[TASK_TIME] worker=183 linear=0/0 linear_res=99212/1 attn=0/0 rms=0/0 silu=0/0 fused=0/0
[TASK_TIME2] worker=72 prep=0/0 attend=0/0 merge=0/0 router=0/0 copy=0/0 w2silu=38668/1 lnorm=28004/1 prefetch=0/0
[TASK_TIME2] worker=136 prep=0/0 attend=0/0 merge=0/0 router=0/0 copy=0/0 w2silu=40860/1 lnorm=0/0 prefetch=0/0
[TASK_TIME] worker=79 linear=90668/1 linear_res=21160/1 attn=0/0 rms=0/0 silu=0/0 fused=0/0
[TASK_TIME] worker=55 linear=91276/1 linear_res=22008/1 attn=0/0 rms=0/0 silu=0/0 fused=0/0
[TASK_TIME2] worker=264 prep=0/0 attend=0/0 merge=0/0 router=0/0 copy=0/0 w2silu=11024/1 lnorm=34448/1 prefetch=0/0
[TASK_TIME2] worker=184 prep=0/0 attend=0/0 merge=0/0 router=0/0 copy=0/0 w2silu=38096/1 lnorm=0/0 prefetch=0/0
[TASK_TIME2] worker=248 prep=0/0 attend=0/0 merge=0/0 router=0/0 copy=0/0 w2silu=36904/1 lnorm=34608/1 prefetch=0/0
[TASK_TIME2] worker=240 prep=0/0 attend=0/0 merge=0/0 router=0/0 copy=0/0 w2silu=36692/1 lnorm=34744/1 prefetch=0/0
[TASK_TIME2] worker=112 prep=0/0 attend=0/0 merge=0/0 router=0/0 copy=0/0 w2silu=37656/1 lnorm=0/0 prefetch=0/0
[TASK_TIME2] worker=13 prep=0/0 attend=225364/2 merge=82300/2 router=0/0 copy=0/0 w2silu=35804/1 lnorm=68764/2 prefetch=0/0
[TASK_TIME] worker=223 linear=0/0 linear_res=100072/1 attn=0/0 rms=0/0 silu=0/0 fused=0/0
[TASK_TIME2] worker=208 prep=0/0 attend=0/0 merge=0/0 router=0/0 copy=0/0 w2silu=37480/1 lnorm=0/0 prefetch=0/0
[TASK_TIME] worker=110 linear=87324/1 linear_res=22460/1 attn=0/0 rms=0/0 silu=0/0 fused=0/0
[TASK_TIME2] worker=165 prep=0/0 attend=0/0 merge=0/0 router=0/0 copy=0/0 w2silu=37012/1 lnorm=0/0 prefetch=0/0
[TASK_TIME2] worker=133 prep=0/0 attend=0/0 merge=0/0 router=0/0 copy=0/0 w2silu=36316/1 lnorm=0/0 prefetch=0/0
[TASK_TIME] worker=87 linear=91404/1 linear_res=21344/1 attn=0/0 rms=0/0 silu=0/0 fused=0/0
[TASK_TIME2] worker=96 prep=0/0 attend=0/0 merge=0/0 router=0/0 copy=0/0 w2silu=39192/1 lnorm=32516/1 prefetch=0/0
[TASK_TIME2] worker=152 prep=0/0 attend=0/0 merge=0/0 router=0/0 copy=0/0 w2silu=38320/1 lnorm=0/0 prefetch=0/0
[TASK_TIME2] worker=37 prep=0/0 attend=40692/2 merge=0/0 router=0/0 copy=0/0 w2silu=35828/1 lnorm=33944/1 prefetch=0/0
[TASK_TIME2] worker=8 prep=0/0 attend=224796/2 merge=83004/2 router=0/0 copy=0/0 w2silu=39348/1 lnorm=67532/2 prefetch=0/0
[TASK_TIME2] worker=80 prep=0/0 attend=0/0 merge=0/0 router=0/0 copy=0/0 w2silu=39316/1 lnorm=28176/1 prefetch=0/0
[TASK_TIME] worker=119 linear=90644/1 linear_res=22532/1 attn=0/0 rms=0/0 silu=0/0 fused=0/0
[TASK_TIME] worker=214 linear=0/0 linear_res=99944/1 attn=0/0 rms=0/0 silu=0/0 fused=0/0
[TASK_TIME2] worker=141 prep=0/0 attend=0/0 merge=0/0 router=0/0 copy=0/0 w2silu=36432/1 lnorm=0/0 prefetch=0/0
[TASK_TIME2] worker=109 prep=0/0 attend=0/0 merge=0/0 router=0/0 copy=0/0 w2silu=35656/1 lnorm=0/0 prefetch=0/0
[TASK_TIME] worker=215 linear=0/0 linear_res=100216/1 attn=0/0 rms=0/0 silu=0/0 fused=0/0
[TASK_TIME] worker=71 linear=90252/1 linear_res=21144/1 attn=0/0 rms=0/0 silu=0/0 fused=0/0
[TASK_TIME2] worker=205 prep=0/0 attend=0/0 merge=0/0 router=0/0 copy=0/0 w2silu=36872/1 lnorm=0/0 prefetch=0/0
[TASK_TIME] worker=271 linear=0/0 linear_res=0/0 attn=0/0 rms=0/0 silu=0/0 fused=0/0
[TASK_TIME2] worker=117 prep=0/0 attend=0/0 merge=0/0 router=0/0 copy=0/0 w2silu=36692/1 lnorm=0/0 prefetch=0/0
[TASK_TIME] worker=278 linear=0/0 linear_res=0/0 attn=0/0 rms=0/0 silu=0/0 fused=0/0
[TASK_TIME2] worker=85 prep=0/0 attend=0/0 merge=0/0 router=0/0 copy=0/0 w2silu=35668/1 lnorm=28304/1 prefetch=0/0
[TASK_TIME2] worker=253 prep=0/0 attend=0/0 merge=0/0 router=0/0 copy=0/0 w2silu=35896/1 lnorm=34740/1 prefetch=0/0
[TASK_TIME2] worker=29 prep=0/0 attend=225308/2 merge=0/0 router=0/0 copy=0/0 w2silu=35712/1 lnorm=33992/1 prefetch=0/0
[TASK_TIME] worker=126 linear=88276/1 linear_res=22132/1 attn=0/0 rms=0/0 silu=0/0 fused=0/0
[TASK_TIME] worker=159 linear=90032/1 linear_res=22400/1 attn=0/0 rms=0/0 silu=0/0 fused=0/0
[TASK_TIME] worker=14 linear=48128/1 linear_res=0/0 attn=0/0 rms=0/0 silu=0/0 fused=0/0
[TASK_TIME] worker=86 linear=89312/1 linear_res=21680/1 attn=0/0 rms=0/0 silu=0/0 fused=0/0
[TASK_TIME] worker=174 linear=90512/1 linear_res=98620/1 attn=0/0 rms=0/0 silu=0/0 fused=0/0
[TASK_TIME2] worker=5 prep=0/0 attend=225704/2 merge=87500/2 router=0/0 copy=0/0 w2silu=36232/1 lnorm=68732/2 prefetch=0/0
[TASK_TIME] worker=166 linear=90504/1 linear_res=98376/1 attn=0/0 rms=0/0 silu=0/0 fused=0/0
[TASK_TIME2] worker=93 prep=0/0 attend=0/0 merge=0/0 router=0/0 copy=0/0 w2silu=36020/1 lnorm=27932/1 prefetch=0/0
[TASK_TIME2] worker=229 prep=0/0 attend=0/0 merge=0/0 router=0/0 copy=0/0 w2silu=36008/1 lnorm=34784/1 prefetch=0/0
[TASK_TIME2] worker=256 prep=0/0 attend=0/0 merge=0/0 router=0/0 copy=0/0 w2silu=10860/1 lnorm=34568/1 prefetch=0/0
[TASK_TIME2] worker=61 prep=0/0 attend=0/0 merge=0/0 router=0/0 copy=0/0 w2silu=36016/1 lnorm=30180/1 prefetch=0/0
[TASK_TIME] worker=287 linear=0/0 linear_res=0/0 attn=0/0 rms=0/0 silu=0/0 fused=0/0
[TASK_TIME2] worker=269 prep=0/0 attend=0/0 merge=0/0 router=0/0 copy=0/0 w2silu=10944/1 lnorm=34916/1 prefetch=0/0
[TASK_TIME] worker=206 linear=0/0 linear_res=100020/1 attn=0/0 rms=0/0 silu=0/0 fused=0/0
[TASK_TIME] worker=118 linear=86784/1 linear_res=22116/1 attn=0/0 rms=0/0 silu=0/0 fused=0/0
[TASK_TIME] worker=134 linear=88324/1 linear_res=22364/1 attn=0/0 rms=0/0 silu=0/0 fused=0/0
[TASK_TIME2] worker=125 prep=0/0 attend=0/0 merge=0/0 router=0/0 copy=0/0 w2silu=35852/1 lnorm=0/0 prefetch=0/0
[TASK_TIME] worker=262 linear=0/0 linear_res=0/0 attn=0/0 rms=0/0 silu=0/0 fused=0/0
[TASK_TIME2] worker=189 prep=0/0 attend=0/0 merge=0/0 router=0/0 copy=0/0 w2silu=36900/1 lnorm=0/0 prefetch=0/0
[TASK_TIME2] worker=157 prep=0/0 attend=0/0 merge=0/0 router=0/0 copy=0/0 w2silu=36592/1 lnorm=0/0 prefetch=0/0
[TASK_TIME2] worker=197 prep=0/0 attend=0/0 merge=0/0 router=0/0 copy=0/0 w2silu=36996/1 lnorm=0/0 prefetch=0/0
[TASK_TIME] worker=199 linear=0/0 linear_res=98764/1 attn=0/0 rms=0/0 silu=0/0 fused=0/0
[TASK_TIME2] worker=69 prep=0/0 attend=0/0 merge=0/0 router=0/0 copy=0/0 w2silu=36544/1 lnorm=28008/1 prefetch=0/0
[TASK_TIME2] worker=293 prep=0/0 attend=0/0 merge=0/0 router=0/0 copy=0/0 w2silu=10672/1 lnorm=34856/1 prefetch=0/0
[TASK_TIME2] worker=173 prep=0/0 attend=0/0 merge=0/0 router=0/0 copy=0/0 w2silu=36332/1 lnorm=0/0 prefetch=0/0
[TASK_TIME2] worker=261 prep=0/0 attend=0/0 merge=0/0 router=0/0 copy=0/0 w2silu=10776/1 lnorm=34768/1 prefetch=0/0
[TASK_TIME2] worker=21 prep=0/0 attend=225780/2 merge=0/0 router=0/0 copy=0/0 w2silu=36400/1 lnorm=68704/2 prefetch=0/0
[TASK_TIME2] worker=77 prep=0/0 attend=0/0 merge=0/0 router=0/0 copy=0/0 w2silu=36228/1 lnorm=27852/1 prefetch=0/0
[TASK_TIME] worker=158 linear=92700/1 linear_res=22568/1 attn=0/0 rms=0/0 silu=0/0 fused=0/0
[TASK_TIME2] worker=285 prep=0/0 attend=0/0 merge=0/0 router=0/0 copy=0/0 w2silu=10980/1 lnorm=34756/1 prefetch=0/0
[TASK_TIME2] worker=101 prep=0/0 attend=0/0 merge=0/0 router=0/0 copy=0/0 w2silu=36732/1 lnorm=0/0 prefetch=0/0
[TASK_TIME] worker=198 linear=0/0 linear_res=98656/1 attn=0/0 rms=0/0 silu=0/0 fused=0/0
[TASK_TIME] worker=295 linear=0/0 linear_res=0/0 attn=0/0 rms=0/0 silu=0/0 fused=0/0
[TASK_TIME] worker=31 linear=48228/1 linear_res=21912/1 attn=0/0 rms=0/0 silu=0/0 fused=0/0
[TASK_TIME2] worker=213 prep=0/0 attend=0/0 merge=0/0 router=0/0 copy=0/0 w2silu=36776/1 lnorm=0/0 prefetch=0/0
[TASK_TIME] worker=7 linear=48276/1 linear_res=0/0 attn=0/0 rms=0/0 silu=0/0 fused=0/0
[TASK_TIME2] worker=221 prep=0/0 attend=0/0 merge=0/0 router=0/0 copy=0/0 w2silu=37028/1 lnorm=0/0 prefetch=0/0
[TASK_TIME2] worker=45 prep=0/0 attend=0/0 merge=0/0 router=0/0 copy=0/0 w2silu=35780/1 lnorm=33920/1 prefetch=0/0
[TASK_TIME2] worker=277 prep=0/0 attend=0/0 merge=0/0 router=0/0 copy=0/0 w2silu=10736/1 lnorm=34668/1 prefetch=0/0
[TASK_TIME] worker=22 linear=48080/1 linear_res=0/0 attn=0/0 rms=0/0 silu=0/0 fused=0/0
[TASK_TIME] worker=6 linear=48300/1 linear_res=0/0 attn=0/0 rms=0/0 silu=0/0 fused=0/0
[TASK_TIME2] worker=149 prep=0/0 attend=0/0 merge=0/0 router=0/0 copy=0/0 w2silu=36696/1 lnorm=0/0 prefetch=0/0
[TASK_TIME2] worker=53 prep=0/0 attend=0/0 merge=0/0 router=0/0 copy=0/0 w2silu=36504/1 lnorm=32884/1 prefetch=0/0
[TASK_TIME] worker=94 linear=90124/1 linear_res=0/0 attn=0/0 rms=0/0 silu=0/0 fused=0/0
[TASK_TIME] worker=54 linear=90124/1 linear_res=22132/1 attn=0/0 rms=0/0 silu=0/0 fused=0/0
[TASK_TIME] worker=294 linear=0/0 linear_res=0/0 attn=0/0 rms=0/0 silu=0/0 fused=0/0
[TASK_TIME] worker=135 linear=92200/1 linear_res=22292/1 attn=0/0 rms=0/0 silu=0/0 fused=0/0
[TASK_TIME] worker=254 linear=0/0 linear_res=0/0 attn=0/0 rms=0/0 silu=0/0 fused=0/0
[TASK_TIME] worker=231 linear=0/0 linear_res=0/0 attn=0/0 rms=0/0 silu=0/0 fused=0/0
[TASK_TIME] worker=230 linear=0/0 linear_res=0/0 attn=0/0 rms=0/0 silu=0/0 fused=0/0
[TASK_TIME] worker=62 linear=88848/1 linear_res=21436/1 attn=0/0 rms=0/0 silu=0/0 fused=0/0
[TASK_TIME] worker=142 linear=90808/1 linear_res=22164/1 attn=0/0 rms=0/0 silu=0/0 fused=0/0
[TASK_TIME] worker=15 linear=48044/1 linear_res=0/0 attn=0/0 rms=0/0 silu=0/0 fused=0/0
[TASK_TIME] worker=102 linear=89128/1 linear_res=22488/1 attn=0/0 rms=0/0 silu=0/0 fused=0/0
[TASK_TIME] worker=190 linear=0/0 linear_res=98696/1 attn=0/0 rms=0/0 silu=0/0 fused=0/0
[TASK_TIME] worker=127 linear=89708/1 linear_res=22232/1 attn=0/0 rms=0/0 silu=0/0 fused=0/0
[TASK_TIME] worker=46 linear=84988/1 linear_res=22148/1 attn=0/0 rms=0/0 silu=0/0 fused=0/0
[TASK_TIME] worker=238 linear=0/0 linear_res=0/0 attn=0/0 rms=0/0 silu=0/0 fused=0/0
[TASK_TIME] worker=222 linear=0/0 linear_res=100112/1 attn=0/0 rms=0/0 silu=0/0 fused=0/0
[TASK_TIME] worker=246 linear=0/0 linear_res=0/0 attn=0/0 rms=0/0 silu=0/0 fused=0/0
[TASK_TIME] worker=286 linear=0/0 linear_res=0/0 attn=0/0 rms=0/0 silu=0/0 fused=0/0
[TASK_TIME2] worker=38 prep=0/0 attend=40724/2 merge=0/0 router=0/0 copy=0/0 w2silu=36808/1 lnorm=33728/1 prefetch=0/0
[TASK_TIME2] worker=111 prep=0/0 attend=0/0 merge=0/0 router=0/0 copy=0/0 w2silu=37812/1 lnorm=0/0 prefetch=0/0
[TASK_TIME2] worker=47 prep=0/0 attend=0/0 merge=0/0 router=0/0 copy=0/0 w2silu=37332/1 lnorm=27772/1 prefetch=0/0
[TASK_TIME2] worker=279 prep=0/0 attend=0/0 merge=0/0 router=0/0 copy=0/0 w2silu=10876/1 lnorm=35052/1 prefetch=0/0
[TASK_TIME2] worker=151 prep=0/0 attend=0/0 merge=0/0 router=0/0 copy=0/0 w2silu=38428/1 lnorm=0/0 prefetch=0/0
[TASK_TIME2] worker=239 prep=0/0 attend=0/0 merge=0/0 router=0/0 copy=0/0 w2silu=37168/1 lnorm=34900/1 prefetch=0/0
[TASK_TIME2] worker=167 prep=0/0 attend=0/0 merge=0/0 router=0/0 copy=0/0 w2silu=40004/1 lnorm=0/0 prefetch=0/0
[TASK_TIME2] worker=271 prep=0/0 attend=0/0 merge=0/0 router=0/0 copy=0/0 w2silu=11112/1 lnorm=34840/1 prefetch=0/0
[TASK_TIME2] worker=16 prep=0/0 attend=225180/2 merge=0/0 router=0/0 copy=0/0 w2silu=38420/1 lnorm=67468/2 prefetch=0/0
[TASK_TIME2] worker=103 prep=0/0 attend=0/0 merge=0/0 router=0/0 copy=0/0 w2silu=41660/1 lnorm=0/0 prefetch=0/0
[TASK_TIME2] worker=119 prep=0/0 attend=0/0 merge=0/0 router=0/0 copy=0/0 w2silu=38144/1 lnorm=0/0 prefetch=0/0
[TASK_TIME2] worker=207 prep=0/0 attend=0/0 merge=0/0 router=0/0 copy=0/0 w2silu=37808/1 lnorm=0/0 prefetch=0/0
[TASK_TIME2] worker=63 prep=0/0 attend=0/0 merge=0/0 router=0/0 copy=0/0 w2silu=39120/1 lnorm=27756/1 prefetch=0/0
[TASK_TIME2] worker=39 prep=0/0 attend=40836/2 merge=0/0 router=0/0 copy=0/0 w2silu=39564/1 lnorm=27704/1 prefetch=0/0
[TASK_TIME2] worker=247 prep=0/0 attend=0/0 merge=0/0 router=0/0 copy=0/0 w2silu=36748/1 lnorm=35172/1 prefetch=0/0
[TASK_TIME2] worker=215 prep=0/0 attend=0/0 merge=0/0 router=0/0 copy=0/0 w2silu=38168/1 lnorm=0/0 prefetch=0/0
[TASK_TIME] worker=23 linear=48040/1 linear_res=0/0 attn=0/0 rms=0/0 silu=0/0 fused=0/0
[TASK_TIME2] worker=95 prep=0/0 attend=0/0 merge=0/0 router=0/0 copy=0/0 w2silu=39416/1 lnorm=28156/1 prefetch=0/0
[TASK_TIME2] worker=143 prep=0/0 attend=0/0 merge=0/0 router=0/0 copy=0/0 w2silu=37952/1 lnorm=0/0 prefetch=0/0
[TASK_TIME2] worker=183 prep=0/0 attend=0/0 merge=0/0 router=0/0 copy=0/0 w2silu=38112/1 lnorm=0/0 prefetch=0/0
[TASK_TIME2] worker=175 prep=0/0 attend=0/0 merge=0/0 router=0/0 copy=0/0 w2silu=37744/1 lnorm=0/0 prefetch=0/0
[TASK_TIME2] worker=144 prep=0/0 attend=0/0 merge=0/0 router=0/0 copy=0/0 w2silu=41480/1 lnorm=0/0 prefetch=0/0
[TASK_TIME2] worker=7 prep=0/0 attend=225552/2 merge=88612/2 router=0/0 copy=0/0 w2silu=40216/1 lnorm=66420/2 prefetch=0/0
[TASK_TIME2] worker=79 prep=0/0 attend=0/0 merge=0/0 router=0/0 copy=0/0 w2silu=37808/1 lnorm=27828/1 prefetch=0/0
[TASK_TIME2] worker=223 prep=0/0 attend=0/0 merge=0/0 router=0/0 copy=0/0 w2silu=38732/1 lnorm=0/0 prefetch=0/0
[TASK_TIME2] worker=31 prep=0/0 attend=225232/2 merge=0/0 router=0/0 copy=0/0 w2silu=37892/1 lnorm=27784/1 prefetch=0/0
[TASK_TIME2] worker=295 prep=0/0 attend=0/0 merge=0/0 router=0/0 copy=0/0 w2silu=10740/1 lnorm=34664/1 prefetch=0/0
[TASK_TIME2] worker=237 prep=0/0 attend=0/0 merge=0/0 router=0/0 copy=0/0 w2silu=36020/1 lnorm=35080/1 prefetch=0/0
[TASK_TIME2] worker=263 prep=0/0 attend=0/0 merge=0/0 router=0/0 copy=0/0 w2silu=10928/1 lnorm=34952/1 prefetch=0/0
[TASK_TIME2] worker=159 prep=0/0 attend=0/0 merge=0/0 router=0/0 copy=0/0 w2silu=38796/1 lnorm=0/0 prefetch=0/0
[TASK_TIME2] worker=87 prep=0/0 attend=0/0 merge=0/0 router=0/0 copy=0/0 w2silu=38808/1 lnorm=28072/1 prefetch=0/0
[TASK_TIME2] worker=287 prep=0/0 attend=0/0 merge=0/0 router=0/0 copy=0/0 w2silu=11036/1 lnorm=34948/1 prefetch=0/0
[TASK_TIME2] worker=182 prep=0/0 attend=0/0 merge=0/0 router=0/0 copy=0/0 w2silu=36844/1 lnorm=0/0 prefetch=0/0
[TASK_TIME2] worker=191 prep=0/0 attend=0/0 merge=0/0 router=0/0 copy=0/0 w2silu=38100/1 lnorm=0/0 prefetch=0/0
[TASK_TIME2] worker=55 prep=0/0 attend=0/0 merge=0/0 router=0/0 copy=0/0 w2silu=40460/1 lnorm=28596/1 prefetch=0/0
[TASK_TIME2] worker=15 prep=0/0 attend=225200/2 merge=83612/2 router=0/0 copy=0/0 w2silu=39092/1 lnorm=64976/2 prefetch=0/0
[TASK_TIME2] worker=71 prep=0/0 attend=0/0 merge=0/0 router=0/0 copy=0/0 w2silu=38116/1 lnorm=27648/1 prefetch=0/0
[TASK_TIME2] worker=245 prep=0/0 attend=0/0 merge=0/0 router=0/0 copy=0/0 w2silu=35868/1 lnorm=35240/1 prefetch=0/0
[TASK_TIME2] worker=255 prep=0/0 attend=0/0 merge=0/0 router=0/0 copy=0/0 w2silu=37864/1 lnorm=35068/1 prefetch=0/0
[TASK_TIME2] worker=199 prep=0/0 attend=0/0 merge=0/0 router=0/0 copy=0/0 w2silu=40184/1 lnorm=0/0 prefetch=0/0
[TASK_TIME2] worker=23 prep=0/0 attend=225528/2 merge=0/0 router=0/0 copy=0/0 w2silu=38156/1 lnorm=63064/2 prefetch=0/0
[TASK_TIME2] worker=135 prep=0/0 attend=0/0 merge=0/0 router=0/0 copy=0/0 w2silu=39376/1 lnorm=0/0 prefetch=0/0
[TASK_TIME2] worker=231 prep=0/0 attend=0/0 merge=0/0 router=0/0 copy=0/0 w2silu=37980/1 lnorm=34764/1 prefetch=0/0
[TASK_TIME2] worker=127 prep=0/0 attend=0/0 merge=0/0 router=0/0 copy=0/0 w2silu=38140/1 lnorm=0/0 prefetch=0/0
[TASK_TIME2] worker=150 prep=0/0 attend=0/0 merge=0/0 router=0/0 copy=0/0 w2silu=35888/1 lnorm=0/0 prefetch=0/0
[TASK_TIME2] worker=278 prep=0/0 attend=0/0 merge=0/0 router=0/0 copy=0/0 w2silu=10888/1 lnorm=34956/1 prefetch=0/0
[TASK_TIME2] worker=270 prep=0/0 attend=0/0 merge=0/0 router=0/0 copy=0/0 w2silu=11084/1 lnorm=34752/1 prefetch=0/0
[TASK_TIME2] worker=70 prep=0/0 attend=0/0 merge=0/0 router=0/0 copy=0/0 w2silu=36800/1 lnorm=27648/1 prefetch=0/0
[TASK_TIME2] worker=198 prep=0/0 attend=0/0 merge=0/0 router=0/0 copy=0/0 w2silu=36684/1 lnorm=0/0 prefetch=0/0
[TASK_TIME2] worker=110 prep=0/0 attend=0/0 merge=0/0 router=0/0 copy=0/0 w2silu=36224/1 lnorm=0/0 prefetch=0/0
[TASK_TIME2] worker=214 prep=0/0 attend=0/0 merge=0/0 router=0/0 copy=0/0 w2silu=36856/1 lnorm=0/0 prefetch=0/0
[TASK_TIME2] worker=126 prep=0/0 attend=0/0 merge=0/0 router=0/0 copy=0/0 w2silu=36076/1 lnorm=0/0 prefetch=0/0
[TASK_TIME2] worker=86 prep=0/0 attend=0/0 merge=0/0 router=0/0 copy=0/0 w2silu=36260/1 lnorm=28048/1 prefetch=0/0
[TASK_TIME2] worker=174 prep=0/0 attend=0/0 merge=0/0 router=0/0 copy=0/0 w2silu=36904/1 lnorm=0/0 prefetch=0/0
[TASK_TIME2] worker=102 prep=0/0 attend=0/0 merge=0/0 router=0/0 copy=0/0 w2silu=36232/1 lnorm=0/0 prefetch=0/0
[TASK_TIME2] worker=222 prep=0/0 attend=0/0 merge=0/0 router=0/0 copy=0/0 w2silu=35996/1 lnorm=0/0 prefetch=0/0
[TASK_TIME2] worker=54 prep=0/0 attend=0/0 merge=0/0 router=0/0 copy=0/0 w2silu=36200/1 lnorm=29304/1 prefetch=0/0
[TASK_TIME2] worker=206 prep=0/0 attend=0/0 merge=0/0 router=0/0 copy=0/0 w2silu=36400/1 lnorm=0/0 prefetch=0/0
[TASK_TIME2] worker=190 prep=0/0 attend=0/0 merge=0/0 router=0/0 copy=0/0 w2silu=36660/1 lnorm=0/0 prefetch=0/0
[TASK_TIME2] worker=134 prep=0/0 attend=0/0 merge=0/0 router=0/0 copy=0/0 w2silu=36732/1 lnorm=0/0 prefetch=0/0
[TASK_TIME2] worker=254 prep=0/0 attend=0/0 merge=0/0 router=0/0 copy=0/0 w2silu=35840/1 lnorm=35116/1 prefetch=0/0
[TASK_TIME2] worker=62 prep=0/0 attend=0/0 merge=0/0 router=0/0 copy=0/0 w2silu=36316/1 lnorm=28008/1 prefetch=0/0
[TASK_TIME2] worker=262 prep=0/0 attend=0/0 merge=0/0 router=0/0 copy=0/0 w2silu=10856/1 lnorm=34580/1 prefetch=0/0
[TASK_TIME2] worker=230 prep=0/0 attend=0/0 merge=0/0 router=0/0 copy=0/0 w2silu=37216/1 lnorm=35012/1 prefetch=0/0
[TASK_TIME2] worker=78 prep=0/0 attend=0/0 merge=0/0 router=0/0 copy=0/0 w2silu=36172/1 lnorm=27896/1 prefetch=0/0
[TASK_TIME2] worker=246 prep=0/0 attend=0/0 merge=0/0 router=0/0 copy=0/0 w2silu=34660/1 lnorm=34848/1 prefetch=0/0
[TASK_TIME2] worker=46 prep=0/0 attend=0/0 merge=0/0 router=0/0 copy=0/0 w2silu=37164/1 lnorm=32648/1 prefetch=0/0
[TASK_TIME2] worker=166 prep=0/0 attend=0/0 merge=0/0 router=0/0 copy=0/0 w2silu=36620/1 lnorm=0/0 prefetch=0/0
[TASK_TIME2] worker=118 prep=0/0 attend=0/0 merge=0/0 router=0/0 copy=0/0 w2silu=36052/1 lnorm=0/0 prefetch=0/0
[TASK_TIME2] worker=238 prep=0/0 attend=0/0 merge=0/0 router=0/0 copy=0/0 w2silu=36512/1 lnorm=34732/1 prefetch=0/0
[TASK_TIME2] worker=294 prep=0/0 attend=0/0 merge=0/0 router=0/0 copy=0/0 w2silu=10640/1 lnorm=34756/1 prefetch=0/0
[TASK_TIME2] worker=22 prep=0/0 attend=225488/2 merge=0/0 router=0/0 copy=0/0 w2silu=36840/1 lnorm=68568/2 prefetch=0/0
[TASK_TIME2] worker=6 prep=0/0 attend=225256/2 merge=87584/2 router=0/0 copy=0/0 w2silu=36504/1 lnorm=68792/2 prefetch=0/0
[TASK_TIME2] worker=30 prep=0/0 attend=224984/2 merge=0/0 router=0/0 copy=0/0 w2silu=36320/1 lnorm=33716/1 prefetch=0/0
[TASK_TIME2] worker=14 prep=0/0 attend=225200/2 merge=82460/2 router=0/0 copy=0/0 w2silu=35744/1 lnorm=68472/2 prefetch=0/0
[TASK_TIME2] worker=142 prep=0/0 attend=0/0 merge=0/0 router=0/0 copy=0/0 w2silu=37056/1 lnorm=0/0 prefetch=0/0
[TASK_TIME2] worker=286 prep=0/0 attend=0/0 merge=0/0 router=0/0 copy=0/0 w2silu=11052/1 lnorm=35268/1 prefetch=0/0
[TASK_TIME2] worker=94 prep=0/0 attend=0/0 merge=0/0 router=0/0 copy=0/0 w2silu=36352/1 lnorm=27840/1 prefetch=0/0
[TASK_TIME2] worker=158 prep=0/0 attend=0/0 merge=0/0 router=0/0 copy=0/0 w2silu=3[EVENT_TIMING] 19 event firings recorded

================================================================================
PER-EVENT WALL-CLOCK TIMING (barrier-to-barrier)
================================================================================
Event TaskType              Count    Avg(us)    Min(us)    Max(us)    Std(us)
-------------------------------------------------------------------------

================================================================================
PER-TYPE SUMMARY (sum of avg durations across all events)
================================================================================
TaskType             Events    Total(us)  Total(ms)        %
----------------------------------------------------------
TOTAL                                0.0      0.000

Saved raw event timing to event_timing.json
